game_pk,game_datetime,away_team,home_team,team,opponent,is_home,player_id,player_name,lineup_status,batting_order,expected_pa,opposing_starter_id,batter_hr_pa_long,batter_barrel_pa_long,batter_barrel_bbe_long,batter_hard_air_pa_long,batter_sweet_pa_long,batter_k_rate_long,batter_bb_rate_long,batter_xwoba_long,batter_ev90_long,batter_hr_pa_recent,batter_barrel_pa_recent,batter_barrel_bbe_recent,batter_hard_air_pa_recent,batter_sweet_pa_recent,batter_k_rate_recent,batter_bb_rate_recent,batter_xwoba_recent,batter_ev90_recent,batter_hand,pitcher_hr_bf,pitcher_barrel_bf,pitcher_hard_air_bf,pitcher_fly_rate,pitcher_k_rate,pitcher_bb_rate,pitcher_xwoba,pitcher_ev90,pitcher_outs,opposing_pitcher_hand,bvp_pa,bvp_hr,bvp_barrels,bvp_hr_shrunk,bvp_barrel_shrunk,bvp_reliability,same_hand,venue,temperature_f,humidity_pct,wind_speed_mph,precipitation_in,roof_control_factor,park_hr_factor,home_run_probability,fair_odds,point,over_odds,under_odds,over_no_vig_probability,under_no_vig_probability,over_book,under_book,line,market_edge,ev_per_unit,signal
824475,2026-08-18 22:40:00+00:00,STL,CIN,STL,CIN,0,695491,Joshua Báez,confirmed,5.0,4.3,671096,0.15789473684210525,0.21052631578947367,0.21052631578947367,0.42105263157894735,0.3157894736842105,0.3157894736842105,0.0,0.4575349,104.5,0.15789473684210525,0.21052631578947367,0.21052631578947367,0.42105263157894735,0.3157894736842105,0.3157894736842105,0.0,0.4575349,104.5,R,0.031161473087818695,0.056657223796033995,0.1671388101983003,0.5957894736842105,0.18980169971671387,0.11614730878186968,0.32698629300316373,101.20533333333334,16.133333333333333,L,0.0,0.0,0.0,0.03,0.06,0.0,0,Great American Ball Park,81.8,44.0,5.7,0.0,0.0,0.9783513738551208,0.26860728596332906,272,,,,,,,,0.5,,,HR WATCH
822859,2026-08-19 00:05:00+00:00,WSH,TEX,WSH,TEX,0,694673,Abimelec Ortiz,confirmed,2.0,4.65,615698,0.11428571428571428,0.14285714285714285,0.09259259259259259,0.5142857142857142,0.37142857142857144,0.2571428571428571,0.02857142857142857,0.44010470370370375,101.41555555555556,0.11428571428571428,0.14285714285714285,0.09259259259259259,0.5142857142857142,0.37142857142857144,0.2571428571428571,0.02857142857142857,0.44010470370370375,101.41555555555556,L,0.038461538461538464,0.05128205128205128,0.10256410256410256,0.5194174757281553,0.1858974358974359,0.057692307692307696,0.2970610675584713,99.3175,14.0,R,0.0,0.0,0.0,0.03,0.06,0.0,0,Globe Life Field,102.7,23.0,11.0,0.0,0.5,1.1503571585082608,0.2552095618718975,292,,,,,,,,0.5,,,HR WATCH
824639,2026-08-19 00:05:00+00:00,CWS,CHC,CWS,CHC,0,808959,Munetaka Murakami,confirmed,2.0,4.65,592332,0.06367041198501873,0.09737827715355805,0.10526315789473684,0.2397003745318352,0.16853932584269662,0.3295880149812734,0.17228464419475656,0.3467552689285715,98.38966666666666,0.07246376811594203,0.13043478260869565,0.15517241379310345,0.2753623188405797,0.17391304347826086,0.34782608695652173,0.14492753623188406,0.36147345571428574,102.16533333333335,L,0.030726256983240222,0.04189944134078212,0.21787709497206703,0.538135593220339,0.23743016759776536,0.08100558659217877,0.31722840180617856,101.1613333333333,16.133333333333333,R,0.0,0.0,0.0,0.03,0.06,0.0,0,Wrigley Field,74.1,78.0,7.3,0.0,0.0,1.337121026595484,0.23621579496839826,323,,,,,,,,0.5,,,HR WATCH
824154,2026-08-19 00:10:00+00:00,LAA,HOU,LAA,HOU,0,687263,Zach Neto,confirmed,4.0,4.45,664299,0.03773584905660377,0.07169811320754717,0.05828220858895705,0.22641509433962265,0.19622641509433963,0.3320754716981132,0.06792452830188679,0.2686770483333333,96.45983333333335,0.015625,0.03125,0.02702702702702703,0.21875,0.171875,0.34375,0.046875,0.1921819333333333,96.71266666666665,R,0.044642857142857144,0.07142857142857142,0.22321428571428573,0.668918918918919,0.10714285714285714,0.11607142857142858,0.40179836160714283,102.85666666666667,11.666666666666666,R,5.0,0.0,1.0,0.026666666666666665,0.07555555555555556,0.1111111111111111,1,Daikin Park,87.0,61.0,9.5,0.0,0.5,1.0491257285595337,0.19653510427696017,409,,,,,,,,0.5,,,HR WATCH
823423,2026-08-18 22:40:00+00:00,MIA,PHI,PHI,MIA,1,656941,Kyle Schwarber,confirmed,1.0,4.75,806188,0.05166051660516605,0.05904059040590406,0.05536332179930796,0.23616236162361623,0.18081180811808117,0.33948339483394835,0.15498154981549817,0.3466738055555556,99.01149999999998,0.05714285714285714,0.08571428571428572,0.07894736842105263,0.21428571428571427,0.17142857142857143,0.3,0.17142857142857143,0.35662946555555564,97.88333333333335,L,,,,,,,,,,,2.0,0.0,0.0,0.02857142857142857,0.05714285714285714,0.047619047619047616,0,Citizens Bank Park,78.5,86.0,3.0,0.0,0.0,1.079982367634814,0.18337096031802852,445,,,,,,,,0.5,,,HR WATCH
824639,2026-08-19 00:05:00+00:00,CWS,CHC,CWS,CHC,0,678246,Miguel Vargas,confirmed,3.0,4.55,592332,0.04814814814814815,0.1,0.07758620689655173,0.2518518518518518,0.27037037037037037,0.1925925925925926,0.10740740740740741,0.3651391792460317,98.1295,0.08571428571428572,0.1,0.07865168539325842,0.24285714285714285,0.3,0.22857142857142856,0.14285714285714285,0.35425969809523816,96.80199999999999,R,0.030726256983240222,0.04189944134078212,0.21787709497206703,0.538135593220339,0.23743016759776536,0.08100558659217877,0.31722840180617856,101.1613333333333,16.133333333333333,R,0.0,0.0,0.0,0.03,0.06,0.0,1,Wrigley Field,74.1,78.0,7.3,0.0,0.0,1.337121026595484,0.1815498932664366,451,,,,,,,,0.5,,,HR WATCH
823341,2026-08-18 22:40:00+00:00,DET,PIT,DET,PIT,0,680664,Eduardo Valencia,confirmed,4.0,4.45,677952,0.11363636363636363,0.13636363636363635,0.1016949152542373,0.3181818181818182,0.38636363636363635,0.2727272727272727,0.022727272727272728,0.32331072727272725,98.90454545454544,0.11363636363636363,0.13636363636363635,0.1016949152542373,0.3181818181818182,0.38636363636363635,0.2727272727272727,0.022727272727272728,0.32331072727272725,98.90454545454544,R,0.042134831460674156,0.047752808988764044,0.16853932584269662,0.4444444444444444,0.27808988764044945,0.05337078651685393,0.2965301533866891,100.89133333333334,17.133333333333333,R,0.0,0.0,0.0,0.03,0.06,0.0,1,PNC Park,77.7,50.0,5.4,0.0,0.0,0.8512642972961129,0.1754113070013367,470,,,,,,,,0.5,,,HR WATCH
824803,2026-08-18 22:35:00+00:00,NYY,BAL,NYY,BAL,0,700250,Ben Rice,confirmed,2.0,4.65,669358,0.06037735849056604,0.0830188679245283,0.06666666666666667,0.2188679245283019,0.25660377358490566,0.2679245283018868,0.11320754716981132,0.3400124252777778,98.78366666666668,0.03076923076923077,0.06153846153846154,0.046511627906976744,0.3076923076923077,0.26153846153846155,0.2923076923076923,0.15384615384615385,0.30727311999999996,98.0273333333333,L,0.01078167115902965,0.03504043126684636,0.21024258760107817,0.5098039215686274,0.215633423180593,0.0673854447439353,0.2976566188570924,100.64066666666666,17.466666666666665,R,0.0,0.0,0.0,0.03,0.06,0.0,0,Oriole Park at Camden Yards,84.6,55.0,6.5,0.0,0.0,1.1365528726061616,0.17540611737988396,470,,,,,,,,0.5,,,HR WATCH
823586,2026-08-18 23:10:00+00:00,SD,NYM,SD,NYM,0,665487,Fernando Tatis Jr.,confirmed,1.0,4.75,804267,0.04316546762589928,0.09712230215827339,0.08626198083067092,0.23741007194244604,0.15827338129496402,0.15827338129496402,0.09712230215827339,0.3792910641666666,101.42166666666667,0.07462686567164178,0.14925373134328357,0.13157894736842105,0.23880597014925373,0.26865671641791045,0.1044776119402985,0.13432835820895522,0.4227144866666667,100.61999999999999,R,0.022598870056497175,0.06779661016949153,0.22033898305084745,0.464,0.1638418079096045,0.07344632768361582,0.33738287453136917,102.67750000000001,16.625,L,0.0,0.0,0.0,0.03,0.06,0.0,0,Citi Field,79.0,70.0,6.8,0.0,0.0,0.917985012489592,0.1692479311891473,491,,,,,,,,0.5,,,HR WATCH
824398,2026-08-18 22:40:00+00:00,SF,CLE,SF,CLE,0,646240,Rafael Devers,confirmed,2.0,4.65,656492,0.07086614173228346,0.07874015748031496,0.06172839506172839,0.2559055118110236,0.2874015748031496,0.2125984251968504,0.1377952755905512,0.36524365472222226,100.039,0.04918032786885246,0.04918032786885246,0.03896103896103896,0.19672131147540983,0.2786885245901639,0.18032786885245902,0.13114754098360656,0.29827876555555555,100.13933333333334,L,0.039660056657223795,0.05099150141643059,0.1813031161473088,0.5100401606425703,0.21529745042492918,0.042492917847025496,0.30578710329460734,101.09600000000002,17.4,L,3.0,0.0,0.0,0.027906976744186046,0.05581395348837209,0.06976744186046512,1,Progressive Field,77.3,48.0,6.1,0.0,0.0,1.1201602830974189,0.16921573748085436,491,,,,,,,,0.5,,,HR WATCH
824075,2026-08-18 23:40:00+00:00,ATH,KC,KC,ATH,1,695506,Jac Caglianone,confirmed,3.0,4.55,678022,0.0642570281124498,0.10040160642570281,0.0708215297450425,0.26104417670682734,0.20481927710843373,0.22088353413654618,0.04819277108433735,0.37895724944444437,102.25000000000003,0.08196721311475409,0.11475409836065574,0.08139534883720931,0.3770491803278688,0.16393442622950818,0.11475409836065574,0.03278688524590164,0.44330444444444445,103.55066666666669,L,0.0546218487394958,0.07142857142857142,0.18067226890756302,0.5400696864111498,0.24789915966386555,0.09663865546218488,0.33893644161871683,100.92272727272729,13.727272727272727,R,1.0,0.0,0.0,0.029268292682926828,0.058536585365853655,0.024390243902439025,0,Kauffman Stadium,83.4,61.0,5.3,0.0,0.0,1.0760263882661885,0.16852020641910387,493,,,,,,,,0.5,,,HR WATCH
824803,2026-08-18 22:35:00+00:00,NYY,BAL,NYY,BAL,0,682987,Spencer Jones,confirmed,5.0,4.3,669358,0.03424657534246575,0.07534246575342465,0.059782608695652176,0.2465753424657534,0.273972602739726,0.3561643835616438,0.10273972602739725,0.2952212988095238,97.37238095238095,0.03508771929824561,0.12280701754385964,0.09859154929577464,0.2631578947368421,0.2631578947368421,0.3157894736842105,0.08771929824561403,0.3277772222222222,98.39666666666666,L,0.01078167115902965,0.03504043126684636,0.21024258760107817,0.5098039215686274,0.215633423180593,0.0673854447439353,0.2976566188570924,100.64066666666666,17.466666666666665,R,0.0,0.0,0.0,0.03,0.06,0.0,0,Oriole Park at Camden Yards,84.6,55.0,6.5,0.0,0.0,1.1365528726061616,0.16614162355661222,502,,,,,,,,0.5,,,HR WATCH
824154,2026-08-19 00:10:00+00:00,LAA,HOU,LAA,HOU,0,545361,Mike Trout,confirmed,2.0,4.65,664299,0.033707865168539325,0.06367041198501873,0.05167173252279635,0.17228464419475656,0.22846441947565543,0.25842696629213485,0.15355805243445692,0.3476755841666667,96.91216666666668,0.03076923076923077,0.03076923076923077,0.02247191011235955,0.15384615384615385,0.23076923076923078,0.3384615384615385,0.1076923076923077,0.3068813133333333,96.28000000000002,R,0.044642857142857144,0.07142857142857142,0.22321428571428573,0.668918918918919,0.10714285714285714,0.11607142857142858,0.40179836160714283,102.85666666666667,11.666666666666666,R,5.0,0.0,1.0,0.026666666666666665,0.07555555555555556,0.1111111111111111,1,Daikin Park,87.0,61.0,9.5,0.0,0.5,1.0491257285595337,0.1659819420571179,502,,,,,,,,0.5,,,HR WATCH
824803,2026-08-18 22:35:00+00:00,NYY,BAL,BAL,NYY,1,624413,Pete Alonso,confirmed,2.0,4.65,607074,0.057034220532319393,0.09505703422053231,0.07204610951008646,0.26996197718631176,0.26996197718631176,0.2509505703422053,0.12927756653992395,0.41323625166666667,99.47599999999998,0.07936507936507936,0.1746031746031746,0.11956521739130435,0.36507936507936506,0.3333333333333333,0.20634920634920634,0.1111111111111111,0.48041705999999995,100.73066666666666,R,0.015384615384615385,0.03076923076923077,0.15384615384615385,0.5454545454545454,0.26666666666666666,0.13333333333333333,0.29393214960337766,99.24777777777777,15.222222222222221,L,0.0,0.0,0.0,0.03,0.06,0.0,0,Oriole Park at Camden Yards,84.6,55.0,6.5,0.0,0.0,1.1365528726061616,0.1625913751101713,515,,,,,,,,0.5,,,HR WATCH
823749,2026-08-18 23:40:00+00:00,SEA,MIL,MIL,SEA,1,641343,Jake Bauers,confirmed,3.0,4.55,682243,0.050980392156862744,0.08627450980392157,0.07913669064748201,0.23921568627450981,0.21176470588235294,0.2627450980392157,0.1843137254901961,0.37690023944444445,99.29333333333332,0.04477611940298507,0.1044776119402985,0.08974358974358974,0.29850746268656714,0.2537313432835821,0.14925373134328357,0.19402985074626866,0.4225305833333334,99.88666666666668,L,0.04153354632587859,0.04792332268370607,0.19169329073482427,0.5720524017467249,0.25559105431309903,0.051118210862619806,0.25416881547091796,99.88214285714287,16.857142857142858,R,0.0,0.0,0.0,0.03,0.06,0.0,0,American Family Field,79.2,59.0,6.5,0.0,0.5,0.9289134054954205,0.16017222275060045,524,,,,,,,,0.5,,,HR WATCH
823667,2026-08-18 23:40:00+00:00,ATL,MIN,ATL,MIN,0,621566,Matt Olson,confirmed,3.0,4.55,805673,0.07335907335907337,0.10810810810810811,0.07887323943661972,0.2548262548262548,0.2972972972972973,0.2702702702702703,0.10424710424710425,0.3500009294444445,98.76733333333337,0.11290322580645161,0.16129032258064516,0.10752688172043011,0.3225806451612903,0.43548387096774194,0.25806451612903225,0.0967741935483871,0.41810526666666653,98.80600000000001,L,0.049586776859504134,0.0881542699724518,0.22589531680440772,0.5254237288135594,0.19834710743801653,0.07988980716253444,0.33945136893421235,102.22933333333336,16.533333333333335,R,0.0,0.0,0.0,0.03,0.06,0.0,0,Target Field,80.0,39.0,9.4,0.0,0.0,0.7132214382751216,0.15963614667207612,526,,,,,,,,0.5,,,PASS
824803,2026-08-18 22:35:00+00:00,NYY,BAL,BAL,NYY,1,691723,Coby Mayo,confirmed,4.0,4.45,607074,0.05454545454545454,0.08181818181818182,0.06293706293706294,0.2909090909090909,0.2772727272727273,0.32272727272727275,0.06818181818181818,0.31279102444444434,97.55816666666666,0.05172413793103448,0.10344827586206896,0.0759493670886076,0.3103448275862069,0.41379310344827586,0.2413793103448276,0.06896551724137931,0.34458232222222224,95.29066666666667,R,0.015384615384615385,0.03076923076923077,0.15384615384615385,0.5454545454545454,0.26666666666666666,0.13333333333333333,0.29393214960337766,99.24777777777777,15.222222222222221,L,0.0,0.0,0.0,0.03,0.06,0.0,0,Oriole Park at Camden Yards,84.6,55.0,6.5,0.0,0.0,1.1365528726061616,0.15903483460934761,529,,,,,,,,0.5,,,PASS
822938,2026-08-18 22:40:00+00:00,TOR,TB,TB,TOR,1,691406,Junior Caminero,confirmed,2.0,4.65,667755,0.08045977011494253,0.09961685823754789,0.08637873754152824,0.20306513409961685,0.1724137931034483,0.2222222222222222,0.10344827586206896,0.3536196552777778,101.0735,0.07462686567164178,0.08955223880597014,0.08450704225352113,0.14925373134328357,0.07462686567164178,0.23880597014925373,0.08955223880597014,0.31213568,98.24666666666668,R,0.023668639053254437,0.047337278106508875,0.12130177514792899,0.36519607843137253,0.21597633136094674,0.1242603550295858,0.3383443113892214,101.34800000000001,15.333333333333334,R,2.0,0.0,0.0,0.02857142857142857,0.05714285714285714,0.047619047619047616,1,Tropicana Field,86.7,73.0,10.0,0.0,1.0,1.0583285858275997,0.1554294811293614,543,,,,,,,,0.5,,,PASS
824398,2026-08-18 22:40:00+00:00,SF,CLE,CLE,SF,1,656555,Rhys Hoskins,confirmed,5.0,4.3,687931,0.05150214592274678,0.07296137339055794,0.06273062730627306,0.22746781115879827,0.18025751072961374,0.3133047210300429,0.14163090128755365,0.30345707222222223,96.60316666666667,0.08,0.12,0.1,0.26,0.24,0.36,0.1,0.3358577355555556,97.69933333333333,R,0.03076923076923077,0.05384615384615385,0.2230769230769231,0.48026315789473684,0.16923076923076924,0.13846153846153847,0.36694868660915575,101.375,13.833333333333334,L,0.0,0.0,0.0,0.03,0.06,0.0,0,Progressive Field,77.3,48.0,6.1,0.0,0.0,1.1201602830974189,0.1546456166420613,547,,,,,,,,0.5,,,PASS
824803,2026-08-18 22:35:00+00:00,NYY,BAL,NYY,BAL,0,671218,Heliot Ramos,confirmed,3.0,4.55,669358,0.027450980392156862,0.08627450980392157,0.06547619047619048,0.2,0.25882352941176473,0.25098039215686274,0.058823529411764705,0.32445932,98.203,0.0,0.046875,0.0410958904109589,0.1875,0.21875,0.265625,0.109375,0.2952906433333334,96.73933333333333,R,0.01078167115902965,0.03504043126684636,0.21024258760107817,0.5098039215686274,0.215633423180593,0.0673854447439353,0.2976566188570924,100.64066666666666,17.466666666666665,R,3.0,0.0,0.0,0.027906976744186046,0.05581395348837209,0.06976744186046512,1,Oriole Park at Camden Yards,84.6,55.0,6.5,0.0,0.0,1.1365528726061616,0.15141408556051725,560,,,,,,,,0.5,,,PASS
823586,2026-08-18 23:10:00+00:00,SD,NYM,NYM,SD,1,596019,Francisco Lindor,confirmed,1.0,4.75,592662,0.04580152671755725,0.0648854961832061,0.04657534246575343,0.2900763358778626,0.24427480916030533,0.1946564885496183,0.0916030534351145,0.3449696952777778,98.57633333333334,0.04477611940298507,0.04477611940298507,0.03614457831325301,0.2835820895522388,0.208955223880597,0.22388059701492538,0.13432835820895522,0.3392889688888889,96.29999999999998,L,0.02556818181818182,0.04261363636363636,0.1590909090909091,0.5501066098081023,0.16477272727272727,0.1278409090909091,0.3360181374343828,100.58733333333335,15.4,L,3.0,0.0,0.0,0.027906976744186046,0.05581395348837209,0.06976744186046512,1,Citi Field,79.0,70.0,6.8,0.0,0.0,0.917985012489592,0.15030156440219297,565,,,,,,,,0.5,,,PASS
824075,2026-08-18 23:40:00+00:00,ATH,KC,KC,ATH,1,677951,Bobby Witt Jr.,confirmed,2.0,4.65,678022,0.03065134099616858,0.07662835249042145,0.06493506493506493,0.210727969348659,0.3065134099616858,0.1839080459770115,0.09578544061302682,0.36528774158730154,99.13083333333334,0.031746031746031744,0.06349206349206349,0.05063291139240506,0.19047619047619047,0.2698412698412698,0.19047619047619047,0.12698412698412698,0.3279068411111111,96.46466666666669,R,0.0546218487394958,0.07142857142857142,0.18067226890756302,0.5400696864111498,0.24789915966386555,0.09663865546218488,0.33893644161871683,100.92272727272729,13.727272727272727,R,0.0,0.0,0.0,0.03,0.06,0.0,1,Kauffman Stadium,83.4,61.0,5.3,0.0,0.0,1.0760263882661885,0.14788491135545265,576,,,,,,,,0.5,,,PASS
824723,2026-08-18 23:10:00+00:00,ARI,BOS,BOS,ARI,1,575929,Willson Contreras,confirmed,4.0,4.45,518876,0.056910569105691054,0.07723577235772358,0.06643356643356643,0.23577235772357724,0.2032520325203252,0.25203252032520324,0.12195121951219512,0.38178669583333336,98.08322033898305,0.04918032786885246,0.06557377049180328,0.05970149253731343,0.18032786885245902,0.19672131147540983,0.26229508196721313,0.14754098360655737,0.36894697,93.05857142857143,R,0.046831955922865015,0.07162534435261708,0.24242424242424243,0.48214285714285715,0.15151515151515152,0.09641873278236915,0.3771205268178933,102.21866666666666,16.266666666666666,R,0.0,0.0,0.0,0.03,0.06,0.0,1,Fenway Park,71.7,82.0,7.5,0.0,0.0,0.899985306362345,0.14773394468082618,577,,,,,,,,0.5,,,PASS
824803,2026-08-18 22:35:00+00:00,NYY,BAL,NYY,BAL,0,671277,Luis García Jr.,confirmed,4.0,4.45,669358,0.08,0.124,0.08469945355191257,0.236,0.212,0.168,0.048,0.3512533377777778,98.60383333333334,0.03225806451612903,0.11290322580645161,0.08536585365853659,0.3064516129032258,0.1774193548387097,0.16129032258064516,0.04838709677419355,0.2996552611111111,100.926,L,0.01078167115902965,0.03504043126684636,0.21024258760107817,0.5098039215686274,0.215633423180593,0.0673854447439353,0.2976566188570924,100.64066666666666,17.466666666666665,R,4.0,0.0,0.0,0.02727272727272727,0.05454545454545454,0.09090909090909091,0,Oriole Park at Camden Yards,84.6,55.0,6.5,0.0,0.0,1.1365528726061616,0.1476817007852659,577,,,,,,,,0.5,,,PASS
822859,2026-08-19 00:05:00+00:00,WSH,TEX,WSH,TEX,0,682928,CJ Abrams,confirmed,1.0,4.75,615698,0.06439393939393939,0.06060606060606061,0.04819277108433735,0.22727272727272727,0.25757575757575757,0.26136363636363635,0.07196969696969698,0.3020259213888889,96.28566666666667,0.014705882352941176,0.014705882352941176,0.011235955056179775,0.14705882352941177,0.23529411764705882,0.3382352941176471,0.058823529411764705,0.2570119977777778,94.44066666666666,L,0.038461538461538464,0.05128205128205128,0.10256410256410256,0.5194174757281553,0.1858974358974359,0.057692307692307696,0.2970610675584713,99.3175,14.0,R,0.0,0.0,0.0,0.03,0.06,0.0,0,Globe Life Field,102.7,23.0,11.0,0.0,0.5,1.1503571585082608,0.14717975593043922,579,,,,,,,,0.5,,,PASS
822859,2026-08-19 00:05:00+00:00,WSH,TEX,WSH,TEX,0,691781,Brady House,confirmed,3.0,4.55,615698,0.03167420814479638,0.07239819004524888,0.06177606177606178,0.17647058823529413,0.23076923076923078,0.2850678733031674,0.06334841628959276,0.3155522973856209,98.28176470588235,0.016129032258064516,0.08064516129032258,0.0684931506849315,0.22580645161290322,0.25806451612903225,0.2903225806451613,0.04838709677419355,0.37068169,99.39266666666667,R,0.038461538461538464,0.05128205128205128,0.10256410256410256,0.5194174757281553,0.1858974358974359,0.057692307692307696,0.2970610675584713,99.3175,14.0,R,0.0,0.0,0.0,0.03,0.06,0.0,1,Globe Life Field,102.7,23.0,11.0,0.0,0.5,1.1503571585082608,0.14692214556440727,581,,,,,,,,0.5,,,PASS
824803,2026-08-18 22:35:00+00:00,NYY,BAL,NYY,BAL,0,665862,Jazz Chisholm Jr.,confirmed,6.0,4.15,669358,0.05042016806722689,0.07142857142857142,0.058823529411764705,0.226890756302521,0.17647058823529413,0.3277310924369748,0.09243697478991597,0.28634511666666657,97.92000000000002,0.01694915254237288,0.01694915254237288,0.014492753623188406,0.15254237288135594,0.13559322033898305,0.3559322033898305,0.13559322033898305,0.25452208666666665,95.704,L,0.01078167115902965,0.03504043126684636,0.21024258760107817,0.5098039215686274,0.215633423180593,0.0673854447439353,0.2976566188570924,100.64066666666666,17.466666666666665,R,3.0,0.0,0.0,0.027906976744186046,0.05581395348837209,0.06976744186046512,0,Oriole Park at Camden Yards,84.6,55.0,6.5,0.0,0.0,1.1365528726061616,0.14595529345469985,585,,,,,,,,0.5,,,PASS
823586,2026-08-18 23:10:00+00:00,SD,NYM,SD,NYM,0,592518,Manny Machado,confirmed,3.0,4.55,804267,0.045627376425855515,0.07984790874524715,0.0660377358490566,0.22813688212927757,0.23574144486692014,0.20152091254752852,0.11406844106463879,0.3538998116666666,97.64116666666665,0.0,0.015625,0.012048192771084338,0.234375,0.1875,0.171875,0.09375,0.3371345566666666,98.07,R,0.022598870056497175,0.06779661016949153,0.22033898305084745,0.464,0.1638418079096045,0.07344632768361582,0.33738287453136917,102.67750000000001,16.625,L,0.0,0.0,0.0,0.03,0.06,0.0,0,Citi Field,79.0,70.0,6.8,0.0,0.0,0.917985012489592,0.14529153987866936,588,,,,,,,,0.5,,,PASS
824398,2026-08-18 22:40:00+00:00,SF,CLE,SF,CLE,0,805811,Bryce Eldridge,confirmed,4.0,4.45,656492,0.04263565891472868,0.06976744186046512,0.05921052631578947,0.20155038759689922,0.20930232558139536,0.26744186046511625,0.13178294573643412,0.3329604019444445,97.26183333333333,0.030303030303030304,0.045454545454545456,0.04,0.12121212121212122,0.21212121212121213,0.25757575757575757,0.09090909090909091,0.29753999999999997,97.22333333333333,L,0.039660056657223795,0.05099150141643059,0.1813031161473088,0.5100401606425703,0.21529745042492918,0.042492917847025496,0.30578710329460734,101.09600000000002,17.4,L,3.0,0.0,0.0,0.027906976744186046,0.05581395348837209,0.06976744186046512,1,Progressive Field,77.3,48.0,6.1,0.0,0.0,1.1201602830974189,0.14419426763067067,594,,,,,,,,0.5,,,PASS
824475,2026-08-18 22:40:00+00:00,STL,CIN,STL,CIN,0,676475,Alec Burleson,confirmed,4.0,4.45,671096,0.05019305019305019,0.10038610038610038,0.06532663316582915,0.30115830115830117,0.28957528957528955,0.16988416988416988,0.07722007722007722,0.4003907355555556,101.21999999999998,0.08955223880597014,0.08955223880597014,0.05405405405405406,0.26865671641791045,0.3283582089552239,0.208955223880597,0.1044776119402985,0.43208025333333333,101.11533333333335,L,0.031161473087818695,0.056657223796033995,0.1671388101983003,0.5957894736842105,0.18980169971671387,0.11614730878186968,0.32698629300316373,101.20533333333334,16.133333333333333,L,3.0,0.0,1.0,0.027906976744186046,0.07906976744186046,0.06976744186046512,1,Great American Ball Park,81.8,44.0,5.7,0.0,0.0,0.9783513738551208,0.14272587285756164,601,,,,,,,,0.5,,,PASS
824475,2026-08-18 22:40:00+00:00,STL,CIN,CIN,STL,1,701398,Sal Stewart,confirmed,2.0,4.65,681517,0.05363984674329502,0.07662835249042145,0.06172839506172839,0.20689655172413793,0.210727969348659,0.23371647509578544,0.07279693486590039,0.31155320194444447,97.12583333333333,0.047619047619047616,0.047619047619047616,0.03529411764705882,0.14285714285714285,0.23809523809523808,0.2222222222222222,0.031746031746031744,0.30924367999999997,96.42933333333333,R,0.018808777429467086,0.06896551724137931,0.21003134796238246,0.4786729857819905,0.22884012539184953,0.05642633228840126,0.31537565537457285,101.8,15.266666666666667,R,5.0,0.0,0.0,0.026666666666666665,0.05333333333333333,0.1111111111111111,1,Great American Ball Park,81.8,44.0,5.7,0.0,0.0,0.9783513738551208,0.14240065029380086,602,,,,,,,,0.5,,,PASS
823423,2026-08-18 22:40:00+00:00,MIA,PHI,MIA,PHI,0,681715,Heriberto Hernández,confirmed,5.0,4.3,554430,0.05555555555555555,0.08333333333333333,0.07526881720430108,0.21031746031746032,0.19047619047619047,0.32142857142857145,0.0873015873015873,0.32868147250000007,98.07116666666667,0.045454545454545456,0.06060606060606061,0.05263157894736842,0.16666666666666666,0.18181818181818182,0.3484848484848485,0.13636363636363635,0.3165997666666667,97.628,R,0.038922155688622756,0.029940119760479042,0.15269461077844312,0.5379146919431279,0.3203592814371258,0.0658682634730539,0.24077909029672503,99.09266666666667,16.533333333333335,R,5.0,1.0,0.0,0.04888888888888889,0.05333333333333333,0.1111111111111111,1,Citizens Bank Park,78.5,86.0,3.0,0.0,0.0,1.079982367634814,0.14219935911067993,603,,,,,,,,0.5,,,PASS
824475,2026-08-18 22:40:00+00:00,STL,CIN,CIN,STL,1,553993,Eugenio Suárez,confirmed,4.0,4.45,681517,0.058091286307053944,0.06639004149377593,0.06037735849056604,0.18672199170124482,0.1950207468879668,0.3817427385892116,0.08298755186721991,0.2646976080555556,95.09483333333333,0.06779661016949153,0.1016949152542373,0.08695652173913043,0.2711864406779661,0.2033898305084746,0.3050847457627119,0.1016949152542373,0.3429348555555556,95.75399999999999,R,0.018808777429467086,0.06896551724137931,0.21003134796238246,0.4786729857819905,0.22884012539184953,0.05642633228840126,0.31537565537457285,101.8,15.266666666666667,R,5.0,0.0,0.0,0.026666666666666665,0.05333333333333333,0.1111111111111111,1,Great American Ball Park,81.8,44.0,5.7,0.0,0.0,0.9783513738551208,0.1415919884987111,606,,,,,,,,0.5,,,PASS
823667,2026-08-18 23:40:00+00:00,ATL,MIN,ATL,MIN,0,686948,Drake Baldwin,confirmed,1.0,4.75,805673,0.03802281368821293,0.08745247148288973,0.06353591160220995,0.24334600760456274,0.29277566539923955,0.19771863117870722,0.09885931558935361,0.3618390494444445,98.81016666666667,0.0,0.046153846153846156,0.03125,0.24615384615384617,0.2923076923076923,0.16923076923076924,0.06153846153846154,0.32390951,101.29599999999999,L,0.049586776859504134,0.0881542699724518,0.22589531680440772,0.5254237288135594,0.19834710743801653,0.07988980716253444,0.33945136893421235,102.22933333333336,16.533333333333335,R,0.0,0.0,0.0,0.03,0.06,0.0,0,Target Field,80.0,39.0,9.4,0.0,0.0,0.7132214382751216,0.14088483559100487,610,,,,,,,,0.5,,,PASS
823667,2026-08-18 23:40:00+00:00,ATL,MIN,ATL,MIN,0,660670,Ronald Acuña Jr.,confirmed,2.0,4.65,805673,0.049429657794676805,0.08365019011406843,0.0658682634730539,0.21673003802281368,0.24334600760456274,0.24334600760456274,0.12167300380228137,0.3588067747222222,96.68416666666667,0.078125,0.078125,0.05813953488372093,0.265625,0.234375,0.265625,0.046875,0.3426654333333334,96.20066666666668,R,0.049586776859504134,0.0881542699724518,0.22589531680440772,0.5254237288135594,0.19834710743801653,0.07988980716253444,0.33945136893421235,102.22933333333336,16.533333333333335,R,0.0,0.0,0.0,0.03,0.06,0.0,1,Target Field,80.0,39.0,9.4,0.0,0.0,0.7132214382751216,0.13941884296409318,617,,,,,,,,0.5,,,PASS
824398,2026-08-18 22:40:00+00:00,SF,CLE,SF,CLE,0,682674,Victor Bericoto,confirmed,3.0,4.55,656492,0.06153846153846154,0.1076923076923077,0.07142857142857142,0.2153846153846154,0.3384615384615385,0.27692307692307694,0.015384615384615385,0.29380871929824565,95.88421052631578,0.05454545454545454,0.10909090909090909,0.07317073170731707,0.23636363636363636,0.34545454545454546,0.2727272727272727,0.01818181818181818,0.31247993333333335,95.66399999999999,R,0.039660056657223795,0.05099150141643059,0.1813031161473088,0.5100401606425703,0.21529745042492918,0.042492917847025496,0.30578710329460734,101.09600000000002,17.4,L,2.0,0.0,0.0,0.02857142857142857,0.05714285714285714,0.047619047619047616,0,Progressive Field,77.3,48.0,6.1,0.0,0.0,1.1201602830974189,0.13911935593169558,619,,,,,,,,0.5,,,PASS
824803,2026-08-18 22:35:00+00:00,NYY,BAL,BAL,NYY,1,687952,Christian Encarnacion-Strand,confirmed,6.0,4.15,607074,0.07142857142857142,0.14285714285714285,0.09230769230769231,0.2857142857142857,0.2976190476190476,0.23809523809523808,0.047619047619047616,0.3713298416666667,97.79650000000001,0.04838709677419355,0.12903225806451613,0.08888888888888889,0.27419354838709675,0.24193548387096775,0.25806451612903225,0.04838709677419355,0.354029788888889,98.24733333333334,R,0.015384615384615385,0.03076923076923077,0.15384615384615385,0.5454545454545454,0.26666666666666666,0.13333333333333333,0.29393214960337766,99.24777777777777,15.222222222222221,L,0.0,0.0,0.0,0.03,0.06,0.0,0,Oriole Park at Camden Yards,84.6,55.0,6.5,0.0,0.0,1.1365528726061616,0.13880690819806601,620,,,,,,,,0.5,,,PASS
824639,2026-08-19 00:05:00+00:00,CWS,CHC,CWS,CHC,0,695657,Colson Montgomery,confirmed,6.0,4.15,592332,0.05058365758754864,0.0622568093385214,0.05405405405405406,0.1828793774319066,0.22957198443579765,0.3657587548638132,0.07392996108949416,0.2724319661507936,95.22741379310345,0.030303030303030304,0.045454545454545456,0.03488372093023256,0.15151515151515152,0.24242424242424243,0.42424242424242425,0.06060606060606061,0.2419322857142857,94.20666666666668,L,0.030726256983240222,0.04189944134078212,0.21787709497206703,0.538135593220339,0.23743016759776536,0.08100558659217877,0.31722840180617856,101.1613333333333,16.133333333333333,R,0.0,0.0,0.0,0.03,0.06,0.0,0,Wrigley Field,74.1,78.0,7.3,0.0,0.0,1.337121026595484,0.1383885615905423,623,,,,,,,,0.5,,,PASS
824803,2026-08-18 22:35:00+00:00,NYY,BAL,NYY,BAL,0,663757,Trent Grisham,confirmed,1.0,4.75,669358,0.04263565891472868,0.05813953488372093,0.04504504504504504,0.2248062015503876,0.23255813953488372,0.17829457364341086,0.08527131782945736,0.3227513320634921,97.52950000000001,0.07936507936507936,0.06349206349206349,0.0547945205479452,0.31746031746031744,0.2857142857142857,0.23809523809523808,0.015873015873015872,0.3140824,97.27066666666666,L,0.01078167115902965,0.03504043126684636,0.21024258760107817,0.5098039215686274,0.215633423180593,0.0673854447439353,0.2976566188570924,100.64066666666666,17.466666666666665,R,3.0,0.0,1.0,0.027906976744186046,0.07906976744186046,0.06976744186046512,0,Oriole Park at Camden Yards,84.6,55.0,6.5,0.0,0.0,1.1365528726061616,0.13478650265724318,642,,,,,,,,0.5,,,PASS
824723,2026-08-18 23:10:00+00:00,ARI,BOS,BOS,ARI,1,677800,Wilyer Abreu,confirmed,3.0,4.55,518876,0.057034220532319393,0.09885931558935361,0.07386363636363637,0.21673003802281368,0.3193916349809886,0.20532319391634982,0.12167300380228137,0.37385250571428574,96.82066666666667,0.09090909090909091,0.13636363636363635,0.10975609756097561,0.2878787878787879,0.3181818181818182,0.09090909090909091,0.18181818181818182,0.5178943195238095,99.02533333333331,L,0.046831955922865015,0.07162534435261708,0.24242424242424243,0.48214285714285715,0.15151515151515152,0.09641873278236915,0.3771205268178933,102.21866666666666,16.266666666666666,R,0.0,0.0,0.0,0.03,0.06,0.0,0,Fenway Park,71.7,82.0,7.5,0.0,0.0,0.899985306362345,0.13454026917351458,643,,,,,,,,0.5,,,PASS
823586,2026-08-18 23:10:00+00:00,SD,NYM,SD,NYM,0,701538,Jackson Merrill,confirmed,5.0,4.3,804267,0.050387596899224806,0.08527131782945736,0.05641025641025641,0.27906976744186046,0.35658914728682173,0.2248062015503876,0.04263565891472868,0.3424565825,97.29733333333336,0.06451612903225806,0.11290322580645161,0.07446808510638298,0.3387096774193548,0.41935483870967744,0.1774193548387097,0.06451612903225806,0.44171472444444443,98.80933333333333,L,0.022598870056497175,0.06779661016949153,0.22033898305084745,0.464,0.1638418079096045,0.07344632768361582,0.33738287453136917,102.67750000000001,16.625,L,0.0,0.0,0.0,0.03,0.06,0.0,1,Citi Field,79.0,70.0,6.8,0.0,0.0,0.917985012489592,0.1322304747815216,656,,,,,,,,0.5,,,PASS
823423,2026-08-18 22:40:00+00:00,MIA,PHI,MIA,PHI,0,665052,Griffin Conine,confirmed,4.0,4.45,554430,0.05421686746987952,0.0783132530120482,0.07027027027027027,0.18674698795180722,0.2469879518072289,0.30120481927710846,0.1144578313253012,0.35346720222222217,96.67088888888888,0.06779661016949153,0.1016949152542373,0.12,0.1864406779661017,0.22033898305084745,0.3220338983050847,0.13559322033898305,0.373928638888889,101.104,L,0.038922155688622756,0.029940119760479042,0.15269461077844312,0.5379146919431279,0.3203592814371258,0.0658682634730539,0.24077909029672503,99.09266666666667,16.533333333333335,R,2.0,1.0,0.0,0.05238095238095238,0.05714285714285714,0.047619047619047616,0,Citizens Bank Park,78.5,86.0,3.0,0.0,0.0,1.079982367634814,0.1316825994011463,659,,,,,,,,0.5,,,PASS
824475,2026-08-18 22:40:00+00:00,STL,CIN,CIN,STL,1,682829,Elly De La Cruz,confirmed,1.0,4.75,681517,0.037037037037037035,0.07407407407407407,0.06756756756756757,0.18518518518518517,0.23333333333333334,0.2740740740740741,0.1259259259259259,0.3433309469444445,100.03966101694915,0.03076923076923077,0.03076923076923077,0.0273972602739726,0.12307692307692308,0.2153846153846154,0.27692307692307694,0.13846153846153847,0.2814976366666667,98.11142857142856,R,0.018808777429467086,0.06896551724137931,0.21003134796238246,0.4786729857819905,0.22884012539184953,0.05642633228840126,0.31537565537457285,101.8,15.266666666666667,R,6.0,2.0,3.0,0.06956521739130435,0.11739130434782609,0.13043478260869565,1,Great American Ball Park,81.8,44.0,5.7,0.0,0.0,0.9783513738551208,0.13102937186837077,663,,,,,,,,0.5,,,PASS
822859,2026-08-19 00:05:00+00:00,WSH,TEX,TEX,WSH,1,608369,Corey Seager,confirmed,2.0,4.65,800600,0.043137254901960784,0.09411764705882353,0.0784313725490196,0.2,0.2196078431372549,0.2549019607843137,0.11764705882352941,0.3306339433333333,97.66033333333334,0.03333333333333333,0.1,0.07692307692307693,0.3,0.25,0.2,0.13333333333333333,0.3455723755555556,99.16533333333334,L,0.0,0.0,0.0,0.35294117647058826,0.3157894736842105,0.2631578947368421,0.3478121052631579,100.96000000000001,12.0,L,0.0,0.0,0.0,0.03,0.06,0.0,1,Globe Life Field,102.7,23.0,11.0,0.0,0.5,1.1503571585082608,0.13080723645792378,664,,,,,,,,0.5,,,PASS
824154,2026-08-19 00:10:00+00:00,LAA,HOU,LAA,HOU,0,694208,Moisés Ballesteros,confirmed,5.0,4.3,664299,0.028985507246376812,0.05314009661835749,0.041044776119402986,0.1642512077294686,0.2318840579710145,0.20772946859903382,0.0966183574879227,0.3093654217514125,95.95627118644067,0.0,0.03508771929824561,0.023529411764705882,0.17543859649122806,0.2982456140350877,0.22807017543859648,0.08771929824561403,0.28491913333333335,98.04133333333334,L,0.044642857142857144,0.07142857142857142,0.22321428571428573,0.668918918918919,0.10714285714285714,0.11607142857142858,0.40179836160714283,102.85666666666667,11.666666666666666,R,0.0,0.0,0.0,0.03,0.06,0.0,0,Daikin Park,87.0,61.0,9.5,0.0,0.5,1.0491257285595337,0.12982908818537428,670,,,,,,,,0.5,,,PASS
823586,2026-08-18 23:10:00+00:00,SD,NYM,NYM,SD,1,682626,Francisco Alvarez,confirmed,5.0,4.3,592662,0.03829787234042553,0.08936170212765958,0.08076923076923077,0.2170212765957447,0.2297872340425532,0.32340425531914896,0.10638297872340426,0.3180152497222222,95.72457627118644,0.017241379310344827,0.06896551724137931,0.06896551724137931,0.13793103448275862,0.29310344827586204,0.39655172413793105,0.15517241379310345,0.29073242000000005,93.60928571428573,R,0.02556818181818182,0.04261363636363636,0.1590909090909091,0.5501066098081023,0.16477272727272727,0.1278409090909091,0.3360181374343828,100.58733333333335,15.4,L,2.0,0.0,0.0,0.02857142857142857,0.05714285714285714,0.047619047619047616,0,Citi Field,79.0,70.0,6.8,0.0,0.0,0.917985012489592,0.12926819355781763,674,,,,,,,,0.5,,,PASS
823749,2026-08-18 23:40:00+00:00,SEA,MIL,SEA,MIL,0,663728,Cal Raleigh,confirmed,7.0,4.0,690986,0.024193548387096774,0.06048387096774194,0.04451038575667656,0.24596774193548387,0.2620967741935484,0.3346774193548387,0.13709677419354838,0.2686521911111111,96.81733333333332,0.03333333333333333,0.08333333333333333,0.0684931506849315,0.26666666666666666,0.2833333333333333,0.3,0.15,0.2893858777777778,98.96666666666667,L,0.035830618892508145,0.04560260586319218,0.13680781758957655,0.5577395577395577,0.3127035830618892,0.05537459283387622,0.26599142303672346,98.16866666666667,15.133333333333333,L,0.0,0.0,0.0,0.03,0.06,0.0,1,American Family Field,79.2,59.0,6.5,0.0,0.5,0.9289134054954205,0.12824236864528152,680,,,,,,,,0.5,,,PASS
822938,2026-08-18 22:40:00+00:00,TOR,TB,TOR,TB,0,660821,Jesús Sánchez,confirmed,5.0,4.3,607259,0.03349282296650718,0.0861244019138756,0.06315789473684211,0.20095693779904306,0.2583732057416268,0.22966507177033493,0.06698564593301436,0.3309606372222223,95.48169491525422,0.020833333333333332,0.041666666666666664,0.0425531914893617,0.08333333333333333,0.22916666666666666,0.2916666666666667,0.14583333333333334,0.29659935,93.96285714285717,L,0.036211699164345405,0.06406685236768803,0.2116991643454039,0.5441767068273092,0.1309192200557103,0.027855153203342618,0.3320349818681828,100.67733333333332,17.8,R,2.0,0.0,0.0,0.02857142857142857,0.05714285714285714,0.047619047619047616,0,Tropicana Field,86.7,73.0,10.0,0.0,1.0,1.0583285858275997,0.12676848973061014,689,,,,,,,,0.5,,,PASS
822938,2026-08-18 22:40:00+00:00,TOR,TB,TOR,TB,0,672960,Kazuma Okamoto,confirmed,6.0,4.15,607259,0.04417670682730924,0.060240963855421686,0.04716981132075472,0.20883534136546184,0.24096385542168675,0.2931726907630522,0.06827309236947791,0.286521311111111,96.10816666666668,0.0,0.015873015873015872,0.011627906976744186,0.23809523809523808,0.30158730158730157,0.2857142857142857,0.047619047619047616,0.2660640155555556,95.71133333333334,R,0.036211699164345405,0.06406685236768803,0.2116991643454039,0.5441767068273092,0.1309192200557103,0.027855153203342618,0.3320349818681828,100.67733333333332,17.8,R,6.0,0.0,0.0,0.02608695652173913,0.05217391304347826,0.13043478260869565,1,Tropicana Field,86.7,73.0,10.0,0.0,1.0,1.0583285858275997,0.12510948510153108,699,,,,,,,,0.5,,,PASS
824803,2026-08-18 22:35:00+00:00,NYY,BAL,BAL,NYY,1,641933,Tyler O'Neill,confirmed,3.0,4.55,607074,0.027906976744186046,0.046511627906976744,0.03968253968253968,0.22790697674418606,0.17209302325581396,0.2744186046511628,0.12093023255813953,0.3172825859195403,95.50896551724136,0.03389830508474576,0.05084745762711865,0.043478260869565216,0.2033898305084746,0.11864406779661017,0.288135593220339,0.11864406779661017,0.3206713888888889,96.41666666666667,R,0.015384615384615385,0.03076923076923077,0.15384615384615385,0.5454545454545454,0.26666666666666666,0.13333333333333333,0.29393214960337766,99.24777777777777,15.222222222222221,L,0.0,0.0,0.0,0.03,0.06,0.0,0,Oriole Park at Camden Yards,84.6,55.0,6.5,0.0,0.0,1.1365528726061616,0.12502509431675102,700,,,,,,,,0.5,,,PASS
823749,2026-08-18 23:40:00+00:00,SEA,MIL,MIL,SEA,1,694192,Jackson Chourio,confirmed,2.0,4.65,682243,0.04332129963898917,0.07581227436823104,0.057692307692307696,0.17689530685920576,0.23104693140794225,0.23826714801444043,0.08303249097472924,0.3331893857936508,96.82866666666668,0.06153846153846154,0.09230769230769231,0.08333333333333333,0.2,0.2153846153846154,0.26153846153846155,0.15384615384615385,0.3863357022222222,95.54400000000001,R,0.04153354632587859,0.04792332268370607,0.19169329073482427,0.5720524017467249,0.25559105431309903,0.051118210862619806,0.25416881547091796,99.88214285714287,16.857142857142858,R,0.0,0.0,0.0,0.03,0.06,0.0,1,American Family Field,79.2,59.0,6.5,0.0,0.5,0.9289134054954205,0.12433454268553577,704,,,,,,,,0.5,,,PASS
824398,2026-08-18 22:40:00+00:00,SF,CLE,CLE,SF,1,666176,Jo Adell,confirmed,3.0,4.55,687931,0.03529411764705882,0.07058823529411765,0.05389221556886228,0.1803921568627451,0.2549019607843137,0.24705882352941178,0.054901960784313725,0.30849527444444447,97.1955,0.030303030303030304,0.10606060606060606,0.0875,0.22727272727272727,0.22727272727272727,0.3333333333333333,0.09090909090909091,0.30523631777777777,100.09133333333332,R,0.03076923076923077,0.05384615384615385,0.2230769230769231,0.48026315789473684,0.16923076923076924,0.13846153846153847,0.36694868660915575,101.375,13.833333333333334,L,2.0,1.0,1.0,0.05238095238095238,0.08095238095238096,0.047619047619047616,0,Progressive Field,77.3,48.0,6.1,0.0,0.0,1.1201602830974189,0.12431801101950657,704,,,,,,,,0.5,,,PASS
823586,2026-08-18 23:10:00+00:00,SD,NYM,SD,NYM,0,664034,Ty France,confirmed,4.0,4.45,804267,0.046875,0.05859375,0.040983606557377046,0.21484375,0.33203125,0.2109375,0.05859375,0.33015038166666666,98.02950000000001,0.015384615384615385,0.03076923076923077,0.022222222222222223,0.2153846153846154,0.24615384615384617,0.15384615384615385,0.07692307692307693,0.3070563966666667,99.16266666666667,R,0.022598870056497175,0.06779661016949153,0.22033898305084745,0.464,0.1638418079096045,0.07344632768361582,0.33738287453136917,102.67750000000001,16.625,L,0.0,0.0,0.0,0.03,0.06,0.0,0,Citi Field,79.0,70.0,6.8,0.0,0.0,0.917985012489592,0.1238169309811692,708,,,,,,,,0.5,,,PASS
822859,2026-08-19 00:05:00+00:00,WSH,TEX,WSH,TEX,0,686611,Dylan Crews,confirmed,5.0,4.3,615698,0.03435114503816794,0.07251908396946564,0.06312292358803986,0.16412213740458015,0.2748091603053435,0.24045801526717558,0.06870229007633588,0.32687462833333325,97.28283333333333,0.015151515151515152,0.07575757575757576,0.06944444444444445,0.16666666666666666,0.3181818181818182,0.2878787878787879,0.030303030303030304,0.28033703888888895,97.23266666666669,R,0.038461538461538464,0.05128205128205128,0.10256410256410256,0.5194174757281553,0.1858974358974359,0.057692307692307696,0.2970610675584713,99.3175,14.0,R,0.0,0.0,0.0,0.03,0.06,0.0,1,Globe Life Field,102.7,23.0,11.0,0.0,0.5,1.1503571585082608,0.12329969540284509,711,,,,,,,,0.5,,,PASS
824723,2026-08-18 23:10:00+00:00,ARI,BOS,ARI,BOS,0,682998,Corbin Carroll,confirmed,2.0,4.65,624133,0.03018867924528302,0.07169811320754717,0.05740181268882175,0.20754716981132076,0.22264150943396227,0.2188679245283019,0.11320754716981132,0.31840665539682544,97.55233333333334,0.03125,0.0625,0.04938271604938271,0.171875,0.234375,0.171875,0.125,0.3182715022222222,97.16133333333332,L,0.009584664536741214,0.019169329073482427,0.12460063897763578,0.4543147208121827,0.25878594249201275,0.07028753993610223,0.2962892590766267,98.9526666666667,14.466666666666667,L,0.0,0.0,0.0,0.03,0.06,0.0,1,Fenway Park,71.7,82.0,7.5,0.0,0.0,0.899985306362345,0.12310763202098986,712,,,,,,,,0.5,,,PASS
824398,2026-08-18 22:40:00+00:00,SF,CLE,SF,CLE,0,813841,Jonah Cox,confirmed,1.0,4.75,656492,0.0,0.043478260869565216,0.05555555555555555,0.13043478260869565,0.21739130434782608,0.4782608695652174,0.0,0.21404629629629632,88.79249999999999,0.0,0.043478260869565216,0.05555555555555555,0.13043478260869565,0.21739130434782608,0.4782608695652174,0.0,0.21404629629629632,88.79249999999999,R,0.039660056657223795,0.05099150141643059,0.1813031161473088,0.5100401606425703,0.21529745042492918,0.042492917847025496,0.30578710329460734,101.09600000000002,17.4,L,2.0,0.0,0.0,0.02857142857142857,0.05714285714285714,0.047619047619047616,0,Progressive Field,77.3,48.0,6.1,0.0,0.0,1.1201602830974189,0.1218450841664569,721,,,,,,,,0.5,,,PASS
824475,2026-08-18 22:40:00+00:00,STL,CIN,STL,CIN,0,691023,Jordan Walker,confirmed,3.0,4.55,671096,0.03125,0.0859375,0.07096774193548387,0.13671875,0.19921875,0.21875,0.07421875,0.3371490697222222,99.1836666666667,0.03076923076923077,0.07692307692307693,0.06097560975609756,0.15384615384615385,0.27692307692307694,0.16923076923076924,0.046153846153846156,0.32358120888888897,97.61866666666667,R,0.031161473087818695,0.056657223796033995,0.1671388101983003,0.5957894736842105,0.18980169971671387,0.11614730878186968,0.32698629300316373,101.20533333333334,16.133333333333333,L,3.0,0.0,0.0,0.027906976744186046,0.05581395348837209,0.06976744186046512,0,Great American Ball Park,81.8,44.0,5.7,0.0,0.0,0.9783513738551208,0.1202740671448284,731,,,,,,,,0.5,,,PASS
824475,2026-08-18 22:40:00+00:00,STL,CIN,CIN,STL,1,663886,Tyler Stephenson,confirmed,5.0,4.3,681517,0.03829787234042553,0.07659574468085106,0.06164383561643835,0.2297872340425532,0.23404255319148937,0.2425531914893617,0.09787234042553192,0.3470305508333334,95.61749999999999,0.046875,0.078125,0.05747126436781609,0.234375,0.203125,0.28125,0.140625,0.35698774666666666,94.708,R,0.018808777429467086,0.06896551724137931,0.21003134796238246,0.4786729857819905,0.22884012539184953,0.05642633228840126,0.31537565537457285,101.8,15.266666666666667,R,2.0,0.0,0.0,0.02857142857142857,0.05714285714285714,0.047619047619047616,1,Great American Ball Park,81.8,44.0,5.7,0.0,0.0,0.9783513738551208,0.1200338464580348,733,,,,,,,,0.5,,,PASS
824154,2026-08-19 00:10:00+00:00,LAA,HOU,LAA,HOU,0,685133,Wade Meckler,confirmed,1.0,4.75,664299,0.014563106796116505,0.024271844660194174,0.02127659574468085,0.12135922330097088,0.23300970873786409,0.22330097087378642,0.09223300970873786,0.2976037801886792,93.28461538461539,0.016129032258064516,0.0,0.0,0.08064516129032258,0.16129032258064516,0.22580645161290322,0.08064516129032258,0.25110218666666667,92.64466666666665,L,0.044642857142857144,0.07142857142857142,0.22321428571428573,0.668918918918919,0.10714285714285714,0.11607142857142858,0.40179836160714283,102.85666666666667,11.666666666666666,R,0.0,0.0,0.0,0.03,0.06,0.0,0,Daikin Park,87.0,61.0,9.5,0.0,0.5,1.0491257285595337,0.11987607443918816,734,,,,,,,,0.5,,,PASS
824639,2026-08-19 00:05:00+00:00,CWS,CHC,CWS,CHC,0,643217,Andrew Benintendi,confirmed,4.0,4.45,592332,0.04035874439461883,0.053811659192825115,0.041666666666666664,0.20179372197309417,0.2242152466367713,0.18385650224215247,0.10762331838565023,0.31924890888888885,93.73372881355932,0.03773584905660377,0.03773584905660377,0.034482758620689655,0.1509433962264151,0.1320754716981132,0.24528301886792453,0.09433962264150944,0.2860703188888889,91.67571428571429,L,0.030726256983240222,0.04189944134078212,0.21787709497206703,0.538135593220339,0.23743016759776536,0.08100558659217877,0.31722840180617856,101.1613333333333,16.133333333333333,R,0.0,0.0,0.0,0.03,0.06,0.0,0,Wrigley Field,74.1,78.0,7.3,0.0,0.0,1.337121026595484,0.11872463781928828,742,,,,,,,,0.5,,,PASS
824475,2026-08-18 22:40:00+00:00,STL,CIN,CIN,STL,1,668709,JJ Bleday,confirmed,3.0,4.55,681517,0.0390625,0.046875,0.037383177570093455,0.2109375,0.2421875,0.21484375,0.140625,0.3283380355555556,96.30983333333333,0.01639344262295082,0.01639344262295082,0.013513513513513514,0.2459016393442623,0.16393442622950818,0.21311475409836064,0.14754098360655737,0.2703061144444444,96.68600000000002,L,0.018808777429467086,0.06896551724137931,0.21003134796238246,0.4786729857819905,0.22884012539184953,0.05642633228840126,0.31537565537457285,101.8,15.266666666666667,R,8.0,0.0,0.0,0.024999999999999998,0.049999999999999996,0.16666666666666666,0,Great American Ball Park,81.8,44.0,5.7,0.0,0.0,0.9783513738551208,0.11738461197274959,752,,,,,,,,0.5,,,PASS
823749,2026-08-18 23:40:00+00:00,SEA,MIL,SEA,MIL,0,686527,Dominic Canzone,confirmed,3.0,4.55,690986,0.06097560975609756,0.08943089430894309,0.07096774193548387,0.1991869918699187,0.22357723577235772,0.2032520325203252,0.09349593495934959,0.3751369211111111,97.9485,0.015151515151515152,0.030303030303030304,0.024096385542168676,0.13636363636363635,0.13636363636363635,0.21212121212121213,0.10606060606060606,0.29696012,96.84266666666667,L,0.035830618892508145,0.04560260586319218,0.13680781758957655,0.5577395577395577,0.3127035830618892,0.05537459283387622,0.26599142303672346,98.16866666666667,15.133333333333333,L,0.0,0.0,0.0,0.03,0.06,0.0,1,American Family Field,79.2,59.0,6.5,0.0,0.5,0.9289134054954205,0.11716123511744679,754,,,,,,,,0.5,,,PASS
824398,2026-08-18 22:40:00+00:00,SF,CLE,CLE,SF,1,694197,Angel Genao,confirmed,6.0,4.15,687931,0.02702702702702703,0.08108108108108109,0.06666666666666667,0.21621621621621623,0.21621621621621623,0.08108108108108109,0.05405405405405406,0.31624925000000004,98.78888888888888,0.02702702702702703,0.08108108108108109,0.06666666666666667,0.21621621621621623,0.21621621621621623,0.08108108108108109,0.05405405405405406,0.31624925000000004,98.78888888888888,R,0.03076923076923077,0.05384615384615385,0.2230769230769231,0.48026315789473684,0.16923076923076924,0.13846153846153847,0.36694868660915575,101.375,13.833333333333334,L,0.0,0.0,0.0,0.03,0.06,0.0,0,Progressive Field,77.3,48.0,6.1,0.0,0.0,1.1201602830974189,0.11671978078777326,757,,,,,,,,0.5,,,PASS
824154,2026-08-19 00:10:00+00:00,LAA,HOU,LAA,HOU,0,687093,Vaughn Grissom,confirmed,6.0,4.15,664299,0.02390438247011952,0.04780876494023904,0.034383954154727794,0.16334661354581673,0.23904382470119523,0.20318725099601595,0.05179282868525897,0.3005232013888888,96.26050000000001,0.0,0.017241379310344827,0.013513513513513514,0.06896551724137931,0.1896551724137931,0.29310344827586204,0.017241379310344827,0.20535714444444447,93.87599999999999,R,0.044642857142857144,0.07142857142857142,0.22321428571428573,0.668918918918919,0.10714285714285714,0.11607142857142858,0.40179836160714283,102.85666666666667,11.666666666666666,R,2.0,0.0,0.0,0.02857142857142857,0.05714285714285714,0.047619047619047616,1,Daikin Park,87.0,61.0,9.5,0.0,0.5,1.0491257285595337,0.11654757976925155,758,,,,,,,,0.5,,,PASS
822938,2026-08-18 22:40:00+00:00,TOR,TB,TOR,TB,0,543807,George Springer,confirmed,4.0,4.45,607259,0.03383458646616541,0.045112781954887216,0.03333333333333333,0.13909774436090225,0.22556390977443608,0.18045112781954886,0.10526315789473684,0.3146220627777778,96.27283333333334,0.016129032258064516,0.016129032258064516,0.012658227848101266,0.11290322580645161,0.16129032258064516,0.1774193548387097,0.11290322580645161,0.2869729022222222,96.338,R,0.036211699164345405,0.06406685236768803,0.2116991643454039,0.5441767068273092,0.1309192200557103,0.027855153203342618,0.3320349818681828,100.67733333333332,17.8,R,3.0,0.0,0.0,0.027906976744186046,0.05581395348837209,0.06976744186046512,1,Tropicana Field,86.7,73.0,10.0,0.0,1.0,1.0583285858275997,0.11470765462973491,772,,,,,,,,0.5,,,PASS
824639,2026-08-19 00:05:00+00:00,CWS,CHC,CWS,CHC,0,803011,Sam Antonacci,confirmed,1.0,4.75,592332,0.02702702702702703,0.03474903474903475,0.024793388429752067,0.14671814671814673,0.3436293436293436,0.16216216216216217,0.07722007722007722,0.3138412511111111,95.13916666666665,0.016129032258064516,0.016129032258064516,0.011904761904761904,0.06451612903225806,0.3064516129032258,0.1774193548387097,0.06451612903225806,0.26991855333333337,94.76066666666665,L,0.030726256983240222,0.04189944134078212,0.21787709497206703,0.538135593220339,0.23743016759776536,0.08100558659217877,0.31722840180617856,101.1613333333333,16.133333333333333,R,0.0,0.0,0.0,0.03,0.06,0.0,0,Wrigley Field,74.1,78.0,7.3,0.0,0.0,1.337121026595484,0.11416263870184258,776,,,,,,,,0.5,,,PASS
824398,2026-08-18 22:40:00+00:00,SF,CLE,SF,CLE,0,668800,Andrew Knizner,confirmed,8.0,3.85,656492,0.0,0.0,0.0,0.3333333333333333,0.0,0.0,0.3333333333333333,0.38162866666666667,102.88000000000001,0.0,0.0,0.0,0.3333333333333333,0.0,0.0,0.3333333333333333,0.38162866666666667,102.88000000000001,R,0.039660056657223795,0.05099150141643059,0.1813031161473088,0.5100401606425703,0.21529745042492918,0.042492917847025496,0.30578710329460734,101.09600000000002,17.4,L,0.0,0.0,0.0,0.03,0.06,0.0,0,Progressive Field,77.3,48.0,6.1,0.0,0.0,1.1201602830974189,0.11369578249195351,780,,,,,,,,0.5,,,PASS
823667,2026-08-18 23:40:00+00:00,ATL,MIN,ATL,MIN,0,663586,Austin Riley,confirmed,7.0,4.0,805673,0.029787234042553193,0.0851063829787234,0.07142857142857142,0.20425531914893616,0.18723404255319148,0.3446808510638298,0.06808510638297872,0.29311494361111107,96.85216666666669,0.05555555555555555,0.16666666666666666,0.14285714285714285,0.3333333333333333,0.2777777777777778,0.3333333333333333,0.037037037037037035,0.3846856777777777,98.72466666666665,R,0.049586776859504134,0.0881542699724518,0.22589531680440772,0.5254237288135594,0.19834710743801653,0.07988980716253444,0.33945136893421235,102.22933333333336,16.533333333333335,R,0.0,0.0,0.0,0.03,0.06,0.0,1,Target Field,80.0,39.0,9.4,0.0,0.0,0.7132214382751216,0.11359634591489813,780,,,,,,,,0.5,,,PASS
822859,2026-08-19 00:05:00+00:00,WSH,TEX,WSH,TEX,0,695734,Daylen Lile,confirmed,4.0,4.45,615698,0.032388663967611336,0.06477732793522267,0.041666666666666664,0.20647773279352227,0.3562753036437247,0.1902834008097166,0.04048582995951417,0.30208540888888885,95.06933333333333,0.06557377049180328,0.09836065573770492,0.061224489795918366,0.3114754098360656,0.4262295081967213,0.19672131147540983,0.03278688524590164,0.33915346111111105,96.99266666666664,L,0.038461538461538464,0.05128205128205128,0.10256410256410256,0.5194174757281553,0.1858974358974359,0.057692307692307696,0.2970610675584713,99.3175,14.0,R,0.0,0.0,0.0,0.03,0.06,0.0,0,Globe Life Field,102.7,23.0,11.0,0.0,0.5,1.1503571585082608,0.11357030448594214,781,,,,,,,,0.5,,,PASS
823749,2026-08-18 23:40:00+00:00,SEA,MIL,MIL,SEA,1,668930,Brice Turang,confirmed,1.0,4.75,682243,0.03272727272727273,0.05090909090909091,0.03773584905660377,0.17454545454545456,0.3381818181818182,0.2690909090909091,0.07636363636363637,0.30478004095238087,95.26716666666667,0.014285714285714285,0.02857142857142857,0.022988505747126436,0.18571428571428572,0.2857142857142857,0.3,0.1,0.3160817455555556,96.29133333333333,L,0.04153354632587859,0.04792332268370607,0.19169329073482427,0.5720524017467249,0.25559105431309903,0.051118210862619806,0.25416881547091796,99.88214285714287,16.857142857142858,R,0.0,0.0,0.0,0.03,0.06,0.0,0,American Family Field,79.2,59.0,6.5,0.0,0.5,0.9289134054954205,0.11304068658369668,785,,,,,,,,0.5,,,PASS
823749,2026-08-18 23:40:00+00:00,SEA,MIL,MIL,SEA,1,661388,William Contreras,confirmed,4.0,4.45,682243,0.02631578947368421,0.06015037593984962,0.0471976401179941,0.21804511278195488,0.24436090225563908,0.13909774436090225,0.09022556390977443,0.31931363349206343,97.64866666666668,0.03125,0.078125,0.060240963855421686,0.21875,0.203125,0.125,0.140625,0.33975223,97.83266666666668,R,0.04153354632587859,0.04792332268370607,0.19169329073482427,0.5720524017467249,0.25559105431309903,0.051118210862619806,0.25416881547091796,99.88214285714287,16.857142857142858,R,0.0,0.0,0.0,0.03,0.06,0.0,1,American Family Field,79.2,59.0,6.5,0.0,0.5,0.9289134054954205,0.1121046793566935,792,,,,,,,,0.5,,,PASS
822859,2026-08-19 00:05:00+00:00,WSH,TEX,TEX,WSH,1,669394,Jake Burger,confirmed,3.0,4.55,800600,0.04149377593360996,0.07053941908713693,0.05964912280701754,0.17842323651452283,0.18672199170124482,0.26556016597510373,0.0912863070539419,0.2955238827777778,97.315,0.03389830508474576,0.06779661016949153,0.056338028169014086,0.2033898305084746,0.2033898305084746,0.2542372881355932,0.0847457627118644,0.29944131666666673,97.77733333333336,R,0.0,0.0,0.0,0.35294117647058826,0.3157894736842105,0.2631578947368421,0.3478121052631579,100.96000000000001,12.0,L,0.0,0.0,0.0,0.03,0.06,0.0,0,Globe Life Field,102.7,23.0,11.0,0.0,0.5,1.1503571585082608,0.1109106702086874,802,,,,,,,,0.5,,,PASS
824154,2026-08-19 00:10:00+00:00,LAA,HOU,LAA,HOU,0,666139,Josh Lowe,confirmed,7.0,4.0,664299,0.03902439024390244,0.05853658536585366,0.0379746835443038,0.17560975609756097,0.28780487804878047,0.2731707317073171,0.06829268292682927,0.3041911358333334,94.31849999999999,0.02040816326530612,0.04081632653061224,0.03125,0.1836734693877551,0.20408163265306123,0.3673469387755102,0.12244897959183673,0.29897806666666665,95.60066666666667,L,0.044642857142857144,0.07142857142857142,0.22321428571428573,0.668918918918919,0.10714285714285714,0.11607142857142858,0.40179836160714283,102.85666666666667,11.666666666666666,R,4.0,0.0,0.0,0.02727272727272727,0.05454545454545454,0.09090909090909091,0,Daikin Park,87.0,61.0,9.5,0.0,0.5,1.0491257285595337,0.1096829014731716,812,,,,,,,,0.5,,,PASS
824075,2026-08-18 23:40:00+00:00,ATH,KC,KC,ATH,1,686469,Vinnie Pasquantino,confirmed,5.0,4.3,678022,0.019305019305019305,0.04247104247104247,0.0291005291005291,0.23552123552123552,0.29343629343629346,0.16216216216216217,0.11196911196911197,0.31541497194444446,97.175,0.0,0.01639344262295082,0.01,0.19672131147540983,0.3770491803278688,0.18032786885245902,0.09836065573770492,0.28487767,97.45466666666667,L,0.0546218487394958,0.07142857142857142,0.18067226890756302,0.5400696864111498,0.24789915966386555,0.09663865546218488,0.33893644161871683,100.92272727272729,13.727272727272727,R,1.0,0.0,0.0,0.029268292682926828,0.058536585365853655,0.024390243902439025,0,Kauffman Stadium,83.4,61.0,5.3,0.0,0.0,1.0760263882661885,0.1095952962665232,812,,,,,,,,0.5,,,PASS
823423,2026-08-18 22:40:00+00:00,MIA,PHI,MIA,PHI,0,683357,Owen Caissie,confirmed,7.0,4.0,554430,0.05699481865284974,0.08808290155440414,0.07727272727272727,0.20725388601036268,0.26424870466321243,0.35751295336787564,0.08290155440414508,0.2973926436111111,94.73333333333335,0.058823529411764705,0.0784313725490196,0.08163265306122448,0.21568627450980393,0.2549019607843137,0.3333333333333333,0.09803921568627451,0.2818496966666667,95.38799999999998,L,0.038922155688622756,0.029940119760479042,0.15269461077844312,0.5379146919431279,0.3203592814371258,0.0658682634730539,0.24077909029672503,99.09266666666667,16.533333333333335,R,4.0,0.0,0.0,0.02727272727272727,0.05454545454545454,0.09090909090909091,0,Citizens Bank Park,78.5,86.0,3.0,0.0,0.0,1.079982367634814,0.10959337757863019,812,,,,,,,,0.5,,,PASS
824398,2026-08-18 22:40:00+00:00,SF,CLE,CLE,SF,1,608070,José Ramírez,confirmed,2.0,4.65,687931,0.015037593984962405,0.018796992481203006,0.01272264631043257,0.21428571428571427,0.2593984962406015,0.11654135338345864,0.12406015037593984,0.33392912555555554,98.00316666666667,0.0,0.0,0.0,0.20588235294117646,0.29411764705882354,0.058823529411764705,0.16176470588235295,0.37689091111111117,99.00733333333332,L,0.03076923076923077,0.05384615384615385,0.2230769230769231,0.48026315789473684,0.16923076923076924,0.13846153846153847,0.36694868660915575,101.375,13.833333333333334,L,0.0,0.0,0.0,0.03,0.06,0.0,1,Progressive Field,77.3,48.0,6.1,0.0,0.0,1.1201602830974189,0.10955224927191423,813,,,,,,,,0.5,,,PASS
823667,2026-08-18 23:40:00+00:00,ATL,MIN,MIN,ATL,1,680777,Ryan Jeffers,confirmed,3.0,4.55,641816,0.04048582995951417,0.0728744939271255,0.052941176470588235,0.1902834008097166,0.26720647773279355,0.16194331983805668,0.12955465587044535,0.3540518388888889,98.35561403508773,0.014492753623188406,0.014492753623188406,0.009174311926605505,0.21739130434782608,0.2898550724637681,0.14492753623188406,0.11594202898550725,0.31828934,98.5753333333333,R,0.026865671641791045,0.03283582089552239,0.14626865671641792,0.5501165501165501,0.23582089552238805,0.07462686567164178,0.2836777842297138,100.262,15.933333333333334,R,0.0,0.0,0.0,0.03,0.06,0.0,1,Target Field,80.0,39.0,9.4,0.0,0.0,0.7132214382751216,0.10905870504713418,817,,,,,,,,0.5,,,PASS
822859,2026-08-19 00:05:00+00:00,WSH,TEX,TEX,WSH,1,607043,Brandon Nimmo,confirmed,4.0,4.45,800600,0.024291497975708502,0.06072874493927125,0.040214477211796246,0.2388663967611336,0.3076923076923077,0.22672064777327935,0.0728744939271255,0.34909742444444447,98.06183333333334,0.04918032786885246,0.03278688524590164,0.021052631578947368,0.2459016393442623,0.2786885245901639,0.19672131147540983,0.08196721311475409,0.3538478511111111,96.866,L,0.0,0.0,0.0,0.35294117647058826,0.3157894736842105,0.2631578947368421,0.3478121052631579,100.96000000000001,12.0,L,0.0,0.0,0.0,0.03,0.06,0.0,1,Globe Life Field,102.7,23.0,11.0,0.0,0.5,1.1503571585082608,0.10895874594997264,818,,,,,,,,0.5,,,PASS
823749,2026-08-18 23:40:00+00:00,SEA,MIL,SEA,MIL,0,677594,Julio Rodríguez,confirmed,4.0,4.45,690986,0.03816793893129771,0.06870229007633588,0.05357142857142857,0.2099236641221374,0.22519083969465647,0.20229007633587787,0.08396946564885496,0.3655945563888888,98.97966666666666,0.045454545454545456,0.06060606060606061,0.0547945205479452,0.21212121212121213,0.22727272727272727,0.25757575757575757,0.15151515151515152,0.39385063666666675,97.43066666666668,R,0.035830618892508145,0.04560260586319218,0.13680781758957655,0.5577395577395577,0.3127035830618892,0.05537459283387622,0.26599142303672346,98.16866666666667,15.133333333333333,L,0.0,0.0,0.0,0.03,0.06,0.0,0,American Family Field,79.2,59.0,6.5,0.0,0.5,0.9289134054954205,0.10834905084419272,823,,,,,,,,0.5,,,PASS
823423,2026-08-18 22:40:00+00:00,MIA,PHI,PHI,MIA,1,607208,Trea Turner,confirmed,2.0,4.65,806188,0.037037037037037035,0.04814814814814815,0.03735632183908046,0.16666666666666666,0.24814814814814815,0.2074074074074074,0.06666666666666667,0.3191781222222223,95.94694915254237,0.028985507246376812,0.028985507246376812,0.023529411764705882,0.11594202898550725,0.15942028985507245,0.13043478260869565,0.10144927536231885,0.33355761,94.142,R,,,,,,,,,,,1.0,0.0,0.0,0.029268292682926828,0.058536585365853655,0.024390243902439025,0,Citizens Bank Park,78.5,86.0,3.0,0.0,0.0,1.079982367634814,0.1082312957801995,824,,,,,,,,0.5,,,PASS
823667,2026-08-18 23:40:00+00:00,ATL,MIN,MIN,ATL,1,665019,Kody Clemens,confirmed,5.0,4.3,641816,0.05859375,0.0703125,0.05217391304347826,0.23046875,0.23828125,0.2265625,0.0546875,0.3189020466666666,97.67300000000002,0.047619047619047616,0.047619047619047616,0.03296703296703297,0.2222222222222222,0.30158730158730157,0.25396825396825395,0.06349206349206349,0.2683678844444444,97.06733333333334,L,0.026865671641791045,0.03283582089552239,0.14626865671641792,0.5501165501165501,0.23582089552238805,0.07462686567164178,0.2836777842297138,100.262,15.933333333333334,R,0.0,0.0,0.0,0.03,0.06,0.0,0,Target Field,80.0,39.0,9.4,0.0,0.0,0.7132214382751216,0.10805675661470865,825,,,,,,,,0.5,,,PASS
823667,2026-08-18 23:40:00+00:00,ATL,MIN,MIN,ATL,1,668904,Royce Lewis,confirmed,6.0,4.15,641816,0.0392156862745098,0.0784313725490196,0.06309148264984227,0.2235294117647059,0.2,0.24313725490196078,0.08235294117647059,0.330696215,98.17933333333333,0.03125,0.078125,0.05747126436781609,0.21875,0.21875,0.28125,0.046875,0.3754628666666667,99.148,R,0.026865671641791045,0.03283582089552239,0.14626865671641792,0.5501165501165501,0.23582089552238805,0.07462686567164178,0.2836777842297138,100.262,15.933333333333334,R,0.0,0.0,0.0,0.03,0.06,0.0,1,Target Field,80.0,39.0,9.4,0.0,0.0,0.7132214382751216,0.10717983850037163,833,,,,,,,,0.5,,,PASS
822938,2026-08-18 22:40:00+00:00,TOR,TB,TB,TOR,1,683748,Victor Mesa Jr.,confirmed,6.0,4.15,667755,0.05952380952380952,0.08928571428571429,0.06607929515418502,0.24404761904761904,0.2857142857142857,0.22023809523809523,0.08928571428571429,0.30382567727272725,95.25931818181817,0.03508771929824561,0.10526315789473684,0.07792207792207792,0.3157894736842105,0.2631578947368421,0.21052631578947367,0.03508771929824561,0.2659953522222222,96.69800000000002,L,0.023668639053254437,0.047337278106508875,0.12130177514792899,0.36519607843137253,0.21597633136094674,0.1242603550295858,0.3383443113892214,101.34800000000001,15.333333333333334,R,2.0,0.0,0.0,0.02857142857142857,0.05714285714285714,0.047619047619047616,0,Tropicana Field,86.7,73.0,10.0,0.0,1.0,1.0583285858275997,0.10618660129562506,842,,,,,,,,0.5,,,PASS
824803,2026-08-18 22:35:00+00:00,NYY,BAL,BAL,NYY,1,702616,Jackson Holliday,confirmed,1.0,4.75,607074,0.022123893805309734,0.048672566371681415,0.04417670682730924,0.16371681415929204,0.21238938053097345,0.2345132743362832,0.12389380530973451,0.30777203444444445,92.01525423728815,0.016129032258064516,0.04838709677419355,0.041666666666666664,0.11290322580645161,0.14516129032258066,0.25806451612903225,0.08064516129032258,0.2571869544444444,89.89133333333334,L,0.015384615384615385,0.03076923076923077,0.15384615384615385,0.5454545454545454,0.26666666666666666,0.13333333333333333,0.29393214960337766,99.24777777777777,15.222222222222221,L,0.0,0.0,0.0,0.03,0.06,0.0,1,Oriole Park at Camden Yards,84.6,55.0,6.5,0.0,0.0,1.1365528726061616,0.1049363650394226,853,,,,,,,,0.5,,,PASS
823749,2026-08-18 23:40:00+00:00,SEA,MIL,SEA,MIL,0,668227,Randy Arozarena,confirmed,2.0,4.65,690986,0.0421455938697318,0.05363984674329502,0.041791044776119404,0.1724137931034483,0.27586206896551724,0.18773946360153257,0.09195402298850575,0.3476851961111111,97.63333333333331,0.06060606060606061,0.030303030303030304,0.022222222222222223,0.21212121212121213,0.2727272727272727,0.21212121212121213,0.09090909090909091,0.3126352266666667,98.32466666666667,R,0.035830618892508145,0.04560260586319218,0.13680781758957655,0.5577395577395577,0.3127035830618892,0.05537459283387622,0.26599142303672346,98.16866666666667,15.133333333333333,L,0.0,0.0,0.0,0.03,0.06,0.0,0,American Family Field,79.2,59.0,6.5,0.0,0.5,0.9289134054954205,0.10490826559736402,853,,,,,,,,0.5,,,PASS
823667,2026-08-18 23:40:00+00:00,ATL,MIN,MIN,ATL,1,605137,Josh Bell,confirmed,4.0,4.45,641816,0.04263565891472868,0.07364341085271318,0.05,0.20930232558139536,0.24031007751937986,0.18992248062015504,0.08914728682170543,0.3522734280555555,98.05233333333334,0.045454545454545456,0.07575757575757576,0.05434782608695652,0.16666666666666666,0.24242424242424243,0.12121212121212122,0.10606060606060606,0.36687425,98.78733333333334,R,0.026865671641791045,0.03283582089552239,0.14626865671641792,0.5501165501165501,0.23582089552238805,0.07462686567164178,0.2836777842297138,100.262,15.933333333333334,R,0.0,0.0,0.0,0.03,0.06,0.0,1,Target Field,80.0,39.0,9.4,0.0,0.0,0.7132214382751216,0.10483366776922315,854,,,,,,,,0.5,,,PASS
824475,2026-08-18 22:40:00+00:00,STL,CIN,STL,CIN,0,802139,JJ Wetherholt,confirmed,1.0,4.75,671096,0.025547445255474453,0.04744525547445255,0.04024767801857585,0.18613138686131386,0.2518248175182482,0.145985401459854,0.12043795620437957,0.3396930597222222,96.23849999999999,0.0,0.04285714285714286,0.03614457831325301,0.2,0.2857142857142857,0.14285714285714285,0.21428571428571427,0.3425730566666666,97.13733333333333,L,0.031161473087818695,0.056657223796033995,0.1671388101983003,0.5957894736842105,0.18980169971671387,0.11614730878186968,0.32698629300316373,101.20533333333334,16.133333333333333,L,3.0,0.0,0.0,0.027906976744186046,0.05581395348837209,0.06976744186046512,1,Great American Ball Park,81.8,44.0,5.7,0.0,0.0,0.9783513738551208,0.1047669788692588,854,,,,,,,,0.5,,,PASS
823667,2026-08-18 23:40:00+00:00,ATL,MIN,ATL,MIN,0,671739,Michael Harris II,confirmed,4.0,4.45,805673,0.027237354085603113,0.04669260700389105,0.032171581769437,0.1828793774319066,0.23735408560311283,0.20233463035019456,0.0311284046692607,0.30521664666666665,98.26633333333335,0.01694915254237288,0.03389830508474576,0.024691358024691357,0.13559322033898305,0.1864406779661017,0.2033898305084746,0.03389830508474576,0.28519961111111114,98.81133333333334,L,0.049586776859504134,0.0881542699724518,0.22589531680440772,0.5254237288135594,0.19834710743801653,0.07988980716253444,0.33945136893421235,102.22933333333336,16.533333333333335,R,0.0,0.0,0.0,0.03,0.06,0.0,0,Target Field,80.0,39.0,9.4,0.0,0.0,0.7132214382751216,0.10454653022795066,857,,,,,,,,0.5,,,PASS
823749,2026-08-18 23:40:00+00:00,SEA,MIL,SEA,MIL,0,801126,Brock Rodden,confirmed,9.0,3.7,690986,0.0,0.07142857142857142,0.1,0.14285714285714285,0.35714285714285715,0.42857142857142855,0.21428571428571427,0.2624902666666667,95.27,0.0,0.07142857142857142,0.1,0.14285714285714285,0.35714285714285715,0.42857142857142855,0.21428571428571427,0.2624902666666667,95.27,L,0.035830618892508145,0.04560260586319218,0.13680781758957655,0.5577395577395577,0.3127035830618892,0.05537459283387622,0.26599142303672346,98.16866666666667,15.133333333333333,L,0.0,0.0,0.0,0.03,0.06,0.0,1,American Family Field,79.2,59.0,6.5,0.0,0.5,0.9289134054954205,0.10394641578266309,862,,,,,,,,0.5,,,PASS
824639,2026-08-19 00:05:00+00:00,CWS,CHC,CWS,CHC,0,695731,Braden Montgomery,confirmed,5.0,4.3,592332,0.01702127659574468,0.02553191489361702,0.021505376344086023,0.15319148936170213,0.23404255319148937,0.225531914893617,0.11063829787234042,0.3125343729166667,95.62,0.015384615384615385,0.03076923076923077,0.02857142857142857,0.13846153846153847,0.2153846153846154,0.27692307692307694,0.15384615384615385,0.3316031522222222,95.52133333333333,R,0.030726256983240222,0.04189944134078212,0.21787709497206703,0.538135593220339,0.23743016759776536,0.08100558659217877,0.31722840180617856,101.1613333333333,16.133333333333333,R,0.0,0.0,0.0,0.03,0.06,0.0,1,Wrigley Field,74.1,78.0,7.3,0.0,0.0,1.337121026595484,0.1036754398297137,865,,,,,,,,0.5,,,PASS
824398,2026-08-18 22:40:00+00:00,SF,CLE,CLE,SF,1,682657,Angel Martínez,confirmed,4.0,4.45,687931,0.043478260869565216,0.06324110671936758,0.04519774011299435,0.15810276679841898,0.2727272727272727,0.24110671936758893,0.019762845849802372,0.28893113666666664,94.66133333333332,0.01639344262295082,0.06557377049180328,0.05714285714285714,0.14754098360655737,0.21311475409836064,0.26229508196721313,0.01639344262295082,0.27433231111111117,89.48266666666669,L,0.03076923076923077,0.05384615384615385,0.2230769230769231,0.48026315789473684,0.16923076923076924,0.13846153846153847,0.36694868660915575,101.375,13.833333333333334,L,0.0,0.0,0.0,0.03,0.06,0.0,1,Progressive Field,77.3,48.0,6.1,0.0,0.0,1.1201602830974189,0.10344199590187789,867,,,,,,,,0.5,,,PASS
824075,2026-08-18 23:40:00+00:00,ATH,KC,KC,ATH,1,695600,Carter Jensen,confirmed,8.0,3.85,678022,0.03345724907063197,0.06691449814126393,0.05373134328358209,0.20074349442379183,0.20446096654275092,0.2899628252788104,0.09293680297397769,0.2818663740476191,97.31733333333332,0.030303030303030304,0.07575757575757576,0.06578947368421052,0.16666666666666666,0.18181818181818182,0.25757575757575757,0.15151515151515152,0.27116465333333334,94.81,L,0.0546218487394958,0.07142857142857142,0.18067226890756302,0.5400696864111498,0.24789915966386555,0.09663865546218488,0.33893644161871683,100.92272727272729,13.727272727272727,R,1.0,0.0,0.0,0.029268292682926828,0.058536585365853655,0.024390243902439025,0,Kauffman Stadium,83.4,61.0,5.3,0.0,0.0,1.0760263882661885,0.10342566208315727,867,,,,,,,,0.5,,,PASS
823586,2026-08-18 23:10:00+00:00,SD,NYM,NYM,SD,1,673357,Luis Robert Jr.,confirmed,3.0,4.55,592662,0.03468208092485549,0.03468208092485549,0.027149321266968326,0.15028901734104047,0.2023121387283237,0.23699421965317918,0.09248554913294797,0.29287299959349594,97.70219512195122,0.03125,0.046875,0.036585365853658534,0.0625,0.265625,0.3125,0.046875,0.24835628888888892,92.38400000000001,R,0.02556818181818182,0.04261363636363636,0.1590909090909091,0.5501066098081023,0.16477272727272727,0.1278409090909091,0.3360181374343828,100.58733333333335,15.4,L,2.0,0.0,0.0,0.02857142857142857,0.05714285714285714,0.047619047619047616,0,Citi Field,79.0,70.0,6.8,0.0,0.0,0.917985012489592,0.10338937179645369,867,,,,,,,,0.5,,,PASS
823667,2026-08-18 23:40:00+00:00,ATL,MIN,MIN,ATL,1,663616,Trevor Larnach,confirmed,2.0,4.65,641816,0.03734439834024896,0.06224066390041494,0.049342105263157895,0.21161825726141079,0.2697095435684647,0.17012448132780084,0.08713692946058091,0.32238001222222223,96.04066666666668,0.04918032786885246,0.08196721311475409,0.06329113924050633,0.22950819672131148,0.21311475409836064,0.16393442622950818,0.09836065573770492,0.30194089111111116,98.35266666666666,L,0.026865671641791045,0.03283582089552239,0.14626865671641792,0.5501165501165501,0.23582089552238805,0.07462686567164178,0.2836777842297138,100.262,15.933333333333334,R,0.0,0.0,0.0,0.03,0.06,0.0,0,Target Field,80.0,39.0,9.4,0.0,0.0,0.7132214382751216,0.10335698522011663,868,,,,,,,,0.5,,,PASS
822938,2026-08-18 22:40:00+00:00,TOR,TB,TB,TOR,1,666018,Jonathan Aranda,confirmed,3.0,4.55,667755,0.014925373134328358,0.055970149253731345,0.03968253968253968,0.19776119402985073,0.2873134328358209,0.22388059701492538,0.0708955223880597,0.3219519808333334,97.0375,0.014084507042253521,0.07042253521126761,0.052083333333333336,0.23943661971830985,0.29577464788732394,0.19718309859154928,0.056338028169014086,0.3246260711111111,97.85533333333335,L,0.023668639053254437,0.047337278106508875,0.12130177514792899,0.36519607843137253,0.21597633136094674,0.1242603550295858,0.3383443113892214,101.34800000000001,15.333333333333334,R,2.0,0.0,0.0,0.02857142857142857,0.05714285714285714,0.047619047619047616,0,Tropicana Field,86.7,73.0,10.0,0.0,1.0,1.0583285858275997,0.10296797890742557,871,,,,,,,,0.5,,,PASS
823749,2026-08-18 23:40:00+00:00,SEA,MIL,MIL,SEA,1,669003,Garrett Mitchell,confirmed,7.0,4.0,682243,0.024691358024691357,0.07818930041152264,0.07251908396946564,0.15637860082304528,0.20987654320987653,0.3045267489711934,0.09876543209876543,0.34951001611111115,98.13316666666667,0.0,0.03076923076923077,0.02857142857142857,0.13846153846153847,0.13846153846153847,0.3230769230769231,0.13846153846153847,0.2783263833333333,95.70800000000001,L,0.04153354632587859,0.04792332268370607,0.19169329073482427,0.5720524017467249,0.25559105431309903,0.051118210862619806,0.25416881547091796,99.88214285714287,16.857142857142858,R,0.0,0.0,0.0,0.03,0.06,0.0,0,American Family Field,79.2,59.0,6.5,0.0,0.5,0.9289134054954205,0.10236556866288855,877,,,,,,,,0.5,,,PASS
824075,2026-08-18 23:40:00+00:00,ATH,KC,KC,ATH,1,521692,Salvador Perez,confirmed,6.0,4.15,678022,0.027777777777777776,0.07539682539682539,0.05,0.21428571428571427,0.3134920634920635,0.20238095238095238,0.027777777777777776,0.29418137555555557,95.67900000000002,0.017241379310344827,0.034482758620689655,0.020618556701030927,0.1724137931034483,0.41379310344827586,0.13793103448275862,0.017241379310344827,0.3063995277777778,93.90333333333334,R,0.0546218487394958,0.07142857142857142,0.18067226890756302,0.5400696864111498,0.24789915966386555,0.09663865546218488,0.33893644161871683,100.92272727272729,13.727272727272727,R,1.0,0.0,0.0,0.029268292682926828,0.058536585365853655,0.024390243902439025,1,Kauffman Stadium,83.4,61.0,5.3,0.0,0.0,1.0760263882661885,0.10205477277622055,880,,,,,,,,0.5,,,PASS
824803,2026-08-18 22:35:00+00:00,NYY,BAL,NYY,BAL,0,806146,George Lombard Jr.,confirmed,7.0,4.0,669358,0.047619047619047616,0.07142857142857142,0.057692307692307696,0.19047619047619047,0.3333333333333333,0.21428571428571427,0.11904761904761904,0.3457593818181818,94.75090909090909,0.047619047619047616,0.07142857142857142,0.057692307692307696,0.19047619047619047,0.3333333333333333,0.21428571428571427,0.11904761904761904,0.3457593818181818,94.75090909090909,R,0.01078167115902965,0.03504043126684636,0.21024258760107817,0.5098039215686274,0.215633423180593,0.0673854447439353,0.2976566188570924,100.64066666666666,17.466666666666665,R,0.0,0.0,0.0,0.03,0.06,0.0,1,Oriole Park at Camden Yards,84.6,55.0,6.5,0.0,0.0,1.1365528726061616,0.10099650145530438,890,,,,,,,,0.5,,,PASS
824154,2026-08-19 00:10:00+00:00,LAA,HOU,LAA,HOU,0,694384,Nolan Schanuel,confirmed,3.0,4.55,664299,0.015748031496062992,0.01968503937007874,0.01557632398753894,0.14173228346456693,0.24015748031496062,0.11023622047244094,0.11811023622047244,0.36192407722222225,95.1025,0.015873015873015872,0.015873015873015872,0.013513513513513514,0.1746031746031746,0.2857142857142857,0.09523809523809523,0.14285714285714285,0.3437290066666667,96.00133333333333,L,0.044642857142857144,0.07142857142857142,0.22321428571428573,0.668918918918919,0.10714285714285714,0.11607142857142858,0.40179836160714283,102.85666666666667,11.666666666666666,R,5.0,0.0,0.0,0.026666666666666665,0.05333333333333333,0.1111111111111111,0,Daikin Park,87.0,61.0,9.5,0.0,0.5,1.0491257285595337,0.09992959604101923,901,,,,,,,,0.5,,,PASS
822938,2026-08-18 22:40:00+00:00,TOR,TB,TOR,TB,0,672386,Alejandro Kirk,confirmed,3.0,4.55,607259,0.02702702702702703,0.021621621621621623,0.01694915254237288,0.12432432432432433,0.20540540540540542,0.11891891891891893,0.10810810810810811,0.3096987560606061,96.60500000000002,0.030303030303030304,0.015151515151515152,0.012195121951219513,0.13636363636363635,0.13636363636363635,0.10606060606060606,0.12121212121212122,0.33823036111111116,96.76933333333332,R,0.036211699164345405,0.06406685236768803,0.2116991643454039,0.5441767068273092,0.1309192200557103,0.027855153203342618,0.3320349818681828,100.67733333333332,17.8,R,2.0,0.0,0.0,0.02857142857142857,0.05714285714285714,0.047619047619047616,1,Tropicana Field,86.7,73.0,10.0,0.0,1.0,1.0583285858275997,0.09948960803278939,905,,,,,,,,0.5,,,PASS
824723,2026-08-18 23:10:00+00:00,ARI,BOS,BOS,ARI,1,680776,Jarren Duran,confirmed,7.0,4.0,518876,0.024,0.048,0.04040404040404041,0.124,0.232,0.292,0.06,0.26866655722222227,96.21499999999999,0.04838709677419355,0.04838709677419355,0.039473684210526314,0.14516129032258066,0.27419354838709675,0.27419354838709675,0.08064516129032258,0.27855569333333335,98.74399999999999,L,0.046831955922865015,0.07162534435261708,0.24242424242424243,0.48214285714285715,0.15151515151515152,0.09641873278236915,0.3771205268178933,102.21866666666666,16.266666666666666,R,0.0,0.0,0.0,0.03,0.06,0.0,0,Fenway Park,71.7,82.0,7.5,0.0,0.0,0.899985306362345,0.09937064849770144,906,,,,,,,,0.5,,,PASS
822859,2026-08-19 00:05:00+00:00,WSH,TEX,TEX,WSH,1,694671,Wyatt Langford,confirmed,1.0,4.75,800600,0.05426356589147287,0.05426356589147287,0.0392156862745098,0.19767441860465115,0.2248062015503876,0.21705426356589147,0.08914728682170543,0.3180192508333333,97.45833333333334,0.031746031746031744,0.031746031746031744,0.024096385542168676,0.12698412698412698,0.15873015873015872,0.2222222222222222,0.15873015873015872,0.2999801711111111,95.312,R,0.0,0.0,0.0,0.35294117647058826,0.3157894736842105,0.2631578947368421,0.3478121052631579,100.96000000000001,12.0,L,0.0,0.0,0.0,0.03,0.06,0.0,0,Globe Life Field,102.7,23.0,11.0,0.0,0.5,1.1503571585082608,0.09910946583073516,909,,,,,,,,0.5,,,PASS
824075,2026-08-18 23:40:00+00:00,ATH,KC,KC,ATH,1,679845,Nick Loftin,confirmed,1.0,4.75,678022,0.02074688796680498,0.029045643153526972,0.024822695035460994,0.14107883817427386,0.22821576763485477,0.16182572614107885,0.0954356846473029,0.28461571611111114,93.95966666666666,0.0,0.0,0.0,0.13114754098360656,0.22950819672131148,0.18032786885245902,0.11475409836065574,0.2669117233333333,93.81666666666666,R,0.0546218487394958,0.07142857142857142,0.18067226890756302,0.5400696864111498,0.24789915966386555,0.09663865546218488,0.33893644161871683,100.92272727272729,13.727272727272727,R,1.0,0.0,0.0,0.029268292682926828,0.058536585365853655,0.024390243902439025,1,Kauffman Stadium,83.4,61.0,5.3,0.0,0.0,1.0760263882661885,0.09752390374394725,925,,,,,,,,0.5,,,PASS
823423,2026-08-18 22:40:00+00:00,MIA,PHI,PHI,MIA,1,669016,Brandon Marsh,confirmed,7.0,4.0,806188,0.046511627906976744,0.06589147286821706,0.04871060171919771,0.18992248062015504,0.2751937984496124,0.27906976744186046,0.07364341085271318,0.28541027638888894,94.50466666666665,0.015873015873015872,0.031746031746031744,0.023809523809523808,0.20634920634920634,0.20634920634920634,0.14285714285714285,0.1111111111111111,0.31436099999999995,95.28666666666666,L,,,,,,,,,,,3.0,0.0,0.0,0.027906976744186046,0.05581395348837209,0.06976744186046512,0,Citizens Bank Park,78.5,86.0,3.0,0.0,0.0,1.079982367634814,0.09734679967409221,927,,,,,,,,0.5,,,PASS
824723,2026-08-18 23:10:00+00:00,ARI,BOS,BOS,ARI,1,678882,Ceddanne Rafaela,confirmed,2.0,4.65,518876,0.040740740740740744,0.040740740740740744,0.026378896882494004,0.15925925925925927,0.32592592592592595,0.2,0.018518518518518517,0.2723712088095238,93.92933333333335,0.056338028169014086,0.08450704225352113,0.0594059405940594,0.18309859154929578,0.36619718309859156,0.19718309859154928,0.014084507042253521,0.32046299523809524,93.46866666666665,R,0.046831955922865015,0.07162534435261708,0.24242424242424243,0.48214285714285715,0.15151515151515152,0.09641873278236915,0.3771205268178933,102.21866666666666,16.266666666666666,R,0.0,0.0,0.0,0.03,0.06,0.0,1,Fenway Park,71.7,82.0,7.5,0.0,0.0,0.899985306362345,0.09716394304919858,929,,,,,,,,0.5,,,PASS
824803,2026-08-18 22:35:00+00:00,NYY,BAL,NYY,BAL,0,641857,Ryan McMahon,confirmed,8.0,3.85,669358,0.03271028037383177,0.056074766355140186,0.04477611940298507,0.18691588785046728,0.2570093457943925,0.29439252336448596,0.056074766355140186,0.2917057069444445,95.89083333333335,0.018518518518518517,0.037037037037037035,0.03125,0.2037037037037037,0.24074074074074073,0.25925925925925924,0.09259259259259259,0.2788846911111111,96.40066666666667,L,0.01078167115902965,0.03504043126684636,0.21024258760107817,0.5098039215686274,0.215633423180593,0.0673854447439353,0.2976566188570924,100.64066666666666,17.466666666666665,R,3.0,0.0,0.0,0.027906976744186046,0.05581395348837209,0.06976744186046512,0,Oriole Park at Camden Yards,84.6,55.0,6.5,0.0,0.0,1.1365528726061616,0.09684280110702759,933,,,,,,,,0.5,,,PASS
824398,2026-08-18 22:40:00+00:00,SF,CLE,SF,CLE,0,678545,Osleivis Basabe,confirmed,5.0,4.3,656492,0.05555555555555555,0.07407407407407407,0.05714285714285714,0.12962962962962962,0.25925925925925924,0.14814814814814814,0.0,0.2813099642857143,97.47999999999999,0.05555555555555555,0.07407407407407407,0.05714285714285714,0.12962962962962962,0.25925925925925924,0.14814814814814814,0.0,0.2813099642857143,97.47999999999999,R,0.039660056657223795,0.05099150141643059,0.1813031161473088,0.5100401606425703,0.21529745042492918,0.042492917847025496,0.30578710329460734,101.09600000000002,17.4,L,0.0,0.0,0.0,0.03,0.06,0.0,0,Progressive Field,77.3,48.0,6.1,0.0,0.0,1.1201602830974189,0.09659271276962951,935,,,,,,,,0.5,,,PASS
823749,2026-08-18 23:40:00+00:00,SEA,MIL,MIL,SEA,1,592885,Christian Yelich,confirmed,5.0,4.3,682243,0.014184397163120567,0.06382978723404255,0.052941176470588235,0.14184397163120568,0.3049645390070922,0.26595744680851063,0.09574468085106383,0.3021952319444444,95.67150000000001,0.016129032258064516,0.08064516129032258,0.05952380952380952,0.12903225806451613,0.3870967741935484,0.27419354838709675,0.06451612903225806,0.30172220777777775,95.74466666666667,L,0.04153354632587859,0.04792332268370607,0.19169329073482427,0.5720524017467249,0.25559105431309903,0.051118210862619806,0.25416881547091796,99.88214285714287,16.857142857142858,R,0.0,0.0,0.0,0.03,0.06,0.0,0,American Family Field,79.2,59.0,6.5,0.0,0.5,0.9289134054954205,0.09637586297355447,938,,,,,,,,0.5,,,PASS
824723,2026-08-18 23:10:00+00:00,ARI,BOS,ARI,BOS,0,694374,Tim Tawa,confirmed,5.0,4.3,624133,0.035,0.06,0.04780876494023904,0.175,0.255,0.22,0.06,0.29802117058823524,97.20176470588235,0.04838709677419355,0.06451612903225806,0.05555555555555555,0.14516129032258066,0.24193548387096775,0.2903225806451613,0.04838709677419355,0.33059018222222225,100.528,R,0.009584664536741214,0.019169329073482427,0.12460063897763578,0.4543147208121827,0.25878594249201275,0.07028753993610223,0.2962892590766267,98.9526666666667,14.466666666666667,L,0.0,0.0,0.0,0.03,0.06,0.0,0,Fenway Park,71.7,82.0,7.5,0.0,0.0,0.899985306362345,0.09615116597877109,940,,,,,,,,0.5,,,PASS
824475,2026-08-18 22:40:00+00:00,STL,CIN,STL,CIN,0,671056,Iván Herrera,confirmed,2.0,4.65,671096,0.026615969581749048,0.034220532319391636,0.02425876010781671,0.16730038022813687,0.24714828897338403,0.18250950570342206,0.08745247148288973,0.3009746572222222,96.91116666666667,0.02857142857142857,0.05714285714285714,0.043478260869565216,0.2,0.2,0.18571428571428572,0.12857142857142856,0.3549412533333334,98.77800000000002,R,0.031161473087818695,0.056657223796033995,0.1671388101983003,0.5957894736842105,0.18980169971671387,0.11614730878186968,0.32698629300316373,101.20533333333334,16.133333333333333,L,3.0,1.0,1.0,0.051162790697674425,0.07906976744186046,0.06976744186046512,0,Great American Ball Park,81.8,44.0,5.7,0.0,0.0,0.9783513738551208,0.09552286366103914,947,,,,,,,,0.5,,,PASS
822938,2026-08-18 22:40:00+00:00,TOR,TB,TB,TOR,1,650490,Yandy Díaz,confirmed,4.0,4.45,667755,0.025735294117647058,0.04044117647058824,0.028205128205128206,0.17279411764705882,0.22794117647058823,0.15808823529411764,0.08455882352941177,0.3399140674999999,98.63350000000001,0.0410958904109589,0.0547945205479452,0.037037037037037035,0.2191780821917808,0.2191780821917808,0.136986301369863,0.0410958904109589,0.3863447244444444,100.98533333333334,R,0.023668639053254437,0.047337278106508875,0.12130177514792899,0.36519607843137253,0.21597633136094674,0.1242603550295858,0.3383443113892214,101.34800000000001,15.333333333333334,R,3.0,0.0,0.0,0.027906976744186046,0.05581395348837209,0.06976744186046512,1,Tropicana Field,86.7,73.0,10.0,0.0,1.0,1.0583285858275997,0.09542502281560933,948,,,,,,,,0.5,,,PASS
824154,2026-08-19 00:10:00+00:00,LAA,HOU,LAA,HOU,0,694203,Denzer Guzman,confirmed,8.0,3.85,664299,0.02702702702702703,0.03783783783783784,0.028688524590163935,0.12432432432432433,0.2810810810810811,0.23783783783783785,0.05405405405405406,0.27746209963768115,93.88021739130434,0.018518518518518517,0.037037037037037035,0.03125,0.1111111111111111,0.2777777777777778,0.16666666666666666,0.037037037037037035,0.28419314444444443,93.67533333333333,R,0.044642857142857144,0.07142857142857142,0.22321428571428573,0.668918918918919,0.10714285714285714,0.11607142857142858,0.40179836160714283,102.85666666666667,11.666666666666666,R,2.0,0.0,0.0,0.02857142857142857,0.05714285714285714,0.047619047619047616,1,Daikin Park,87.0,61.0,9.5,0.0,0.5,1.0491257285595337,0.09536638204630699,949,,,,,,,,0.5,,,PASS
823423,2026-08-18 22:40:00+00:00,MIA,PHI,PHI,MIA,1,547180,Bryce Harper,confirmed,3.0,4.55,806188,0.04150943396226415,0.045283018867924525,0.03669724770642202,0.13584905660377358,0.2679245283018868,0.23018867924528302,0.1811320754716981,0.3625564841666667,96.36733333333333,0.04285714285714286,0.04285714285714286,0.03571428571428571,0.11428571428571428,0.3142857142857143,0.18571428571428572,0.3,0.41781933333333326,96.95,L,,,,,,,,,,,4.0,0.0,1.0,0.02727272727272727,0.07727272727272727,0.09090909090909091,0,Citizens Bank Park,78.5,86.0,3.0,0.0,0.0,1.079982367634814,0.09519274475060545,951,,,,,,,,0.5,,,PASS
824723,2026-08-18 23:10:00+00:00,ARI,BOS,BOS,ARI,1,668939,Adley Rutschman,confirmed,5.0,4.3,518876,0.019083969465648856,0.04961832061068702,0.038461538461538464,0.1946564885496183,0.2900763358778626,0.16030534351145037,0.11450381679389313,0.3340142216666668,96.237,0.0,0.014925373134328358,0.013513513513513514,0.11940298507462686,0.208955223880597,0.16417910447761194,0.16417910447761194,0.32856167333333336,93.32400000000001,R,0.046831955922865015,0.07162534435261708,0.24242424242424243,0.48214285714285715,0.15151515151515152,0.09641873278236915,0.3771205268178933,102.21866666666666,16.266666666666666,R,0.0,0.0,0.0,0.03,0.06,0.0,1,Fenway Park,71.7,82.0,7.5,0.0,0.0,0.899985306362345,0.09472805415187471,956,,,,,,,,0.5,,,PASS
824723,2026-08-18 23:10:00+00:00,ARI,BOS,BOS,ARI,1,686765,Nick Sogard,confirmed,1.0,4.75,518876,0.0,0.0234375,0.019230769230769232,0.140625,0.21875,0.171875,0.140625,0.29274022504105085,92.99379310344828,0.0,0.041666666666666664,0.03125,0.18055555555555555,0.2777777777777778,0.18055555555555555,0.1388888888888889,0.30253198619047617,94.70066666666665,R,0.046831955922865015,0.07162534435261708,0.24242424242424243,0.48214285714285715,0.15151515151515152,0.09641873278236915,0.3771205268178933,102.21866666666666,16.266666666666666,R,0.0,0.0,0.0,0.03,0.06,0.0,1,Fenway Park,71.7,82.0,7.5,0.0,0.0,0.899985306362345,0.09468778506702484,956,,,,,,,,0.5,,,PASS
823667,2026-08-18 23:40:00+00:00,ATL,MIN,ATL,MIN,0,573262,Mike Yastrzemski,confirmed,6.0,4.15,805673,0.03571428571428571,0.05612244897959184,0.042801556420233464,0.22448979591836735,0.2602040816326531,0.2193877551020408,0.10204081632653061,0.3237790286111111,96.51299999999999,0.046511627906976744,0.06976744186046512,0.05,0.27906976744186046,0.20930232558139536,0.2558139534883721,0.09302325581395349,0.3696602944444444,95.51066666666667,L,0.049586776859504134,0.0881542699724518,0.22589531680440772,0.5254237288135594,0.19834710743801653,0.07988980716253444,0.33945136893421235,102.22933333333336,16.533333333333335,R,0.0,0.0,0.0,0.03,0.06,0.0,0,Target Field,80.0,39.0,9.4,0.0,0.0,0.7132214382751216,0.09388647586744449,965,,,,,,,,0.5,,,PASS
823341,2026-08-18 22:40:00+00:00,DET,PIT,DET,PIT,0,805808,Kevin McGonigle,confirmed,2.0,4.65,677952,0.03571428571428571,0.03214285714285714,0.024324324324324326,0.20357142857142857,0.23214285714285715,0.15,0.14642857142857144,0.3262130255555554,95.55933333333334,0.041666666666666664,0.027777777777777776,0.020833333333333332,0.19444444444444445,0.2916666666666667,0.1527777777777778,0.1388888888888889,0.2985194966666667,95.75133333333333,L,0.042134831460674156,0.047752808988764044,0.16853932584269662,0.4444444444444444,0.27808988764044945,0.05337078651685393,0.2965301533866891,100.89133333333334,17.133333333333333,R,0.0,0.0,0.0,0.03,0.06,0.0,0,PNC Park,77.7,50.0,5.4,0.0,0.0,0.8512642972961129,0.09269814356994178,979,,,,,,,,0.5,,,PASS
824075,2026-08-18 23:40:00+00:00,ATH,KC,KC,ATH,1,672580,Maikel Garcia,confirmed,4.0,4.45,678022,0.011320754716981131,0.033962264150943396,0.027439024390243903,0.13584905660377358,0.24150943396226415,0.15849056603773584,0.06037735849056604,0.3028516988888889,96.81116666666667,0.0,0.047619047619047616,0.03333333333333333,0.12698412698412698,0.2698412698412698,0.19047619047619047,0.06349206349206349,0.31388493666666667,96.99399999999999,R,0.0546218487394958,0.07142857142857142,0.18067226890756302,0.5400696864111498,0.24789915966386555,0.09663865546218488,0.33893644161871683,100.92272727272729,13.727272727272727,R,0.0,0.0,0.0,0.03,0.06,0.0,1,Kauffman Stadium,83.4,61.0,5.3,0.0,0.0,1.0760263882661885,0.09265692177032529,979,,,,,,,,0.5,,,PASS
824398,2026-08-18 22:40:00+00:00,SF,CLE,SF,CLE,0,671083,Buddy Kennedy,confirmed,6.0,4.15,656492,0.0,0.03333333333333333,0.022727272727272728,0.16666666666666666,0.2,0.3,0.1,0.2208501296296296,90.56111111111112,0.0,0.03333333333333333,0.022727272727272728,0.16666666666666666,0.2,0.3,0.1,0.2208501296296296,90.56111111111112,R,0.039660056657223795,0.05099150141643059,0.1813031161473088,0.5100401606425703,0.21529745042492918,0.042492917847025496,0.30578710329460734,101.09600000000002,17.4,L,0.0,0.0,0.0,0.03,0.06,0.0,0,Progressive Field,77.3,48.0,6.1,0.0,0.0,1.1201602830974189,0.09216914607453139,985,,,,,,,,0.5,,,PASS
823586,2026-08-18 23:10:00+00:00,SD,NYM,NYM,SD,1,701807,Carson Benge,confirmed,4.0,4.45,592662,0.03065134099616858,0.038314176245210725,0.029239766081871343,0.14942528735632185,0.2681992337164751,0.210727969348659,0.07662835249042145,0.34097731527777775,96.4725,0.047619047619047616,0.047619047619047616,0.030612244897959183,0.19047619047619047,0.3968253968253968,0.14285714285714285,0.07936507936507936,0.3841192322222222,97.96800000000002,L,0.02556818181818182,0.04261363636363636,0.1590909090909091,0.5501066098081023,0.16477272727272727,0.1278409090909091,0.3360181374343828,100.58733333333335,15.4,L,0.0,0.0,0.0,0.03,0.06,0.0,1,Citi Field,79.0,70.0,6.8,0.0,0.0,0.917985012489592,0.09213887818992376,985,,,,,,,,0.5,,,PASS
824075,2026-08-18 23:40:00+00:00,ATH,KC,KC,ATH,1,686681,Michael Massey,confirmed,7.0,4.0,678022,0.030303030303030304,0.04329004329004329,0.03058103975535168,0.22077922077922077,0.2727272727272727,0.17316017316017315,0.05194805194805195,0.3042537708333333,96.04683333333332,0.05172413793103448,0.05172413793103448,0.034482758620689655,0.20689655172413793,0.3448275862068966,0.1896551724137931,0.017241379310344827,0.28645865000000004,95.53400000000002,L,0.0546218487394958,0.07142857142857142,0.18067226890756302,0.5400696864111498,0.24789915966386555,0.09663865546218488,0.33893644161871683,100.92272727272729,13.727272727272727,R,1.0,0.0,0.0,0.029268292682926828,0.058536585365853655,0.024390243902439025,0,Kauffman Stadium,83.4,61.0,5.3,0.0,0.0,1.0760263882661885,0.09128642466487469,995,,,,,,,,0.5,,,PASS
824639,2026-08-19 00:05:00+00:00,CWS,CHC,CWS,CHC,0,805367,Chase Meidroth,confirmed,7.0,4.0,592332,0.027559055118110236,0.01968503937007874,0.01529051987767584,0.14173228346456693,0.27165354330708663,0.24015748031496062,0.0984251968503937,0.2835655792063492,94.15716666666665,0.045454545454545456,0.015151515151515152,0.012658227848101266,0.13636363636363635,0.25757575757575757,0.21212121212121213,0.15151515151515152,0.30481827793650795,93.62733333333334,R,0.030726256983240222,0.04189944134078212,0.21787709497206703,0.538135593220339,0.23743016759776536,0.08100558659217877,0.31722840180617856,101.1613333333333,16.133333333333333,R,0.0,0.0,0.0,0.03,0.06,0.0,1,Wrigley Field,74.1,78.0,7.3,0.0,0.0,1.337121026595484,0.09099418688361921,999,,,,,,,,0.5,,,PASS
823423,2026-08-18 22:40:00+00:00,MIA,PHI,MIA,PHI,0,682663,Agustín Ramírez,confirmed,6.0,4.15,554430,0.013157894736842105,0.02631578947368421,0.020833333333333332,0.13815789473684212,0.2236842105263158,0.21052631578947367,0.10526315789473684,0.28159351435185187,98.50166666666665,0.0,0.0,0.0,0.0967741935483871,0.16129032258064516,0.1935483870967742,0.12903225806451613,0.29017368111111114,99.10666666666667,R,0.038922155688622756,0.029940119760479042,0.15269461077844312,0.5379146919431279,0.3203592814371258,0.0658682634730539,0.24077909029672503,99.09266666666667,16.533333333333335,R,2.0,0.0,0.0,0.02857142857142857,0.05714285714285714,0.047619047619047616,1,Citizens Bank Park,78.5,86.0,3.0,0.0,0.0,1.079982367634814,0.08994129608861258,1012,,,,,,,,0.5,,,PASS
823423,2026-08-18 22:40:00+00:00,MIA,PHI,PHI,MIA,1,664761,Alec Bohm,confirmed,5.0,4.3,806188,0.0311284046692607,0.0622568093385214,0.04336043360433604,0.17898832684824903,0.31906614785992216,0.14396887159533073,0.0622568093385214,0.34470994777777775,97.284,0.014925373134328358,0.07462686567164178,0.04807692307692308,0.23880597014925373,0.3880597014925373,0.07462686567164178,0.07462686567164178,0.39163461999999993,97.28133333333335,R,,,,,,,,,,,4.0,0.0,0.0,0.02727272727272727,0.05454545454545454,0.09090909090909091,0,Citizens Bank Park,78.5,86.0,3.0,0.0,0.0,1.079982367634814,0.0895504191031473,1017,,,,,,,,0.5,,,PASS
824803,2026-08-18 22:35:00+00:00,NYY,BAL,BAL,NYY,1,681047,Christian Franklin,confirmed,8.0,3.85,607074,0.0,0.047619047619047616,0.047619047619047616,0.14285714285714285,0.19047619047619047,0.2857142857142857,0.19047619047619047,0.2507227222222222,94.24666666666667,0.0,0.047619047619047616,0.047619047619047616,0.14285714285714285,0.19047619047619047,0.2857142857142857,0.19047619047619047,0.2507227222222222,94.24666666666667,R,0.015384615384615385,0.03076923076923077,0.15384615384615385,0.5454545454545454,0.26666666666666666,0.13333333333333333,0.29393214960337766,99.24777777777777,15.222222222222221,L,0.0,0.0,0.0,0.03,0.06,0.0,0,Oriole Park at Camden Yards,84.6,55.0,6.5,0.0,0.0,1.1365528726061616,0.08931742084341832,1020,,,,,,,,0.5,,,PASS
823341,2026-08-18 22:40:00+00:00,DET,PIT,DET,PIT,0,679529,Spencer Torkelson,confirmed,6.0,4.15,677952,0.04417670682730924,0.06827309236947791,0.056105610561056105,0.17670682730923695,0.23694779116465864,0.2891566265060241,0.10040160642570281,0.3058070666666667,96.23383333333332,0.0,0.045454545454545456,0.0379746835443038,0.13636363636363635,0.21212121212121213,0.22727272727272727,0.12121212121212122,0.3277732066666667,96.56466666666667,R,0.042134831460674156,0.047752808988764044,0.16853932584269662,0.4444444444444444,0.27808988764044945,0.05337078651685393,0.2965301533866891,100.89133333333334,17.133333333333333,R,0.0,0.0,0.0,0.03,0.06,0.0,1,PNC Park,77.7,50.0,5.4,0.0,0.0,0.8512642972961129,0.0890373563360566,1023,,,,,,,,0.5,,,PASS
823586,2026-08-18 23:10:00+00:00,SD,NYM,SD,NYM,0,650859,Luis Rengifo,confirmed,2.0,4.65,804267,0.012,0.032,0.022922636103151862,0.116,0.292,0.12,0.108,0.3193063183333333,95.27566666666668,0.03225806451612903,0.03225806451612903,0.022988505747126436,0.0967741935483871,0.25806451612903225,0.1774193548387097,0.08064516129032258,0.29690054777777775,91.61933333333333,L,0.022598870056497175,0.06779661016949153,0.22033898305084745,0.464,0.1638418079096045,0.07344632768361582,0.33738287453136917,102.67750000000001,16.625,L,0.0,0.0,0.0,0.03,0.06,0.0,1,Citi Field,79.0,70.0,6.8,0.0,0.0,0.917985012489592,0.08807699435793996,1035,,,,,,,,0.5,,,PASS
824398,2026-08-18 22:40:00+00:00,SF,CLE,CLE,SF,1,672275,Patrick Bailey,confirmed,8.0,3.85,687931,0.028846153846153848,0.04807692307692308,0.03496503496503497,0.15865384615384615,0.24519230769230768,0.2644230769230769,0.07211538461538461,0.2739533422222222,96.32661016949153,0.05084745762711865,0.06779661016949153,0.05333333333333334,0.13559322033898305,0.2542372881355932,0.2033898305084746,0.1016949152542373,0.3457039811111111,97.46666666666667,R,0.03076923076923077,0.05384615384615385,0.2230769230769231,0.48026315789473684,0.16923076923076924,0.13846153846153847,0.36694868660915575,101.375,13.833333333333334,L,0.0,0.0,0.0,0.03,0.06,0.0,0,Progressive Field,77.3,48.0,6.1,0.0,0.0,1.1201602830974189,0.08789541115080965,1038,,,,,,,,0.5,,,PASS
823586,2026-08-18 23:10:00+00:00,SD,NYM,SD,NYM,0,593428,Xander Bogaerts,confirmed,6.0,4.15,804267,0.012605042016806723,0.037815126050420166,0.03409090909090909,0.12184873949579832,0.15126050420168066,0.1722689075630252,0.15546218487394958,0.3240871744444444,97.49766666666667,0.03508771929824561,0.05263157894736842,0.04838709677419355,0.14035087719298245,0.21052631578947367,0.14035087719298245,0.19298245614035087,0.3877867400000001,98.69066666666667,R,0.022598870056497175,0.06779661016949153,0.22033898305084745,0.464,0.1638418079096045,0.07344632768361582,0.33738287453136917,102.67750000000001,16.625,L,0.0,0.0,0.0,0.03,0.06,0.0,0,Citi Field,79.0,70.0,6.8,0.0,0.0,0.917985012489592,0.08727031771218526,1046,,,,,,,,0.5,,,PASS
823667,2026-08-18 23:40:00+00:00,ATL,MIN,ATL,MIN,0,645277,Ozzie Albies,confirmed,5.0,4.3,805673,0.038910505836575876,0.0311284046692607,0.01937046004842615,0.19455252918287938,0.2918287937743191,0.16731517509727625,0.0622568093385214,0.2628200852777778,94.73383333333335,0.03389830508474576,0.03389830508474576,0.01834862385321101,0.1864406779661017,0.3389830508474576,0.1016949152542373,0.1016949152542373,0.26928765,93.23733333333332,L,0.049586776859504134,0.0881542699724518,0.22589531680440772,0.5254237288135594,0.19834710743801653,0.07988980716253444,0.33945136893421235,102.22933333333336,16.533333333333335,R,0.0,0.0,0.0,0.03,0.06,0.0,0,Target Field,80.0,39.0,9.4,0.0,0.0,0.7132214382751216,0.08657116876980003,1055,,,,,,,,0.5,,,PASS
824398,2026-08-18 22:40:00+00:00,SF,CLE,CLE,SF,1,683953,Travis Bazzana,confirmed,7.0,4.0,687931,0.023255813953488372,0.027131782945736434,0.021021021021021023,0.17054263565891473,0.23255813953488372,0.24031007751937986,0.12015503875968993,0.2792855611111111,94.74233333333332,0.0,0.016666666666666666,0.012987012987012988,0.2,0.3,0.25,0.13333333333333333,0.2871162733333333,93.77733333333336,L,0.03076923076923077,0.05384615384615385,0.2230769230769231,0.48026315789473684,0.16923076923076924,0.13846153846153847,0.36694868660915575,101.375,13.833333333333334,L,0.0,0.0,0.0,0.03,0.06,0.0,1,Progressive Field,77.3,48.0,6.1,0.0,0.0,1.1201602830974189,0.08631971399161256,1058,,,,,,,,0.5,,,PASS
824475,2026-08-18 22:40:00+00:00,STL,CIN,STL,CIN,0,691458,Blaze Jordan,confirmed,6.0,4.15,671096,0.012269938650306749,0.06748466257668712,0.04741379310344827,0.1901840490797546,0.25153374233128833,0.147239263803681,0.03680981595092025,0.30312926515151517,96.37113636363637,0.017241379310344827,0.08620689655172414,0.056818181818181816,0.20689655172413793,0.25862068965517243,0.15517241379310345,0.05172413793103448,0.32588074999999994,96.58266666666667,R,0.031161473087818695,0.056657223796033995,0.1671388101983003,0.5957894736842105,0.18980169971671387,0.11614730878186968,0.32698629300316373,101.20533333333334,16.133333333333333,L,2.0,0.0,0.0,0.02857142857142857,0.05714285714285714,0.047619047619047616,0,Great American Ball Park,81.8,44.0,5.7,0.0,0.0,0.9783513738551208,0.08622432760288852,1060,,,,,,,,0.5,,,PASS
822859,2026-08-19 00:05:00+00:00,WSH,TEX,TEX,WSH,1,679822,Justin Foscue,confirmed,6.0,4.15,800600,0.04032258064516129,0.056451612903225805,0.04487179487179487,0.22580645161290322,0.25,0.25,0.06451612903225806,0.28847130190476195,95.37058823529412,0.02040816326530612,0.02040816326530612,0.01639344262295082,0.1836734693877551,0.24489795918367346,0.24489795918367346,0.08163265306122448,0.19221762777777776,91.81066666666669,R,0.0,0.0,0.0,0.35294117647058826,0.3157894736842105,0.2631578947368421,0.3478121052631579,100.96000000000001,12.0,L,0.0,0.0,0.0,0.03,0.06,0.0,0,Globe Life Field,102.7,23.0,11.0,0.0,0.5,1.1503571585082608,0.08584349316097842,1065,,,,,,,,0.5,,,PASS
824803,2026-08-18 22:35:00+00:00,NYY,BAL,BAL,NYY,1,683002,Gunnar Henderson,confirmed,5.0,4.3,607074,0.025925925925925925,0.037037037037037035,0.02881844380403458,0.15925925925925927,0.24814814814814815,0.18518518518518517,0.11851851851851852,0.3360706016666667,97.36449999999999,0.031746031746031744,0.06349206349206349,0.056338028169014086,0.23809523809523808,0.23809523809523808,0.12698412698412698,0.20634920634920634,0.4483359033333334,98.41266666666665,L,0.015384615384615385,0.03076923076923077,0.15384615384615385,0.5454545454545454,0.26666666666666666,0.13333333333333333,0.29393214960337766,99.24777777777777,15.222222222222221,L,0.0,0.0,0.0,0.03,0.06,0.0,1,Oriole Park at Camden Yards,84.6,55.0,6.5,0.0,0.0,1.1365528726061616,0.08581866388084249,1065,,,,,,,,0.5,,,PASS
824723,2026-08-18 23:10:00+00:00,ARI,BOS,BOS,ARI,1,681508,Mickey Gasper,confirmed,9.0,3.7,518876,0.008547008547008548,0.042735042735042736,0.034722222222222224,0.2222222222222222,0.21367521367521367,0.13675213675213677,0.07692307692307693,0.30150939404761906,97.4125,0.016129032258064516,0.03225806451612903,0.029411764705882353,0.16129032258064516,0.1774193548387097,0.0967741935483871,0.0967741935483871,0.2720342688888889,97.20933333333332,R,0.046831955922865015,0.07162534435261708,0.24242424242424243,0.48214285714285715,0.15151515151515152,0.09641873278236915,0.3771205268178933,102.21866666666666,16.266666666666666,R,0.0,0.0,0.0,0.03,0.06,0.0,1,Fenway Park,71.7,82.0,7.5,0.0,0.0,0.899985306362345,0.08540595123524619,1071,,,,,,,,0.5,,,PASS
823586,2026-08-18 23:10:00+00:00,SD,NYM,NYM,SD,1,543760,Marcus Semien,confirmed,7.0,4.0,592662,0.045454545454545456,0.045454545454545456,0.03426791277258567,0.16942148760330578,0.22727272727272727,0.23140495867768596,0.08264462809917356,0.3000707483333333,94.2375,0.03389830508474576,0.01694915254237288,0.0136986301369863,0.15254237288135594,0.22033898305084745,0.22033898305084745,0.1016949152542373,0.24703734888888892,93.90133333333333,R,0.02556818181818182,0.04261363636363636,0.1590909090909091,0.5501066098081023,0.16477272727272727,0.1278409090909091,0.3360181374343828,100.58733333333335,15.4,L,2.0,0.0,0.0,0.02857142857142857,0.05714285714285714,0.047619047619047616,0,Citi Field,79.0,70.0,6.8,0.0,0.0,0.917985012489592,0.08448851391060803,1084,,,,,,,,0.5,,,PASS
823586,2026-08-18 23:10:00+00:00,SD,NYM,NYM,SD,1,666624,Christopher Morel,confirmed,6.0,4.15,592662,0.0,0.014084507042253521,0.0125,0.09859154929577464,0.16901408450704225,0.36619718309859156,0.056338028169014086,0.22870887083333336,93.48299999999999,0.0,0.019230769230769232,0.015873015873015872,0.09615384615384616,0.17307692307692307,0.38461538461538464,0.038461538461538464,0.2096671222222222,92.01399999999998,R,0.02556818181818182,0.04261363636363636,0.1590909090909091,0.5501066098081023,0.16477272727272727,0.1278409090909091,0.3360181374343828,100.58733333333335,15.4,L,0.0,0.0,0.0,0.03,0.06,0.0,0,Citi Field,79.0,70.0,6.8,0.0,0.0,0.917985012489592,0.0840844996901224,1089,,,,,,,,0.5,,,PASS
822938,2026-08-18 22:40:00+00:00,TOR,TB,TOR,TB,0,664770,Nathan Lukes,confirmed,2.0,4.65,607259,0.024,0.012,0.007832898172323759,0.112,0.308,0.144,0.068,0.2891519619444444,93.31883333333333,0.015384615384615385,0.015384615384615385,0.010101010101010102,0.06153846153846154,0.23076923076923078,0.1076923076923077,0.07692307692307693,0.3006011944444444,94.13000000000001,L,0.036211699164345405,0.06406685236768803,0.2116991643454039,0.5441767068273092,0.1309192200557103,0.027855153203342618,0.3320349818681828,100.67733333333332,17.8,R,3.0,0.0,0.0,0.027906976744186046,0.05581395348837209,0.06976744186046512,0,Tropicana Field,86.7,73.0,10.0,0.0,1.0,1.0583285858275997,0.08377080096046155,1094,,,,,,,,0.5,,,PASS
824475,2026-08-18 22:40:00+00:00,STL,CIN,CIN,STL,1,667472,Dane Myers,confirmed,6.0,4.15,681517,0.023529411764705882,0.023529411764705882,0.018604651162790697,0.14705882352941177,0.20588235294117646,0.2529411764705882,0.12941176470588237,0.28225615912698415,93.61333333333334,0.01639344262295082,0.01639344262295082,0.012987012987012988,0.16393442622950818,0.14754098360655737,0.2459016393442623,0.08196721311475409,0.24976494666666665,93.65266666666666,R,0.018808777429467086,0.06896551724137931,0.21003134796238246,0.4786729857819905,0.22884012539184953,0.05642633228840126,0.31537565537457285,101.8,15.266666666666667,R,3.0,0.0,0.0,0.027906976744186046,0.05581395348837209,0.06976744186046512,1,Great American Ball Park,81.8,44.0,5.7,0.0,0.0,0.9783513738551208,0.08371711572739263,1094,,,,,,,,0.5,,,PASS
823423,2026-08-18 22:40:00+00:00,MIA,PHI,PHI,MIA,1,592663,J.T. Realmuto,confirmed,8.0,3.85,806188,0.029914529914529916,0.038461538461538464,0.030100334448160536,0.1623931623931624,0.19658119658119658,0.23931623931623933,0.07692307692307693,0.3307192213888889,97.66457627118646,0.016129032258064516,0.03225806451612903,0.023809523809523808,0.1774193548387097,0.1935483870967742,0.24193548387096775,0.08064516129032258,0.3201149655555556,98.50333333333333,R,,,,,,,,,,,0.0,0.0,0.0,0.03,0.06,0.0,0,Citizens Bank Park,78.5,86.0,3.0,0.0,0.0,1.079982367634814,0.08240313544005433,1114,,,,,,,,0.5,,,PASS
824723,2026-08-18 23:10:00+00:00,ARI,BOS,ARI,BOS,0,543510,James McCann,confirmed,7.0,4.0,624133,0.037037037037037035,0.06481481481481481,0.050359712230215826,0.16666666666666666,0.25925925925925924,0.25925925925925924,0.037037037037037035,0.2660849632183908,94.15551724137929,0.06451612903225806,0.08064516129032258,0.06578947368421052,0.1935483870967742,0.27419354838709675,0.1774193548387097,0.04838709677419355,0.3502176622222223,99.11866666666667,R,0.009584664536741214,0.019169329073482427,0.12460063897763578,0.4543147208121827,0.25878594249201275,0.07028753993610223,0.2962892590766267,98.9526666666667,14.466666666666667,L,0.0,0.0,0.0,0.03,0.06,0.0,0,Fenway Park,71.7,82.0,7.5,0.0,0.0,0.899985306362345,0.08192361757435927,1121,,,,,,,,0.5,,,PASS
823423,2026-08-18 22:40:00+00:00,MIA,PHI,MIA,PHI,0,672640,Otto Lopez,confirmed,3.0,4.55,554430,0.01486988847583643,0.03717472118959108,0.029411764705882353,0.16356877323420074,0.17843866171003717,0.10408921933085502,0.05947955390334572,0.3015888777777778,96.65733333333334,0.0,0.014925373134328358,0.010638297872340425,0.1791044776119403,0.16417910447761194,0.08955223880597014,0.04477611940298507,0.24730092888888888,96.15533333333336,R,0.038922155688622756,0.029940119760479042,0.15269461077844312,0.5379146919431279,0.3203592814371258,0.0658682634730539,0.24077909029672503,99.09266666666667,16.533333333333335,R,8.0,0.0,1.0,0.024999999999999998,0.07083333333333333,0.16666666666666666,1,Citizens Bank Park,78.5,86.0,3.0,0.0,0.0,1.079982367634814,0.08143657020449237,1128,,,,,,,,0.5,,,PASS
823341,2026-08-18 22:40:00+00:00,DET,PIT,DET,PIT,0,690993,Colt Keith,confirmed,3.0,4.55,677952,0.04265402843601896,0.05687203791469194,0.044444444444444446,0.20853080568720378,0.3033175355450237,0.17535545023696683,0.07582938388625593,0.3447296691666667,94.95183333333334,0.017543859649122806,0.017543859649122806,0.0136986301369863,0.19298245614035087,0.22807017543859648,0.10526315789473684,0.14035087719298245,0.4002014099999999,94.45733333333334,L,0.042134831460674156,0.047752808988764044,0.16853932584269662,0.4444444444444444,0.27808988764044945,0.05337078651685393,0.2965301533866891,100.89133333333334,17.133333333333333,R,0.0,0.0,0.0,0.03,0.06,0.0,0,PNC Park,77.7,50.0,5.4,0.0,0.0,0.8512642972961129,0.0808953077108479,1136,,,,,,,,0.5,,,PASS
822938,2026-08-18 22:40:00+00:00,TOR,TB,TOR,TB,0,669701,Josh Smith,confirmed,9.0,3.7,607259,0.006329113924050633,0.0379746835443038,0.028846153846153848,0.15822784810126583,0.22151898734177214,0.22151898734177214,0.10126582278481013,0.2584559111111111,92.49238095238096,0.018867924528301886,0.03773584905660377,0.029850746268656716,0.07547169811320754,0.18867924528301888,0.32075471698113206,0.05660377358490566,0.19531551555555554,87.02266666666668,L,0.036211699164345405,0.06406685236768803,0.2116991643454039,0.5441767068273092,0.1309192200557103,0.027855153203342618,0.3320349818681828,100.67733333333332,17.8,R,0.0,0.0,0.0,0.03,0.06,0.0,0,Tropicana Field,86.7,73.0,10.0,0.0,1.0,1.0583285858275997,0.08050496121459594,1142,,,,,,,,0.5,,,PASS
824475,2026-08-18 22:40:00+00:00,STL,CIN,CIN,STL,1,663647,Ke'Bryan Hayes,confirmed,9.0,3.7,681517,0.026595744680851064,0.06382978723404255,0.06,0.1702127659574468,0.21808510638297873,0.19680851063829788,0.05319148936170213,0.2847534774853801,96.01491228070176,0.07142857142857142,0.07142857142857142,0.06382978723404255,0.19047619047619047,0.19047619047619047,0.30952380952380953,0.047619047619047616,0.25717751666666666,91.57733333333334,R,0.018808777429467086,0.06896551724137931,0.21003134796238246,0.4786729857819905,0.22884012539184953,0.05642633228840126,0.31537565537457285,101.8,15.266666666666667,R,2.0,1.0,0.0,0.05238095238095238,0.05714285714285714,0.047619047619047616,1,Great American Ball Park,81.8,44.0,5.7,0.0,0.0,0.9783513738551208,0.07863185089919263,1172,,,,,,,,0.5,,,PASS
823341,2026-08-18 22:40:00+00:00,DET,PIT,DET,PIT,0,650402,Gleyber Torres,confirmed,1.0,4.75,677952,0.029411764705882353,0.04411764705882353,0.03428571428571429,0.1323529411764706,0.29044117647058826,0.1875,0.1323529411764706,0.3216712038888889,92.38950000000001,0.04225352112676056,0.04225352112676056,0.03333333333333333,0.14084507042253522,0.15492957746478872,0.15492957746478872,0.1267605633802817,0.3229100344444444,94.93466666666669,R,0.042134831460674156,0.047752808988764044,0.16853932584269662,0.4444444444444444,0.27808988764044945,0.05337078651685393,0.2965301533866891,100.89133333333334,17.133333333333333,R,0.0,0.0,0.0,0.03,0.06,0.0,1,PNC Park,77.7,50.0,5.4,0.0,0.0,0.8512642972961129,0.07855480752647001,1173,,,,,,,,0.5,,,PASS
824803,2026-08-18 22:35:00+00:00,NYY,BAL,BAL,NYY,1,665750,Leody Taveras,confirmed,7.0,4.0,607074,0.0163265306122449,0.02857142857142857,0.021739130434782608,0.12244897959183673,0.19183673469387755,0.2612244897959184,0.07755102040816327,0.24965090083333327,92.22399999999999,0.03389830508474576,0.03389830508474576,0.022222222222222223,0.1016949152542373,0.2542372881355932,0.22033898305084745,0.05084745762711865,0.23825194222222218,95.19266666666668,L,0.015384615384615385,0.03076923076923077,0.15384615384615385,0.5454545454545454,0.26666666666666666,0.13333333333333333,0.29393214960337766,99.24777777777777,15.222222222222221,L,0.0,0.0,0.0,0.03,0.06,0.0,1,Oriole Park at Camden Yards,84.6,55.0,6.5,0.0,0.0,1.1365528726061616,0.07853922543496937,1173,,,,,,,,0.5,,,PASS
823586,2026-08-18 23:10:00+00:00,SD,NYM,SD,NYM,0,669720,Austin Hays,confirmed,7.0,4.0,804267,0.02,0.02,0.017543859649122806,0.14,0.26,0.3,0.02,0.2712025641025641,92.96307692307693,0.02,0.02,0.017543859649122806,0.14,0.26,0.3,0.02,0.2712025641025641,92.96307692307693,R,0.022598870056497175,0.06779661016949153,0.22033898305084745,0.464,0.1638418079096045,0.07344632768361582,0.33738287453136917,102.67750000000001,16.625,L,0.0,0.0,0.0,0.03,0.06,0.0,0,Citi Field,79.0,70.0,6.8,0.0,0.0,0.917985012489592,0.07759211506861992,1189,,,,,,,,0.5,,,PASS
824803,2026-08-18 22:35:00+00:00,NYY,BAL,NYY,BAL,0,669224,Austin Wells,confirmed,9.0,3.7,669358,0.035175879396984924,0.04522613065326633,0.036585365853658534,0.22613065326633167,0.2663316582914573,0.2864321608040201,0.08542713567839195,0.27490390333333337,95.12366666666668,0.022727272727272728,0.045454545454545456,0.03333333333333333,0.25,0.1590909090909091,0.22727272727272727,0.045454545454545456,0.27654714444444445,96.49466666666666,L,0.01078167115902965,0.03504043126684636,0.21024258760107817,0.5098039215686274,0.215633423180593,0.0673854447439353,0.2976566188570924,100.64066666666666,17.466666666666665,R,3.0,0.0,1.0,0.027906976744186046,0.07906976744186046,0.06976744186046512,0,Oriole Park at Camden Yards,84.6,55.0,6.5,0.0,0.0,1.1365528726061616,0.07749498985855303,1190,,,,,,,,0.5,,,PASS
823423,2026-08-18 22:40:00+00:00,MIA,PHI,PHI,MIA,1,681082,Bryson Stott,confirmed,6.0,4.15,806188,0.012048192771084338,0.0321285140562249,0.024096385542168676,0.17670682730923695,0.26506024096385544,0.1606425702811245,0.13253012048192772,0.34994913416666673,95.642,0.014925373134328358,0.0,0.0,0.14925373134328357,0.1791044776119403,0.05970149253731343,0.23880597014925373,0.42540863,94.75666666666666,L,,,,,,,,,,,4.0,1.0,0.0,0.05,0.05454545454545454,0.09090909090909091,0,Citizens Bank Park,78.5,86.0,3.0,0.0,0.0,1.079982367634814,0.0770564109601477,1198,,,,,,,,0.5,,,PASS
823749,2026-08-18 23:40:00+00:00,SEA,MIL,SEA,MIL,0,680977,Brendan Donovan,confirmed,1.0,4.75,690986,0.02158273381294964,0.02158273381294964,0.01639344262295082,0.15827338129496402,0.26618705035971224,0.14388489208633093,0.07194244604316546,0.2805701681818182,92.61757575757576,0.0,0.015625,0.01,0.1875,0.296875,0.125,0.03125,0.23853354666666662,93.93733333333333,L,0.035830618892508145,0.04560260586319218,0.13680781758957655,0.5577395577395577,0.3127035830618892,0.05537459283387622,0.26599142303672346,98.16866666666667,15.133333333333333,L,0.0,0.0,0.0,0.03,0.06,0.0,1,American Family Field,79.2,59.0,6.5,0.0,0.5,0.9289134054954205,0.07705220246178258,1198,,,,,,,,0.5,,,PASS
823586,2026-08-18 23:10:00+00:00,SD,NYM,SD,NYM,0,630105,Jake Cronenworth,confirmed,9.0,3.7,804267,0.0163265306122449,0.024489795918367346,0.018404907975460124,0.15918367346938775,0.22040816326530613,0.20816326530612245,0.08979591836734693,0.2774433661111111,93.9115,0.014925373134328358,0.0,0.0,0.14925373134328357,0.23880597014925373,0.19402985074626866,0.05970149253731343,0.22646559666666669,96.04199999999999,L,0.022598870056497175,0.06779661016949153,0.22033898305084745,0.464,0.1638418079096045,0.07344632768361582,0.33738287453136917,102.67750000000001,16.625,L,0.0,0.0,0.0,0.03,0.06,0.0,1,Citi Field,79.0,70.0,6.8,0.0,0.0,0.917985012489592,0.07668912007728537,1204,,,,,,,,0.5,,,PASS
823749,2026-08-18 23:40:00+00:00,SEA,MIL,SEA,MIL,0,702284,Cole Young,confirmed,6.0,4.15,690986,0.044534412955465584,0.032388663967611336,0.02203856749311295,0.17813765182186234,0.27125506072874495,0.12550607287449392,0.044534412955465584,0.3239804127777778,97.86850000000003,0.030303030303030304,0.015151515151515152,0.01098901098901099,0.09090909090909091,0.16666666666666666,0.12121212121212122,0.045454545454545456,0.2727465777777777,98.54133333333333,L,0.035830618892508145,0.04560260586319218,0.13680781758957655,0.5577395577395577,0.3127035830618892,0.05537459283387622,0.26599142303672346,98.16866666666667,15.133333333333333,L,0.0,0.0,0.0,0.03,0.06,0.0,1,American Family Field,79.2,59.0,6.5,0.0,0.5,0.9289134054954205,0.07638084041386696,1209,,,,,,,,0.5,,,PASS
823586,2026-08-18 23:10:00+00:00,SD,NYM,NYM,SD,1,666182,Bo Bichette,confirmed,2.0,4.65,592662,0.026717557251908396,0.03816793893129771,0.02610966057441253,0.13740458015267176,0.38549618320610685,0.1946564885496183,0.05725190839694656,0.310560795,95.15566666666668,0.03125,0.046875,0.030303030303030304,0.15625,0.390625,0.171875,0.09375,0.3593095688888889,96.58066666666667,R,0.02556818181818182,0.04261363636363636,0.1590909090909091,0.5501066098081023,0.16477272727272727,0.1278409090909091,0.3360181374343828,100.58733333333335,15.4,L,3.0,0.0,1.0,0.027906976744186046,0.07906976744186046,0.06976744186046512,0,Citi Field,79.0,70.0,6.8,0.0,0.0,0.917985012489592,0.07615250443088563,1213,,,,,,,,0.5,,,PASS
823423,2026-08-18 22:40:00+00:00,MIA,PHI,MIA,PHI,0,805300,Jakob Marsee,confirmed,1.0,4.75,554430,0.0163265306122449,0.02040816326530612,0.017241379310344827,0.12653061224489795,0.23673469387755103,0.19591836734693877,0.11428571428571428,0.31223873805555563,94.37583333333333,0.03225806451612903,0.03225806451612903,0.030303030303030304,0.14516129032258066,0.3064516129032258,0.14516129032258066,0.11290322580645161,0.3247862966666667,91.96933333333332,L,0.038922155688622756,0.029940119760479042,0.15269461077844312,0.5379146919431279,0.3203592814371258,0.0658682634730539,0.24077909029672503,99.09266666666667,16.533333333333335,R,6.0,0.0,1.0,0.02608695652173913,0.07391304347826087,0.13043478260869565,0,Citizens Bank Park,78.5,86.0,3.0,0.0,0.0,1.079982367634814,0.07604505052045797,1215,,,,,,,,0.5,,,PASS
823667,2026-08-18 23:40:00+00:00,ATL,MIN,ATL,MIN,0,669221,Sean Murphy,confirmed,9.0,3.7,805673,0.0,0.0,0.0,0.0967741935483871,0.12903225806451613,0.41935483870967744,0.0,0.16623148148148148,95.9677777777778,0.0,0.0,0.0,0.0967741935483871,0.12903225806451613,0.41935483870967744,0.0,0.16623148148148148,95.9677777777778,R,0.049586776859504134,0.0881542699724518,0.22589531680440772,0.5254237288135594,0.19834710743801653,0.07988980716253444,0.33945136893421235,102.22933333333336,16.533333333333335,R,0.0,0.0,0.0,0.03,0.06,0.0,1,Target Field,80.0,39.0,9.4,0.0,0.0,0.7132214382751216,0.0758184033545047,1219,,,,,,,,0.5,,,PASS
824639,2026-08-19 00:05:00+00:00,CWS,CHC,CWS,CHC,0,671976,Tristan Peters,confirmed,8.0,3.85,592332,0.022727272727272728,0.03636363636363636,0.025078369905956112,0.2,0.24545454545454545,0.1590909090909091,0.06363636363636363,0.3182635305555556,93.50366666666665,0.017857142857142856,0.03571428571428571,0.024096385542168676,0.19642857142857142,0.30357142857142855,0.17857142857142858,0.08928571428571429,0.33595945555555556,94.49333333333334,L,0.030726256983240222,0.04189944134078212,0.21787709497206703,0.538135593220339,0.23743016759776536,0.08100558659217877,0.31722840180617856,101.1613333333333,16.133333333333333,R,0.0,0.0,0.0,0.03,0.06,0.0,0,Wrigley Field,74.1,78.0,7.3,0.0,0.0,1.337121026595484,0.07580601642207269,1219,,,,,,,,0.5,,,PASS
824723,2026-08-18 23:10:00+00:00,ARI,BOS,ARI,BOS,0,545121,Ildemaro Vargas,confirmed,1.0,4.75,624133,0.008064516129032258,0.020161290322580645,0.013888888888888888,0.13709677419354838,0.18548387096774194,0.09274193548387097,0.06048387096774194,0.26501357222222227,96.50566666666667,0.015625,0.03125,0.020618556701030927,0.203125,0.234375,0.09375,0.046875,0.30516067555555554,98.02866666666667,R,0.009584664536741214,0.019169329073482427,0.12460063897763578,0.4543147208121827,0.25878594249201275,0.07028753993610223,0.2962892590766267,98.9526666666667,14.466666666666667,L,0.0,0.0,0.0,0.03,0.06,0.0,0,Fenway Park,71.7,82.0,7.5,0.0,0.0,0.899985306362345,0.07508916871522794,1232,,,,,,,,0.5,,,PASS
822859,2026-08-19 00:05:00+00:00,WSH,TEX,TEX,WSH,1,643376,Danny Jansen,confirmed,7.0,4.0,800600,0.021897810218978103,0.0364963503649635,0.028409090909090908,0.19708029197080293,0.1678832116788321,0.27007299270072993,0.0948905109489051,0.252811750462963,93.67222222222222,0.017241379310344827,0.034482758620689655,0.02666666666666667,0.20689655172413793,0.15517241379310345,0.20689655172413793,0.10344827586206896,0.2701580711111111,94.49866666666667,R,0.0,0.0,0.0,0.35294117647058826,0.3157894736842105,0.2631578947368421,0.3478121052631579,100.96000000000001,12.0,L,0.0,0.0,0.0,0.03,0.06,0.0,0,Globe Life Field,102.7,23.0,11.0,0.0,0.5,1.1503571585082608,0.07372321014145486,1256,,,,,,,,0.5,,,PASS
824475,2026-08-18 22:40:00+00:00,STL,CIN,CIN,STL,1,680574,Matt McLain,confirmed,7.0,4.0,681517,0.04017857142857143,0.06696428571428571,0.06097560975609756,0.17410714285714285,0.2767857142857143,0.29464285714285715,0.10714285714285714,0.3200549588888889,91.40333333333335,0.05555555555555555,0.09259259259259259,0.07692307692307693,0.14814814814814814,0.3333333333333333,0.3148148148148148,0.09259259259259259,0.34086164999999996,90.01133333333334,R,0.018808777429467086,0.06896551724137931,0.21003134796238246,0.4786729857819905,0.22884012539184953,0.05642633228840126,0.31537565537457285,101.8,15.266666666666667,R,3.0,0.0,1.0,0.027906976744186046,0.07906976744186046,0.06976744186046512,1,Great American Ball Park,81.8,44.0,5.7,0.0,0.0,0.9783513738551208,0.07323676444482703,1265,,,,,,,,0.5,,,PASS
822938,2026-08-18 22:40:00+00:00,TOR,TB,TB,TOR,1,656775,Cedric Mullins,confirmed,7.0,4.0,667755,0.04065040650406504,0.032520325203252036,0.025236593059936908,0.18292682926829268,0.17886178861788618,0.21138211382113822,0.09349593495934959,0.2767634494444445,93.3253333333333,0.017241379310344827,0.0,0.0,0.1724137931034483,0.15517241379310345,0.1896551724137931,0.05172413793103448,0.21961050222222223,92.70666666666665,L,0.023668639053254437,0.047337278106508875,0.12130177514792899,0.36519607843137253,0.21597633136094674,0.1242603550295858,0.3383443113892214,101.34800000000001,15.333333333333334,R,2.0,0.0,0.0,0.02857142857142857,0.05714285714285714,0.047619047619047616,0,Tropicana Field,86.7,73.0,10.0,0.0,1.0,1.0583285858275997,0.07295363011450726,1271,,,,,,,,0.5,,,PASS
822938,2026-08-18 22:40:00+00:00,TOR,TB,TOR,TB,0,703520,Brett Bateman,confirmed,1.0,4.75,607259,0.0,0.0,0.0,0.06976744186046512,0.23255813953488372,0.20930232558139536,0.06976744186046512,0.2543000148148148,91.73888888888888,0.0,0.0,0.0,0.06976744186046512,0.23255813953488372,0.20930232558139536,0.06976744186046512,0.2543000148148148,91.73888888888888,L,0.036211699164345405,0.06406685236768803,0.2116991643454039,0.5441767068273092,0.1309192200557103,0.027855153203342618,0.3320349818681828,100.67733333333332,17.8,R,0.0,0.0,0.0,0.03,0.06,0.0,0,Tropicana Field,86.7,73.0,10.0,0.0,1.0,1.0583285858275997,0.07284075990919926,1273,,,,,,,,0.5,,,PASS
823749,2026-08-18 23:40:00+00:00,SEA,MIL,SEA,MIL,0,647304,Josh Naylor,confirmed,5.0,4.3,690986,0.019762845849802372,0.03162055335968379,0.023668639053254437,0.16205533596837945,0.22924901185770752,0.11857707509881422,0.07509881422924901,0.3171694341666667,97.08933333333333,0.031746031746031744,0.047619047619047616,0.03409090909090909,0.1746031746031746,0.23809523809523808,0.14285714285714285,0.09523809523809523,0.35635068666666664,98.22200000000001,L,0.035830618892508145,0.04560260586319218,0.13680781758957655,0.5577395577395577,0.3127035830618892,0.05537459283387622,0.26599142303672346,98.16866666666667,15.133333333333333,L,0.0,0.0,0.0,0.03,0.06,0.0,1,American Family Field,79.2,59.0,6.5,0.0,0.5,0.9289134054954205,0.07265235657879365,1276,,,,,,,,0.5,,,PASS
823749,2026-08-18 23:40:00+00:00,SEA,MIL,MIL,SEA,1,687401,Joey Ortiz,confirmed,8.0,3.85,682243,0.027649769585253458,0.03225806451612903,0.024822695035460994,0.17050691244239632,0.23963133640552994,0.17511520737327188,0.08755760368663594,0.3037730633333332,96.72118644067795,0.037037037037037035,0.037037037037037035,0.027777777777777776,0.12962962962962962,0.2037037037037037,0.25925925925925924,0.09259259259259259,0.27061211,97.93714285714285,R,0.04153354632587859,0.04792332268370607,0.19169329073482427,0.5720524017467249,0.25559105431309903,0.051118210862619806,0.25416881547091796,99.88214285714287,16.857142857142858,R,0.0,0.0,0.0,0.03,0.06,0.0,1,American Family Field,79.2,59.0,6.5,0.0,0.5,0.9289134054954205,0.07250903352066194,1279,,,,,,,,0.5,,,PASS
824723,2026-08-18 23:10:00+00:00,ARI,BOS,ARI,BOS,0,672515,Gabriel Moreno,confirmed,3.0,4.55,624133,0.022304832713754646,0.03717472118959108,0.025906735751295335,0.16728624535315986,0.30111524163568776,0.11895910780669144,0.12267657992565056,0.38315446249999996,96.24233333333333,0.014705882352941176,0.029411764705882353,0.019230769230769232,0.19117647058823528,0.2647058823529412,0.16176470588235295,0.058823529411764705,0.32515371555555556,94.88533333333335,R,0.009584664536741214,0.019169329073482427,0.12460063897763578,0.4543147208121827,0.25878594249201275,0.07028753993610223,0.2962892590766267,98.9526666666667,14.466666666666667,L,0.0,0.0,0.0,0.03,0.06,0.0,0,Fenway Park,71.7,82.0,7.5,0.0,0.0,0.899985306362345,0.07217359621800011,1286,,,,,,,,0.5,,,PASS
823586,2026-08-18 23:10:00+00:00,SD,NYM,SD,NYM,0,666023,Freddy Fermin,confirmed,8.0,3.85,804267,0.019230769230769232,0.028846153846153848,0.021505376344086023,0.15384615384615385,0.20192307692307693,0.21153846153846154,0.07692307692307693,0.26210271016949155,92.22931034482757,0.02,0.06,0.046153846153846156,0.24,0.28,0.24,0.0,0.2667884,93.61357142857142,R,0.022598870056497175,0.06779661016949153,0.22033898305084745,0.464,0.1638418079096045,0.07344632768361582,0.33738287453136917,102.67750000000001,16.625,L,0.0,0.0,0.0,0.03,0.06,0.0,0,Citi Field,79.0,70.0,6.8,0.0,0.0,0.917985012489592,0.0717549244329819,1294,,,,,,,,0.5,,,PASS
823749,2026-08-18 23:40:00+00:00,SEA,MIL,MIL,SEA,1,800325,Luis Lara,confirmed,6.0,4.15,682243,0.0,0.03296703296703297,0.02586206896551724,0.13186813186813187,0.2967032967032967,0.18681318681318682,0.12087912087912088,0.3064685413043478,94.3678260869565,0.0,0.03333333333333333,0.025,0.15,0.36666666666666664,0.21666666666666667,0.1,0.30089989777777776,95.76933333333334,R,0.04153354632587859,0.04792332268370607,0.19169329073482427,0.5720524017467249,0.25559105431309903,0.051118210862619806,0.25416881547091796,99.88214285714287,16.857142857142858,R,0.0,0.0,0.0,0.03,0.06,0.0,1,American Family Field,79.2,59.0,6.5,0.0,0.5,0.9289134054954205,0.07174653243369909,1294,,,,,,,,0.5,,,PASS
824639,2026-08-19 00:05:00+00:00,CWS,CHC,CWS,CHC,0,691011,Drew Romo,confirmed,9.0,3.7,592332,0.04242424242424243,0.048484848484848485,0.04,0.13333333333333333,0.21212121212121213,0.24242424242424243,0.07878787878787878,0.2307270710144927,91.53173913043479,0.0392156862745098,0.0392156862745098,0.029411764705882353,0.11764705882352941,0.23529411764705882,0.23529411764705882,0.0392156862745098,0.18962297444444448,86.71133333333334,L,0.030726256983240222,0.04189944134078212,0.21787709497206703,0.538135593220339,0.23743016759776536,0.08100558659217877,0.31722840180617856,101.1613333333333,16.133333333333333,R,0.0,0.0,0.0,0.03,0.06,0.0,0,Wrigley Field,74.1,78.0,7.3,0.0,0.0,1.337121026595484,0.07130779308999002,1302,,,,,,,,0.5,,,PASS
823667,2026-08-18 23:40:00+00:00,ATL,MIN,MIN,ATL,1,686797,Brooks Lee,confirmed,7.0,4.0,641816,0.0392156862745098,0.01568627450980392,0.010666666666666666,0.17647058823529413,0.23529411764705882,0.14901960784313725,0.07058823529411765,0.26449959444444443,95.49016666666668,0.04918032786885246,0.01639344262295082,0.01,0.26229508196721313,0.26229508196721313,0.19672131147540983,0.03278688524590164,0.2477853955555555,96.05533333333331,R,0.026865671641791045,0.03283582089552239,0.14626865671641792,0.5501165501165501,0.23582089552238805,0.07462686567164178,0.2836777842297138,100.262,15.933333333333334,R,0.0,0.0,0.0,0.03,0.06,0.0,1,Target Field,80.0,39.0,9.4,0.0,0.0,0.7132214382751216,0.0703924902607227,1321,,,,,,,,0.5,,,PASS
823586,2026-08-18 23:10:00+00:00,SD,NYM,NYM,SD,1,805999,A.J. Ewing,confirmed,8.0,3.85,592662,0.019083969465648856,0.04961832061068702,0.0391566265060241,0.14122137404580154,0.2786259541984733,0.24427480916030533,0.0916030534351145,0.3228397577777777,96.18900000000001,0.0,0.10294117647058823,0.07954545454545454,0.22058823529411764,0.3235294117647059,0.23529411764705882,0.08823529411764706,0.36768021999999995,97.51,L,0.02556818181818182,0.04261363636363636,0.1590909090909091,0.5501066098081023,0.16477272727272727,0.1278409090909091,0.3360181374343828,100.58733333333335,15.4,L,0.0,0.0,0.0,0.03,0.06,0.0,1,Citi Field,79.0,70.0,6.8,0.0,0.0,0.917985012489592,0.07002276816880924,1328,,,,,,,,0.5,,,PASS
822859,2026-08-19 00:05:00+00:00,WSH,TEX,WSH,TEX,0,695670,Harry Ford,confirmed,7.0,4.0,615698,0.038461538461538464,0.057692307692307696,0.04918032786885246,0.057692307692307696,0.28846153846153844,0.2692307692307692,0.11538461538461539,0.267532717948718,90.1,0.038461538461538464,0.057692307692307696,0.04918032786885246,0.057692307692307696,0.28846153846153844,0.2692307692307692,0.11538461538461539,0.267532717948718,90.1,R,0.038461538461538464,0.05128205128205128,0.10256410256410256,0.5194174757281553,0.1858974358974359,0.057692307692307696,0.2970610675584713,99.3175,14.0,R,0.0,0.0,0.0,0.03,0.06,0.0,1,Globe Life Field,102.7,23.0,11.0,0.0,0.5,1.1503571585082608,0.06981266029359656,1332,,,,,,,,0.5,,,PASS
824723,2026-08-18 23:10:00+00:00,ARI,BOS,BOS,ARI,1,655316,Andruw Monasterio,confirmed,8.0,3.85,518876,0.025210084033613446,0.058823529411764705,0.04154302670623145,0.16806722689075632,0.3319327731092437,0.18487394957983194,0.07563025210084033,0.3090525291666667,93.46083333333331,0.0,0.03125,0.02197802197802198,0.109375,0.28125,0.109375,0.09375,0.29314762,91.938,R,0.046831955922865015,0.07162534435261708,0.24242424242424243,0.48214285714285715,0.15151515151515152,0.09641873278236915,0.3771205268178933,102.21866666666666,16.266666666666666,R,0.0,0.0,0.0,0.03,0.06,0.0,1,Fenway Park,71.7,82.0,7.5,0.0,0.0,0.899985306362345,0.0693994672865079,1341,,,,,,,,0.5,,,PASS
824723,2026-08-18 23:10:00+00:00,ARI,BOS,BOS,ARI,1,702332,Caleb Durbin,confirmed,6.0,4.15,518876,0.044,0.028,0.019390581717451522,0.16,0.28,0.128,0.088,0.302061017962963,91.80833333333334,0.02857142857142857,0.04285714285714286,0.031578947368421054,0.14285714285714285,0.2714285714285714,0.12857142857142856,0.1,0.30996284962962956,90.62533333333334,R,0.046831955922865015,0.07162534435261708,0.24242424242424243,0.48214285714285715,0.15151515151515152,0.09641873278236915,0.3771205268178933,102.21866666666666,16.266666666666666,R,0.0,0.0,0.0,0.03,0.06,0.0,1,Fenway Park,71.7,82.0,7.5,0.0,0.0,0.899985306362345,0.06921233736231744,1345,,,,,,,,0.5,,,PASS
822859,2026-08-19 00:05:00+00:00,WSH,TEX,TEX,WSH,1,677649,Ezequiel Duran,confirmed,5.0,4.3,800600,0.036734693877551024,0.04081632653061224,0.027700831024930747,0.13877551020408163,0.2897959183673469,0.24489795918367346,0.05714285714285714,0.27953025305555557,94.18533333333332,0.01639344262295082,0.03278688524590164,0.02631578947368421,0.14754098360655737,0.18032786885245902,0.29508196721311475,0.06557377049180328,0.24676036555555558,95.65933333333334,R,0.0,0.0,0.0,0.35294117647058826,0.3157894736842105,0.2631578947368421,0.3478121052631579,100.96000000000001,12.0,L,0.0,0.0,0.0,0.03,0.06,0.0,0,Globe Life Field,102.7,23.0,11.0,0.0,0.5,1.1503571585082608,0.0690386278251241,1348,,,,,,,,0.5,,,PASS
824475,2026-08-18 22:40:00+00:00,STL,CIN,STL,CIN,0,686780,Pedro Pagés,confirmed,9.0,3.7,671096,0.022598870056497175,0.03389830508474576,0.024096385542168676,0.1864406779661017,0.23728813559322035,0.2711864406779661,0.04519774011299435,0.25027821121794874,92.40509803921566,0.0,0.0,0.0,0.12195121951219512,0.21951219512195122,0.3902439024390244,0.07317073170731707,0.19477066666666668,88.95800000000001,R,0.031161473087818695,0.056657223796033995,0.1671388101983003,0.5957894736842105,0.18980169971671387,0.11614730878186968,0.32698629300316373,101.20533333333334,16.133333333333333,L,2.0,0.0,0.0,0.02857142857142857,0.05714285714285714,0.047619047619047616,0,Great American Ball Park,81.8,44.0,5.7,0.0,0.0,0.9783513738551208,0.06724306014800663,1387,,,,,,,,0.5,,,PASS
823667,2026-08-18 23:40:00+00:00,ATL,MIN,MIN,ATL,1,807712,Luke Keaschall,confirmed,1.0,4.75,641816,0.025210084033613446,0.02100840336134454,0.017793594306049824,0.13025210084033614,0.23109243697478993,0.15126050420168066,0.11764705882352941,0.33633952666666667,94.01203389830509,0.046875,0.03125,0.030303030303030304,0.15625,0.296875,0.1875,0.109375,0.38077387333333335,93.43733333333333,R,0.026865671641791045,0.03283582089552239,0.14626865671641792,0.5501165501165501,0.23582089552238805,0.07462686567164178,0.2836777842297138,100.262,15.933333333333334,R,0.0,0.0,0.0,0.03,0.06,0.0,1,Target Field,80.0,39.0,9.4,0.0,0.0,0.7132214382751216,0.06669018620082494,1399,,,,,,,,0.5,,,PASS
824475,2026-08-18 22:40:00+00:00,STL,CIN,STL,CIN,0,691026,Masyn Winn,confirmed,7.0,4.0,671096,0.00819672131147541,0.02459016393442623,0.020689655172413793,0.10245901639344263,0.24180327868852458,0.20901639344262296,0.09016393442622951,0.2939843291666666,96.36033333333332,0.0,0.03225806451612903,0.031746031746031744,0.08064516129032258,0.20967741935483872,0.3225806451612903,0.0967741935483871,0.28069052777777775,94.99066666666667,R,0.031161473087818695,0.056657223796033995,0.1671388101983003,0.5957894736842105,0.18980169971671387,0.11614730878186968,0.32698629300316373,101.20533333333334,16.133333333333333,L,3.0,0.0,0.0,0.027906976744186046,0.05581395348837209,0.06976744186046512,0,Great American Ball Park,81.8,44.0,5.7,0.0,0.0,0.9783513738551208,0.06654420434077013,1403,,,,,,,,0.5,,,PASS
822938,2026-08-18 22:40:00+00:00,TOR,TB,TOR,TB,0,665926,Andrés Giménez,confirmed,7.0,4.0,607259,0.013574660633484163,0.02262443438914027,0.01557632398753894,0.13574660633484162,0.2669683257918552,0.2081447963800905,0.03619909502262444,0.27424982444444446,91.92599999999999,0.01694915254237288,0.0,0.0,0.1694915254237288,0.3220338983050847,0.23728813559322035,0.05084745762711865,0.2685348722222223,92.12400000000001,L,0.036211699164345405,0.06406685236768803,0.2116991643454039,0.5441767068273092,0.1309192200557103,0.027855153203342618,0.3320349818681828,100.67733333333332,17.8,R,4.0,0.0,1.0,0.02727272727272727,0.07727272727272727,0.09090909090909091,0,Tropicana Field,86.7,73.0,10.0,0.0,1.0,1.0583285858275997,0.06579138282634817,1420,,,,,,,,0.5,,,PASS
824803,2026-08-18 22:35:00+00:00,NYY,BAL,BAL,NYY,1,665966,Carlos Narváez,confirmed,9.0,3.7,607074,0.014563106796116505,0.043689320388349516,0.033707865168539325,0.1650485436893204,0.28640776699029125,0.33495145631067963,0.07281553398058252,0.26092068361111115,91.91847457627118,0.0,0.0425531914893617,0.04,0.14893617021276595,0.2765957446808511,0.3617021276595745,0.0851063829787234,0.2464808011111111,85.84071428571428,R,0.015384615384615385,0.03076923076923077,0.15384615384615385,0.5454545454545454,0.26666666666666666,0.13333333333333333,0.29393214960337766,99.24777777777777,15.222222222222221,L,0.0,0.0,0.0,0.03,0.06,0.0,0,Oriole Park at Camden Yards,84.6,55.0,6.5,0.0,0.0,1.1365528726061616,0.06521593957056895,1433,,,,,,,,0.5,,,PASS
824398,2026-08-18 22:40:00+00:00,SF,CLE,SF,CLE,0,687551,Drew Gilbert,confirmed,7.0,4.0,656492,0.01818181818181818,0.031818181818181815,0.026615969581749048,0.1318181818181818,0.2,0.1590909090909091,0.09090909090909091,0.3389150405555555,92.44366666666666,0.03571428571428571,0.10714285714285714,0.08955223880597014,0.21428571428571427,0.23214285714285715,0.16071428571428573,0.125,0.44754519222222217,94.40133333333333,L,0.039660056657223795,0.05099150141643059,0.1813031161473088,0.5100401606425703,0.21529745042492918,0.042492917847025496,0.30578710329460734,101.09600000000002,17.4,L,0.0,0.0,0.0,0.03,0.06,0.0,1,Progressive Field,77.3,48.0,6.1,0.0,0.0,1.1201602830974189,0.06467079378560435,1446,,,,,,,,0.5,,,PASS
824723,2026-08-18 23:10:00+00:00,ARI,BOS,ARI,BOS,0,672695,Geraldo Perdomo,confirmed,4.0,4.45,624133,0.022222222222222223,0.022222222222222223,0.01643835616438356,0.13333333333333333,0.24074074074074073,0.12962962962962962,0.14814814814814814,0.32021303456349204,94.06066666666665,0.015151515151515152,0.030303030303030304,0.019801980198019802,0.18181818181818182,0.36363636363636365,0.15151515151515152,0.07575757575757576,0.3076051877777778,95.21266666666666,R,0.009584664536741214,0.019169329073482427,0.12460063897763578,0.4543147208121827,0.25878594249201275,0.07028753993610223,0.2962892590766267,98.9526666666667,14.466666666666667,L,0.0,0.0,0.0,0.03,0.06,0.0,0,Fenway Park,71.7,82.0,7.5,0.0,0.0,0.899985306362345,0.06439792529261332,1453,,,,,,,,0.5,,,PASS
824398,2026-08-18 22:40:00+00:00,SF,CLE,CLE,SF,1,677587,Brayan Rocchio,confirmed,9.0,3.7,687931,0.024096385542168676,0.028112449799196786,0.019553072625698324,0.1646586345381526,0.27710843373493976,0.1646586345381526,0.04819277108433735,0.27187586277777775,94.61966666666667,0.01639344262295082,0.03278688524590164,0.022222222222222223,0.19672131147540983,0.3770491803278688,0.14754098360655737,0.06557377049180328,0.2739859544444444,94.26333333333334,L,0.03076923076923077,0.05384615384615385,0.2230769230769231,0.48026315789473684,0.16923076923076924,0.13846153846153847,0.36694868660915575,101.375,13.833333333333334,L,0.0,0.0,0.0,0.03,0.06,0.0,1,Progressive Field,77.3,48.0,6.1,0.0,0.0,1.1201602830974189,0.06387502895754589,1466,,,,,,,,0.5,,,PASS
822938,2026-08-18 22:40:00+00:00,TOR,TB,TOR,TB,0,676391,Ernie Clement,confirmed,8.0,3.85,607259,0.015873015873015872,0.015873015873015872,0.01092896174863388,0.11507936507936507,0.32142857142857145,0.1111111111111111,0.03571428571428571,0.2516515475,92.6385,0.016666666666666666,0.016666666666666666,0.011494252873563218,0.05,0.3,0.1,0.05,0.2174175722222222,91.21266666666666,R,0.036211699164345405,0.06406685236768803,0.2116991643454039,0.5441767068273092,0.1309192200557103,0.027855153203342618,0.3320349818681828,100.67733333333332,17.8,R,5.0,0.0,0.0,0.026666666666666665,0.05333333333333333,0.1111111111111111,1,Tropicana Field,86.7,73.0,10.0,0.0,1.0,1.0583285858275997,0.06372008268980837,1469,,,,,,,,0.5,,,PASS
823341,2026-08-18 22:40:00+00:00,DET,PIT,DET,PIT,0,703601,Max Clark,confirmed,8.0,3.85,677952,0.014925373134328358,0.014925373134328358,0.00980392156862745,0.1791044776119403,0.3582089552238806,0.23880597014925373,0.05970149253731343,0.2844849033333333,95.334,0.014925373134328358,0.014925373134328358,0.00980392156862745,0.1791044776119403,0.3582089552238806,0.23880597014925373,0.05970149253731343,0.2844849033333333,95.334,L,0.042134831460674156,0.047752808988764044,0.16853932584269662,0.4444444444444444,0.27808988764044945,0.05337078651685393,0.2965301533866891,100.89133333333334,17.133333333333333,R,0.0,0.0,0.0,0.03,0.06,0.0,0,PNC Park,77.7,50.0,5.4,0.0,0.0,0.8512642972961129,0.06360447757665055,1472,,,,,,,,0.5,,,PASS
823586,2026-08-18 23:10:00+00:00,SD,NYM,NYM,SD,1,620443,Luis Torrens,confirmed,9.0,3.7,592662,0.028985507246376812,0.03864734299516908,0.028985507246376812,0.16908212560386474,0.24154589371980675,0.19806763285024154,0.06280193236714976,0.2843304652298851,94.20086206896549,0.06896551724137931,0.05172413793103448,0.04054054054054054,0.1724137931034483,0.25862068965517243,0.13793103448275862,0.1206896551724138,0.34421927222222226,94.10333333333332,R,0.02556818181818182,0.04261363636363636,0.1590909090909091,0.5501066098081023,0.16477272727272727,0.1278409090909091,0.3360181374343828,100.58733333333335,15.4,L,0.0,0.0,0.0,0.03,0.06,0.0,0,Citi Field,79.0,70.0,6.8,0.0,0.0,0.917985012489592,0.06330556139856722,1480,,,,,,,,0.5,,,PASS
823423,2026-08-18 22:40:00+00:00,MIA,PHI,MIA,PHI,0,669364,Xavier Edwards,confirmed,2.0,4.65,554430,0.0,0.003861003861003861,0.002881844380403458,0.09652509652509653,0.2277992277992278,0.15057915057915058,0.10810810810810811,0.2757475730555556,92.63783333333335,0.0,0.0,0.0,0.10606060606060606,0.24242424242424243,0.10606060606060606,0.09090909090909091,0.2873648777777778,94.77533333333334,R,0.038922155688622756,0.029940119760479042,0.15269461077844312,0.5379146919431279,0.3203592814371258,0.0658682634730539,0.24077909029672503,99.09266666666667,16.533333333333335,R,8.0,0.0,0.0,0.024999999999999998,0.049999999999999996,0.16666666666666666,1,Citizens Bank Park,78.5,86.0,3.0,0.0,0.0,1.079982367634814,0.06256560691633092,1498,,,,,,,,0.5,,,PASS
822859,2026-08-19 00:05:00+00:00,WSH,TEX,WSH,TEX,0,696285,Jacob Young,confirmed,9.0,3.7,615698,0.03255813953488372,0.05581395348837209,0.04743083003952569,0.15348837209302327,0.26976744186046514,0.16744186046511628,0.07906976744186046,0.3373742327777778,94.5755,0.018518518518518517,0.018518518518518517,0.015873015873015872,0.09259259259259259,0.3333333333333333,0.1111111111111111,0.09259259259259259,0.3490330111111112,90.67866666666666,R,0.038461538461538464,0.05128205128205128,0.10256410256410256,0.5194174757281553,0.1858974358974359,0.057692307692307696,0.2970610675584713,99.3175,14.0,R,0.0,0.0,0.0,0.03,0.06,0.0,1,Globe Life Field,102.7,23.0,11.0,0.0,0.5,1.1503571585082608,0.06207268635977349,1511,,,,,,,,0.5,,,PASS
824475,2026-08-18 22:40:00+00:00,STL,CIN,CIN,STL,1,699302,Héctor Rodríguez,confirmed,8.0,3.85,681517,0.0,0.0,0.0,0.06896551724137931,0.3103448275862069,0.2413793103448276,0.10344827586206896,0.23641998958333335,95.12375,0.0,0.0,0.0,0.06896551724137931,0.3103448275862069,0.2413793103448276,0.10344827586206896,0.23641998958333335,95.12375,L,0.018808777429467086,0.06896551724137931,0.21003134796238246,0.4786729857819905,0.22884012539184953,0.05642633228840126,0.31537565537457285,101.8,15.266666666666667,R,0.0,0.0,0.0,0.03,0.06,0.0,0,Great American Ball Park,81.8,44.0,5.7,0.0,0.0,0.9783513738551208,0.06165506002629523,1522,,,,,,,,0.5,,,PASS
823667,2026-08-18 23:40:00+00:00,ATL,MIN,MIN,ATL,1,701785,Kaelen Culpepper,confirmed,9.0,3.7,641816,0.030303030303030304,0.030303030303030304,0.02564102564102564,0.18181818181818182,0.15151515151515152,0.3333333333333333,0.06060606060606061,0.3097103125,94.93,0.030303030303030304,0.030303030303030304,0.02564102564102564,0.18181818181818182,0.15151515151515152,0.3333333333333333,0.06060606060606061,0.3097103125,94.93,R,0.026865671641791045,0.03283582089552239,0.14626865671641792,0.5501165501165501,0.23582089552238805,0.07462686567164178,0.2836777842297138,100.262,15.933333333333334,R,0.0,0.0,0.0,0.03,0.06,0.0,1,Target Field,80.0,39.0,9.4,0.0,0.0,0.7132214382751216,0.061000408203557385,1539,,,,,,,,0.5,,,PASS
823423,2026-08-18 22:40:00+00:00,MIA,PHI,PHI,MIA,1,650333,Luis Arraez,confirmed,4.0,4.45,806188,0.01098901098901099,0.014652014652014652,0.009302325581395349,0.1282051282051282,0.32967032967032966,0.047619047619047616,0.04395604395604396,0.29626890138888895,92.99316666666667,0.014285714285714285,0.02857142857142857,0.017241379310344827,0.11428571428571428,0.44285714285714284,0.04285714285714286,0.02857142857142857,0.3047784,93.10866666666666,L,,,,,,,,,,,3.0,0.0,0.0,0.027906976744186046,0.05581395348837209,0.06976744186046512,0,Citizens Bank Park,78.5,86.0,3.0,0.0,0.0,1.079982367634814,0.0608277399827694,1544,,,,,,,,0.5,,,PASS
823341,2026-08-18 22:40:00+00:00,DET,PIT,DET,PIT,0,814430,Brett Callahan,confirmed,7.0,4.0,677952,0.0,0.0,0.0,0.16666666666666666,0.5,0.3333333333333333,0.0,0.352625,94.8,0.0,0.0,0.0,0.16666666666666666,0.5,0.3333333333333333,0.0,0.352625,94.8,L,0.042134831460674156,0.047752808988764044,0.16853932584269662,0.4444444444444444,0.27808988764044945,0.05337078651685393,0.2965301533866891,100.89133333333334,17.133333333333333,R,0.0,0.0,0.0,0.03,0.06,0.0,0,PNC Park,77.7,50.0,5.4,0.0,0.0,0.8512642972961129,0.058946813398998765,1596,,,,,,,,0.5,,,PASS
824723,2026-08-18 23:10:00+00:00,ARI,BOS,ARI,BOS,0,699912,Jose Fernandez,confirmed,8.0,3.85,624133,0.01775147928994083,0.029585798816568046,0.023696682464454975,0.11242603550295859,0.15976331360946747,0.21893491124260356,0.04142011834319527,0.2716531581395349,96.07418604651161,0.0,0.017543859649122806,0.013888888888888888,0.10526315789473684,0.10526315789473684,0.21052631578947367,0.03508771929824561,0.2286118277777778,94.46266666666666,R,0.009584664536741214,0.019169329073482427,0.12460063897763578,0.4543147208121827,0.25878594249201275,0.07028753993610223,0.2962892590766267,98.9526666666667,14.466666666666667,L,0.0,0.0,0.0,0.03,0.06,0.0,0,Fenway Park,71.7,82.0,7.5,0.0,0.0,0.899985306362345,0.05857318344481531,1607,,,,,,,,0.5,,,PASS
823423,2026-08-18 22:40:00+00:00,MIA,PHI,MIA,PHI,0,640459,Brian Navarreto,confirmed,9.0,3.7,554430,0.034482758620689655,0.06896551724137931,0.06451612903225806,0.10344827586206896,0.13793103448275862,0.3103448275862069,0.034482758620689655,0.21749912037037036,85.03999999999999,0.034482758620689655,0.06896551724137931,0.06451612903225806,0.10344827586206896,0.13793103448275862,0.3103448275862069,0.034482758620689655,0.21749912037037036,85.03999999999999,R,0.038922155688622756,0.029940119760479042,0.15269461077844312,0.5379146919431279,0.3203592814371258,0.0658682634730539,0.24077909029672503,99.09266666666667,16.533333333333335,R,0.0,0.0,0.0,0.03,0.06,0.0,1,Citizens Bank Park,78.5,86.0,3.0,0.0,0.0,1.079982367634814,0.05701514287523265,1654,,,,,,,,0.5,,,PASS
823423,2026-08-18 22:40:00+00:00,MIA,PHI,MIA,PHI,0,691594,Javier Sanoja,confirmed,8.0,3.85,554430,0.021367521367521368,0.02564102564102564,0.017391304347826087,0.13247863247863248,0.2264957264957265,0.0641025641025641,0.038461538461538464,0.2809279966666666,95.1515,0.03508771929824561,0.07017543859649122,0.05063291139240506,0.19298245614035087,0.3333333333333333,0.08771929824561403,0.07017543859649122,0.3092411422222222,96.44933333333334,R,0.038922155688622756,0.029940119760479042,0.15269461077844312,0.5379146919431279,0.3203592814371258,0.0658682634730539,0.24077909029672503,99.09266666666667,16.533333333333335,R,6.0,0.0,0.0,0.02608695652173913,0.05217391304347826,0.13043478260869565,1,Citizens Bank Park,78.5,86.0,3.0,0.0,0.0,1.079982367634814,0.05687935694140026,1658,,,,,,,,0.5,,,PASS
824075,2026-08-18 23:40:00+00:00,ATH,KC,KC,ATH,1,664728,Kyle Isbel,confirmed,9.0,3.7,678022,0.01904761904761905,0.01904761904761905,0.014492753623188406,0.12857142857142856,0.22857142857142856,0.20476190476190476,0.05714285714285714,0.2671283136111111,94.29166666666667,0.01818181818181818,0.0,0.0,0.09090909090909091,0.2,0.18181818181818182,0.07272727272727272,0.23656036555555557,94.342,L,0.0546218487394958,0.07142857142857142,0.18067226890756302,0.5400696864111498,0.24789915966386555,0.09663865546218488,0.33893644161871683,100.92272727272729,13.727272727272727,R,0.0,0.0,0.0,0.03,0.06,0.0,0,Kauffman Stadium,83.4,61.0,5.3,0.0,0.0,1.0760263882661885,0.05677864706690601,1661,,,,,,,,0.5,,,PASS
824723,2026-08-18 23:10:00+00:00,ARI,BOS,ARI,BOS,0,691783,Jordan Lawlar,confirmed,6.0,4.15,624133,0.020833333333333332,0.020833333333333332,0.016666666666666666,0.0625,0.22916666666666666,0.2708333333333333,0.0625,0.3258473076923077,94.51923076923077,0.020833333333333332,0.020833333333333332,0.016666666666666666,0.0625,0.22916666666666666,0.2708333333333333,0.0625,0.3258473076923077,94.51923076923077,R,0.009584664536741214,0.019169329073482427,0.12460063897763578,0.4543147208121827,0.25878594249201275,0.07028753993610223,0.2962892590766267,98.9526666666667,14.466666666666667,L,0.0,0.0,0.0,0.03,0.06,0.0,0,Fenway Park,71.7,82.0,7.5,0.0,0.0,0.899985306362345,0.056755878734469516,1662,,,,,,,,0.5,,,PASS
822859,2026-08-19 00:05:00+00:00,WSH,TEX,WSH,TEX,0,678391,Jorbit Vivas,confirmed,6.0,4.15,615698,0.0136986301369863,0.0228310502283105,0.0176678445229682,0.1232876712328767,0.2831050228310502,0.1278538812785388,0.1187214611872146,0.30377195472222224,91.548,0.0,0.0,0.0,0.0784313725490196,0.27450980392156865,0.17647058823529413,0.19607843137254902,0.2962199888888889,87.64133333333334,L,0.038461538461538464,0.05128205128205128,0.10256410256410256,0.5194174757281553,0.1858974358974359,0.057692307692307696,0.2970610675584713,99.3175,14.0,R,0.0,0.0,0.0,0.03,0.06,0.0,0,Globe Life Field,102.7,23.0,11.0,0.0,0.5,1.1503571585082608,0.05604885609680376,1684,,,,,,,,0.5,,,PASS
824475,2026-08-18 22:40:00+00:00,STL,CIN,STL,CIN,0,665877,José Fermín,confirmed,8.0,3.85,671096,0.0182648401826484,0.0136986301369863,0.010067114093959731,0.1689497716894977,0.2694063926940639,0.1324200913242009,0.0867579908675799,0.29551471374269006,94.40280701754386,0.017241379310344827,0.017241379310344827,0.01282051282051282,0.15517241379310345,0.22413793103448276,0.08620689655172414,0.1206896551724138,0.3526302522222223,95.54533333333335,R,0.031161473087818695,0.056657223796033995,0.1671388101983003,0.5957894736842105,0.18980169971671387,0.11614730878186968,0.32698629300316373,101.20533333333334,16.133333333333333,L,3.0,0.0,0.0,0.027906976744186046,0.05581395348837209,0.06976744186046512,0,Great American Ball Park,81.8,44.0,5.7,0.0,0.0,0.9783513738551208,0.05346247468659222,1770,,,,,,,,0.5,,,PASS
822859,2026-08-19 00:05:00+00:00,WSH,TEX,TEX,WSH,1,694497,Evan Carter,confirmed,9.0,3.7,800600,0.0182648401826484,0.0273972602739726,0.02553191489361702,0.1187214611872146,0.1598173515981735,0.2420091324200913,0.1187214611872146,0.275178285,92.43966101694915,0.0,0.03636363636363636,0.038461538461538464,0.10909090909090909,0.12727272727272726,0.2545454545454545,0.07272727272727272,0.23768863888888886,91.37666666666665,L,0.0,0.0,0.0,0.35294117647058826,0.3157894736842105,0.2631578947368421,0.3478121052631579,100.96000000000001,12.0,L,0.0,0.0,0.0,0.03,0.06,0.0,1,Globe Life Field,102.7,23.0,11.0,0.0,0.5,1.1503571585082608,0.05222186390287014,1815,,,,,,,,0.5,,,PASS
823341,2026-08-18 22:40:00+00:00,DET,PIT,DET,PIT,0,656716,Zach McKinstry,confirmed,5.0,4.3,677952,0.01276595744680851,0.02127659574468085,0.015337423312883436,0.11914893617021277,0.3021276595744681,0.13191489361702127,0.1148936170212766,0.31946106555555553,92.43016666666664,0.0,0.016666666666666666,0.01098901098901099,0.2,0.3333333333333333,0.06666666666666667,0.13333333333333333,0.36667112333333324,92.87866666666667,L,0.042134831460674156,0.047752808988764044,0.16853932584269662,0.4444444444444444,0.27808988764044945,0.05337078651685393,0.2965301533866891,100.89133333333334,17.133333333333333,R,0.0,0.0,0.0,0.03,0.06,0.0,0,PNC Park,77.7,50.0,5.4,0.0,0.0,0.8512642972961129,0.0520433139967977,1821,,,,,,,,0.5,,,PASS
824398,2026-08-18 22:40:00+00:00,SF,CLE,SF,CLE,0,683766,Christian Koss,confirmed,9.0,3.7,656492,0.0,0.04054054054054054,0.03260869565217391,0.12162162162162163,0.25675675675675674,0.22972972972972974,0.013513513513513514,0.23287876190476187,91.27952380952381,0.0,0.05555555555555555,0.04411764705882353,0.14814814814814814,0.2777777777777778,0.25925925925925924,0.0,0.24590777777777778,94.374,R,0.039660056657223795,0.05099150141643059,0.1813031161473088,0.5100401606425703,0.21529745042492918,0.042492917847025496,0.30578710329460734,101.09600000000002,17.4,L,0.0,0.0,0.0,0.03,0.06,0.0,0,Progressive Field,77.3,48.0,6.1,0.0,0.0,1.1201602830974189,0.05157708591902642,1839,,,,,,,,0.5,,,PASS
822938,2026-08-18 22:40:00+00:00,TOR,TB,TB,TOR,1,680700,Richie Palacios,confirmed,8.0,3.85,667755,0.013333333333333334,0.022222222222222223,0.01639344262295082,0.14222222222222222,0.24444444444444444,0.17333333333333334,0.12,0.3027893894444444,92.69399999999999,0.018867924528301886,0.018867924528301886,0.01282051282051282,0.22641509433962265,0.2830188679245283,0.20754716981132076,0.18867924528301888,0.33742225333333337,95.11866666666667,L,0.023668639053254437,0.047337278106508875,0.12130177514792899,0.36519607843137253,0.21597633136094674,0.1242603550295858,0.3383443113892214,101.34800000000001,15.333333333333334,R,2.0,0.0,0.0,0.02857142857142857,0.05714285714285714,0.047619047619047616,0,Tropicana Field,86.7,73.0,10.0,0.0,1.0,1.0583285858275997,0.05129655312781122,1849,,,,,,,,0.5,,,PASS
823667,2026-08-18 23:40:00+00:00,ATL,MIN,MIN,ATL,1,702176,Alan Roden,confirmed,8.0,3.85,641816,0.0,0.03389830508474576,0.025,0.15254237288135594,0.2711864406779661,0.13559322033898305,0.13559322033898305,0.3299638416666667,94.38888888888887,0.0,0.02040816326530612,0.015873015873015872,0.10204081632653061,0.24489795918367346,0.12244897959183673,0.14285714285714285,0.3351111211111111,93.83133333333333,L,0.026865671641791045,0.03283582089552239,0.14626865671641792,0.5501165501165501,0.23582089552238805,0.07462686567164178,0.2836777842297138,100.262,15.933333333333334,R,0.0,0.0,0.0,0.03,0.06,0.0,0,Target Field,80.0,39.0,9.4,0.0,0.0,0.7132214382751216,0.05034225181471969,1886,,,,,,,,0.5,,,PASS
823667,2026-08-18 23:40:00+00:00,ATL,MIN,ATL,MIN,0,643289,Mauricio Dubón,confirmed,8.0,3.85,805673,0.027888446215139442,0.027888446215139442,0.0170316301703163,0.13147410358565736,0.3745019920318725,0.099601593625498,0.055776892430278883,0.31872532416666666,94.54933333333335,0.0,0.0,0.0,0.06896551724137931,0.5344827586206896,0.05172413793103448,0.034482758620689655,0.2925329388888889,93.90866666666668,R,0.049586776859504134,0.0881542699724518,0.22589531680440772,0.5254237288135594,0.19834710743801653,0.07988980716253444,0.33945136893421235,102.22933333333336,16.533333333333335,R,0.0,0.0,0.0,0.03,0.06,0.0,1,Target Field,80.0,39.0,9.4,0.0,0.0,0.7132214382751216,0.04944121617891143,1923,,,,,,,,0.5,,,PASS
824723,2026-08-18 23:10:00+00:00,ARI,BOS,ARI,BOS,0,814439,Ryan Waldschmidt,confirmed,9.0,3.7,624133,0.009478672985781991,0.04265402843601896,0.03982300884955752,0.13270142180094788,0.24170616113744076,0.2985781990521327,0.06635071090047394,0.2983824895833334,93.10785714285716,0.017857142857142856,0.017857142857142856,0.014925373134328358,0.05357142857142857,0.23214285714285715,0.17857142857142858,0.08928571428571429,0.3422172233333333,93.32466666666667,R,0.009584664536741214,0.019169329073482427,0.12460063897763578,0.4543147208121827,0.25878594249201275,0.07028753993610223,0.2962892590766267,98.9526666666667,14.466666666666667,L,0.0,0.0,0.0,0.03,0.06,0.0,0,Fenway Park,71.7,82.0,7.5,0.0,0.0,0.899985306362345,0.04930686226716199,1928,,,,,,,,0.5,,,PASS
822938,2026-08-18 22:40:00+00:00,TOR,TB,TB,TOR,1,670764,Taylor Walls,confirmed,9.0,3.7,667755,0.00881057268722467,0.01762114537444934,0.014814814814814815,0.1013215859030837,0.2511013215859031,0.24669603524229075,0.1013215859030837,0.25428557777777777,91.16716666666666,0.03508771929824561,0.0,0.0,0.05263157894736842,0.2982456140350877,0.15789473684210525,0.08771929824561403,0.24998205444444446,91.07533333333335,R,0.023668639053254437,0.047337278106508875,0.12130177514792899,0.36519607843137253,0.21597633136094674,0.1242603550295858,0.3383443113892214,101.34800000000001,15.333333333333334,R,2.0,0.0,0.0,0.02857142857142857,0.05714285714285714,0.047619047619047616,1,Tropicana Field,86.7,73.0,10.0,0.0,1.0,1.0583285858275997,0.049268146556676676,1930,,,,,,,,0.5,,,PASS
822938,2026-08-18 22:40:00+00:00,TOR,TB,TB,TOR,1,689414,Liam Hicks,confirmed,5.0,4.3,667755,0.026022304832713755,0.022304832713754646,0.018633540372670808,0.08550185873605948,0.16728624535315986,0.09665427509293681,0.11895910780669144,0.2932188052777778,92.85766666666667,0.03076923076923077,0.03076923076923077,0.02564102564102564,0.09230769230769231,0.2,0.06153846153846154,0.16923076923076924,0.3386712488888889,90.86666666666666,L,0.023668639053254437,0.047337278106508875,0.12130177514792899,0.36519607843137253,0.21597633136094674,0.1242603550295858,0.3383443113892214,101.34800000000001,15.333333333333334,R,0.0,0.0,0.0,0.03,0.06,0.0,0,Tropicana Field,86.7,73.0,10.0,0.0,1.0,1.0583285858275997,0.048587420248706034,1958,,,,,,,,0.5,,,PASS
823423,2026-08-18 22:40:00+00:00,MIA,PHI,PHI,MIA,1,702222,Justin Crawford,confirmed,9.0,3.7,806188,0.0,0.009569377990430622,0.00641025641025641,0.11483253588516747,0.2583732057416268,0.15789473684210525,0.04784688995215311,0.27036432722222226,94.86762711864407,0.0,0.04,0.028985507246376812,0.16,0.22,0.08,0.06,0.30615727111111113,97.884,L,,,,,,,,,,,2.0,0.0,0.0,0.02857142857142857,0.05714285714285714,0.047619047619047616,0,Citizens Bank Park,78.5,86.0,3.0,0.0,0.0,1.079982367634814,0.0469318463269881,2031,,,,,,,,0.5,,,PASS
822859,2026-08-19 00:05:00+00:00,WSH,TEX,WSH,TEX,0,683083,Nasim Nuñez,confirmed,8.0,3.85,615698,0.0045045045045045045,0.0045045045045045045,0.0033003300330033004,0.07207207207207207,0.22522522522522523,0.21171171171171171,0.0990990990990991,0.27704341222222223,90.83183333333334,0.0,0.0,0.0,0.05084745762711865,0.13559322033898305,0.2033898305084746,0.11864406779661017,0.25477416666666663,92.25333333333333,R,0.038461538461538464,0.05128205128205128,0.10256410256410256,0.5194174757281553,0.1858974358974359,0.057692307692307696,0.2970610675584713,99.3175,14.0,R,0.0,0.0,0.0,0.03,0.06,0.0,1,Globe Life Field,102.7,23.0,11.0,0.0,0.5,1.1503571585082608,0.04682271173119513,2036,,,,,,,,0.5,,,PASS
824398,2026-08-18 22:40:00+00:00,SF,CLE,CLE,SF,1,680757,Steven Kwan,confirmed,1.0,4.75,687931,0.004081632653061225,0.0,0.0,0.044897959183673466,0.3224489795918367,0.08979591836734693,0.10204081632653061,0.34280122527777773,90.42116666666668,0.014084507042253521,0.0,0.0,0.056338028169014086,0.38028169014084506,0.08450704225352113,0.1267605633802817,0.3417379688888889,91.03533333333333,L,0.03076923076923077,0.05384615384615385,0.2230769230769231,0.48026315789473684,0.16923076923076924,0.13846153846153847,0.36694868660915575,101.375,13.833333333333334,L,0.0,0.0,0.0,0.03,0.06,0.0,1,Progressive Field,77.3,48.0,6.1,0.0,0.0,1.1201602830974189,0.0456606930026367,2090,,,,,,,,0.5,,,PASS
823749,2026-08-18 23:40:00+00:00,SEA,MIL,SEA,MIL,0,645302,Victor Robles,confirmed,8.0,3.85,690986,0.0,0.015748031496062992,0.0111731843575419,0.12598425196850394,0.2755905511811024,0.1732283464566929,0.03937007874015748,0.27548278,91.81028571428571,0.0,0.0,0.0,0.12280701754385964,0.3333333333333333,0.15789473684210525,0.05263157894736842,0.31111714222222214,89.86999999999999,R,0.035830618892508145,0.04560260586319218,0.13680781758957655,0.5577395577395577,0.3127035830618892,0.05537459283387622,0.26599142303672346,98.16866666666667,15.133333333333333,L,0.0,0.0,0.0,0.03,0.06,0.0,0,American Family Field,79.2,59.0,6.5,0.0,0.5,0.9289134054954205,0.04352965830120103,2197,,,,,,,,0.5,,,PASS
824154,2026-08-19 00:10:00+00:00,LAA,HOU,LAA,HOU,0,623168,Tyler Heineman,confirmed,9.0,3.7,664299,0.0070921985815602835,0.0070921985815602835,0.005025125628140704,0.07801418439716312,0.2624113475177305,0.15602836879432624,0.03546099290780142,0.24824224806201553,88.61953488372093,0.0,0.0,0.0,0.09803921568627451,0.2549019607843137,0.058823529411764705,0.0392156862745098,0.27394548888888887,89.68666666666668,L,0.044642857142857144,0.07142857142857142,0.22321428571428573,0.668918918918919,0.10714285714285714,0.11607142857142858,0.40179836160714283,102.85666666666667,11.666666666666666,R,2.0,0.0,0.0,0.02857142857142857,0.05714285714285714,0.047619047619047616,0,Daikin Park,87.0,61.0,9.5,0.0,0.5,1.0491257285595337,0.04341307033100139,2203,,,,,,,,0.5,,,PASS
823341,2026-08-18 22:40:00+00:00,DET,PIT,DET,PIT,0,595879,Javier Báez,confirmed,9.0,3.7,677952,0.014285714285714285,0.014285714285714285,0.0111731843575419,0.1,0.18571428571428572,0.18571428571428572,0.02857142857142857,0.2709929959459459,93.45459459459457,0.0,0.0,0.0,0.08196721311475409,0.13114754098360656,0.16393442622950818,0.03278688524590164,0.23713801777777777,94.33266666666668,R,0.042134831460674156,0.047752808988764044,0.16853932584269662,0.4444444444444444,0.27808988764044945,0.05337078651685393,0.2965301533866891,100.89133333333334,17.133333333333333,R,0.0,0.0,0.0,0.03,0.06,0.0,1,PNC Park,77.7,50.0,5.4,0.0,0.0,0.8512642972961129,0.04295705031940452,2228,,,,,,,,0.5,,,PASS
823749,2026-08-18 23:40:00+00:00,SEA,MIL,MIL,SEA,1,666152,David Hamilton,confirmed,9.0,3.7,682243,0.014150943396226415,0.02358490566037736,0.020080321285140562,0.12264150943396226,0.22641509433962265,0.2358490566037736,0.08018867924528301,0.24355515111111112,88.50050000000003,0.0,0.018518518518518517,0.016666666666666666,0.1111111111111111,0.16666666666666666,0.18518518518518517,0.12962962962962962,0.2880571244444444,88.61933333333333,L,0.04153354632587859,0.04792332268370607,0.19169329073482427,0.5720524017467249,0.25559105431309903,0.051118210862619806,0.25416881547091796,99.88214285714287,16.857142857142858,R,0.0,0.0,0.0,0.03,0.06,0.0,0,American Family Field,79.2,59.0,6.5,0.0,0.5,0.9289134054954205,0.03875297250990122,2480,,,,,,,,0.5,,,PASS
822938,2026-08-18 22:40:00+00:00,TOR,TB,TB,TOR,1,802415,Chandler Simpson,confirmed,1.0,4.75,667755,0.0,0.0,0.0,0.012244897959183673,0.23673469387755103,0.06938775510204082,0.036734693877551024,0.26135490694444447,90.43416666666668,0.0,0.0,0.0,0.014925373134328358,0.31343283582089554,0.04477611940298507,0.014925373134328358,0.2690651466666667,90.92533333333333,L,0.023668639053254437,0.047337278106508875,0.12130177514792899,0.36519607843137253,0.21597633136094674,0.1242603550295858,0.3383443113892214,101.34800000000001,15.333333333333334,R,2.0,0.0,0.0,0.02857142857142857,0.05714285714285714,0.047619047619047616,0,Tropicana Field,86.7,73.0,10.0,0.0,1.0,1.0583285858275997,0.03125180607679264,3100,,,,,,,,0.5,,,PASS
822859,2026-08-19 00:05:00+00:00,WSH,TEX,TEX,WSH,1,683227,Cody Freeman,confirmed,8.0,3.85,800600,0.0,0.0,0.0,0.0,0.10526315789473684,0.21052631578947367,0.10526315789473684,0.16208628,85.332,0.0,0.0,0.0,0.0,0.10526315789473684,0.21052631578947367,0.10526315789473684,0.16208628,85.332,R,0.0,0.0,0.0,0.35294117647058826,0.3157894736842105,0.2631578947368421,0.3478121052631579,100.96000000000001,12.0,L,0.0,0.0,0.0,0.03,0.06,0.0,0,Globe Life Field,102.7,23.0,11.0,0.0,0.5,1.1503571585082608,0.02797603839176318,3474,,,,,,,,0.5,,,PASS
