game_pk,game_datetime,away_team,home_team,team,opponent,is_home,player_id,player_name,lineup_status,batting_order,expected_pa,opposing_starter_id,batter_hr_pa_long,batter_barrel_pa_long,batter_barrel_bbe_long,batter_hard_air_pa_long,batter_sweet_pa_long,batter_k_rate_long,batter_bb_rate_long,batter_xwoba_long,batter_ev90_long,batter_hr_pa_recent,batter_barrel_pa_recent,batter_barrel_bbe_recent,batter_hard_air_pa_recent,batter_sweet_pa_recent,batter_k_rate_recent,batter_bb_rate_recent,batter_xwoba_recent,batter_ev90_recent,batter_hand,pitcher_hr_bf,pitcher_barrel_bf,pitcher_hard_air_bf,pitcher_fly_rate,pitcher_k_rate,pitcher_bb_rate,pitcher_xwoba,pitcher_ev90,pitcher_outs,opposing_pitcher_hand,bvp_pa,bvp_hr,bvp_barrels,bvp_hr_shrunk,bvp_barrel_shrunk,bvp_reliability,same_hand,venue,temperature_f,humidity_pct,wind_speed_mph,precipitation_in,roof_control_factor,park_hr_factor,home_run_probability,fair_odds,point,over_odds,under_odds,over_no_vig_probability,under_no_vig_probability,over_book,under_book,line,market_edge,ev_per_unit,signal
822699,2026-08-07 22:45:00+00:00,CIN,WSH,WSH,CIN,1,694673,Abimelec Ortiz,confirmed,2.0,4.65,695534,0.1,0.1,0.0625,0.4,0.4,0.2,0.0,0.45974444444444446,99.57333333333334,0.1,0.1,0.0625,0.4,0.4,0.2,0.0,0.45974444444444446,99.57333333333334,L,0.044444444444444446,0.06666666666666667,0.26666666666666666,0.4482758620689655,0.044444444444444446,0.06666666666666667,0.41555317588932805,102.75,16.0,R,0.0,0.0,0.0,0.03,0.06,0.0,0,Nationals Park,85.7,70.0,8.8,0.0,0.0,1.3667733333333332,0.23187218711428598,331,,,,,,,,0.5,,,HR WATCH
822699,2026-08-07 22:45:00+00:00,CIN,WSH,WSH,CIN,1,682928,CJ Abrams,confirmed,1.0,4.75,695534,0.06538461538461539,0.06923076923076923,0.05405405405405406,0.2423076923076923,0.23461538461538461,0.25,0.07307692307692308,0.31192501972222225,97.02416666666666,0.06060606060606061,0.06060606060606061,0.05333333333333334,0.18181818181818182,0.18181818181818182,0.30303030303030304,0.09090909090909091,0.29948655444444444,95.81333333333332,L,0.044444444444444446,0.06666666666666667,0.26666666666666666,0.4482758620689655,0.044444444444444446,0.06666666666666667,0.41555317588932805,102.75,16.0,R,0.0,0.0,0.0,0.03,0.06,0.0,0,Nationals Park,85.7,70.0,8.8,0.0,0.0,1.3667733333333332,0.22262888264447464,349,,,,,,,,0.5,,,HR WATCH
824566,2026-08-07 23:40:00+00:00,CLE,CWS,CWS,CLE,1,808959,Munetaka Murakami,confirmed,2.0,4.65,800048,0.07037037037037037,0.0962962962962963,0.1015625,0.2518518518518518,0.1814814814814815,0.34074074074074073,0.15925925925925927,0.35035284781746034,98.64766666666667,0.057971014492753624,0.10144927536231885,0.109375,0.2608695652173913,0.2463768115942029,0.34782608695652173,0.13043478260869565,0.35121208571428575,98.84200000000001,L,0.019444444444444445,0.03333333333333333,0.15555555555555556,0.5206971677559913,0.23333333333333334,0.075,0.2783678674242434,100.33,17.6,L,0.0,0.0,0.0,0.03,0.06,0.0,1,Rate Field,80.9,75.0,1.2,0.0,0.0,0.75835,0.2169330229710819,361,,,,,,,,0.5,,,HR WATCH
822699,2026-08-07 22:45:00+00:00,CIN,WSH,WSH,CIN,1,691781,Brady House,confirmed,3.0,4.55,695534,0.031413612565445025,0.07853403141361257,0.06550218340611354,0.17277486910994763,0.23036649214659685,0.2879581151832461,0.06806282722513089,0.3099268140151515,98.37227272727273,0.01639344262295082,0.08196721311475409,0.06578947368421052,0.21311475409836064,0.26229508196721313,0.29508196721311475,0.04918032786885246,0.31693049333333334,98.68599999999999,R,0.044444444444444446,0.06666666666666667,0.26666666666666666,0.4482758620689655,0.044444444444444446,0.06666666666666667,0.41555317588932805,102.75,16.0,R,0.0,0.0,0.0,0.03,0.06,0.0,1,Nationals Park,85.7,70.0,8.8,0.0,0.0,1.3667733333333332,0.21391693538923934,367,,,,,,,,0.5,,,HR WATCH
823349,2026-08-07 22:40:00+00:00,NYM,PIT,PIT,NYM,1,699013,Esmerlyn Valdez,confirmed,4.0,4.45,804267,0.07303370786516854,0.11235955056179775,0.11494252873563218,0.20224719101123595,0.2303370786516854,0.3651685393258427,0.15730337078651685,0.3415698612403101,97.0802380952381,0.016129032258064516,0.04838709677419355,0.061224489795918366,0.11290322580645161,0.1774193548387097,0.3548387096774194,0.24193548387096775,0.3310431911111111,93.11428571428574,R,0.022388059701492536,0.07462686567164178,0.23134328358208955,0.4708994708994709,0.1791044776119403,0.07462686567164178,0.340505250106153,102.21,16.833333333333332,L,0.0,0.0,0.0,0.03,0.06,0.0,0,PNC Park,79.5,82.0,4.1,0.0,0.0,1.08784,0.20750656604099776,382,,,,,,,,0.5,,,HR WATCH
822863,2026-08-08 00:15:00+00:00,BAL,TEX,TEX,BAL,1,592626,Joc Pederson,confirmed,1.0,4.75,669358,0.07692307692307693,0.08974358974358974,0.07291666666666667,0.23931623931623933,0.24358974358974358,0.2222222222222222,0.11538461538461539,0.38475113555555557,97.529,0.08771929824561403,0.07017543859649122,0.057971014492753624,0.2807017543859649,0.22807017543859648,0.22807017543859648,0.07017543859649122,0.3421419388888889,98.47,L,0.013297872340425532,0.0398936170212766,0.2074468085106383,0.5028248587570622,0.2074468085106383,0.07712765957446809,0.308596164217463,101.12066666666666,17.6,R,0.0,0.0,0.0,0.03,0.06,0.0,0,Globe Life Field,99.5,27.0,9.0,0.0,0.5,1.1230736842105262,0.19596422215796847,410,,,,,,,,0.5,,,HR WATCH
823836,2026-08-07 23:10:00+00:00,LAA,MIA,MIA,LAA,1,669065,Kyle Stowers,confirmed,1.0,4.75,691946,0.04980842911877394,0.07662835249042145,0.06711409395973154,0.2567049808429119,0.24521072796934865,0.3371647509578544,0.08812260536398467,0.329005358888889,99.45283333333333,0.0625,0.078125,0.06666666666666667,0.375,0.25,0.296875,0.09375,0.34669761666666665,99.46266666666666,L,0.03125,0.125,0.1875,0.3448275862068966,0.1875,0.3125,0.4722959375,102.21000000000001,7.0,R,0.0,0.0,0.0,0.03,0.06,0.0,0,loanDepot park,83.7,84.0,5.2,0.0,0.5,0.9065333333333332,0.1948541428717219,413,,,,,,,,0.5,,,HR WATCH
823349,2026-08-07 22:40:00+00:00,NYM,PIT,PIT,NYM,1,664040,Brandon Lowe,confirmed,2.0,4.65,804267,0.04044117647058824,0.07720588235294118,0.06287425149700598,0.19852941176470587,0.23897058823529413,0.31985294117647056,0.0661764705882353,0.3002392811111111,96.93499999999999,0.046153846153846156,0.09230769230769231,0.08,0.15384615384615385,0.23076923076923078,0.3230769230769231,0.07692307692307693,0.30922019777777776,95.56866666666664,L,0.022388059701492536,0.07462686567164178,0.23134328358208955,0.4708994708994709,0.1791044776119403,0.07462686567164178,0.340505250106153,102.21,16.833333333333332,L,0.0,0.0,0.0,0.03,0.06,0.0,1,PNC Park,79.5,82.0,4.1,0.0,0.0,1.08784,0.19202638457428423,421,,,,,,,,0.5,,,HR WATCH
823349,2026-08-07 22:40:00+00:00,NYM,PIT,NYM,PIT,0,596019,Francisco Lindor,confirmed,2.0,4.65,669387,0.038910505836575876,0.06614785992217899,0.0480225988700565,0.2607003891050584,0.245136186770428,0.19844357976653695,0.09727626459143969,0.3403798718390804,98.5898275862069,0.057971014492753624,0.057971014492753624,0.041666666666666664,0.2463768115942029,0.2608695652173913,0.2898550724637681,0.10144927536231885,0.3359053944444445,97.27333333333333,R,0.015384615384615385,0.05641025641025641,0.22564102564102564,0.46825396825396826,0.2,0.07692307692307693,0.35293512561918267,103.61222222222221,14.444444444444445,R,3.0,0.0,0.0,0.027906976744186046,0.05581395348837209,0.06976744186046512,1,PNC Park,79.5,82.0,4.1,0.0,0.0,1.08784,0.19149176437835208,422,,,,,,,,0.5,,,HR WATCH
822863,2026-08-08 00:15:00+00:00,BAL,TEX,TEX,BAL,1,608369,Corey Seager,confirmed,3.0,4.55,669358,0.04184100418410042,0.08786610878661087,0.07553956834532374,0.1799163179916318,0.200836820083682,0.26778242677824265,0.1297071129707113,0.33161592484848496,98.0110909090909,0.046153846153846156,0.06153846153846154,0.05063291139240506,0.2,0.23076923076923078,0.26153846153846155,0.13846153846153847,0.3152786666666667,97.74533333333333,L,0.013297872340425532,0.0398936170212766,0.2074468085106383,0.5028248587570622,0.2074468085106383,0.07712765957446809,0.308596164217463,101.12066666666666,17.6,R,0.0,0.0,0.0,0.03,0.06,0.0,0,Globe Life Field,99.5,27.0,9.0,0.0,0.5,1.1230736842105262,0.18879494758270762,430,,,,,,,,0.5,,,HR WATCH
823750,2026-08-07 23:40:00+00:00,MIN,MIL,MIL,MIN,1,641343,Jake Bauers,confirmed,3.0,4.55,805673,0.056,0.088,0.08333333333333333,0.228,0.208,0.268,0.156,0.38088598861111117,99.30627118644068,0.03333333333333333,0.08333333333333333,0.08333333333333333,0.25,0.2,0.23333333333333334,0.15,0.3723693866666667,99.76666666666667,L,0.04678362573099415,0.08771929824561403,0.21929824561403508,0.5279642058165548,0.20175438596491227,0.07602339181286549,0.32961395814379896,101.77642857142858,17.071428571428573,R,0.0,0.0,0.0,0.03,0.06,0.0,0,American Family Field,84.8,58.0,10.1,0.0,0.5,0.9623199999999998,0.18752693867416448,433,,,,,,,,0.5,,,HR WATCH
824081,2026-08-08 00:10:00+00:00,CHC,KC,KC,CHC,1,695506,Jac Caglianone,confirmed,3.0,4.55,592332,0.05220883534136546,0.08433734939759036,0.06158357771260997,0.2289156626506024,0.20481927710843373,0.25301204819277107,0.060240963855421686,0.3557523988888889,101.40216666666667,0.05,0.08333333333333333,0.0641025641025641,0.25,0.15,0.16666666666666666,0.03333333333333333,0.35022519999999996,103.34200000000003,L,0.028089887640449437,0.05056179775280899,0.19382022471910113,0.554639175257732,0.23595505617977527,0.07584269662921349,0.31680794399732076,100.71133333333334,15.933333333333334,R,0.0,0.0,0.0,0.03,0.06,0.0,0,Kauffman Stadium,85.2,52.0,4.8,0.0,0.0,1.0320533333333333,0.18725729283585335,434,,,,,,,,0.5,,,HR WATCH
822699,2026-08-07 22:45:00+00:00,CIN,WSH,CIN,WSH,0,701398,Sal Stewart,confirmed,2.0,4.65,676917,0.04961832061068702,0.08015267175572519,0.06818181818181818,0.2099236641221374,0.21374045801526717,0.24427480916030533,0.08396946564885496,0.30755599277777773,97.11549999999998,0.07692307692307693,0.07692307692307693,0.056818181818181816,0.15384615384615385,0.3076923076923077,0.2923076923076923,0.09230769230769231,0.3133636633333333,95.07533333333335,R,0.03273809523809524,0.044642857142857144,0.15773809523809523,0.4696629213483146,0.2648809523809524,0.05654761904761905,0.3035736303961077,100.92266666666666,16.266666666666666,R,0.0,0.0,0.0,0.03,0.06,0.0,1,Nationals Park,85.7,70.0,8.8,0.0,0.0,1.3667733333333332,0.18519561921985772,440,,,,,,,,0.5,,,HR WATCH
822699,2026-08-07 22:45:00+00:00,CIN,WSH,CIN,WSH,0,682829,Elly De La Cruz,confirmed,1.0,4.75,676917,0.03296703296703297,0.08791208791208792,0.0802675585284281,0.18681318681318682,0.24175824175824176,0.2600732600732601,0.10622710622710622,0.3639132177777777,100.22266666666665,0.043478260869565216,0.08695652173913043,0.07792207792207792,0.21739130434782608,0.2028985507246377,0.2463768115942029,0.15942028985507245,0.37621836000000003,98.80533333333331,L,0.03273809523809524,0.044642857142857144,0.15773809523809523,0.4696629213483146,0.2648809523809524,0.05654761904761905,0.3035736303961077,100.92266666666666,16.266666666666666,R,0.0,0.0,0.0,0.03,0.06,0.0,0,Nationals Park,85.7,70.0,8.8,0.0,0.0,1.3667733333333332,0.18478703659220547,441,,,,,,,,0.5,,,HR WATCH
823515,2026-08-07 23:05:00+00:00,ATL,NYY,NYY,ATL,1,665862,Jazz Chisholm Jr.,confirmed,5.0,4.3,641816,0.05416666666666667,0.07083333333333333,0.059233449477351915,0.22916666666666666,0.16666666666666666,0.325,0.09166666666666666,0.29685097583333336,98.25258620689655,0.06666666666666667,0.06666666666666667,0.05263157894736842,0.2,0.16666666666666666,0.4,0.08333333333333333,0.2842265977777778,98.47333333333334,L,0.03519061583577713,0.04105571847507331,0.12903225806451613,0.550351288056206,0.21700879765395895,0.08797653958944282,0.2983355238047523,100.462,15.733333333333333,R,2.0,0.0,0.0,0.02857142857142857,0.05714285714285714,0.047619047619047616,0,Yankee Stadium,84.0,77.0,13.1,0.0,0.0,1.17152,0.1807692853550164,453,,,,,,,,0.5,,,HR WATCH
823349,2026-08-07 22:40:00+00:00,NYM,PIT,PIT,NYM,1,668804,Bryan Reynolds,confirmed,3.0,4.55,804267,0.040892193308550186,0.08550185873605948,0.07033639143730887,0.1895910780669145,0.27137546468401486,0.26765799256505574,0.12639405204460966,0.3497334411111111,97.203,0.015384615384615385,0.09230769230769231,0.0759493670886076,0.18461538461538463,0.26153846153846155,0.3230769230769231,0.09230769230769231,0.2594621544444444,95.10866666666666,L,0.022388059701492536,0.07462686567164178,0.23134328358208955,0.4708994708994709,0.1791044776119403,0.07462686567164178,0.340505250106153,102.21,16.833333333333332,L,0.0,0.0,0.0,0.03,0.06,0.0,1,PNC Park,79.5,82.0,4.1,0.0,0.0,1.08784,0.18040311162860972,454,,,,,,,,0.5,,,HR WATCH
824081,2026-08-08 00:10:00+00:00,CHC,KC,CHC,KC,0,691718,Pete Crow-Armstrong,confirmed,1.0,4.75,663738,0.0711743772241993,0.08540925266903915,0.06575342465753424,0.2775800711743772,0.298932384341637,0.27402135231316727,0.1387900355871886,0.3883326816666667,97.33166666666666,0.07142857142857142,0.12857142857142856,0.08737864077669903,0.37142857142857144,0.3142857142857143,0.3142857142857143,0.11428571428571428,0.38780108999999996,96.92066666666668,L,,,,,,,,,,,0.0,0.0,0.0,0.03,0.06,0.0,0,Kauffman Stadium,85.2,52.0,4.8,0.0,0.0,1.0320533333333333,0.1794211416045183,457,,,,,,,,0.5,,,HR WATCH
822863,2026-08-08 00:15:00+00:00,BAL,TEX,TEX,BAL,1,694671,Wyatt Langford,confirmed,2.0,4.65,669358,0.050387596899224806,0.05813953488372093,0.04285714285714286,0.2131782945736434,0.22868217054263565,0.22868217054263565,0.06976744186046512,0.30921284944444444,98.09333333333333,0.046875,0.0625,0.047619047619047616,0.28125,0.1875,0.28125,0.09375,0.27479266333333335,98.74133333333334,R,0.013297872340425532,0.0398936170212766,0.2074468085106383,0.5028248587570622,0.2074468085106383,0.07712765957446809,0.308596164217463,101.12066666666666,17.6,R,0.0,0.0,0.0,0.03,0.06,0.0,1,Globe Life Field,99.5,27.0,9.0,0.0,0.5,1.1230736842105262,0.17763581870063722,463,,,,,,,,0.5,,,HR WATCH
823836,2026-08-07 23:10:00+00:00,LAA,MIA,LAA,MIA,0,687263,Zach Neto,confirmed,4.0,4.45,663969,0.0449438202247191,0.0749063670411985,0.0625,0.21722846441947566,0.21348314606741572,0.32209737827715357,0.0749063670411985,0.2890009433333333,96.31183333333335,0.015151515151515152,0.045454545454545456,0.0379746835443038,0.24242424242424243,0.19696969696969696,0.3484848484848485,0.06060606060606061,0.25797346666666665,96.33533333333331,R,0.03879310344827586,0.0603448275862069,0.1810344827586207,0.425,0.15517241379310345,0.08189655172413793,0.35142890889144157,101.41000000000001,13.5,R,0.0,0.0,0.0,0.03,0.06,0.0,1,loanDepot park,83.7,84.0,5.2,0.0,0.5,0.9065333333333332,0.17543647400124626,470,,,,,,,,0.5,,,HR WATCH
823428,2026-08-07 22:40:00+00:00,TOR,PHI,PHI,TOR,1,656941,Kyle Schwarber,confirmed,1.0,4.75,667755,0.04887218045112782,0.04887218045112782,0.04377104377104377,0.2518796992481203,0.18421052631578946,0.34962406015037595,0.15037593984962405,0.3424478966666667,99.34033333333335,0.0,0.0,0.0,0.16923076923076924,0.1076923076923077,0.38461538461538464,0.16923076923076924,0.28893522333333327,95.848,L,0.02586206896551724,0.04885057471264368,0.12643678160919541,0.39849624060150374,0.22413793103448276,0.11781609195402298,0.34099976691782075,101.196,15.6,R,0.0,0.0,0.0,0.03,0.06,0.0,0,Citizens Bank Park,77.5,89.0,7.9,0.0,0.0,1.1567529411764703,0.17520920348816205,471,,,,,,,,0.5,,,HR WATCH
822863,2026-08-08 00:15:00+00:00,BAL,TEX,TEX,BAL,1,607043,Brandon Nimmo,confirmed,4.0,4.45,669358,0.024096385542168676,0.08433734939759036,0.059322033898305086,0.2289156626506024,0.30522088353413657,0.23293172690763053,0.07630522088353414,0.3647801991666666,97.98983333333332,0.04918032786885246,0.01639344262295082,0.009708737864077669,0.16393442622950818,0.3114754098360656,0.19672131147540983,0.09836065573770492,0.3632043833333333,95.02466666666666,L,0.013297872340425532,0.0398936170212766,0.2074468085106383,0.5028248587570622,0.2074468085106383,0.07712765957446809,0.308596164217463,101.12066666666666,17.6,R,0.0,0.0,0.0,0.03,0.06,0.0,0,Globe Life Field,99.5,27.0,9.0,0.0,0.5,1.1230736842105262,0.175207881073729,471,,,,,,,,0.5,,,HR WATCH
823024,2026-08-08 00:15:00+00:00,COL,STL,COL,STL,0,666160,Mickey Moniak,confirmed,3.0,4.55,681517,0.0642570281124498,0.08032128514056225,0.06060606060606061,0.24096385542168675,0.2570281124497992,0.2570281124497992,0.05220883534136546,0.2904050080555555,96.85549999999999,0.06451612903225806,0.04838709677419355,0.03614457831325301,0.22580645161290322,0.24193548387096775,0.22580645161290322,0.03225806451612903,0.25343795888888887,97.42266666666667,L,0.018575851393188854,0.07120743034055728,0.23219814241486067,0.470873786407767,0.21362229102167182,0.07430340557275542,0.32677718863864214,102.37466666666667,15.333333333333334,R,0.0,0.0,0.0,0.03,0.06,0.0,0,Busch Stadium,88.5,57.0,5.4,0.0,0.0,0.65,0.17441176460835764,473,,,,,,,,0.5,,,HR WATCH
823515,2026-08-07 23:05:00+00:00,ATL,NYY,NYY,ATL,1,671218,Heliot Ramos,confirmed,3.0,4.55,641816,0.03557312252964427,0.1067193675889328,0.07780979827089338,0.21739130434782608,0.28063241106719367,0.2450592885375494,0.05138339920948617,0.3366471177777778,97.79883333333333,0.015151515151515152,0.030303030303030304,0.023809523809523808,0.09090909090909091,0.24242424242424243,0.2727272727272727,0.06060606060606061,0.2615946088888889,93.72599999999998,R,0.03519061583577713,0.04105571847507331,0.12903225806451613,0.550351288056206,0.21700879765395895,0.08797653958944282,0.2983355238047523,100.462,15.733333333333333,R,0.0,0.0,0.0,0.03,0.06,0.0,1,Yankee Stadium,84.0,77.0,13.1,0.0,0.0,1.17152,0.17391530775925146,475,,,,,,,,0.5,,,HR WATCH
825051,2026-08-08 01:40:00+00:00,LAD,ARI,ARI,LAD,1,682998,Corbin Carroll,confirmed,2.0,4.65,808963,0.03409090909090909,0.07196969696969698,0.05688622754491018,0.2159090909090909,0.2196969696969697,0.22727272727272727,0.09848484848484848,0.3130277437301587,98.30033333333333,0.028169014084507043,0.09859154929577464,0.0707070707070707,0.36619718309859156,0.22535211267605634,0.19718309859154928,0.11267605633802817,0.3552325093650793,99.80866666666667,L,0.047337278106508875,0.07396449704142012,0.1834319526627219,0.5011086474501109,0.2485207100591716,0.07988165680473373,0.3062842824878776,101.266,16.133333333333333,R,0.0,0.0,0.0,0.03,0.06,0.0,0,Chase Field,105.8,19.0,5.6,0.0,0.5,1.0,0.17268233509185682,479,,,,,,,,0.5,,,HR WATCH
824081,2026-08-08 00:10:00+00:00,CHC,KC,KC,CHC,1,695600,Carter Jensen,confirmed,1.0,4.75,592332,0.033962264150943396,0.06415094339622641,0.05029585798816568,0.19622641509433963,0.21132075471698114,0.2830188679245283,0.07924528301886792,0.27181208654761907,97.11749999999999,0.030303030303030304,0.09090909090909091,0.06896551724137931,0.16666666666666666,0.22727272727272727,0.3333333333333333,0.10606060606060606,0.2614063566666667,95.39133333333335,L,0.028089887640449437,0.05056179775280899,0.19382022471910113,0.554639175257732,0.23595505617977527,0.07584269662921349,0.31680794399732076,100.71133333333334,15.933333333333334,R,0.0,0.0,0.0,0.03,0.06,0.0,0,Kauffman Stadium,85.2,52.0,4.8,0.0,0.0,1.0320533333333333,0.17084474252798545,485,,,,,,,,0.5,,,HR WATCH
822699,2026-08-07 22:45:00+00:00,CIN,WSH,WSH,CIN,1,695734,Daylen Lile,confirmed,4.0,4.45,695534,0.028,0.06,0.03978779840848806,0.188,0.3,0.192,0.044,0.2797936613888889,94.54816666666669,0.0625,0.0625,0.0449438202247191,0.1875,0.265625,0.265625,0.0625,0.28285373222222226,94.02333333333333,L,0.044444444444444446,0.06666666666666667,0.26666666666666666,0.4482758620689655,0.044444444444444446,0.06666666666666667,0.41555317588932805,102.75,16.0,R,0.0,0.0,0.0,0.03,0.06,0.0,0,Nationals Park,85.7,70.0,8.8,0.0,0.0,1.3667733333333332,0.16974019884883573,489,,,,,,,,0.5,,,HR WATCH
822863,2026-08-08 00:15:00+00:00,BAL,TEX,BAL,TEX,0,624413,Pete Alonso,confirmed,2.0,4.65,543135,0.04961832061068702,0.07633587786259542,0.05847953216374269,0.24427480916030533,0.2633587786259542,0.2633587786259542,0.1183206106870229,0.3910867275,99.50883333333333,0.03076923076923077,0.1076923076923077,0.07526881720430108,0.3230769230769231,0.26153846153846155,0.23076923076923078,0.046153846153846156,0.3994814433333333,101.80866666666665,R,0.03875968992248062,0.05426356589147287,0.16279069767441862,0.4105960264900662,0.2661498708010336,0.05426356589147287,0.3043708273643755,101.41666666666667,18.733333333333334,R,3.0,0.0,0.0,0.027906976744186046,0.05581395348837209,0.06976744186046512,1,Globe Life Field,99.5,27.0,9.0,0.0,0.5,1.1230736842105262,0.16785258315503454,496,,,,,,,,0.5,,,HR WATCH
823024,2026-08-08 00:15:00+00:00,COL,STL,COL,STL,0,696100,Hunter Goodman,confirmed,4.0,4.45,681517,0.0842911877394636,0.10344827586206896,0.09,0.21839080459770116,0.1839080459770115,0.31800766283524906,0.09961685823754789,0.33637079722222224,96.22166666666666,0.09375,0.078125,0.07042253521126761,0.21875,0.203125,0.40625,0.078125,0.2935617,90.77066666666664,R,0.018575851393188854,0.07120743034055728,0.23219814241486067,0.470873786407767,0.21362229102167182,0.07430340557275542,0.32677718863864214,102.37466666666667,15.333333333333334,R,0.0,0.0,0.0,0.03,0.06,0.0,1,Busch Stadium,88.5,57.0,5.4,0.0,0.0,0.65,0.16573794398778155,503,,,,,,,,0.5,,,HR WATCH
823750,2026-08-07 23:40:00+00:00,MIN,MIL,MIN,MIL,0,668904,Royce Lewis,confirmed,3.0,4.55,675660,0.0398406374501992,0.08366533864541832,0.06818181818181818,0.22709163346613545,0.1952191235059761,0.2350597609561753,0.08366533864541832,0.3187906133333334,97.36383333333333,0.047619047619047616,0.07936507936507936,0.060240963855421686,0.23809523809523808,0.23809523809523808,0.15873015873015872,0.09523809523809523,0.36988411333333343,99.28,R,0.022556390977443608,0.05639097744360902,0.17669172932330826,0.48344370860927155,0.23684210526315788,0.07518796992481203,0.3017052481856702,100.93083333333334,15.583333333333334,L,0.0,0.0,0.0,0.03,0.06,0.0,0,American Family Field,84.8,58.0,10.1,0.0,0.5,0.9623199999999998,0.16376568519196577,511,,,,,,,,0.5,,,HR WATCH
823515,2026-08-07 23:05:00+00:00,ATL,NYY,ATL,NYY,0,686948,Drake Baldwin,confirmed,2.0,4.65,608331,0.04887218045112782,0.09398496240601503,0.06925207756232687,0.22932330827067668,0.2819548872180451,0.22180451127819548,0.11654135338345864,0.3692899144444445,98.71933333333332,0.029850746268656716,0.05970149253731343,0.038461538461538464,0.1791044776119403,0.31343283582089554,0.19402985074626866,0.11940298507462686,0.3471696133333333,98.58733333333335,L,0.0034482758620689655,0.010344827586206896,0.1103448275862069,0.4415954415954416,0.23448275862068965,0.07931034482758621,0.24153684045457963,98.70846153846153,16.923076923076923,L,0.0,0.0,0.0,0.03,0.06,0.0,1,Yankee Stadium,84.0,77.0,13.1,0.0,0.0,1.17152,0.16338238520896484,512,,,,,,,,0.5,,,HR WATCH
823024,2026-08-08 00:15:00+00:00,COL,STL,STL,COL,1,676475,Alec Burleson,confirmed,3.0,4.55,663372,0.042801556420233464,0.09727626459143969,0.06631299734748011,0.2918287937743191,0.2840466926070039,0.1556420233463035,0.07003891050583658,0.3814087605555556,100.63266666666665,0.046153846153846156,0.09230769230769231,0.0625,0.27692307692307694,0.35384615384615387,0.2153846153846154,0.09230769230769231,0.37863765777777775,99.61466666666664,L,0.05246913580246913,0.08641975308641975,0.2006172839506173,0.4913151364764268,0.16358024691358025,0.08950617283950617,0.36035172245942143,101.63533333333332,14.466666666666667,R,0.0,0.0,0.0,0.03,0.06,0.0,0,Busch Stadium,88.5,57.0,5.4,0.0,0.0,0.65,0.1631313920221818,513,,,,,,,,0.5,,,HR WATCH
824081,2026-08-08 00:10:00+00:00,CHC,KC,KC,CHC,1,677951,Bobby Witt Jr.,confirmed,2.0,4.65,592332,0.038314176245210725,0.08812260536398467,0.07516339869281045,0.22988505747126436,0.3103448275862069,0.16475095785440613,0.09578544061302682,0.38982145964285714,99.97183333333332,0.015384615384615385,0.07692307692307693,0.06666666666666667,0.2,0.2923076923076923,0.2,0.07692307692307693,0.3658224285714286,96.15400000000001,R,0.028089887640449437,0.05056179775280899,0.19382022471910113,0.554639175257732,0.23595505617977527,0.07584269662921349,0.31680794399732076,100.71133333333334,15.933333333333334,R,0.0,0.0,0.0,0.03,0.06,0.0,1,Kauffman Stadium,85.2,52.0,4.8,0.0,0.0,1.0320533333333333,0.16312943874123292,513,,,,,,,,0.5,,,HR WATCH
823515,2026-08-07 23:05:00+00:00,ATL,NYY,NYY,ATL,1,682987,Spencer Jones,confirmed,6.0,4.15,641816,0.04504504504504504,0.05405405405405406,0.04225352112676056,0.24324324324324326,0.26126126126126126,0.36936936936936937,0.0990990990990991,0.28364452171717175,97.05090909090909,0.058823529411764705,0.0784313725490196,0.06060606060606061,0.2549019607843137,0.2549019607843137,0.35294117647058826,0.0392156862745098,0.31394242777777775,97.59200000000001,L,0.03519061583577713,0.04105571847507331,0.12903225806451613,0.550351288056206,0.21700879765395895,0.08797653958944282,0.2983355238047523,100.462,15.733333333333333,R,0.0,0.0,0.0,0.03,0.06,0.0,0,Yankee Stadium,84.0,77.0,13.1,0.0,0.0,1.17152,0.16201555959169214,517,,,,,,,,0.5,,,HR WATCH
823515,2026-08-07 23:05:00+00:00,ATL,NYY,ATL,NYY,0,660670,Ronald Acuña Jr.,confirmed,1.0,4.75,608331,0.041353383458646614,0.09022556390977443,0.07317073170731707,0.21428571428571427,0.23684210526315788,0.22932330827067668,0.13909774436090225,0.3736227488888889,97.356,0.06349206349206349,0.09523809523809523,0.075,0.2698412698412698,0.23809523809523808,0.2698412698412698,0.06349206349206349,0.32968747777777785,95.81333333333333,R,0.0034482758620689655,0.010344827586206896,0.1103448275862069,0.4415954415954416,0.23448275862068965,0.07931034482758621,0.24153684045457963,98.70846153846153,16.923076923076923,L,0.0,0.0,0.0,0.03,0.06,0.0,0,Yankee Stadium,84.0,77.0,13.1,0.0,0.0,1.17152,0.161615805941368,519,,,,,,,,0.5,,,HR WATCH
823515,2026-08-07 23:05:00+00:00,ATL,NYY,NYY,ATL,1,806146,George Lombard Jr.,confirmed,7.0,4.0,641816,0.14285714285714285,0.14285714285714285,0.125,0.2857142857142857,0.14285714285714285,0.2857142857142857,0.14285714285714285,0.39485366666666666,95.41,0.14285714285714285,0.14285714285714285,0.125,0.2857142857142857,0.14285714285714285,0.2857142857142857,0.14285714285714285,0.39485366666666666,95.41,R,0.03519061583577713,0.04105571847507331,0.12903225806451613,0.550351288056206,0.21700879765395895,0.08797653958944282,0.2983355238047523,100.462,15.733333333333333,R,0.0,0.0,0.0,0.03,0.06,0.0,1,Yankee Stadium,84.0,77.0,13.1,0.0,0.0,1.17152,0.16117854474901108,520,,,,,,,,0.5,,,HR WATCH
823515,2026-08-07 23:05:00+00:00,ATL,NYY,NYY,ATL,1,700250,Ben Rice,confirmed,2.0,4.65,641816,0.055762081784386616,0.08178438661710037,0.06547619047619048,0.20074349442379183,0.275092936802974,0.2527881040892193,0.12267657992565056,0.3512877972222222,98.99483333333333,0.029850746268656716,0.07462686567164178,0.06329113924050633,0.208955223880597,0.23880597014925373,0.34328358208955223,0.14925373134328357,0.30516844666666665,96.80600000000003,L,0.03519061583577713,0.04105571847507331,0.12903225806451613,0.550351288056206,0.21700879765395895,0.08797653958944282,0.2983355238047523,100.462,15.733333333333333,R,2.0,0.0,1.0,0.02857142857142857,0.08095238095238096,0.047619047619047616,0,Yankee Stadium,84.0,77.0,13.1,0.0,0.0,1.17152,0.1609501381887373,521,,,,,,,,0.5,,,HR WATCH
824727,2026-08-07 23:10:00+00:00,ATH,BOS,ATH,BOS,0,661531,Brian Serven,confirmed,6.0,4.15,801139,0.13333333333333333,0.2,0.17647058823529413,0.2,0.2,0.13333333333333333,0.06666666666666667,0.38845595833333335,100.27250000000001,0.13333333333333333,0.2,0.17647058823529413,0.2,0.2,0.13333333333333333,0.06666666666666667,0.38845595833333335,100.27250000000001,R,0.03151862464183381,0.045845272206303724,0.16332378223495703,0.6270161290322581,0.2492836676217765,0.0659025787965616,0.27357782989477186,99.59933333333335,16.2,L,0.0,0.0,0.0,0.03,0.06,0.0,0,Fenway Park,90.2,33.0,7.6,0.0,0.0,0.8808421052631578,0.16077878933054357,522,,,,,,,,0.5,,,HR WATCH
822699,2026-08-07 22:45:00+00:00,CIN,WSH,WSH,CIN,1,686611,Dylan Crews,confirmed,5.0,4.3,695534,0.03435114503816794,0.06870229007633588,0.05806451612903226,0.15267175572519084,0.25572519083969464,0.22900763358778625,0.07251908396946564,0.3233339908333333,97.1325,0.04411764705882353,0.08823529411764706,0.08108108108108109,0.17647058823529413,0.2647058823529412,0.2647058823529412,0.1323529411764706,0.3458767622222222,94.95599999999999,R,0.044444444444444446,0.06666666666666667,0.26666666666666666,0.4482758620689655,0.044444444444444446,0.06666666666666667,0.41555317588932805,102.75,16.0,R,0.0,0.0,0.0,0.03,0.06,0.0,1,Nationals Park,85.7,70.0,8.8,0.0,0.0,1.3667733333333332,0.16075802846205048,522,,,,,,,,0.5,,,HR WATCH
823515,2026-08-07 23:05:00+00:00,ATL,NYY,ATL,NYY,0,621566,Matt Olson,confirmed,4.0,4.45,608331,0.0648854961832061,0.09541984732824428,0.0700280112044818,0.27099236641221375,0.2748091603053435,0.25190839694656486,0.09923664122137404,0.34651316694444445,99.14649999999999,0.09230769230769231,0.15384615384615385,0.11363636363636363,0.23076923076923078,0.3230769230769231,0.26153846153846155,0.12307692307692308,0.40115997,97.48000000000002,L,0.0034482758620689655,0.010344827586206896,0.1103448275862069,0.4415954415954416,0.23448275862068965,0.07931034482758621,0.24153684045457963,98.70846153846153,16.923076923076923,L,0.0,0.0,0.0,0.03,0.06,0.0,1,Yankee Stadium,84.0,77.0,13.1,0.0,0.0,1.17152,0.16035297474617533,524,,,,,,,,0.5,,,HR WATCH
823836,2026-08-07 23:10:00+00:00,LAA,MIA,LAA,MIA,0,545361,Mike Trout,confirmed,2.0,4.65,663969,0.02631578947368421,0.07142857142857142,0.058823529411764705,0.17293233082706766,0.23308270676691728,0.2669172932330827,0.15413533834586465,0.3380586425,97.17616666666666,0.0,0.015873015873015872,0.012048192771084338,0.14285714285714285,0.2222222222222222,0.2698412698412698,0.1111111111111111,0.2988187766666667,96.31400000000002,R,0.03879310344827586,0.0603448275862069,0.1810344827586207,0.425,0.15517241379310345,0.08189655172413793,0.35142890889144157,101.41000000000001,13.5,R,0.0,0.0,0.0,0.03,0.06,0.0,1,loanDepot park,83.7,84.0,5.2,0.0,0.5,0.9065333333333332,0.15958656643724978,527,,,,,,,,0.5,,,PASS
822699,2026-08-07 22:45:00+00:00,CIN,WSH,CIN,WSH,0,553993,Eugenio Suárez,confirmed,5.0,4.3,676917,0.04526748971193416,0.05761316872427984,0.05166051660516605,0.16049382716049382,0.21810699588477367,0.3991769547325103,0.09053497942386832,0.24853553527777775,95.01649999999998,0.03333333333333333,0.08333333333333333,0.07575757575757576,0.18333333333333332,0.16666666666666666,0.43333333333333335,0.11666666666666667,0.2503268533333333,95.36333333333333,R,0.03273809523809524,0.044642857142857144,0.15773809523809523,0.4696629213483146,0.2648809523809524,0.05654761904761905,0.3035736303961077,100.92266666666666,16.266666666666666,R,0.0,0.0,0.0,0.03,0.06,0.0,1,Nationals Park,85.7,70.0,8.8,0.0,0.0,1.3667733333333332,0.15929678836580946,528,,,,,,,,0.5,,,PASS
822699,2026-08-07 22:45:00+00:00,CIN,WSH,CIN,WSH,0,668709,JJ Bleday,confirmed,3.0,4.55,676917,0.05405405405405406,0.06177606177606178,0.05,0.2084942084942085,0.23938223938223938,0.22393822393822393,0.138996138996139,0.35124684388888894,96.40033333333332,0.06349206349206349,0.09523809523809523,0.075,0.2698412698412698,0.23809523809523808,0.2857142857142857,0.15873015873015872,0.3713111122222222,98.08733333333333,L,0.03273809523809524,0.044642857142857144,0.15773809523809523,0.4696629213483146,0.2648809523809524,0.05654761904761905,0.3035736303961077,100.92266666666666,16.266666666666666,R,0.0,0.0,0.0,0.03,0.06,0.0,0,Nationals Park,85.7,70.0,8.8,0.0,0.0,1.3667733333333332,0.15693230048363457,537,,,,,,,,0.5,,,PASS
822863,2026-08-08 00:15:00+00:00,BAL,TEX,TEX,BAL,1,669394,Jake Burger,confirmed,7.0,4.0,669358,0.040983606557377046,0.07377049180327869,0.0636042402826855,0.18032786885245902,0.18442622950819673,0.2827868852459016,0.08196721311475409,0.29080104944444446,98.2475,0.04838709677419355,0.0967741935483871,0.08450704225352113,0.22580645161290322,0.20967741935483872,0.3064516129032258,0.04838709677419355,0.24813469444444444,99.30466666666666,R,0.013297872340425532,0.0398936170212766,0.2074468085106383,0.5028248587570622,0.2074468085106383,0.07712765957446809,0.308596164217463,101.12066666666666,17.6,R,0.0,0.0,0.0,0.03,0.06,0.0,1,Globe Life Field,99.5,27.0,9.0,0.0,0.5,1.1230736842105262,0.15555896170603434,543,,,,,,,,0.5,,,PASS
822699,2026-08-07 22:45:00+00:00,CIN,WSH,CIN,WSH,0,663886,Tyler Stephenson,confirmed,4.0,4.45,676917,0.034334763948497854,0.07725321888412018,0.06315789473684211,0.21888412017167383,0.22317596566523606,0.24034334763948498,0.09871244635193133,0.3438226044444444,95.61466666666666,0.06451612903225806,0.12903225806451613,0.08888888888888889,0.25806451612903225,0.27419354838709675,0.24193548387096775,0.11290322580645161,0.40920061666666674,96.262,R,0.03273809523809524,0.044642857142857144,0.15773809523809523,0.4696629213483146,0.2648809523809524,0.05654761904761905,0.3035736303961077,100.92266666666666,16.266666666666666,R,0.0,0.0,0.0,0.03,0.06,0.0,1,Nationals Park,85.7,70.0,8.8,0.0,0.0,1.3667733333333332,0.1550622166818861,545,,,,,,,,0.5,,,PASS
823515,2026-08-07 23:05:00+00:00,ATL,NYY,NYY,ATL,1,671277,Luis García Jr.,confirmed,4.0,4.45,641816,0.08835341365461848,0.1285140562248996,0.08533333333333333,0.24497991967871485,0.23694779116465864,0.15261044176706828,0.04819277108433735,0.37078368500000003,99.12633333333333,0.0625,0.171875,0.11,0.296875,0.265625,0.1875,0.03125,0.3283510111111111,98.44266666666667,L,0.03519061583577713,0.04105571847507331,0.12903225806451613,0.550351288056206,0.21700879765395895,0.08797653958944282,0.2983355238047523,100.462,15.733333333333333,R,0.0,0.0,0.0,0.03,0.06,0.0,0,Yankee Stadium,84.0,77.0,13.1,0.0,0.0,1.17152,0.15443743523229433,548,,,,,,,,0.5,,,PASS
824566,2026-08-07 23:40:00+00:00,CLE,CWS,CLE,CWS,0,656555,Rhys Hoskins,confirmed,6.0,4.15,702273,0.05106382978723404,0.07234042553191489,0.06007067137809187,0.23404255319148937,0.19148936170212766,0.30638297872340425,0.14042553191489363,0.30297194027777774,96.641,0.09803921568627451,0.13725490196078433,0.11290322580645161,0.27450980392156865,0.23529411764705882,0.35294117647058826,0.13725490196078433,0.37520877444444445,98.54733333333336,R,0.033582089552238806,0.06716417910447761,0.1865671641791045,0.5470588235294118,0.20149253731343283,0.11567164179104478,0.36271230966160967,101.77384615384616,13.538461538461538,L,0.0,0.0,0.0,0.03,0.06,0.0,0,Rate Field,80.9,75.0,1.2,0.0,0.0,0.75835,0.1529351987045105,554,,,,,,,,0.5,,,PASS
822863,2026-08-08 00:15:00+00:00,BAL,TEX,BAL,TEX,0,691723,Coby Mayo,confirmed,7.0,4.0,543135,0.06074766355140187,0.08411214953271028,0.06766917293233082,0.2803738317757009,0.2523364485981308,0.34579439252336447,0.06074766355140187,0.2989933216666666,98.04916666666665,0.08,0.12,0.1016949152542373,0.28,0.36,0.32,0.06,0.35168377777777776,96.75333333333333,R,0.03875968992248062,0.05426356589147287,0.16279069767441862,0.4105960264900662,0.2661498708010336,0.05426356589147287,0.3043708273643755,101.41666666666667,18.733333333333334,R,3.0,0.0,0.0,0.027906976744186046,0.05581395348837209,0.06976744186046512,1,Globe Life Field,99.5,27.0,9.0,0.0,0.5,1.1230736842105262,0.15284810037031554,554,,,,,,,,0.5,,,PASS
824081,2026-08-08 00:10:00+00:00,CHC,KC,KC,CHC,1,521692,Salvador Perez,confirmed,4.0,4.45,592332,0.031746031746031744,0.07936507936507936,0.05420054200542006,0.2261904761904762,0.2896825396825397,0.20238095238095238,0.03571428571428571,0.29360148944444436,96.12899999999998,0.04838709677419355,0.08064516129032258,0.05555555555555555,0.16129032258064516,0.3709677419354839,0.20967741935483872,0.04838709677419355,0.3173602222222222,94.75666666666667,R,0.028089887640449437,0.05056179775280899,0.19382022471910113,0.554639175257732,0.23595505617977527,0.07584269662921349,0.31680794399732076,100.71133333333334,15.933333333333334,R,0.0,0.0,0.0,0.03,0.06,0.0,1,Kauffman Stadium,85.2,52.0,4.8,0.0,0.0,1.0320533333333333,0.15167771295816032,559,,,,,,,,0.5,,,PASS
822863,2026-08-08 00:15:00+00:00,BAL,TEX,BAL,TEX,0,641933,Tyler O'Neill,confirmed,4.0,4.45,543135,0.028409090909090908,0.045454545454545456,0.0392156862745098,0.23295454545454544,0.1875,0.2727272727272727,0.11363636363636363,0.3109518976190476,95.58428571428571,0.058823529411764705,0.058823529411764705,0.05172413793103448,0.21568627450980393,0.17647058823529413,0.29411764705882354,0.11764705882352941,0.3487718444444444,97.42933333333332,R,0.03875968992248062,0.05426356589147287,0.16279069767441862,0.4105960264900662,0.2661498708010336,0.05426356589147287,0.3043708273643755,101.41666666666667,18.733333333333334,R,0.0,0.0,0.0,0.03,0.06,0.0,1,Globe Life Field,99.5,27.0,9.0,0.0,0.5,1.1230736842105262,0.1508095478072371,563,,,,,,,,0.5,,,PASS
824727,2026-08-07 23:10:00+00:00,ATH,BOS,BOS,ATH,1,677800,Wilyer Abreu,confirmed,3.0,4.55,678022,0.05263157894736842,0.09398496240601503,0.06775067750677506,0.21804511278195488,0.33458646616541354,0.21804511278195488,0.10150375939849623,0.3539559615476191,97.00933333333332,0.07352941176470588,0.07352941176470588,0.056179775280898875,0.17647058823529413,0.25,0.25,0.10294117647058823,0.34487332952380956,96.11933333333334,L,0.05670103092783505,0.061855670103092786,0.16494845360824742,0.5610859728506787,0.27835051546391754,0.0979381443298969,0.3283903451302109,101.05222222222223,14.222222222222221,R,2.0,0.0,0.0,0.02857142857142857,0.05714285714285714,0.047619047619047616,0,Fenway Park,90.2,33.0,7.6,0.0,0.0,0.8808421052631578,0.15050655332164653,564,,,,,,,,0.5,,,PASS
823750,2026-08-07 23:40:00+00:00,MIN,MIL,MIN,MIL,0,665019,Kody Clemens,confirmed,5.0,4.3,675660,0.058823529411764705,0.08235294117647059,0.06017191977077364,0.23137254901960785,0.23137254901960785,0.2196078431372549,0.047058823529411764,0.3220719072222222,97.82799999999999,0.015625,0.03125,0.021505376344086023,0.234375,0.21875,0.1875,0.03125,0.25473742777777775,97.05466666666668,L,0.022556390977443608,0.05639097744360902,0.17669172932330826,0.48344370860927155,0.23684210526315788,0.07518796992481203,0.3017052481856702,100.93083333333334,15.583333333333334,L,0.0,0.0,0.0,0.03,0.06,0.0,1,American Family Field,84.8,58.0,10.1,0.0,0.5,0.9623199999999998,0.15015285743572057,566,,,,,,,,0.5,,,PASS
823515,2026-08-07 23:05:00+00:00,ATL,NYY,NYY,ATL,1,663757,Trent Grisham,confirmed,1.0,4.75,641816,0.030534351145038167,0.05725190839694656,0.04437869822485207,0.20610687022900764,0.22519083969465647,0.15267175572519084,0.09541984732824428,0.31949773123015873,98.12849999999999,0.03076923076923077,0.03076923076923077,0.02247191011235955,0.15384615384615385,0.23076923076923078,0.15384615384615385,0.06153846153846154,0.2634803988888889,96.24666666666666,L,0.03519061583577713,0.04105571847507331,0.12903225806451613,0.550351288056206,0.21700879765395895,0.08797653958944282,0.2983355238047523,100.462,15.733333333333333,R,2.0,0.0,0.0,0.02857142857142857,0.05714285714285714,0.047619047619047616,0,Yankee Stadium,84.0,77.0,13.1,0.0,0.0,1.17152,0.1499483623761277,567,,,,,,,,0.5,,,PASS
823750,2026-08-07 23:40:00+00:00,MIN,MIL,MIL,MIN,1,694192,Jackson Chourio,confirmed,2.0,4.65,805673,0.046263345195729534,0.08185053380782918,0.062162162162162166,0.17793594306049823,0.23487544483985764,0.2313167259786477,0.08540925266903915,0.34182687384920635,98.15316666666668,0.030303030303030304,0.12121212121212122,0.08602150537634409,0.25757575757575757,0.2878787878787879,0.19696969696969696,0.06060606060606061,0.37433532,97.27133333333333,R,0.04678362573099415,0.08771929824561403,0.21929824561403508,0.5279642058165548,0.20175438596491227,0.07602339181286549,0.32961395814379896,101.77642857142858,17.071428571428573,R,0.0,0.0,0.0,0.03,0.06,0.0,1,American Family Field,84.8,58.0,10.1,0.0,0.5,0.9623199999999998,0.14873421359454922,572,,,,,,,,0.5,,,PASS
824566,2026-08-07 23:40:00+00:00,CLE,CWS,CWS,CLE,1,545341,Randal Grichuk,confirmed,4.0,4.45,800048,0.04132231404958678,0.09090909090909091,0.06918238993710692,0.23140495867768596,0.2231404958677686,0.2231404958677686,0.04132231404958678,0.37302579729729735,97.6610810810811,0.02,0.04,0.0273972602739726,0.18,0.18,0.22,0.04,0.2626852055555556,97.12866666666667,R,0.019444444444444445,0.03333333333333333,0.15555555555555556,0.5206971677559913,0.23333333333333334,0.075,0.2783678674242434,100.33,17.6,L,6.0,0.0,0.0,0.02608695652173913,0.05217391304347826,0.13043478260869565,0,Rate Field,80.9,75.0,1.2,0.0,0.0,0.75835,0.14714715104371576,580,,,,,,,,0.5,,,PASS
823750,2026-08-07 23:40:00+00:00,MIN,MIL,MIN,MIL,0,680777,Ryan Jeffers,confirmed,2.0,4.65,675660,0.046948356807511735,0.07981220657276995,0.059027777777777776,0.18779342723004694,0.26291079812206575,0.1596244131455399,0.12206572769953052,0.3623872303333333,97.91860000000001,0.047619047619047616,0.015873015873015872,0.011235955056179775,0.14285714285714285,0.25396825396825395,0.1746031746031746,0.06349206349206349,0.31768094222222226,95.10799999999999,R,0.022556390977443608,0.05639097744360902,0.17669172932330826,0.48344370860927155,0.23684210526315788,0.07518796992481203,0.3017052481856702,100.93083333333334,15.583333333333334,L,0.0,0.0,0.0,0.03,0.06,0.0,0,American Family Field,84.8,58.0,10.1,0.0,0.5,0.9623199999999998,0.14697487586071908,580,,,,,,,,0.5,,,PASS
824081,2026-08-08 00:10:00+00:00,CHC,KC,CHC,KC,0,673548,Seiya Suzuki,confirmed,2.0,4.65,663738,0.04428044280442804,0.07380073800738007,0.058997050147492625,0.17712177121771217,0.24723247232472326,0.25461254612546125,0.12177121771217712,0.3455271808333333,96.4825,0.0410958904109589,0.0684931506849315,0.06097560975609756,0.136986301369863,0.1780821917808219,0.2602739726027397,0.1780821917808219,0.33818762,93.29533333333333,R,,,,,,,,,,,0.0,0.0,0.0,0.03,0.06,0.0,0,Kauffman Stadium,85.2,52.0,4.8,0.0,0.0,1.0320533333333333,0.14647109888709095,583,,,,,,,,0.5,,,PASS
823750,2026-08-07 23:40:00+00:00,MIN,MIL,MIN,MIL,0,605137,Josh Bell,confirmed,4.0,4.45,675660,0.03543307086614173,0.07086614173228346,0.04878048780487805,0.20078740157480315,0.21653543307086615,0.2125984251968504,0.08267716535433071,0.3250951941666667,97.911,0.015873015873015872,0.047619047619047616,0.03225806451612903,0.19047619047619047,0.2222222222222222,0.2222222222222222,0.1111111111111111,0.2749483166666667,98.80333333333333,L,0.022556390977443608,0.05639097744360902,0.17669172932330826,0.48344370860927155,0.23684210526315788,0.07518796992481203,0.3017052481856702,100.93083333333334,15.583333333333334,L,0.0,0.0,0.0,0.03,0.06,0.0,1,American Family Field,84.8,58.0,10.1,0.0,0.5,0.9623199999999998,0.14521547614399016,589,,,,,,,,0.5,,,PASS
823024,2026-08-08 00:15:00+00:00,COL,STL,STL,COL,1,699625,Jimmy Crooks,confirmed,5.0,4.3,663372,0.021505376344086023,0.043010752688172046,0.037037037037037035,0.24731182795698925,0.21505376344086022,0.3225806451612903,0.07526881720430108,0.2827628053571428,95.6039285714286,0.02127659574468085,0.0425531914893617,0.038461538461538464,0.2765957446808511,0.19148936170212766,0.425531914893617,0.0425531914893617,0.22615389444444448,94.59866666666667,L,0.05246913580246913,0.08641975308641975,0.2006172839506173,0.4913151364764268,0.16358024691358025,0.08950617283950617,0.36035172245942143,101.63533333333332,14.466666666666667,R,0.0,0.0,0.0,0.03,0.06,0.0,0,Busch Stadium,88.5,57.0,5.4,0.0,0.0,0.65,0.1451505687939185,589,,,,,,,,0.5,,,PASS
823428,2026-08-07 22:40:00+00:00,TOR,PHI,TOR,PHI,0,672960,Kazuma Okamoto,confirmed,5.0,4.3,554430,0.05220883534136546,0.0642570281124498,0.05194805194805195,0.20883534136546184,0.2248995983935743,0.30522088353413657,0.06827309236947791,0.29083810027777773,96.44383333333332,0.015625,0.015625,0.011764705882352941,0.234375,0.25,0.34375,0.03125,0.18885837777777775,95.68466666666669,R,0.03582089552238806,0.03582089552238806,0.16716417910447762,0.5306603773584906,0.32238805970149254,0.050746268656716415,0.24319399057063038,99.38933333333333,17.266666666666666,R,2.0,0.0,1.0,0.02857142857142857,0.08095238095238096,0.047619047619047616,1,Citizens Bank Park,77.5,89.0,7.9,0.0,0.0,1.1567529411764703,0.14509076386288697,589,,,,,,,,0.5,,,PASS
825051,2026-08-08 01:40:00+00:00,LAD,ARI,ARI,LAD,1,606466,Ketel Marte,confirmed,4.0,4.45,808963,0.040740740740740744,0.06666666666666667,0.05202312138728324,0.2,0.2,0.15185185185185185,0.07037037037037037,0.31879449500000007,100.2485,0.029411764705882353,0.04411764705882353,0.04054054054054054,0.16176470588235295,0.17647058823529413,0.17647058823529413,0.07352941176470588,0.2756574322222222,96.91266666666667,L,0.047337278106508875,0.07396449704142012,0.1834319526627219,0.5011086474501109,0.2485207100591716,0.07988165680473373,0.3062842824878776,101.266,16.133333333333333,R,0.0,0.0,0.0,0.03,0.06,0.0,0,Chase Field,105.8,19.0,5.6,0.0,0.5,1.0,0.14471165259180171,591,,,,,,,,0.5,,,PASS
824566,2026-08-07 23:40:00+00:00,CLE,CWS,CWS,CLE,1,678246,Miguel Vargas,confirmed,3.0,4.55,800048,0.044444444444444446,0.09259259259259259,0.07267441860465117,0.25925925925925924,0.24074074074074073,0.1962962962962963,0.10740740740740741,0.36999219091269847,98.67249999999999,0.043478260869565216,0.057971014492753624,0.05194805194805195,0.2608695652173913,0.15942028985507245,0.2753623188405797,0.10144927536231885,0.2999593647619048,98.14466666666665,R,0.019444444444444445,0.03333333333333333,0.15555555555555556,0.5206971677559913,0.23333333333333334,0.075,0.2783678674242434,100.33,17.6,L,6.0,1.0,2.0,0.04782608695652174,0.09565217391304348,0.13043478260869565,0,Rate Field,80.9,75.0,1.2,0.0,0.0,0.75835,0.14380961219041838,595,,,,,,,,0.5,,,PASS
823349,2026-08-07 22:40:00+00:00,NYM,PIT,NYM,PIT,0,805999,A.J. Ewing,confirmed,1.0,4.75,669387,0.01953125,0.046875,0.0364741641337386,0.1328125,0.27734375,0.2578125,0.07421875,0.30490406527777775,95.5015,0.0,0.06944444444444445,0.05319148936170213,0.18055555555555555,0.2777777777777778,0.2361111111111111,0.06944444444444445,0.2832868611111112,95.82600000000001,L,0.015384615384615385,0.05641025641025641,0.22564102564102564,0.46825396825396826,0.2,0.07692307692307693,0.35293512561918267,103.61222222222221,14.444444444444445,R,0.0,0.0,0.0,0.03,0.06,0.0,0,PNC Park,79.5,82.0,4.1,0.0,0.0,1.08784,0.14300913051213346,599,,,,,,,,0.5,,,PASS
823836,2026-08-07 23:10:00+00:00,LAA,MIA,MIA,LAA,1,683357,Owen Caissie,confirmed,5.0,4.3,691946,0.05181347150259067,0.07772020725388601,0.06818181818181818,0.20207253886010362,0.24352331606217617,0.37823834196891193,0.07253886010362694,0.2893744472222223,94.65366666666668,0.0851063829787234,0.1276595744680851,0.13953488372093023,0.2978723404255319,0.2553191489361702,0.40425531914893614,0.06382978723404255,0.34176531666666665,99.71933333333335,L,0.03125,0.125,0.1875,0.3448275862068966,0.1875,0.3125,0.4722959375,102.21000000000001,7.0,R,0.0,0.0,0.0,0.03,0.06,0.0,0,loanDepot park,83.7,84.0,5.2,0.0,0.5,0.9065333333333332,0.1423615458834014,602,,,,,,,,0.5,,,PASS
823750,2026-08-07 23:40:00+00:00,MIN,MIL,MIL,MIN,1,669003,Garrett Mitchell,confirmed,5.0,4.3,805673,0.029535864978902954,0.08438818565400844,0.0796812749003984,0.1518987341772152,0.21518987341772153,0.29535864978902954,0.0970464135021097,0.36144427500000004,98.5815,0.0,0.06451612903225806,0.06060606060606061,0.14516129032258066,0.22580645161290322,0.25806451612903225,0.14516129032258066,0.3244385533333334,98.28466666666667,L,0.04678362573099415,0.08771929824561403,0.21929824561403508,0.5279642058165548,0.20175438596491227,0.07602339181286549,0.32961395814379896,101.77642857142858,17.071428571428573,R,0.0,0.0,0.0,0.03,0.06,0.0,0,American Family Field,84.8,58.0,10.1,0.0,0.5,0.9623199999999998,0.1409541745608648,609,,,,,,,,0.5,,,PASS
823349,2026-08-07 22:40:00+00:00,NYM,PIT,NYM,PIT,0,683146,Brett Baty,confirmed,7.0,4.0,669387,0.0228310502283105,0.0593607305936073,0.04609929078014184,0.182648401826484,0.2146118721461187,0.2785388127853881,0.0821917808219178,0.3082634041666667,95.2855,0.0784313725490196,0.0784313725490196,0.0547945205479452,0.21568627450980393,0.23529411764705882,0.27450980392156865,0.0392156862745098,0.3326823888888889,97.97866666666665,L,0.015384615384615385,0.05641025641025641,0.22564102564102564,0.46825396825396826,0.2,0.07692307692307693,0.35293512561918267,103.61222222222221,14.444444444444445,R,2.0,0.0,0.0,0.02857142857142857,0.05714285714285714,0.047619047619047616,0,PNC Park,79.5,82.0,4.1,0.0,0.0,1.08784,0.1405689525042031,611,,,,,,,,0.5,,,PASS
823750,2026-08-07 23:40:00+00:00,MIN,MIL,MIL,MIN,1,668930,Brice Turang,confirmed,1.0,4.75,805673,0.03308823529411765,0.051470588235294115,0.03825136612021858,0.1801470588235294,0.33455882352941174,0.25,0.08823529411764706,0.3107088328968254,95.4315,0.03076923076923077,0.046153846153846156,0.036585365853658534,0.16923076923076924,0.27692307692307694,0.2,0.1076923076923077,0.3386810900000001,95.64,L,0.04678362573099415,0.08771929824561403,0.21929824561403508,0.5279642058165548,0.20175438596491227,0.07602339181286549,0.32961395814379896,101.77642857142858,17.071428571428573,R,0.0,0.0,0.0,0.03,0.06,0.0,0,American Family Field,84.8,58.0,10.1,0.0,0.5,0.9623199999999998,0.13903571401441092,619,,,,,,,,0.5,,,PASS
823349,2026-08-07 22:40:00+00:00,NYM,PIT,NYM,PIT,0,701807,Carson Benge,confirmed,4.0,4.45,669387,0.03787878787878788,0.05303030303030303,0.04093567251461988,0.1590909090909091,0.2765151515151515,0.23106060606060605,0.07196969696969698,0.34278287333333335,96.60683333333333,0.03076923076923077,0.06153846153846154,0.043010752688172046,0.15384615384615385,0.2923076923076923,0.24615384615384617,0.06153846153846154,0.32588945222222215,97.94133333333335,L,0.015384615384615385,0.05641025641025641,0.22564102564102564,0.46825396825396826,0.2,0.07692307692307693,0.35293512561918267,103.61222222222221,14.444444444444445,R,2.0,0.0,0.0,0.02857142857142857,0.05714285714285714,0.047619047619047616,0,PNC Park,79.5,82.0,4.1,0.0,0.0,1.08784,0.13709244428923395,629,,,,,,,,0.5,,,PASS
825051,2026-08-08 01:40:00+00:00,LAD,ARI,ARI,LAD,1,663457,Lars Nootbaar,confirmed,5.0,4.3,808963,0.0106951871657754,0.053475935828877004,0.045871559633027525,0.19786096256684493,0.1657754010695187,0.2192513368983957,0.12834224598930483,0.3236741281481482,97.92244444444445,0.0,0.046875,0.0375,0.21875,0.1875,0.1875,0.15625,0.3119707377777778,97.83266666666667,L,0.047337278106508875,0.07396449704142012,0.1834319526627219,0.5011086474501109,0.2485207100591716,0.07988165680473373,0.3062842824878776,101.266,16.133333333333333,R,0.0,0.0,0.0,0.03,0.06,0.0,0,Chase Field,105.8,19.0,5.6,0.0,0.5,1.0,0.13704500130815772,630,,,,,,,,0.5,,,PASS
824566,2026-08-07 23:40:00+00:00,CLE,CWS,CLE,CWS,0,694197,Angel Genao,confirmed,9.0,3.7,702273,0.0,0.2222222222222222,0.16666666666666666,0.2222222222222222,0.1111111111111111,0.1111111111111111,0.0,0.40645000000000003,103.525,0.0,0.2222222222222222,0.16666666666666666,0.2222222222222222,0.1111111111111111,0.1111111111111111,0.0,0.40645000000000003,103.525,L,0.033582089552238806,0.06716417910447761,0.1865671641791045,0.5470588235294118,0.20149253731343283,0.11567164179104478,0.36271230966160967,101.77384615384616,13.538461538461538,L,0.0,0.0,0.0,0.03,0.06,0.0,1,Rate Field,80.9,75.0,1.2,0.0,0.0,0.75835,0.13678521669019886,631,,,,,,,,0.5,,,PASS
823750,2026-08-07 23:40:00+00:00,MIN,MIL,MIL,MIN,1,661388,William Contreras,confirmed,4.0,4.45,805673,0.02631578947368421,0.06015037593984962,0.04892966360856269,0.21052631578947367,0.22556390977443608,0.15413533834586465,0.07142857142857142,0.3168499451587302,97.76700000000001,0.015873015873015872,0.06349206349206349,0.047619047619047616,0.23809523809523808,0.3333333333333333,0.19047619047619047,0.06349206349206349,0.26556703111111113,95.93133333333334,R,0.04678362573099415,0.08771929824561403,0.21929824561403508,0.5279642058165548,0.20175438596491227,0.07602339181286549,0.32961395814379896,101.77642857142858,17.071428571428573,R,0.0,0.0,0.0,0.03,0.06,0.0,1,American Family Field,84.8,58.0,10.1,0.0,0.5,0.9623199999999998,0.13625391826059444,634,,,,,,,,0.5,,,PASS
822699,2026-08-07 22:45:00+00:00,CIN,WSH,WSH,CIN,1,677588,José Tena,confirmed,8.0,3.85,695534,0.015789473684210527,0.04736842105263158,0.04035874439461883,0.14736842105263157,0.19473684210526315,0.2789473684210526,0.08421052631578947,0.27996189465408805,95.8933962264151,0.018518518518518517,0.037037037037037035,0.029850746268656716,0.09259259259259259,0.18518518518518517,0.18518518518518517,0.09259259259259259,0.3055264166666667,94.53933333333332,L,0.044444444444444446,0.06666666666666667,0.26666666666666666,0.4482758620689655,0.044444444444444446,0.06666666666666667,0.41555317588932805,102.75,16.0,R,0.0,0.0,0.0,0.03,0.06,0.0,0,Nationals Park,85.7,70.0,8.8,0.0,0.0,1.3667733333333332,0.13550307614243318,638,,,,,,,,0.5,,,PASS
823515,2026-08-07 23:05:00+00:00,ATL,NYY,ATL,NYY,0,663586,Austin Riley,confirmed,7.0,4.0,608331,0.020833333333333332,0.07083333333333333,0.05964912280701754,0.18333333333333332,0.17916666666666667,0.3375,0.07916666666666666,0.2820073697222222,97.00950000000002,0.01694915254237288,0.05084745762711865,0.04411764705882353,0.11864406779661017,0.15254237288135594,0.4576271186440678,0.03389830508474576,0.2582422233333333,98.06600000000002,R,0.0034482758620689655,0.010344827586206896,0.1103448275862069,0.4415954415954416,0.23448275862068965,0.07931034482758621,0.24153684045457963,98.70846153846153,16.923076923076923,L,0.0,0.0,0.0,0.03,0.06,0.0,0,Yankee Stadium,84.0,77.0,13.1,0.0,0.0,1.17152,0.1352898018624334,639,,,,,,,,0.5,,,PASS
823024,2026-08-08 00:15:00+00:00,COL,STL,STL,COL,1,691023,Jordan Walker,confirmed,2.0,4.65,663372,0.027237354085603113,0.07003891050583658,0.059800664451827246,0.1245136186770428,0.15953307392996108,0.245136186770428,0.06614785992217899,0.3307147966666667,99.64833333333334,0.0,0.046153846153846156,0.03896103896103896,0.09230769230769231,0.18461538461538463,0.27692307692307694,0.046153846153846156,0.26457396666666666,97.64466666666664,R,0.05246913580246913,0.08641975308641975,0.2006172839506173,0.4913151364764268,0.16358024691358025,0.08950617283950617,0.36035172245942143,101.63533333333332,14.466666666666667,R,0.0,0.0,0.0,0.03,0.06,0.0,1,Busch Stadium,88.5,57.0,5.4,0.0,0.0,0.65,0.13490050778670626,641,,,,,,,,0.5,,,PASS
823428,2026-08-07 22:40:00+00:00,TOR,PHI,TOR,PHI,0,660821,Jesús Sánchez,confirmed,3.0,4.55,554430,0.032407407407407406,0.0787037037037037,0.056105610561056105,0.21296296296296297,0.27314814814814814,0.2361111111111111,0.041666666666666664,0.3228967552777778,95.873,0.03773584905660377,0.05660377358490566,0.04918032786885246,0.11320754716981132,0.20754716981132076,0.2830188679245283,0.07547169811320754,0.2751133611111111,93.20733333333332,L,0.03582089552238806,0.03582089552238806,0.16716417910447762,0.5306603773584906,0.32238805970149254,0.050746268656716415,0.24319399057063038,99.38933333333333,17.266666666666666,R,3.0,1.0,1.0,0.051162790697674425,0.07906976744186046,0.06976744186046512,0,Citizens Bank Park,77.5,89.0,7.9,0.0,0.0,1.1567529411764703,0.13488604337496596,641,,,,,,,,0.5,,,PASS
823349,2026-08-07 22:40:00+00:00,NYM,PIT,NYM,PIT,0,543760,Marcus Semien,confirmed,6.0,4.15,669387,0.04526748971193416,0.053497942386831275,0.04153354632587859,0.18518518518518517,0.2345679012345679,0.21810699588477367,0.08641975308641975,0.31650894027777776,94.33966666666669,0.04918032786885246,0.01639344262295082,0.012195121951219513,0.19672131147540983,0.26229508196721313,0.19672131147540983,0.09836065573770492,0.2702546122222222,95.534,R,0.015384615384615385,0.05641025641025641,0.22564102564102564,0.46825396825396826,0.2,0.07692307692307693,0.35293512561918267,103.61222222222221,14.444444444444445,R,2.0,0.0,0.0,0.02857142857142857,0.05714285714285714,0.047619047619047616,1,PNC Park,79.5,82.0,4.1,0.0,0.0,1.08784,0.13362674962469417,648,,,,,,,,0.5,,,PASS
824566,2026-08-07 23:40:00+00:00,CLE,CWS,CLE,CWS,0,800050,Chase DeLauter,confirmed,2.0,4.65,702273,0.022727272727272728,0.045454545454545456,0.0339943342776204,0.19696969696969696,0.2196969696969697,0.16287878787878787,0.10227272727272728,0.3393888919444444,98.87516666666667,0.014492753623188406,0.028985507246376812,0.022988505747126436,0.2318840579710145,0.2318840579710145,0.17391304347826086,0.17391304347826086,0.3668571166666667,97.76266666666668,L,0.033582089552238806,0.06716417910447761,0.1865671641791045,0.5470588235294118,0.20149253731343283,0.11567164179104478,0.36271230966160967,101.77384615384616,13.538461538461538,L,0.0,0.0,0.0,0.03,0.06,0.0,1,Rate Field,80.9,75.0,1.2,0.0,0.0,0.75835,0.13355972390938117,649,,,,,,,,0.5,,,PASS
824566,2026-08-07 23:40:00+00:00,CLE,CWS,CWS,CLE,1,695657,Colson Montgomery,confirmed,5.0,4.3,800048,0.04633204633204633,0.05791505791505792,0.052083333333333336,0.18532818532818532,0.2277992277992278,0.3359073359073359,0.08108108108108109,0.28598023115079363,95.30189655172414,0.029850746268656716,0.029850746268656716,0.027777777777777776,0.11940298507462686,0.16417910447761194,0.3283582089552239,0.08955223880597014,0.21654727571428575,93.54933333333334,L,0.019444444444444445,0.03333333333333333,0.15555555555555556,0.5206971677559913,0.23333333333333334,0.075,0.2783678674242434,100.33,17.6,L,6.0,0.0,0.0,0.02608695652173913,0.05217391304347826,0.13043478260869565,1,Rate Field,80.9,75.0,1.2,0.0,0.0,0.75835,0.13217693824542912,657,,,,,,,,0.5,,,PASS
823349,2026-08-07 22:40:00+00:00,NYM,PIT,NYM,PIT,0,666182,Bo Bichette,confirmed,3.0,4.55,669387,0.022813688212927757,0.03802281368821293,0.02631578947368421,0.1520912547528517,0.3688212927756654,0.20152091254752852,0.053231939163498096,0.3115981677777777,95.86083333333333,0.014925373134328358,0.014925373134328358,0.010416666666666666,0.11940298507462686,0.3283582089552239,0.2537313432835821,0.029850746268656716,0.2581613266666667,94.86133333333332,R,0.015384615384615385,0.05641025641025641,0.22564102564102564,0.46825396825396826,0.2,0.07692307692307693,0.35293512561918267,103.61222222222221,14.444444444444445,R,2.0,0.0,0.0,0.02857142857142857,0.05714285714285714,0.047619047619047616,1,PNC Park,79.5,82.0,4.1,0.0,0.0,1.08784,0.13209044749041537,657,,,,,,,,0.5,,,PASS
823428,2026-08-07 22:40:00+00:00,TOR,PHI,PHI,TOR,1,607208,Trea Turner,confirmed,2.0,4.65,667755,0.04150943396226415,0.05660377358490566,0.04285714285714286,0.18867924528301888,0.25660377358490566,0.21132075471698114,0.045283018867924525,0.32243046555555555,96.67949152542373,0.029850746268656716,0.029850746268656716,0.01904761904761905,0.16417910447761194,0.23880597014925373,0.16417910447761194,0.029850746268656716,0.3414066766666667,97.91266666666668,R,0.02586206896551724,0.04885057471264368,0.12643678160919541,0.39849624060150374,0.22413793103448276,0.11781609195402298,0.34099976691782075,101.196,15.6,R,0.0,0.0,0.0,0.03,0.06,0.0,1,Citizens Bank Park,77.5,89.0,7.9,0.0,0.0,1.1567529411764703,0.13183069853682997,659,,,,,,,,0.5,,,PASS
823836,2026-08-07 23:10:00+00:00,LAA,MIA,MIA,LAA,1,665052,Griffin Conine,confirmed,3.0,4.55,691946,0.04580152671755725,0.06870229007633588,0.058823529411764705,0.17557251908396945,0.24427480916030533,0.3053435114503817,0.10687022900763359,0.33687750740740735,95.57944444444445,0.03636363636363636,0.07272727272727272,0.0625,0.16363636363636364,0.2909090909090909,0.32727272727272727,0.10909090909090909,0.3132149666666667,98.25133333333335,L,0.03125,0.125,0.1875,0.3448275862068966,0.1875,0.3125,0.4722959375,102.21000000000001,7.0,R,0.0,0.0,0.0,0.03,0.06,0.0,0,loanDepot park,83.7,84.0,5.2,0.0,0.5,0.9065333333333332,0.13104209098904232,663,,,,,,,,0.5,,,PASS
824566,2026-08-07 23:40:00+00:00,CLE,CWS,CLE,CWS,0,666176,Jo Adell,confirmed,4.0,4.45,702273,0.03571428571428571,0.06746031746031746,0.050445103857566766,0.18253968253968253,0.2698412698412698,0.24206349206349206,0.04365079365079365,0.313157735,96.72716666666665,0.05,0.08333333333333333,0.06493506493506493,0.23333333333333334,0.3,0.3333333333333333,0.1,0.37479647666666666,96.82933333333334,R,0.033582089552238806,0.06716417910447761,0.1865671641791045,0.5470588235294118,0.20149253731343283,0.11567164179104478,0.36271230966160967,101.77384615384616,13.538461538461538,L,2.0,0.0,0.0,0.02857142857142857,0.05714285714285714,0.047619047619047616,0,Rate Field,80.9,75.0,1.2,0.0,0.0,0.75835,0.12806154098273623,681,,,,,,,,0.5,,,PASS
824081,2026-08-08 00:10:00+00:00,CHC,KC,CHC,KC,0,683737,Michael Busch,confirmed,4.0,4.45,663738,0.02909090909090909,0.04363636363636364,0.0345821325648415,0.1890909090909091,0.21818181818181817,0.23272727272727273,0.10545454545454545,0.31277479694444443,94.11383333333333,0.014285714285714285,0.05714285714285714,0.04081632653061224,0.21428571428571427,0.2,0.18571428571428572,0.02857142857142857,0.27499249,96.24999999999999,L,,,,,,,,,,,0.0,0.0,0.0,0.03,0.06,0.0,0,Kauffman Stadium,85.2,52.0,4.8,0.0,0.0,1.0320533333333333,0.1271435930457076,687,,,,,,,,0.5,,,PASS
824566,2026-08-07 23:40:00+00:00,CLE,CWS,CLE,CWS,0,608070,José Ramírez,confirmed,3.0,4.55,702273,0.01509433962264151,0.018867924528301886,0.01278772378516624,0.2188679245283019,0.25660377358490566,0.12452830188679245,0.1169811320754717,0.3226377438888889,97.95933333333333,0.0,0.0,0.0,0.13636363636363635,0.30303030303030304,0.07575757575757576,0.09090909090909091,0.28480091333333335,94.94066666666666,L,0.033582089552238806,0.06716417910447761,0.1865671641791045,0.5470588235294118,0.20149253731343283,0.11567164179104478,0.36271230966160967,101.77384615384616,13.538461538461538,L,0.0,0.0,0.0,0.03,0.06,0.0,1,Rate Field,80.9,75.0,1.2,0.0,0.0,0.75835,0.12671305372274744,689,,,,,,,,0.5,,,PASS
824727,2026-08-07 23:10:00+00:00,ATH,BOS,ATH,BOS,0,703607,Henry Bolte,confirmed,1.0,4.75,801139,0.01680672268907563,0.05042016806722689,0.04633204633204633,0.1092436974789916,0.18067226890756302,0.2815126050420168,0.07142857142857142,0.29852649166666656,97.72283333333333,0.018518518518518517,0.07407407407407407,0.06349206349206349,0.1111111111111111,0.3333333333333333,0.25925925925925924,0.07407407407407407,0.3046368266666667,95.41799999999998,R,0.03151862464183381,0.045845272206303724,0.16332378223495703,0.6270161290322581,0.2492836676217765,0.0659025787965616,0.27357782989477186,99.59933333333335,16.2,L,2.0,0.0,0.0,0.02857142857142857,0.05714285714285714,0.047619047619047616,0,Fenway Park,90.2,33.0,7.6,0.0,0.0,0.8808421052631578,0.12390724953041495,707,,,,,,,,0.5,,,PASS
824081,2026-08-08 00:10:00+00:00,CHC,KC,CHC,KC,0,608324,Alex Bregman,confirmed,3.0,4.55,663738,0.028985507246376812,0.021739130434782608,0.015706806282722512,0.2028985507246377,0.2463768115942029,0.15217391304347827,0.11231884057971014,0.29303500861111115,95.50099999999998,0.029411764705882353,0.029411764705882353,0.020618556701030927,0.29411764705882354,0.22058823529411764,0.16176470588235295,0.07352941176470588,0.3184474855555556,96.55733333333335,R,,,,,,,,,,,0.0,0.0,0.0,0.03,0.06,0.0,0,Kauffman Stadium,85.2,52.0,4.8,0.0,0.0,1.0320533333333333,0.12350297893136987,710,,,,,,,,0.5,,,PASS
823428,2026-08-07 22:40:00+00:00,TOR,PHI,PHI,TOR,1,547180,Bryce Harper,confirmed,3.0,4.55,667755,0.04296875,0.05078125,0.041401273885350316,0.15234375,0.25390625,0.23828125,0.1640625,0.3631765894444444,97.0625,0.046875,0.078125,0.0641025641025641,0.15625,0.296875,0.25,0.171875,0.40162706333333337,98.45533333333334,L,0.02586206896551724,0.04885057471264368,0.12643678160919541,0.39849624060150374,0.22413793103448276,0.11781609195402298,0.34099976691782075,101.196,15.6,R,0.0,0.0,0.0,0.03,0.06,0.0,0,Citizens Bank Park,77.5,89.0,7.9,0.0,0.0,1.1567529411764703,0.12288590236133387,714,,,,,,,,0.5,,,PASS
823515,2026-08-07 23:05:00+00:00,ATL,NYY,ATL,NYY,0,645277,Ozzie Albies,confirmed,3.0,4.55,608331,0.04230769230769231,0.038461538461538464,0.02506265664160401,0.20384615384615384,0.2846153846153846,0.16538461538461538,0.057692307692307696,0.27533494916666673,95.58883333333333,0.06349206349206349,0.047619047619047616,0.029411764705882353,0.25396825396825395,0.25396825396825395,0.20634920634920634,0.047619047619047616,0.2583719044444444,96.01199999999999,L,0.0034482758620689655,0.010344827586206896,0.1103448275862069,0.4415954415954416,0.23448275862068965,0.07931034482758621,0.24153684045457963,98.70846153846153,16.923076923076923,L,0.0,0.0,0.0,0.03,0.06,0.0,1,Yankee Stadium,84.0,77.0,13.1,0.0,0.0,1.17152,0.12285501496660488,714,,,,,,,,0.5,,,PASS
824081,2026-08-08 00:10:00+00:00,CHC,KC,CHC,KC,0,664023,Ian Happ,confirmed,6.0,4.15,663738,0.03125,0.046875,0.03508771929824561,0.19921875,0.2734375,0.2890625,0.09375,0.2730193641666668,94.52433333333332,0.015151515151515152,0.045454545454545456,0.031914893617021274,0.16666666666666666,0.3333333333333333,0.2878787878787879,0.10606060606060606,0.2369641455555556,92.25466666666667,L,,,,,,,,,,,0.0,0.0,0.0,0.03,0.06,0.0,0,Kauffman Stadium,85.2,52.0,4.8,0.0,0.0,1.0320533333333333,0.12275618498137657,715,,,,,,,,0.5,,,PASS
823349,2026-08-07 22:40:00+00:00,NYM,PIT,NYM,PIT,0,676724,Jared Young,confirmed,5.0,4.3,669387,0.031413612565445025,0.06282722513089005,0.05063291139240506,0.1518324607329843,0.24083769633507854,0.193717277486911,0.07853403141361257,0.3240919737179487,96.56686274509805,0.01818181818181818,0.05454545454545454,0.047619047619047616,0.18181818181818182,0.2545454545454545,0.18181818181818182,0.10909090909090909,0.3512236333333333,96.444,L,0.015384615384615385,0.05641025641025641,0.22564102564102564,0.46825396825396826,0.2,0.07692307692307693,0.35293512561918267,103.61222222222221,14.444444444444445,R,0.0,0.0,0.0,0.03,0.06,0.0,0,PNC Park,79.5,82.0,4.1,0.0,0.0,1.08784,0.12160072624132655,722,,,,,,,,0.5,,,PASS
823024,2026-08-08 00:15:00+00:00,COL,STL,STL,COL,1,802139,JJ Wetherholt,confirmed,1.0,4.75,663372,0.025735294117647058,0.051470588235294115,0.04361370716510903,0.20220588235294118,0.23161764705882354,0.1323529411764706,0.10661764705882353,0.3468742002777778,96.67866666666667,0.030303030303030304,0.045454545454545456,0.0410958904109589,0.16666666666666666,0.19696969696969696,0.12121212121212122,0.18181818181818182,0.3713251800000001,96.09400000000001,L,0.05246913580246913,0.08641975308641975,0.2006172839506173,0.4913151364764268,0.16358024691358025,0.08950617283950617,0.36035172245942143,101.63533333333332,14.466666666666667,R,0.0,0.0,0.0,0.03,0.06,0.0,0,Busch Stadium,88.5,57.0,5.4,0.0,0.0,0.65,0.12106682306286241,726,,,,,,,,0.5,,,PASS
823428,2026-08-07 22:40:00+00:00,TOR,PHI,PHI,TOR,1,669016,Brandon Marsh,confirmed,6.0,4.15,667755,0.048,0.072,0.052478134110787174,0.2,0.284,0.288,0.06,0.3083122805555556,94.97250000000001,0.015873015873015872,0.047619047619047616,0.03225806451612903,0.20634920634920634,0.20634920634920634,0.2222222222222222,0.047619047619047616,0.2823609733333334,95.91399999999999,L,0.02586206896551724,0.04885057471264368,0.12643678160919541,0.39849624060150374,0.22413793103448276,0.11781609195402298,0.34099976691782075,101.196,15.6,R,0.0,0.0,0.0,0.03,0.06,0.0,0,Citizens Bank Park,77.5,89.0,7.9,0.0,0.0,1.1567529411764703,0.12046117620783127,730,,,,,,,,0.5,,,PASS
822863,2026-08-08 00:15:00+00:00,BAL,TEX,BAL,TEX,0,702616,Jackson Holliday,confirmed,3.0,4.55,543135,0.026455026455026454,0.047619047619047616,0.04326923076923077,0.18518518518518517,0.2275132275132275,0.24338624338624337,0.13756613756613756,0.30053001415094344,91.87923076923076,0.0,0.0,0.0,0.125,0.14285714285714285,0.23214285714285715,0.16071428571428573,0.26661229,91.17733333333335,L,0.03875968992248062,0.05426356589147287,0.16279069767441862,0.4105960264900662,0.2661498708010336,0.05426356589147287,0.3043708273643755,101.41666666666667,18.733333333333334,R,0.0,0.0,0.0,0.03,0.06,0.0,0,Globe Life Field,99.5,27.0,9.0,0.0,0.5,1.1230736842105262,0.12026490615120364,731,,,,,,,,0.5,,,PASS
823836,2026-08-07 23:10:00+00:00,LAA,MIA,LAA,MIA,0,687093,Vaughn Grissom,confirmed,5.0,4.3,663969,0.027777777777777776,0.05555555555555555,0.04011461318051576,0.19444444444444445,0.25793650793650796,0.1626984126984127,0.05952380952380952,0.3250410111111111,97.04416666666665,0.03225806451612903,0.04838709677419355,0.04054054054054054,0.11290322580645161,0.24193548387096775,0.24193548387096775,0.04838709677419355,0.28036876999999993,95.90866666666668,R,0.03879310344827586,0.0603448275862069,0.1810344827586207,0.425,0.15517241379310345,0.08189655172413793,0.35142890889144157,101.41000000000001,13.5,R,0.0,0.0,0.0,0.03,0.06,0.0,1,loanDepot park,83.7,84.0,5.2,0.0,0.5,0.9065333333333332,0.11958315821203981,736,,,,,,,,0.5,,,PASS
824566,2026-08-07 23:40:00+00:00,CLE,CWS,CWS,CLE,1,805367,Chase Meidroth,confirmed,1.0,4.75,800048,0.02766798418972332,0.03162055335968379,0.0243161094224924,0.15019762845849802,0.2727272727272727,0.22134387351778656,0.09486166007905138,0.28716841531746023,94.47133333333333,0.06349206349206349,0.06349206349206349,0.04938271604938271,0.2222222222222222,0.23809523809523808,0.15873015873015872,0.12698412698412698,0.3374345234920636,96.33599999999998,R,0.019444444444444445,0.03333333333333333,0.15555555555555556,0.5206971677559913,0.23333333333333334,0.075,0.2783678674242434,100.33,17.6,L,6.0,0.0,0.0,0.02608695652173913,0.05217391304347826,0.13043478260869565,0,Rate Field,80.9,75.0,1.2,0.0,0.0,0.75835,0.11787277950813767,748,,,,,,,,0.5,,,PASS
823024,2026-08-08 00:15:00+00:00,COL,STL,COL,STL,0,694249,Cole Carrigg,confirmed,2.0,4.65,681517,0.02824858757062147,0.03389830508474576,0.02459016393442623,0.1977401129943503,0.2937853107344633,0.1864406779661017,0.11299435028248588,0.3429173504065041,94.7590243902439,0.015151515151515152,0.0,0.0,0.19696969696969696,0.24242424242424243,0.15151515151515152,0.12121212121212122,0.35622965,95.994,L,0.018575851393188854,0.07120743034055728,0.23219814241486067,0.470873786407767,0.21362229102167182,0.07430340557275542,0.32677718863864214,102.37466666666667,15.333333333333334,R,0.0,0.0,0.0,0.03,0.06,0.0,0,Busch Stadium,88.5,57.0,5.4,0.0,0.0,0.65,0.1177480024897816,749,,,,,,,,0.5,,,PASS
823024,2026-08-08 00:15:00+00:00,COL,STL,STL,COL,1,671056,Iván Herrera,confirmed,4.0,4.45,663372,0.022988505747126436,0.03065134099616858,0.021220159151193633,0.16091954022988506,0.26053639846743293,0.17624521072796934,0.07662835249042145,0.29390278555555566,97.20983333333332,0.015625,0.046875,0.03260869565217391,0.203125,0.296875,0.234375,0.03125,0.2850572533333333,98.05533333333334,R,0.05246913580246913,0.08641975308641975,0.2006172839506173,0.4913151364764268,0.16358024691358025,0.08950617283950617,0.36035172245942143,101.63533333333332,14.466666666666667,R,0.0,0.0,0.0,0.03,0.06,0.0,1,Busch Stadium,88.5,57.0,5.4,0.0,0.0,0.65,0.11681772540241211,756,,,,,,,,0.5,,,PASS
825051,2026-08-08 01:40:00+00:00,LAD,ARI,ARI,LAD,1,596146,Max Kepler,confirmed,7.0,4.0,808963,0.020833333333333332,0.052083333333333336,0.037037037037037035,0.19791666666666666,0.22916666666666666,0.19791666666666666,0.09375,0.2695975673333333,94.884,0.016129032258064516,0.03225806451612903,0.023529411764705882,0.16129032258064516,0.1935483870967742,0.16129032258064516,0.12903225806451613,0.25255993444444447,95.382,L,0.047337278106508875,0.07396449704142012,0.1834319526627219,0.5011086474501109,0.2485207100591716,0.07988165680473373,0.3062842824878776,101.266,16.133333333333333,R,0.0,0.0,0.0,0.03,0.06,0.0,0,Chase Field,105.8,19.0,5.6,0.0,0.5,1.0,0.11662355999638908,757,,,,,,,,0.5,,,PASS
823515,2026-08-07 23:05:00+00:00,ATL,NYY,ATL,NYY,0,657041,Lane Thomas,confirmed,6.0,4.15,608331,0.04032258064516129,0.056451612903225805,0.0462046204620462,0.17338709677419356,0.1935483870967742,0.24596774193548387,0.0967741935483871,0.31504984722222223,96.31616666666667,0.04918032786885246,0.04918032786885246,0.04,0.18032786885245902,0.16393442622950818,0.29508196721311475,0.09836065573770492,0.2812877822222222,95.24000000000001,R,0.0034482758620689655,0.010344827586206896,0.1103448275862069,0.4415954415954416,0.23448275862068965,0.07931034482758621,0.24153684045457963,98.70846153846153,16.923076923076923,L,0.0,0.0,0.0,0.03,0.06,0.0,0,Yankee Stadium,84.0,77.0,13.1,0.0,0.0,1.17152,0.11622142367593985,760,,,,,,,,0.5,,,PASS
823349,2026-08-07 22:40:00+00:00,NYM,PIT,NYM,PIT,0,593871,Jorge Polanco,confirmed,8.0,3.85,669387,0.017094017094017096,0.02564102564102564,0.02,0.17094017094017094,0.20512820512820512,0.23076923076923078,0.06837606837606838,0.23531649642857141,95.39607142857142,0.016666666666666666,0.016666666666666666,0.012987012987012988,0.16666666666666666,0.2,0.3,0.05,0.1949332155555556,94.43466666666663,L,0.015384615384615385,0.05641025641025641,0.22564102564102564,0.46825396825396826,0.2,0.07692307692307693,0.35293512561918267,103.61222222222221,14.444444444444445,R,2.0,0.0,0.0,0.02857142857142857,0.05714285714285714,0.047619047619047616,0,PNC Park,79.5,82.0,4.1,0.0,0.0,1.08784,0.11619288048849744,761,,,,,,,,0.5,,,PASS
825051,2026-08-08 01:40:00+00:00,LAD,ARI,ARI,LAD,1,571448,Nolan Arenado,confirmed,6.0,4.15,808963,0.0371900826446281,0.049586776859504134,0.0380952380952381,0.16942148760330578,0.24380165289256198,0.2231404958677686,0.09504132231404959,0.26711560833333337,94.77883333333334,0.0625,0.0625,0.05063291139240506,0.109375,0.265625,0.171875,0.140625,0.32727131666666665,92.22266666666668,R,0.047337278106508875,0.07396449704142012,0.1834319526627219,0.5011086474501109,0.2485207100591716,0.07988165680473373,0.3062842824878776,101.266,16.133333333333333,R,0.0,0.0,0.0,0.03,0.06,0.0,1,Chase Field,105.8,19.0,5.6,0.0,0.5,1.0,0.11604849354592538,762,,,,,,,,0.5,,,PASS
823349,2026-08-07 22:40:00+00:00,NYM,PIT,PIT,NYM,1,687462,Spencer Horwitz,confirmed,5.0,4.3,804267,0.03435114503816794,0.0648854961832061,0.0480225988700565,0.16793893129770993,0.2366412213740458,0.13740458015267176,0.13358778625954199,0.3368551194444445,95.277,0.015151515151515152,0.06060606060606061,0.05,0.13636363636363635,0.15151515151515152,0.19696969696969696,0.12121212121212122,0.32285347333333336,94.11266666666667,L,0.022388059701492536,0.07462686567164178,0.23134328358208955,0.4708994708994709,0.1791044776119403,0.07462686567164178,0.340505250106153,102.21,16.833333333333332,L,0.0,0.0,0.0,0.03,0.06,0.0,1,PNC Park,79.5,82.0,4.1,0.0,0.0,1.08784,0.1159904686327541,762,,,,,,,,0.5,,,PASS
822699,2026-08-07 22:45:00+00:00,CIN,WSH,WSH,CIN,1,695670,Harry Ford,confirmed,6.0,4.15,695534,0.027777777777777776,0.05555555555555555,0.05263157894736842,0.05555555555555555,0.2222222222222222,0.25,0.1388888888888889,0.25498400000000004,89.28888888888888,0.027777777777777776,0.05555555555555555,0.05263157894736842,0.05555555555555555,0.2222222222222222,0.25,0.1388888888888889,0.25498400000000004,89.28888888888888,R,0.044444444444444446,0.06666666666666667,0.26666666666666666,0.4482758620689655,0.044444444444444446,0.06666666666666667,0.41555317588932805,102.75,16.0,R,0.0,0.0,0.0,0.03,0.06,0.0,1,Nationals Park,85.7,70.0,8.8,0.0,0.0,1.3667733333333332,0.11581622967683461,763,,,,,,,,0.5,,,PASS
823024,2026-08-08 00:15:00+00:00,COL,STL,COL,STL,0,650489,Willi Castro,confirmed,6.0,4.15,681517,0.04182509505703422,0.057034220532319393,0.0410958904109589,0.18250950570342206,0.27756653992395436,0.24334600760456274,0.08745247148288973,0.3157699928174604,95.95016666666668,0.09523809523809523,0.12698412698412698,0.10256410256410256,0.20634920634920634,0.3492063492063492,0.2698412698412698,0.07936507936507936,0.3551437211111111,95.18866666666668,L,0.018575851393188854,0.07120743034055728,0.23219814241486067,0.470873786407767,0.21362229102167182,0.07430340557275542,0.32677718863864214,102.37466666666667,15.333333333333334,R,0.0,0.0,0.0,0.03,0.06,0.0,0,Busch Stadium,88.5,57.0,5.4,0.0,0.0,0.65,0.11550256188015572,766,,,,,,,,0.5,,,PASS
824727,2026-08-07 23:10:00+00:00,ATH,BOS,ATH,BOS,0,691016,Tyler Soderstrom,confirmed,4.0,4.45,801139,0.048,0.044,0.03492063492063492,0.156,0.204,0.18,0.132,0.3381231069444445,96.912,0.016129032258064516,0.016129032258064516,0.011494252873563218,0.1935483870967742,0.12903225806451613,0.25806451612903225,0.0967741935483871,0.28205128222222225,97.09799999999998,L,0.03151862464183381,0.045845272206303724,0.16332378223495703,0.6270161290322581,0.2492836676217765,0.0659025787965616,0.27357782989477186,99.59933333333335,16.2,L,3.0,1.0,0.0,0.051162790697674425,0.05581395348837209,0.06976744186046512,1,Fenway Park,90.2,33.0,7.6,0.0,0.0,0.8808421052631578,0.11481816357303865,771,,,,,,,,0.5,,,PASS
822699,2026-08-07 22:45:00+00:00,CIN,WSH,CIN,WSH,0,663647,Ke'Bryan Hayes,confirmed,8.0,3.85,676917,0.023809523809523808,0.05952380952380952,0.057803468208092484,0.17261904761904762,0.21428571428571427,0.19047619047619047,0.05357142857142857,0.2948607391156463,96.70877551020409,0.04,0.02,0.019230769230769232,0.14,0.16,0.24,0.04,0.30442053888888887,95.7726666666667,R,0.03273809523809524,0.044642857142857144,0.15773809523809523,0.4696629213483146,0.2648809523809524,0.05654761904761905,0.3035736303961077,100.92266666666666,16.266666666666666,R,0.0,0.0,0.0,0.03,0.06,0.0,1,Nationals Park,85.7,70.0,8.8,0.0,0.0,1.3667733333333332,0.11437396309543867,774,,,,,,,,0.5,,,PASS
823024,2026-08-08 00:15:00+00:00,COL,STL,COL,STL,0,664983,Jake McCarthy,confirmed,1.0,4.75,681517,0.032846715328467155,0.0364963503649635,0.027548209366391185,0.15328467153284672,0.24452554744525548,0.17153284671532848,0.0364963503649635,0.29125744555555555,94.27900000000001,0.014492753623188406,0.0,0.0,0.17391304347826086,0.2028985507246377,0.18840579710144928,0.0,0.2894666666666667,95.23800000000001,L,0.018575851393188854,0.07120743034055728,0.23219814241486067,0.470873786407767,0.21362229102167182,0.07430340557275542,0.32677718863864214,102.37466666666667,15.333333333333334,R,0.0,0.0,0.0,0.03,0.06,0.0,0,Busch Stadium,88.5,57.0,5.4,0.0,0.0,0.65,0.11424790122188136,775,,,,,,,,0.5,,,PASS
823428,2026-08-07 22:40:00+00:00,TOR,PHI,TOR,PHI,0,543807,George Springer,confirmed,4.0,4.45,554430,0.03717472118959108,0.048327137546468404,0.034574468085106384,0.137546468401487,0.24535315985130113,0.17843866171003717,0.10408921933085502,0.31734737555555553,96.49766666666669,0.03125,0.03125,0.021505376344086023,0.109375,0.296875,0.125,0.109375,0.30160357000000004,95.81,R,0.03582089552238806,0.03582089552238806,0.16716417910447762,0.5306603773584906,0.32238805970149254,0.050746268656716415,0.24319399057063038,99.38933333333333,17.266666666666666,R,0.0,0.0,0.0,0.03,0.06,0.0,1,Citizens Bank Park,77.5,89.0,7.9,0.0,0.0,1.1567529411764703,0.11411638814603636,776,,,,,,,,0.5,,,PASS
823836,2026-08-07 23:10:00+00:00,LAA,MIA,LAA,MIA,0,685133,Wade Meckler,confirmed,1.0,4.75,663969,0.018404907975460124,0.03067484662576687,0.027932960893854747,0.12883435582822086,0.25153374233128833,0.22085889570552147,0.09202453987730061,0.31077330736434117,93.01166666666666,0.01818181818181818,0.0,0.0,0.14545454545454545,0.18181818181818182,0.2,0.03636363636363636,0.31348365,93.30866666666665,L,0.03879310344827586,0.0603448275862069,0.1810344827586207,0.425,0.15517241379310345,0.08189655172413793,0.35142890889144157,101.41000000000001,13.5,R,0.0,0.0,0.0,0.03,0.06,0.0,0,loanDepot park,83.7,84.0,5.2,0.0,0.5,0.9065333333333332,0.1136729494455512,780,,,,,,,,0.5,,,PASS
825051,2026-08-08 01:40:00+00:00,LAD,ARI,ARI,LAD,1,672515,Gabriel Moreno,confirmed,3.0,4.55,808963,0.026415094339622643,0.045283018867924525,0.03183023872679045,0.16226415094339622,0.3132075471698113,0.12075471698113208,0.1320754716981132,0.38930497249999996,96.2685,0.028169014084507043,0.056338028169014086,0.038834951456310676,0.2112676056338028,0.352112676056338,0.14084507042253522,0.11267605633802817,0.39642188777777776,97.60933333333332,R,0.047337278106508875,0.07396449704142012,0.1834319526627219,0.5011086474501109,0.2485207100591716,0.07988165680473373,0.3062842824878776,101.266,16.133333333333333,R,0.0,0.0,0.0,0.03,0.06,0.0,1,Chase Field,105.8,19.0,5.6,0.0,0.5,1.0,0.11353222632569508,781,,,,,,,,0.5,,,PASS
822863,2026-08-08 00:15:00+00:00,BAL,TEX,TEX,BAL,1,677649,Ezequiel Duran,confirmed,5.0,4.3,669358,0.037037037037037035,0.0411522633744856,0.028089887640449437,0.13580246913580246,0.2880658436213992,0.23045267489711935,0.05761316872427984,0.298224435,93.932,0.047619047619047616,0.047619047619047616,0.03225806451612903,0.15873015873015872,0.30158730158730157,0.19047619047619047,0.031746031746031744,0.33058238333333334,95.02133333333335,R,0.013297872340425532,0.0398936170212766,0.2074468085106383,0.5028248587570622,0.2074468085106383,0.07712765957446809,0.308596164217463,101.12066666666666,17.6,R,0.0,0.0,0.0,0.03,0.06,0.0,1,Globe Life Field,99.5,27.0,9.0,0.0,0.5,1.1230736842105262,0.11340454471345736,782,,,,,,,,0.5,,,PASS
824727,2026-08-07 23:10:00+00:00,ATH,BOS,ATH,BOS,0,691777,Max Muncy,confirmed,8.0,3.85,801139,0.022598870056497175,0.05649717514124294,0.04878048780487805,0.1638418079096045,0.192090395480226,0.3389830508474576,0.07909604519774012,0.2847345162962963,96.40644444444445,0.03571428571428571,0.03571428571428571,0.028985507246376812,0.10714285714285714,0.21428571428571427,0.375,0.125,0.2557513,92.16866666666665,R,0.03151862464183381,0.045845272206303724,0.16332378223495703,0.6270161290322581,0.2492836676217765,0.0659025787965616,0.27357782989477186,99.59933333333335,16.2,L,0.0,0.0,0.0,0.03,0.06,0.0,0,Fenway Park,90.2,33.0,7.6,0.0,0.0,0.8808421052631578,0.11300364033586384,785,,,,,,,,0.5,,,PASS
824727,2026-08-07 23:10:00+00:00,ATH,BOS,BOS,ATH,1,678882,Ceddanne Rafaela,confirmed,2.0,4.65,678022,0.040892193308550186,0.03345724907063197,0.02088167053364269,0.1524163568773234,0.3382899628252788,0.1970260223048327,0.026022304832713755,0.26774831297619045,94.18283333333332,0.1044776119402985,0.07462686567164178,0.045454545454545456,0.16417910447761194,0.3582089552238806,0.23880597014925373,0.014925373134328358,0.30258899523809524,93.98333333333332,R,0.05670103092783505,0.061855670103092786,0.16494845360824742,0.5610859728506787,0.27835051546391754,0.0979381443298969,0.3283903451302109,101.05222222222223,14.222222222222221,R,2.0,0.0,0.0,0.02857142857142857,0.05714285714285714,0.047619047619047616,1,Fenway Park,90.2,33.0,7.6,0.0,0.0,0.8808421052631578,0.11234527312404967,790,,,,,,,,0.5,,,PASS
823750,2026-08-07 23:40:00+00:00,MIN,MIL,MIL,MIN,1,592885,Christian Yelich,confirmed,6.0,4.15,805673,0.02097902097902098,0.06293706293706294,0.052941176470588235,0.13986013986013987,0.3076923076923077,0.2692307692307692,0.10139860139860139,0.29764395666666665,95.41349999999998,0.014925373134328358,0.11940298507462686,0.08602150537634409,0.208955223880597,0.417910447761194,0.208955223880597,0.08955223880597014,0.3037002966666666,96.44133333333333,L,0.04678362573099415,0.08771929824561403,0.21929824561403508,0.5279642058165548,0.20175438596491227,0.07602339181286549,0.32961395814379896,101.77642857142858,17.071428571428573,R,0.0,0.0,0.0,0.03,0.06,0.0,0,American Family Field,84.8,58.0,10.1,0.0,0.5,0.9623199999999998,0.1116487868685632,796,,,,,,,,0.5,,,PASS
824727,2026-08-07 23:10:00+00:00,ATH,BOS,ATH,BOS,0,671732,Lawrence Butler,confirmed,7.0,4.0,801139,0.02066115702479339,0.049586776859504134,0.037383177570093455,0.15289256198347106,0.2892561983471074,0.25206611570247933,0.12396694214876033,0.2966439963888889,96.1615,0.03389830508474576,0.06779661016949153,0.04938271604938271,0.22033898305084745,0.3389830508474576,0.2542372881355932,0.1016949152542373,0.2897708044444445,94.89533333333335,L,0.03151862464183381,0.045845272206303724,0.16332378223495703,0.6270161290322581,0.2492836676217765,0.0659025787965616,0.27357782989477186,99.59933333333335,16.2,L,2.0,0.0,0.0,0.02857142857142857,0.05714285714285714,0.047619047619047616,1,Fenway Park,90.2,33.0,7.6,0.0,0.0,0.8808421052631578,0.11040648132181427,806,,,,,,,,0.5,,,PASS
824727,2026-08-07 23:10:00+00:00,ATH,BOS,BOS,ATH,1,680776,Jarren Duran,confirmed,7.0,4.0,678022,0.038314176245210725,0.06513409961685823,0.056856187290969896,0.13409961685823754,0.23371647509578544,0.2950191570881226,0.05363984674329502,0.29145078722222223,96.74083333333334,0.03225806451612903,0.03225806451612903,0.024390243902439025,0.11290322580645161,0.20967741935483872,0.20967741935483872,0.03225806451612903,0.30942,98.15533333333333,L,0.05670103092783505,0.061855670103092786,0.16494845360824742,0.5610859728506787,0.27835051546391754,0.0979381443298969,0.3283903451302109,101.05222222222223,14.222222222222221,R,2.0,0.0,0.0,0.02857142857142857,0.05714285714285714,0.047619047619047616,0,Fenway Park,90.2,33.0,7.6,0.0,0.0,0.8808421052631578,0.10942029952699109,814,,,,,,,,0.5,,,PASS
823836,2026-08-07 23:10:00+00:00,LAA,MIA,LAA,MIA,0,672724,Oswald Peraza,confirmed,7.0,4.0,663969,0.024691358024691357,0.04938271604938271,0.03636363636363636,0.14814814814814814,0.24691358024691357,0.2880658436213992,0.03292181069958848,0.2732321497222222,94.8295,0.0,0.0,0.0,0.10344827586206896,0.3275862068965517,0.43103448275862066,0.034482758620689655,0.1458129888888889,91.266,R,0.03879310344827586,0.0603448275862069,0.1810344827586207,0.425,0.15517241379310345,0.08189655172413793,0.35142890889144157,101.41000000000001,13.5,R,0.0,0.0,0.0,0.03,0.06,0.0,1,loanDepot park,83.7,84.0,5.2,0.0,0.5,0.9065333333333332,0.10859146819777173,821,,,,,,,,0.5,,,PASS
822863,2026-08-08 00:15:00+00:00,BAL,TEX,BAL,TEX,0,683002,Gunnar Henderson,confirmed,1.0,4.75,543135,0.025830258302583026,0.03690036900369004,0.02824858757062147,0.14391143911439114,0.23616236162361623,0.18450184501845018,0.1070110701107011,0.32717602333333334,97.165,0.015151515151515152,0.045454545454545456,0.038461538461538464,0.15151515151515152,0.22727272727272727,0.21212121212121213,0.15151515151515152,0.34361793444444444,95.60133333333332,L,0.03875968992248062,0.05426356589147287,0.16279069767441862,0.4105960264900662,0.2661498708010336,0.05426356589147287,0.3043708273643755,101.41666666666667,18.733333333333334,R,3.0,0.0,1.0,0.027906976744186046,0.07906976744186046,0.06976744186046512,0,Globe Life Field,99.5,27.0,9.0,0.0,0.5,1.1230736842105262,0.10858452749349212,821,,,,,,,,0.5,,,PASS
823515,2026-08-07 23:05:00+00:00,ATL,NYY,NYY,ATL,1,641857,Ryan McMahon,confirmed,8.0,3.85,641816,0.037383177570093455,0.06542056074766354,0.052830188679245285,0.18691588785046728,0.22897196261682243,0.2850467289719626,0.04672897196261682,0.29908633833333337,96.70866666666667,0.01818181818181818,0.03636363636363636,0.031746031746031744,0.18181818181818182,0.16363636363636364,0.3090909090909091,0.05454545454545454,0.24558277222222222,97.91333333333334,L,0.03519061583577713,0.04105571847507331,0.12903225806451613,0.550351288056206,0.21700879765395895,0.08797653958944282,0.2983355238047523,100.462,15.733333333333333,R,2.0,0.0,1.0,0.02857142857142857,0.08095238095238096,0.047619047619047616,0,Yankee Stadium,84.0,77.0,13.1,0.0,0.0,1.17152,0.1075308775100679,830,,,,,,,,0.5,,,PASS
824081,2026-08-08 00:10:00+00:00,CHC,KC,KC,CHC,1,686681,Michael Massey,confirmed,7.0,4.0,592332,0.02643171806167401,0.039647577092511016,0.027607361963190184,0.22466960352422907,0.2555066079295154,0.14977973568281938,0.05286343612334802,0.2917045819444445,96.04083333333334,0.017241379310344827,0.034482758620689655,0.024096385542168676,0.20689655172413793,0.22413793103448276,0.1896551724137931,0.034482758620689655,0.24367853333333336,94.03266666666667,L,0.028089887640449437,0.05056179775280899,0.19382022471910113,0.554639175257732,0.23595505617977527,0.07584269662921349,0.31680794399732076,100.71133333333334,15.933333333333334,R,0.0,0.0,0.0,0.03,0.06,0.0,0,Kauffman Stadium,85.2,52.0,4.8,0.0,0.0,1.0320533333333333,0.10701794300635176,834,,,,,,,,0.5,,,PASS
823836,2026-08-07 23:10:00+00:00,LAA,MIA,MIA,LAA,1,672640,Otto Lopez,confirmed,2.0,4.65,691946,0.01858736059479554,0.040892193308550186,0.032640949554896145,0.16356877323420074,0.1821561338289963,0.10408921933085502,0.055762081784386616,0.32227785472222215,97.45833333333334,0.0,0.014925373134328358,0.011235955056179775,0.14925373134328357,0.14925373134328357,0.07462686567164178,0.04477611940298507,0.25341497,97.47333333333334,R,0.03125,0.125,0.1875,0.3448275862068966,0.1875,0.3125,0.4722959375,102.21000000000001,7.0,R,0.0,0.0,0.0,0.03,0.06,0.0,1,loanDepot park,83.7,84.0,5.2,0.0,0.5,0.9065333333333332,0.10679054720495315,836,,,,,,,,0.5,,,PASS
824081,2026-08-08 00:10:00+00:00,CHC,KC,KC,CHC,1,516782,Starling Marte,confirmed,8.0,3.85,592332,0.007633587786259542,0.06870229007633588,0.05232558139534884,0.1450381679389313,0.22900763358778625,0.24427480916030533,0.05343511450381679,0.30396974460784315,97.1291176470588,0.0,0.03389830508474576,0.022988505747126436,0.13559322033898305,0.288135593220339,0.2033898305084746,0.03389830508474576,0.2649137888888889,95.08466666666668,R,0.028089887640449437,0.05056179775280899,0.19382022471910113,0.554639175257732,0.23595505617977527,0.07584269662921349,0.31680794399732076,100.71133333333334,15.933333333333334,R,0.0,0.0,0.0,0.03,0.06,0.0,1,Kauffman Stadium,85.2,52.0,4.8,0.0,0.0,1.0320533333333333,0.10635628999515127,840,,,,,,,,0.5,,,PASS
824081,2026-08-08 00:10:00+00:00,CHC,KC,KC,CHC,1,686555,Isaac Collins,confirmed,5.0,4.3,592332,0.013157894736842105,0.02631578947368421,0.021660649819494584,0.14473684210526316,0.19736842105263158,0.20614035087719298,0.10526315789473684,0.2973505025,95.71366666666667,0.017543859649122806,0.03508771929824561,0.028985507246376812,0.10526315789473684,0.19298245614035087,0.19298245614035087,0.08771929824561403,0.26450118888888885,96.00000000000001,L,0.028089887640449437,0.05056179775280899,0.19382022471910113,0.554639175257732,0.23595505617977527,0.07584269662921349,0.31680794399732076,100.71133333333334,15.933333333333334,R,0.0,0.0,0.0,0.03,0.06,0.0,0,Kauffman Stadium,85.2,52.0,4.8,0.0,0.0,1.0320533333333333,0.10635377121095756,840,,,,,,,,0.5,,,PASS
822863,2026-08-08 00:15:00+00:00,BAL,TEX,TEX,BAL,1,553869,Elias Díaz,confirmed,8.0,3.85,669358,0.038461538461538464,0.046153846153846156,0.03296703296703297,0.2,0.2230769230769231,0.2153846153846154,0.023076923076923078,0.26599695450450456,96.48216216216217,0.018867924528301886,0.018867924528301886,0.013513513513513514,0.22641509433962265,0.16981132075471697,0.2641509433962264,0.018867924528301886,0.22491041111111112,94.08933333333334,R,0.013297872340425532,0.0398936170212766,0.2074468085106383,0.5028248587570622,0.2074468085106383,0.07712765957446809,0.308596164217463,101.12066666666666,17.6,R,0.0,0.0,0.0,0.03,0.06,0.0,1,Globe Life Field,99.5,27.0,9.0,0.0,0.5,1.1230736842105262,0.10627371622481749,841,,,,,,,,0.5,,,PASS
823349,2026-08-07 22:40:00+00:00,NYM,PIT,NYM,PIT,0,620443,Luis Torrens,confirmed,9.0,3.7,669387,0.020618556701030927,0.030927835051546393,0.023255813953488372,0.16494845360824742,0.23195876288659795,0.20618556701030927,0.05670103092783505,0.27119683919753085,94.26537037037036,0.04838709677419355,0.03225806451612903,0.023529411764705882,0.1774193548387097,0.25806451612903225,0.14516129032258066,0.12903225806451613,0.3180996211111111,94.92866666666667,R,0.015384615384615385,0.05641025641025641,0.22564102564102564,0.46825396825396826,0.2,0.07692307692307693,0.35293512561918267,103.61222222222221,14.444444444444445,R,2.0,0.0,0.0,0.02857142857142857,0.05714285714285714,0.047619047619047616,1,PNC Park,79.5,82.0,4.1,0.0,0.0,1.08784,0.10600856885420908,843,,,,,,,,0.5,,,PASS
822863,2026-08-08 00:15:00+00:00,BAL,TEX,BAL,TEX,0,681297,Colton Cowser,confirmed,8.0,3.85,543135,0.028708133971291867,0.06220095693779904,0.05701754385964912,0.16267942583732056,0.23444976076555024,0.3253588516746411,0.12440191387559808,0.3066096675,93.77305084745764,0.0,0.020833333333333332,0.02,0.125,0.3333333333333333,0.3541666666666667,0.14583333333333334,0.23849582666666666,95.64133333333332,L,0.03875968992248062,0.05426356589147287,0.16279069767441862,0.4105960264900662,0.2661498708010336,0.05426356589147287,0.3043708273643755,101.41666666666667,18.733333333333334,R,2.0,0.0,0.0,0.02857142857142857,0.05714285714285714,0.047619047619047616,0,Globe Life Field,99.5,27.0,9.0,0.0,0.5,1.1230736842105262,0.10534435387543023,849,,,,,,,,0.5,,,PASS
823836,2026-08-07 23:10:00+00:00,LAA,MIA,LAA,MIA,0,694208,Moisés Ballesteros,confirmed,6.0,4.15,663969,0.03508771929824561,0.05263157894736842,0.041666666666666664,0.14619883040935672,0.21052631578947367,0.2046783625730994,0.0935672514619883,0.305322771,95.26199999999999,0.0,0.0,0.0,0.04081632653061224,0.20408163265306123,0.24489795918367346,0.04081632653061224,0.20826319999999995,95.00399999999999,L,0.03879310344827586,0.0603448275862069,0.1810344827586207,0.425,0.15517241379310345,0.08189655172413793,0.35142890889144157,101.41000000000001,13.5,R,0.0,0.0,0.0,0.03,0.06,0.0,0,loanDepot park,83.7,84.0,5.2,0.0,0.5,0.9065333333333332,0.10425464159757841,859,,,,,,,,0.5,,,PASS
823024,2026-08-08 00:15:00+00:00,COL,STL,COL,STL,0,678662,Ezequiel Tovar,confirmed,7.0,4.0,681517,0.03524229074889868,0.039647577092511016,0.02616279069767442,0.14977973568281938,0.32599118942731276,0.2422907488986784,0.05286343612334802,0.25030350472222224,93.67288135593222,0.019230769230769232,0.019230769230769232,0.012048192771084338,0.17307692307692307,0.34615384615384615,0.25,0.07692307692307693,0.2747559611111111,95.07571428571428,R,0.018575851393188854,0.07120743034055728,0.23219814241486067,0.470873786407767,0.21362229102167182,0.07430340557275542,0.32677718863864214,102.37466666666667,15.333333333333334,R,0.0,0.0,0.0,0.03,0.06,0.0,1,Busch Stadium,88.5,57.0,5.4,0.0,0.0,0.65,0.10367608374357588,865,,,,,,,,0.5,,,PASS
823349,2026-08-07 22:40:00+00:00,NYM,PIT,PIT,NYM,1,663968,Jake Mangum,confirmed,1.0,4.75,804267,0.011450381679389313,0.011450381679389313,0.007211538461538462,0.08778625954198473,0.31679389312977096,0.17557251908396945,0.04580152671755725,0.2860245069444444,92.98399999999998,0.014285714285714285,0.0,0.0,0.1,0.4142857142857143,0.24285714285714285,0.05714285714285714,0.2874818055555555,93.46266666666665,L,0.022388059701492536,0.07462686567164178,0.23134328358208955,0.4708994708994709,0.1791044776119403,0.07462686567164178,0.340505250106153,102.21,16.833333333333332,L,0.0,0.0,0.0,0.03,0.06,0.0,1,PNC Park,79.5,82.0,4.1,0.0,0.0,1.08784,0.10361124443266868,865,,,,,,,,0.5,,,PASS
823428,2026-08-07 22:40:00+00:00,TOR,PHI,TOR,PHI,0,672386,Alejandro Kirk,confirmed,2.0,4.65,554430,0.026143790849673203,0.0196078431372549,0.01507537688442211,0.12418300653594772,0.21568627450980393,0.13071895424836602,0.09803921568627451,0.30873544864864866,96.64621621621622,0.03278688524590164,0.01639344262295082,0.012658227848101266,0.13114754098360656,0.14754098360655737,0.13114754098360656,0.11475409836065574,0.3909337477777778,99.468,R,0.03582089552238806,0.03582089552238806,0.16716417910447762,0.5306603773584906,0.32238805970149254,0.050746268656716415,0.24319399057063038,99.38933333333333,17.266666666666666,R,0.0,0.0,0.0,0.03,0.06,0.0,1,Citizens Bank Park,77.5,89.0,7.9,0.0,0.0,1.1567529411764703,0.10352401763907608,866,,,,,,,,0.5,,,PASS
825051,2026-08-08 01:40:00+00:00,LAD,ARI,ARI,LAD,1,694374,Tim Tawa,confirmed,8.0,3.85,808963,0.03773584905660377,0.06289308176100629,0.049019607843137254,0.18238993710691823,0.2578616352201258,0.1949685534591195,0.05660377358490566,0.2884421211382114,96.59731707317073,0.031746031746031744,0.07936507936507936,0.06666666666666667,0.19047619047619047,0.2698412698412698,0.19047619047619047,0.031746031746031744,0.2864393866666667,99.68666666666667,R,0.047337278106508875,0.07396449704142012,0.1834319526627219,0.5011086474501109,0.2485207100591716,0.07988165680473373,0.3062842824878776,101.266,16.133333333333333,R,0.0,0.0,0.0,0.03,0.06,0.0,1,Chase Field,105.8,19.0,5.6,0.0,0.5,1.0,0.10350570593543892,866,,,,,,,,0.5,,,PASS
822863,2026-08-08 00:15:00+00:00,BAL,TEX,BAL,TEX,0,687637,Dylan Beavers,confirmed,5.0,4.3,543135,0.010526315789473684,0.03684210526315789,0.02857142857142857,0.18421052631578946,0.24210526315789474,0.23684210526315788,0.09473684210526316,0.2943469233333333,93.7956,0.0,0.03389830508474576,0.029850746268656716,0.2033898305084746,0.1864406779661017,0.23728813559322035,0.0847457627118644,0.3558855355555555,94.096,L,0.03875968992248062,0.05426356589147287,0.16279069767441862,0.4105960264900662,0.2661498708010336,0.05426356589147287,0.3043708273643755,101.41666666666667,18.733333333333334,R,2.0,0.0,0.0,0.02857142857142857,0.05714285714285714,0.047619047619047616,0,Globe Life Field,99.5,27.0,9.0,0.0,0.5,1.1230736842105262,0.10312126862505856,870,,,,,,,,0.5,,,PASS
823515,2026-08-07 23:05:00+00:00,ATL,NYY,ATL,NYY,0,669221,Sean Murphy,confirmed,8.0,3.85,608331,0.0,0.0,0.0,0.05555555555555555,0.1111111111111111,0.4444444444444444,0.0,0.13766666666666666,94.362,0.0,0.0,0.0,0.05555555555555555,0.1111111111111111,0.4444444444444444,0.0,0.13766666666666666,94.362,R,0.0034482758620689655,0.010344827586206896,0.1103448275862069,0.4415954415954416,0.23448275862068965,0.07931034482758621,0.24153684045457963,98.70846153846153,16.923076923076923,L,0.0,0.0,0.0,0.03,0.06,0.0,0,Yankee Stadium,84.0,77.0,13.1,0.0,0.0,1.17152,0.10180779294012689,882,,,,,,,,0.5,,,PASS
824566,2026-08-07 23:40:00+00:00,CLE,CWS,CLE,CWS,0,682657,Angel Martínez,confirmed,5.0,4.3,702273,0.044,0.06,0.04189944134078212,0.152,0.292,0.224,0.028,0.2936290283333333,94.6858333333333,0.03225806451612903,0.04838709677419355,0.0410958904109589,0.11290322580645161,0.24193548387096775,0.25806451612903225,0.03225806451612903,0.2836690044444445,91.41133333333332,L,0.033582089552238806,0.06716417910447761,0.1865671641791045,0.5470588235294118,0.20149253731343283,0.11567164179104478,0.36271230966160967,101.77384615384616,13.538461538461538,L,0.0,0.0,0.0,0.03,0.06,0.0,1,Rate Field,80.9,75.0,1.2,0.0,0.0,0.75835,0.10109869236567796,889,,,,,,,,0.5,,,PASS
823349,2026-08-07 22:40:00+00:00,NYM,PIT,PIT,NYM,1,804668,Rafael Flores Jr.,confirmed,9.0,3.7,804267,0.041666666666666664,0.08333333333333333,0.07692307692307693,0.16666666666666666,0.3333333333333333,0.16666666666666666,0.16666666666666666,0.3943563214285714,95.76,0.041666666666666664,0.08333333333333333,0.07692307692307693,0.16666666666666666,0.3333333333333333,0.16666666666666666,0.16666666666666666,0.3943563214285714,95.76,R,0.022388059701492536,0.07462686567164178,0.23134328358208955,0.4708994708994709,0.1791044776119403,0.07462686567164178,0.340505250106153,102.21,16.833333333333332,L,0.0,0.0,0.0,0.03,0.06,0.0,0,PNC Park,79.5,82.0,4.1,0.0,0.0,1.08784,0.10072818183444748,893,,,,,,,,0.5,,,PASS
824727,2026-08-07 23:10:00+00:00,ATH,BOS,ATH,BOS,0,641680,Jonah Heim,confirmed,3.0,4.55,801139,0.0371900826446281,0.049586776859504134,0.03715170278637771,0.15702479338842976,0.2975206611570248,0.18181818181818182,0.07024793388429752,0.30681381299435034,95.05559322033899,0.03125,0.0625,0.0425531914893617,0.25,0.296875,0.15625,0.0625,0.3325786166666667,96.66666666666666,R,0.03151862464183381,0.045845272206303724,0.16332378223495703,0.6270161290322581,0.2492836676217765,0.0659025787965616,0.27357782989477186,99.59933333333335,16.2,L,3.0,1.0,1.0,0.051162790697674425,0.07906976744186046,0.06976744186046512,0,Fenway Park,90.2,33.0,7.6,0.0,0.0,0.8808421052631578,0.10064711754644293,894,,,,,,,,0.5,,,PASS
824727,2026-08-07 23:10:00+00:00,ATH,BOS,BOS,ATH,1,655316,Andruw Monasterio,confirmed,6.0,4.15,678022,0.029411764705882353,0.06372549019607843,0.04482758620689655,0.18627450980392157,0.3382352941176471,0.20588235294117646,0.07352941176470588,0.3134890663461539,93.82576923076924,0.01639344262295082,0.04918032786885246,0.037037037037037035,0.22950819672131148,0.36065573770491804,0.19672131147540983,0.06557377049180328,0.3285718122222222,94.76599999999998,R,0.05670103092783505,0.061855670103092786,0.16494845360824742,0.5610859728506787,0.27835051546391754,0.0979381443298969,0.3283903451302109,101.05222222222223,14.222222222222221,R,2.0,0.0,0.0,0.02857142857142857,0.05714285714285714,0.047619047619047616,1,Fenway Park,90.2,33.0,7.6,0.0,0.0,0.8808421052631578,0.10012928367166236,899,,,,,,,,0.5,,,PASS
823750,2026-08-07 23:40:00+00:00,MIN,MIL,MIN,MIL,0,605170,Victor Caratini,confirmed,8.0,3.85,675660,0.024896265560165973,0.04149377593360996,0.0353356890459364,0.17842323651452283,0.1991701244813278,0.21991701244813278,0.08298755186721991,0.3009819619444444,96.54099999999998,0.0,0.0,0.0,0.14545454545454545,0.21818181818181817,0.23636363636363636,0.05454545454545454,0.23712676666666666,96.78133333333335,L,0.022556390977443608,0.05639097744360902,0.17669172932330826,0.48344370860927155,0.23684210526315788,0.07518796992481203,0.3017052481856702,100.93083333333334,15.583333333333334,L,0.0,0.0,0.0,0.03,0.06,0.0,1,American Family Field,84.8,58.0,10.1,0.0,0.5,0.9623199999999998,0.0991282429981513,909,,,,,,,,0.5,,,PASS
823428,2026-08-07 22:40:00+00:00,TOR,PHI,PHI,TOR,1,664761,Alec Bohm,confirmed,5.0,4.3,667755,0.03162055335968379,0.05138339920948617,0.03571428571428571,0.14624505928853754,0.31225296442687744,0.14624505928853754,0.05138339920948617,0.31464117194444446,97.50933333333333,0.015873015873015872,0.031746031746031744,0.023255813953488372,0.1746031746031746,0.3333333333333333,0.09523809523809523,0.047619047619047616,0.35926209,97.88533333333332,R,0.02586206896551724,0.04885057471264368,0.12643678160919541,0.39849624060150374,0.22413793103448276,0.11781609195402298,0.34099976691782075,101.196,15.6,R,0.0,0.0,0.0,0.03,0.06,0.0,1,Citizens Bank Park,77.5,89.0,7.9,0.0,0.0,1.1567529411764703,0.09894371383245319,911,,,,,,,,0.5,,,PASS
823428,2026-08-07 22:40:00+00:00,TOR,PHI,PHI,TOR,1,592663,J.T. Realmuto,confirmed,7.0,4.0,667755,0.030434782608695653,0.0391304347826087,0.03103448275862069,0.1565217391304348,0.1826086956521739,0.23478260869565218,0.08260869565217391,0.3335301575,97.56169491525424,0.01694915254237288,0.03389830508474576,0.023255813953488372,0.1864406779661017,0.1864406779661017,0.23728813559322035,0.0847457627118644,0.37598928222222217,99.68533333333333,R,0.02586206896551724,0.04885057471264368,0.12643678160919541,0.39849624060150374,0.22413793103448276,0.11781609195402298,0.34099976691782075,101.196,15.6,R,0.0,0.0,0.0,0.03,0.06,0.0,1,Citizens Bank Park,77.5,89.0,7.9,0.0,0.0,1.1567529411764703,0.09892680652154442,911,,,,,,,,0.5,,,PASS
822699,2026-08-07 22:45:00+00:00,CIN,WSH,CIN,WSH,0,682622,Noelvi Marte,confirmed,7.0,4.0,676917,0.028089887640449437,0.033707865168539325,0.027522935779816515,0.06741573033707865,0.16853932584269662,0.2303370786516854,0.05056179775280899,0.24338237659574471,94.74957446808511,0.0,0.017543859649122806,0.014285714285714285,0.07017543859649122,0.12280701754385964,0.19298245614035087,0.03508771929824561,0.19783332222222222,94.09866666666669,R,0.03273809523809524,0.044642857142857144,0.15773809523809523,0.4696629213483146,0.2648809523809524,0.05654761904761905,0.3035736303961077,100.92266666666666,16.266666666666666,R,0.0,0.0,0.0,0.03,0.06,0.0,1,Nationals Park,85.7,70.0,8.8,0.0,0.0,1.3667733333333332,0.09828337650403896,917,,,,,,,,0.5,,,PASS
825051,2026-08-08 01:40:00+00:00,LAD,ARI,ARI,LAD,1,672695,Geraldo Perdomo,confirmed,1.0,4.75,808963,0.026217228464419477,0.02247191011235955,0.017391304347826087,0.13108614232209737,0.2247191011235955,0.12359550561797752,0.14232209737827714,0.3197830973412699,93.77416666666666,0.027777777777777776,0.041666666666666664,0.0379746835443038,0.1388888888888889,0.3055555555555556,0.16666666666666666,0.1527777777777778,0.30880179380952383,94.62466666666664,L,0.047337278106508875,0.07396449704142012,0.1834319526627219,0.5011086474501109,0.2485207100591716,0.07988165680473373,0.3062842824878776,101.266,16.133333333333333,R,0.0,0.0,0.0,0.03,0.06,0.0,0,Chase Field,105.8,19.0,5.6,0.0,0.5,1.0,0.09698809976453121,931,,,,,,,,0.5,,,PASS
824566,2026-08-07 23:40:00+00:00,CLE,CWS,CWS,CLE,1,686668,Brenton Doyle,confirmed,6.0,4.15,800048,0.008403361344537815,0.03361344537815126,0.027777777777777776,0.09243697478991597,0.10084033613445378,0.33613445378151263,0.10084033613445378,0.2203980373737374,91.8165625,0.0,0.03773584905660377,0.03225806451612903,0.05660377358490566,0.07547169811320754,0.3018867924528302,0.11320754716981132,0.22876439444444452,93.19285714285714,R,0.019444444444444445,0.03333333333333333,0.15555555555555556,0.5206971677559913,0.23333333333333334,0.075,0.2783678674242434,100.33,17.6,L,0.0,0.0,0.0,0.03,0.06,0.0,0,Rate Field,80.9,75.0,1.2,0.0,0.0,0.75835,0.09653558859479099,936,,,,,,,,0.5,,,PASS
823836,2026-08-07 23:10:00+00:00,LAA,MIA,LAA,MIA,0,666139,Josh Lowe,confirmed,8.0,3.85,663969,0.03902439024390244,0.06341463414634146,0.04126984126984127,0.17560975609756097,0.2780487804878049,0.2780487804878049,0.06829268292682927,0.29649670593220345,94.0957627118644,0.019230769230769232,0.057692307692307696,0.03571428571428571,0.15384615384615385,0.21153846153846154,0.2692307692307692,0.1346153846153846,0.29918849999999997,92.38866666666667,L,0.03879310344827586,0.0603448275862069,0.1810344827586207,0.425,0.15517241379310345,0.08189655172413793,0.35142890889144157,101.41000000000001,13.5,R,0.0,0.0,0.0,0.03,0.06,0.0,0,loanDepot park,83.7,84.0,5.2,0.0,0.5,0.9065333333333332,0.09612657727431581,940,,,,,,,,0.5,,,PASS
824081,2026-08-08 00:10:00+00:00,CHC,KC,CHC,KC,0,608348,Carson Kelly,confirmed,7.0,4.0,663738,0.024291497975708502,0.032388663967611336,0.02416918429003021,0.14979757085020243,0.2631578947368421,0.1700404858299595,0.09716599190283401,0.2937493597222222,94.79016666666666,0.031746031746031744,0.031746031746031744,0.023529411764705882,0.19047619047619047,0.30158730158730157,0.15873015873015872,0.09523809523809523,0.30298154777777775,95.466,R,,,,,,,,,,,0.0,0.0,0.0,0.03,0.06,0.0,0,Kauffman Stadium,85.2,52.0,4.8,0.0,0.0,1.0320533333333333,0.09562152951932329,946,,,,,,,,0.5,,,PASS
823515,2026-08-07 23:05:00+00:00,ATL,NYY,NYY,ATL,1,669224,Austin Wells,confirmed,9.0,3.7,641816,0.03414634146341464,0.04390243902439024,0.036,0.24390243902439024,0.2780487804878049,0.2634146341463415,0.11219512195121951,0.2920931333333333,95.07316666666665,0.0851063829787234,0.10638297872340426,0.09615384615384616,0.2553191489361702,0.2127659574468085,0.19148936170212766,0.1276595744680851,0.42979469333333337,96.10333333333334,L,0.03519061583577713,0.04105571847507331,0.12903225806451613,0.550351288056206,0.21700879765395895,0.08797653958944282,0.2983355238047523,100.462,15.733333333333333,R,1.0,0.0,0.0,0.029268292682926828,0.058536585365853655,0.024390243902439025,0,Yankee Stadium,84.0,77.0,13.1,0.0,0.0,1.17152,0.0950723831388235,952,,,,,,,,0.5,,,PASS
824727,2026-08-07 23:10:00+00:00,ATH,BOS,ATH,BOS,0,695720,Tommy White,confirmed,5.0,4.3,801139,0.0,0.04054054054054054,0.03,0.14864864864864866,0.28378378378378377,0.16216216216216217,0.02702702702702703,0.3068669861111111,95.66722222222222,0.0,0.04838709677419355,0.0379746835443038,0.12903225806451613,0.25806451612903225,0.1935483870967742,0.016129032258064516,0.29704245,95.94733333333333,R,0.03151862464183381,0.045845272206303724,0.16332378223495703,0.6270161290322581,0.2492836676217765,0.0659025787965616,0.27357782989477186,99.59933333333335,16.2,L,2.0,0.0,0.0,0.02857142857142857,0.05714285714285714,0.047619047619047616,0,Fenway Park,90.2,33.0,7.6,0.0,0.0,0.8808421052631578,0.0937604312702573,967,,,,,,,,0.5,,,PASS
823836,2026-08-07 23:10:00+00:00,LAA,MIA,MIA,LAA,1,691788,Joe Mack,confirmed,8.0,3.85,691946,0.04716981132075472,0.0660377358490566,0.051094890510948905,0.22641509433962265,0.2169811320754717,0.25471698113207547,0.06132075471698113,0.29838209555555556,95.43166666666666,0.07692307692307693,0.09615384615384616,0.0847457627118644,0.23076923076923078,0.2692307692307692,0.28846153846153844,0.019230769230769232,0.34771124444444446,95.62266666666667,L,0.03125,0.125,0.1875,0.3448275862068966,0.1875,0.3125,0.4722959375,102.21000000000001,7.0,R,0.0,0.0,0.0,0.03,0.06,0.0,0,loanDepot park,83.7,84.0,5.2,0.0,0.5,0.9065333333333332,0.09161123721959259,992,,,,,,,,0.5,,,PASS
823836,2026-08-07 23:10:00+00:00,LAA,MIA,LAA,MIA,0,694384,Nolan Schanuel,confirmed,3.0,4.55,663969,0.011857707509881422,0.015810276679841896,0.011904761904761904,0.13043478260869565,0.21739130434782608,0.13043478260869565,0.09486166007905138,0.3407285672222222,94.53533333333331,0.0,0.031746031746031744,0.024390243902439025,0.14285714285714285,0.1746031746031746,0.09523809523809523,0.09523809523809523,0.30712733333333325,94.76666666666667,L,0.03879310344827586,0.0603448275862069,0.1810344827586207,0.425,0.15517241379310345,0.08189655172413793,0.35142890889144157,101.41000000000001,13.5,R,0.0,0.0,0.0,0.03,0.06,0.0,0,loanDepot park,83.7,84.0,5.2,0.0,0.5,0.9065333333333332,0.09146167573310406,993,,,,,,,,0.5,,,PASS
825051,2026-08-08 01:40:00+00:00,LAD,ARI,ARI,LAD,1,814439,Ryan Waldschmidt,confirmed,9.0,3.7,808963,0.005714285714285714,0.045714285714285714,0.043010752688172046,0.14857142857142858,0.24,0.32,0.05142857142857143,0.2864120280141844,93.33787234042552,0.019230769230769232,0.038461538461538464,0.03333333333333333,0.1346153846153846,0.21153846153846154,0.2692307692307692,0.019230769230769232,0.2915999555555555,96.59933333333335,R,0.047337278106508875,0.07396449704142012,0.1834319526627219,0.5011086474501109,0.2485207100591716,0.07988165680473373,0.3062842824878776,101.266,16.133333333333333,R,0.0,0.0,0.0,0.03,0.06,0.0,1,Chase Field,105.8,19.0,5.6,0.0,0.5,1.0,0.09128349844992906,995,,,,,,,,0.5,,,PASS
823349,2026-08-07 22:40:00+00:00,NYM,PIT,PIT,NYM,1,693304,Nick Gonzales,confirmed,6.0,4.15,804267,0.0234375,0.02734375,0.02040816326530612,0.1328125,0.28515625,0.16015625,0.05859375,0.3129865319444445,95.19533333333332,0.0,0.015873015873015872,0.011627906976744186,0.1111111111111111,0.30158730158730157,0.1111111111111111,0.0,0.30864024111111116,94.96199999999999,R,0.022388059701492536,0.07462686567164178,0.23134328358208955,0.4708994708994709,0.1791044776119403,0.07462686567164178,0.340505250106153,102.21,16.833333333333332,L,0.0,0.0,0.0,0.03,0.06,0.0,0,PNC Park,79.5,82.0,4.1,0.0,0.0,1.08784,0.09037081550696076,1007,,,,,,,,0.5,,,PASS
823428,2026-08-07 22:40:00+00:00,TOR,PHI,TOR,PHI,0,669701,Josh Smith,confirmed,8.0,3.85,554430,0.0,0.035211267605633804,0.025510204081632654,0.1619718309859155,0.2323943661971831,0.19014084507042253,0.09859154929577464,0.25801633873873875,93.90810810810812,0.0,0.017543859649122806,0.012658227848101266,0.08771929824561403,0.22807017543859648,0.19298245614035087,0.07017543859649122,0.20970495,91.75799999999998,L,0.03582089552238806,0.03582089552238806,0.16716417910447762,0.5306603773584906,0.32238805970149254,0.050746268656716415,0.24319399057063038,99.38933333333333,17.266666666666666,R,0.0,0.0,0.0,0.03,0.06,0.0,0,Citizens Bank Park,77.5,89.0,7.9,0.0,0.0,1.1567529411764703,0.09017601114588607,1009,,,,,,,,0.5,,,PASS
824727,2026-08-07 23:10:00+00:00,ATH,BOS,ATH,BOS,0,805779,Jacob Wilson,confirmed,2.0,4.65,801139,0.027237354085603113,0.027237354085603113,0.017857142857142856,0.12840466926070038,0.3229571984435798,0.10505836575875487,0.04669260700389105,0.2949831349999999,94.32583333333334,0.030303030303030304,0.045454545454545456,0.03,0.15151515151515152,0.2727272727272727,0.09090909090909091,0.015151515151515152,0.28119188333333334,95.11733333333333,R,0.03151862464183381,0.045845272206303724,0.16332378223495703,0.6270161290322581,0.2492836676217765,0.0659025787965616,0.27357782989477186,99.59933333333335,16.2,L,3.0,0.0,0.0,0.027906976744186046,0.05581395348837209,0.06976744186046512,0,Fenway Park,90.2,33.0,7.6,0.0,0.0,0.8808421052631578,0.08980852760164511,1013,,,,,,,,0.5,,,PASS
823750,2026-08-07 23:40:00+00:00,MIN,MIL,MIN,MIL,0,668885,Austin Martin,confirmed,1.0,4.75,675660,0.008064516129032258,0.016129032258064516,0.013986013986013986,0.08870967741935484,0.24193548387096775,0.1814516129032258,0.10887096774193548,0.29381011833333326,94.00966666666666,0.0,0.0,0.0,0.05454545454545454,0.2727272727272727,0.18181818181818182,0.12727272727272726,0.26880178111111114,93.86466666666664,R,0.022556390977443608,0.05639097744360902,0.17669172932330826,0.48344370860927155,0.23684210526315788,0.07518796992481203,0.3017052481856702,100.93083333333334,15.583333333333334,L,0.0,0.0,0.0,0.03,0.06,0.0,0,American Family Field,84.8,58.0,10.1,0.0,0.5,0.9623199999999998,0.08933650240749091,1019,,,,,,,,0.5,,,PASS
824081,2026-08-08 00:10:00+00:00,CHC,KC,KC,CHC,1,679845,Nick Loftin,confirmed,6.0,4.15,592332,0.02100840336134454,0.029411764705882353,0.024305555555555556,0.13025210084033614,0.24789915966386555,0.14285714285714285,0.09663865546218488,0.28722649027777775,93.44216666666668,0.016666666666666666,0.016666666666666666,0.013333333333333334,0.13333333333333333,0.21666666666666667,0.16666666666666666,0.08333333333333333,0.27406486666666663,92.91133333333333,R,0.028089887640449437,0.05056179775280899,0.19382022471910113,0.554639175257732,0.23595505617977527,0.07584269662921349,0.31680794399732076,100.71133333333334,15.933333333333334,R,0.0,0.0,0.0,0.03,0.06,0.0,1,Kauffman Stadium,85.2,52.0,4.8,0.0,0.0,1.0320533333333333,0.08892152111202183,1025,,,,,,,,0.5,,,PASS
824727,2026-08-07 23:10:00+00:00,ATH,BOS,BOS,ATH,1,807799,Masataka Yoshida,confirmed,5.0,4.3,678022,0.02074688796680498,0.029045643153526972,0.022653721682847898,0.15767634854771784,0.29045643153526973,0.1037344398340249,0.08713692946058091,0.32689983000000006,96.27183333333336,0.03333333333333333,0.03333333333333333,0.02702702702702703,0.13333333333333333,0.31666666666666665,0.08333333333333333,0.1,0.3081933422222222,95.50066666666665,L,0.05670103092783505,0.061855670103092786,0.16494845360824742,0.5610859728506787,0.27835051546391754,0.0979381443298969,0.3283903451302109,101.05222222222223,14.222222222222221,R,3.0,0.0,0.0,0.027906976744186046,0.05581395348837209,0.06976744186046512,0,Fenway Park,90.2,33.0,7.6,0.0,0.0,0.8808421052631578,0.08822115171385049,1034,,,,,,,,0.5,,,PASS
822699,2026-08-07 22:45:00+00:00,CIN,WSH,CIN,WSH,0,680574,Matt McLain,confirmed,9.0,3.7,676917,0.03879310344827586,0.05603448275862069,0.050980392156862744,0.16810344827586207,0.2801724137931034,0.2801724137931034,0.09482758620689655,0.3057591402777778,92.08266666666665,0.02040816326530612,0.02040816326530612,0.02,0.08163265306122448,0.24489795918367346,0.3877551020408163,0.061224489795918366,0.21775128333333335,84.57199999999999,R,0.03273809523809524,0.044642857142857144,0.15773809523809523,0.4696629213483146,0.2648809523809524,0.05654761904761905,0.3035736303961077,100.92266666666666,16.266666666666666,R,0.0,0.0,0.0,0.03,0.06,0.0,1,Nationals Park,85.7,70.0,8.8,0.0,0.0,1.3667733333333332,0.0879082066951493,1038,,,,,,,,0.5,,,PASS
823024,2026-08-08 00:15:00+00:00,COL,STL,STL,COL,1,693409,César Prieto,confirmed,9.0,3.7,663372,0.0,0.05555555555555555,0.05263157894736842,0.1111111111111111,0.16666666666666666,0.16666666666666666,0.0,0.2546,98.38200000000002,0.0,0.05555555555555555,0.05263157894736842,0.1111111111111111,0.16666666666666666,0.16666666666666666,0.0,0.2546,98.38200000000002,L,0.05246913580246913,0.08641975308641975,0.2006172839506173,0.4913151364764268,0.16358024691358025,0.08950617283950617,0.36035172245942143,101.63533333333332,14.466666666666667,R,0.0,0.0,0.0,0.03,0.06,0.0,0,Busch Stadium,88.5,57.0,5.4,0.0,0.0,0.65,0.08787931197295157,1038,,,,,,,,0.5,,,PASS
822863,2026-08-08 00:15:00+00:00,BAL,TEX,BAL,TEX,0,665750,Leody Taveras,confirmed,6.0,4.15,543135,0.012295081967213115,0.028688524590163935,0.022727272727272728,0.12295081967213115,0.1762295081967213,0.27459016393442626,0.08196721311475409,0.2475175347222222,91.19466666666668,0.03333333333333333,0.03333333333333333,0.025974025974025976,0.06666666666666667,0.18333333333333332,0.2833333333333333,0.11666666666666667,0.26612443666666663,92.086,L,0.03875968992248062,0.05426356589147287,0.16279069767441862,0.4105960264900662,0.2661498708010336,0.05426356589147287,0.3043708273643755,101.41666666666667,18.733333333333334,R,2.0,0.0,0.0,0.02857142857142857,0.05714285714285714,0.047619047619047616,0,Globe Life Field,99.5,27.0,9.0,0.0,0.5,1.1230736842105262,0.08719301239222216,1047,,,,,,,,0.5,,,PASS
824566,2026-08-07 23:40:00+00:00,CLE,CWS,CLE,CWS,0,677587,Brayan Rocchio,confirmed,7.0,4.0,702273,0.020242914979757085,0.020242914979757085,0.014492753623188406,0.14979757085020243,0.2550607287449393,0.17408906882591094,0.048582995951417005,0.2639123836111111,94.74849999999999,0.0,0.03125,0.020618556701030927,0.140625,0.265625,0.15625,0.0625,0.2305275766666667,93.98400000000001,L,0.033582089552238806,0.06716417910447761,0.1865671641791045,0.5470588235294118,0.20149253731343283,0.11567164179104478,0.36271230966160967,101.77384615384616,13.538461538461538,L,0.0,0.0,0.0,0.03,0.06,0.0,1,Rate Field,80.9,75.0,1.2,0.0,0.0,0.75835,0.08663900914002269,1054,,,,,,,,0.5,,,PASS
822863,2026-08-08 00:15:00+00:00,BAL,TEX,TEX,BAL,1,694497,Evan Carter,confirmed,6.0,4.15,669358,0.01834862385321101,0.022935779816513763,0.02074688796680498,0.10550458715596331,0.1743119266055046,0.22935779816513763,0.12844036697247707,0.28144181416666664,91.4328813559322,0.017241379310344827,0.017241379310344827,0.017543859649122806,0.08620689655172414,0.06896551724137931,0.1724137931034483,0.15517241379310345,0.3238264944444445,92.68400000000001,L,0.013297872340425532,0.0398936170212766,0.2074468085106383,0.5028248587570622,0.2074468085106383,0.07712765957446809,0.308596164217463,101.12066666666666,17.6,R,0.0,0.0,0.0,0.03,0.06,0.0,0,Globe Life Field,99.5,27.0,9.0,0.0,0.5,1.1230736842105262,0.08663054200310165,1054,,,,,,,,0.5,,,PASS
823024,2026-08-08 00:15:00+00:00,COL,STL,STL,COL,1,663494,Bryan Torres,confirmed,8.0,3.85,663372,0.03409090909090909,0.03409090909090909,0.02608695652173913,0.2159090909090909,0.3068181818181818,0.18181818181818182,0.09090909090909091,0.294101008,92.32520000000001,0.041666666666666664,0.041666666666666664,0.03125,0.2708333333333333,0.375,0.1875,0.08333333333333333,0.28052675555555545,94.76333333333334,L,0.05246913580246913,0.08641975308641975,0.2006172839506173,0.4913151364764268,0.16358024691358025,0.08950617283950617,0.36035172245942143,101.63533333333332,14.466666666666667,R,0.0,0.0,0.0,0.03,0.06,0.0,0,Busch Stadium,88.5,57.0,5.4,0.0,0.0,0.65,0.08646289618117532,1057,,,,,,,,0.5,,,PASS
822699,2026-08-07 22:45:00+00:00,CIN,WSH,WSH,CIN,1,696285,Jacob Young,confirmed,9.0,3.7,695534,0.03167420814479638,0.05429864253393665,0.046153846153846156,0.14479638009049775,0.25339366515837103,0.1583710407239819,0.09049773755656108,0.3272552908333333,94.40983333333334,0.017543859649122806,0.05263157894736842,0.04477611940298507,0.14035087719298245,0.2982456140350877,0.10526315789473684,0.17543859649122806,0.39441133333333334,90.82,R,0.044444444444444446,0.06666666666666667,0.26666666666666666,0.4482758620689655,0.044444444444444446,0.06666666666666667,0.41555317588932805,102.75,16.0,R,0.0,0.0,0.0,0.03,0.06,0.0,1,Nationals Park,85.7,70.0,8.8,0.0,0.0,1.3667733333333332,0.08544169494366662,1070,,,,,,,,0.5,,,PASS
824566,2026-08-07 23:40:00+00:00,CLE,CWS,CLE,CWS,0,595978,Austin Hedges,confirmed,8.0,3.85,702273,0.023529411764705882,0.03529411764705882,0.02843601895734597,0.15294117647058825,0.18235294117647058,0.16470588235294117,0.08235294117647059,0.2838961275510204,93.81183673469388,0.058823529411764705,0.058823529411764705,0.046153846153846156,0.19607843137254902,0.17647058823529413,0.17647058823529413,0.0784313725490196,0.267292,94.77333333333331,R,0.033582089552238806,0.06716417910447761,0.1865671641791045,0.5470588235294118,0.20149253731343283,0.11567164179104478,0.36271230966160967,101.77384615384616,13.538461538461538,L,0.0,0.0,0.0,0.03,0.06,0.0,0,Rate Field,80.9,75.0,1.2,0.0,0.0,0.75835,0.0851123965379984,1075,,,,,,,,0.5,,,PASS
822863,2026-08-08 00:15:00+00:00,BAL,TEX,BAL,TEX,0,665966,Carlos Narváez,confirmed,9.0,3.7,543135,0.015,0.04,0.03065134099616858,0.165,0.29,0.33,0.07,0.27110637844827584,92.22438596491229,0.02040816326530612,0.02040816326530612,0.017543859649122806,0.1836734693877551,0.3469387755102041,0.3673469387755102,0.061224489795918366,0.21862050777777775,86.80285714285715,R,0.03875968992248062,0.05426356589147287,0.16279069767441862,0.4105960264900662,0.2661498708010336,0.05426356589147287,0.3043708273643755,101.41666666666667,18.733333333333334,R,2.0,0.0,0.0,0.02857142857142857,0.05714285714285714,0.047619047619047616,1,Globe Life Field,99.5,27.0,9.0,0.0,0.5,1.1230736842105262,0.08509233746684404,1075,,,,,,,,0.5,,,PASS
823428,2026-08-07 22:40:00+00:00,TOR,PHI,PHI,TOR,1,681082,Bryson Stott,confirmed,8.0,3.85,667755,0.0125,0.05,0.03614457831325301,0.21666666666666667,0.26666666666666666,0.17916666666666667,0.1125,0.3424101391666666,96.07566666666668,0.017543859649122806,0.03508771929824561,0.025974025974025976,0.2631578947368421,0.17543859649122806,0.15789473684210525,0.19298245614035087,0.40964291666666675,96.74933333333333,L,0.02586206896551724,0.04885057471264368,0.12643678160919541,0.39849624060150374,0.22413793103448276,0.11781609195402298,0.34099976691782075,101.196,15.6,R,0.0,0.0,0.0,0.03,0.06,0.0,0,Citizens Bank Park,77.5,89.0,7.9,0.0,0.0,1.1567529411764703,0.08439924844931417,1085,,,,,,,,0.5,,,PASS
823024,2026-08-08 00:15:00+00:00,COL,STL,COL,STL,0,666397,Edouard Julien,confirmed,9.0,3.7,681517,0.012875536480686695,0.04291845493562232,0.036101083032490974,0.1759656652360515,0.30042918454935624,0.2446351931330472,0.15021459227467812,0.3500018363888888,96.51816666666669,0.01694915254237288,0.05084745762711865,0.047619047619047616,0.1016949152542373,0.288135593220339,0.1864406779661017,0.22033898305084745,0.38072422888888896,97.03866666666669,L,0.018575851393188854,0.07120743034055728,0.23219814241486067,0.470873786407767,0.21362229102167182,0.07430340557275542,0.32677718863864214,102.37466666666667,15.333333333333334,R,0.0,0.0,0.0,0.03,0.06,0.0,0,Busch Stadium,88.5,57.0,5.4,0.0,0.0,0.65,0.0840439562232858,1090,,,,,,,,0.5,,,PASS
823428,2026-08-07 22:40:00+00:00,TOR,PHI,TOR,PHI,0,664770,Nathan Lukes,confirmed,1.0,4.75,554430,0.02032520325203252,0.008130081300813009,0.005434782608695652,0.11382113821138211,0.3089430894308943,0.15040650406504066,0.06504065040650407,0.28806663138888894,93.67900000000002,0.0,0.0,0.0,0.06349206349206349,0.23809523809523808,0.15873015873015872,0.07936507936507936,0.2455366555555556,92.65599999999999,L,0.03582089552238806,0.03582089552238806,0.16716417910447762,0.5306603773584906,0.32238805970149254,0.050746268656716415,0.24319399057063038,99.38933333333333,17.266666666666666,R,3.0,0.0,0.0,0.027906976744186046,0.05581395348837209,0.06976744186046512,0,Citizens Bank Park,77.5,89.0,7.9,0.0,0.0,1.1567529411764703,0.08366772217578959,1095,,,,,,,,0.5,,,PASS
823836,2026-08-07 23:10:00+00:00,LAA,MIA,MIA,LAA,1,677870,Leo Jiménez,confirmed,6.0,4.15,691946,0.014814814814814815,0.037037037037037035,0.029411764705882353,0.1259259259259259,0.2518518518518518,0.1925925925925926,0.08888888888888889,0.3213030441441441,94.83513513513513,0.03571428571428571,0.03571428571428571,0.03225806451612903,0.125,0.23214285714285715,0.14285714285714285,0.10714285714285714,0.3224896033333334,95.25933333333334,R,0.03125,0.125,0.1875,0.3448275862068966,0.1875,0.3125,0.4722959375,102.21000000000001,7.0,R,0.0,0.0,0.0,0.03,0.06,0.0,1,loanDepot park,83.7,84.0,5.2,0.0,0.5,0.9065333333333332,0.08254874527427968,1111,,,,,,,,0.5,,,PASS
824727,2026-08-07 23:10:00+00:00,ATH,BOS,BOS,ATH,1,668670,Jake Rogers,confirmed,9.0,3.7,678022,0.018018018018018018,0.04504504504504504,0.04310344827586207,0.16216216216216217,0.12612612612612611,0.2882882882882883,0.11711711711711711,0.2676782570707071,93.12969696969698,0.0392156862745098,0.0392156862745098,0.0392156862745098,0.13725490196078433,0.11764705882352941,0.2549019607843137,0.1568627450980392,0.30876076666666663,93.128,R,0.05670103092783505,0.061855670103092786,0.16494845360824742,0.5610859728506787,0.27835051546391754,0.0979381443298969,0.3283903451302109,101.05222222222223,14.222222222222221,R,2.0,1.0,0.0,0.05238095238095238,0.05714285714285714,0.047619047619047616,1,Fenway Park,90.2,33.0,7.6,0.0,0.0,0.8808421052631578,0.0819540014205176,1120,,,,,,,,0.5,,,PASS
823750,2026-08-07 23:40:00+00:00,MIN,MIL,MIN,MIL,0,807712,Luke Keaschall,confirmed,6.0,4.15,675660,0.0211864406779661,0.0211864406779661,0.016891891891891893,0.13983050847457626,0.2288135593220339,0.13559322033898305,0.1016949152542373,0.3164354083333334,94.67203389830509,0.03333333333333333,0.03333333333333333,0.025,0.1,0.21666666666666667,0.15,0.11666666666666667,0.3220462866666667,94.76571428571428,R,0.022556390977443608,0.05639097744360902,0.17669172932330826,0.48344370860927155,0.23684210526315788,0.07518796992481203,0.3017052481856702,100.93083333333334,15.583333333333334,L,0.0,0.0,0.0,0.03,0.06,0.0,0,American Family Field,84.8,58.0,10.1,0.0,0.5,0.9623199999999998,0.0811347566355492,1133,,,,,,,,0.5,,,PASS
824727,2026-08-07 23:10:00+00:00,ATH,BOS,BOS,ATH,1,702332,Caleb Durbin,confirmed,4.0,4.45,678022,0.040983606557377046,0.02459016393442623,0.017191977077363897,0.16393442622950818,0.2581967213114754,0.11885245901639344,0.07377049180327869,0.2967737562962963,92.37683333333334,0.014705882352941176,0.014705882352941176,0.011363636363636364,0.10294117647058823,0.20588235294117646,0.11764705882352941,0.10294117647058823,0.30737668962962966,88.93533333333335,R,0.05670103092783505,0.061855670103092786,0.16494845360824742,0.5610859728506787,0.27835051546391754,0.0979381443298969,0.3283903451302109,101.05222222222223,14.222222222222221,R,2.0,0.0,0.0,0.02857142857142857,0.05714285714285714,0.047619047619047616,1,Fenway Park,90.2,33.0,7.6,0.0,0.0,0.8808421052631578,0.08105875482892011,1134,,,,,,,,0.5,,,PASS
824566,2026-08-07 23:40:00+00:00,CLE,CWS,CWS,CLE,1,695731,Braden Montgomery,confirmed,7.0,4.0,800048,0.015706806282722512,0.020942408376963352,0.017241379310344827,0.1518324607329843,0.23036649214659685,0.21465968586387435,0.09424083769633508,0.29916840072463763,95.50377777777778,0.0,0.0,0.0,0.109375,0.234375,0.234375,0.125,0.2928513988888889,93.35866666666669,R,0.019444444444444445,0.03333333333333333,0.15555555555555556,0.5206971677559913,0.23333333333333334,0.075,0.2783678674242434,100.33,17.6,L,5.0,0.0,0.0,0.026666666666666665,0.05333333333333333,0.1111111111111111,0,Rate Field,80.9,75.0,1.2,0.0,0.0,0.75835,0.0809314047119198,1136,,,,,,,,0.5,,,PASS
823515,2026-08-07 23:05:00+00:00,ATL,NYY,ATL,NYY,0,643289,Mauricio Dubón,confirmed,5.0,4.3,608331,0.027559055118110236,0.027559055118110236,0.017114914425427872,0.13385826771653545,0.3346456692913386,0.11023622047244094,0.06299212598425197,0.3259930433333334,94.611,0.0,0.016666666666666666,0.01,0.11666666666666667,0.3333333333333333,0.05,0.05,0.32501388444444446,95.35933333333332,R,0.0034482758620689655,0.010344827586206896,0.1103448275862069,0.4415954415954416,0.23448275862068965,0.07931034482758621,0.24153684045457963,98.70846153846153,16.923076923076923,L,0.0,0.0,0.0,0.03,0.06,0.0,0,Yankee Stadium,84.0,77.0,13.1,0.0,0.0,1.17152,0.08040960290443112,1144,,,,,,,,0.5,,,PASS
824081,2026-08-08 00:10:00+00:00,CHC,KC,CHC,KC,0,699393,Pedro Ramírez,confirmed,8.0,3.85,663738,0.010526315789473684,0.021052631578947368,0.015267175572519083,0.12631578947368421,0.28421052631578947,0.18947368421052632,0.08421052631578947,0.28406248043478255,96.10608695652174,0.0,0.0,0.0,0.140625,0.234375,0.234375,0.078125,0.2701901199999999,94.47866666666667,R,,,,,,,,,,,0.0,0.0,0.0,0.03,0.06,0.0,0,Kauffman Stadium,85.2,52.0,4.8,0.0,0.0,1.0320533333333333,0.07963808648008615,1156,,,,,,,,0.5,,,PASS
823428,2026-08-07 22:40:00+00:00,TOR,PHI,PHI,TOR,1,650333,Luis Arraez,confirmed,4.0,4.45,667755,0.01098901098901099,0.014652014652014652,0.009345794392523364,0.13553113553113552,0.3443223443223443,0.05128205128205128,0.04395604395604396,0.3020712853174603,92.93666666666667,0.015151515151515152,0.030303030303030304,0.017699115044247787,0.12121212121212122,0.3939393939393939,0.07575757575757576,0.0,0.3013430133333334,93.72266666666668,L,0.02586206896551724,0.04885057471264368,0.12643678160919541,0.39849624060150374,0.22413793103448276,0.11781609195402298,0.34099976691782075,101.196,15.6,R,3.0,0.0,0.0,0.027906976744186046,0.05581395348837209,0.06976744186046512,0,Citizens Bank Park,77.5,89.0,7.9,0.0,0.0,1.1567529411764703,0.07879365159787212,1169,,,,,,,,0.5,,,PASS
824727,2026-08-07 23:10:00+00:00,ATH,BOS,BOS,ATH,1,678011,Anthony Seigler,confirmed,8.0,3.85,678022,0.0234375,0.0390625,0.030864197530864196,0.203125,0.296875,0.1640625,0.0859375,0.3295387623655914,94.56741935483869,0.030303030303030304,0.06060606060606061,0.05,0.18181818181818182,0.30303030303030304,0.15151515151515152,0.07575757575757576,0.31354905555555557,93.21733333333333,L,0.05670103092783505,0.061855670103092786,0.16494845360824742,0.5610859728506787,0.27835051546391754,0.0979381443298969,0.3283903451302109,101.05222222222223,14.222222222222221,R,1.0,0.0,0.0,0.029268292682926828,0.058536585365853655,0.024390243902439025,0,Fenway Park,90.2,33.0,7.6,0.0,0.0,0.8808421052631578,0.07866260821242771,1171,,,,,,,,0.5,,,PASS
823024,2026-08-08 00:15:00+00:00,COL,STL,STL,COL,1,691026,Masyn Winn,confirmed,6.0,4.15,663372,0.012244897959183673,0.02040816326530612,0.017421602787456445,0.09795918367346938,0.2163265306122449,0.20816326530612245,0.09795918367346938,0.29107104027777775,96.38100000000001,0.0,0.01639344262295082,0.015625,0.11475409836065574,0.22950819672131148,0.2786885245901639,0.13114754098360656,0.3005989033333333,93.84466666666665,R,0.05246913580246913,0.08641975308641975,0.2006172839506173,0.4913151364764268,0.16358024691358025,0.08950617283950617,0.36035172245942143,101.63533333333332,14.466666666666667,R,0.0,0.0,0.0,0.03,0.06,0.0,1,Busch Stadium,88.5,57.0,5.4,0.0,0.0,0.65,0.07810584794526292,1180,,,,,,,,0.5,,,PASS
824081,2026-08-08 00:10:00+00:00,CHC,KC,CHC,KC,0,663538,Nico Hoerner,confirmed,5.0,4.3,663738,0.011494252873563218,0.007662835249042145,0.005263157894736842,0.11494252873563218,0.2796934865900383,0.10344827586206896,0.04980842911877394,0.31070503694444446,94.17466666666665,0.047619047619047616,0.031746031746031744,0.022727272727272728,0.19047619047619047,0.36507936507936506,0.15873015873015872,0.031746031746031744,0.3441277244444444,93.986,R,,,,,,,,,,,0.0,0.0,0.0,0.03,0.06,0.0,0,Kauffman Stadium,85.2,52.0,4.8,0.0,0.0,1.0320533333333333,0.07785008501580265,1185,,,,,,,,0.5,,,PASS
823750,2026-08-07 23:40:00+00:00,MIN,MIL,MIL,MIN,1,800325,Luis Lara,confirmed,7.0,4.0,805673,0.0,0.031746031746031744,0.02666666666666667,0.12698412698412698,0.2698412698412698,0.19047619047619047,0.14285714285714285,0.303213040625,91.859375,0.0,0.034482758620689655,0.02857142857142857,0.13793103448275862,0.27586206896551724,0.20689655172413793,0.13793103448275862,0.29702928333333334,91.74199999999999,L,0.04678362573099415,0.08771929824561403,0.21929824561403508,0.5279642058165548,0.20175438596491227,0.07602339181286549,0.32961395814379896,101.77642857142858,17.071428571428573,R,0.0,0.0,0.0,0.03,0.06,0.0,0,American Family Field,84.8,58.0,10.1,0.0,0.5,0.9623199999999998,0.0778107415418315,1185,,,,,,,,0.5,,,PASS
824081,2026-08-08 00:10:00+00:00,CHC,KC,CHC,KC,0,621020,Dansby Swanson,confirmed,9.0,3.7,663738,0.04291845493562232,0.04291845493562232,0.03636363636363636,0.1759656652360515,0.18454935622317598,0.24892703862660945,0.07725321888412018,0.27310842305555555,93.9475,0.017241379310344827,0.05172413793103448,0.04411764705882353,0.15517241379310345,0.1896551724137931,0.25862068965517243,0.06896551724137931,0.2755199366666667,92.87599999999999,R,,,,,,,,,,,0.0,0.0,0.0,0.03,0.06,0.0,0,Kauffman Stadium,85.2,52.0,4.8,0.0,0.0,1.0320533333333333,0.077138676469892,1196,,,,,,,,0.5,,,PASS
823428,2026-08-07 22:40:00+00:00,TOR,PHI,TOR,PHI,0,665926,Andrés Giménez,confirmed,6.0,4.15,554430,0.018433179723502304,0.027649769585253458,0.01892744479495268,0.1152073732718894,0.2534562211981567,0.2073732718894009,0.03686635944700461,0.26723209666666664,91.81300000000002,0.0,0.03773584905660377,0.023255813953488372,0.11320754716981132,0.3584905660377358,0.1509433962264151,0.018867924528301886,0.28148017000000003,90.614,L,0.03582089552238806,0.03582089552238806,0.16716417910447762,0.5306603773584906,0.32238805970149254,0.050746268656716415,0.24319399057063038,99.38933333333333,17.266666666666666,R,2.0,0.0,0.0,0.02857142857142857,0.05714285714285714,0.047619047619047616,0,Citizens Bank Park,77.5,89.0,7.9,0.0,0.0,1.1567529411764703,0.0769501025740827,1200,,,,,,,,0.5,,,PASS
823428,2026-08-07 22:40:00+00:00,TOR,PHI,TOR,PHI,0,676391,Ernie Clement,confirmed,7.0,4.0,554430,0.024,0.024,0.016853932584269662,0.132,0.316,0.1,0.028,0.2625722197222222,92.71816666666665,0.015873015873015872,0.015873015873015872,0.011764705882352941,0.09523809523809523,0.20634920634920634,0.09523809523809523,0.015873015873015872,0.2350952388888889,91.56666666666668,R,0.03582089552238806,0.03582089552238806,0.16716417910447762,0.5306603773584906,0.32238805970149254,0.050746268656716415,0.24319399057063038,99.38933333333333,17.266666666666666,R,3.0,0.0,0.0,0.027906976744186046,0.05581395348837209,0.06976744186046512,1,Citizens Bank Park,77.5,89.0,7.9,0.0,0.0,1.1567529411764703,0.07684977652951773,1201,,,,,,,,0.5,,,PASS
823349,2026-08-07 22:40:00+00:00,NYM,PIT,PIT,NYM,1,669707,Jared Triolo,confirmed,8.0,3.85,804267,0.004545454545454545,0.01818181818181818,0.015625,0.08636363636363636,0.23636363636363636,0.22272727272727272,0.08636363636363636,0.28195070805555555,92.97068965517241,0.0,0.019230769230769232,0.01639344262295082,0.038461538461538464,0.23076923076923078,0.1346153846153846,0.07692307692307693,0.3013608977777778,92.408,R,0.022388059701492536,0.07462686567164178,0.23134328358208955,0.4708994708994709,0.1791044776119403,0.07462686567164178,0.340505250106153,102.21,16.833333333333332,L,0.0,0.0,0.0,0.03,0.06,0.0,0,PNC Park,79.5,82.0,4.1,0.0,0.0,1.08784,0.07620345255224714,1212,,,,,,,,0.5,,,PASS
823024,2026-08-08 00:15:00+00:00,COL,STL,COL,STL,0,681198,TJ Rumfield,confirmed,5.0,4.3,681517,0.02766798418972332,0.015810276679841896,0.011904761904761904,0.11067193675889328,0.2924901185770751,0.1422924901185771,0.10276679841897234,0.2962966047222223,91.83066666666667,0.015625,0.015625,0.009615384615384616,0.140625,0.28125,0.203125,0.0625,0.2766375,92.78266666666667,L,0.018575851393188854,0.07120743034055728,0.23219814241486067,0.470873786407767,0.21362229102167182,0.07430340557275542,0.32677718863864214,102.37466666666667,15.333333333333334,R,0.0,0.0,0.0,0.03,0.06,0.0,0,Busch Stadium,88.5,57.0,5.4,0.0,0.0,0.65,0.07606203282236747,1215,,,,,,,,0.5,,,PASS
823024,2026-08-08 00:15:00+00:00,COL,STL,STL,COL,1,701675,Nathan Church,confirmed,7.0,4.0,663372,0.01834862385321101,0.03211009174311927,0.019178082191780823,0.12844036697247707,0.3486238532110092,0.17889908256880735,0.05963302752293578,0.28709366555555554,92.86898305084746,0.018518518518518517,0.018518518518518517,0.011235955056179775,0.14814814814814814,0.3888888888888889,0.14814814814814814,0.07407407407407407,0.3405874366666667,92.88333333333331,L,0.05246913580246913,0.08641975308641975,0.2006172839506173,0.4913151364764268,0.16358024691358025,0.08950617283950617,0.36035172245942143,101.63533333333332,14.466666666666667,R,0.0,0.0,0.0,0.03,0.06,0.0,0,Busch Stadium,88.5,57.0,5.4,0.0,0.0,0.65,0.07570210857968959,1221,,,,,,,,0.5,,,PASS
823836,2026-08-07 23:10:00+00:00,LAA,MIA,MIA,LAA,1,669364,Xavier Edwards,confirmed,4.0,4.45,691946,0.0,0.011583011583011582,0.008379888268156424,0.10424710424710425,0.21621621621621623,0.14671814671814673,0.12355212355212356,0.2928777205555556,92.25066666666666,0.0,0.0,0.0,0.12698412698412698,0.12698412698412698,0.19047619047619047,0.1111111111111111,0.28644677,91.27533333333335,R,0.03125,0.125,0.1875,0.3448275862068966,0.1875,0.3125,0.4722959375,102.21000000000001,7.0,R,0.0,0.0,0.0,0.03,0.06,0.0,1,loanDepot park,83.7,84.0,5.2,0.0,0.5,0.9065333333333332,0.07441824734360811,1244,,,,,,,,0.5,,,PASS
822699,2026-08-07 22:45:00+00:00,CIN,WSH,WSH,CIN,1,683083,Nasim Nuñez,confirmed,7.0,4.0,695534,0.004484304932735426,0.004484304932735426,0.003278688524590164,0.06726457399103139,0.2556053811659193,0.21973094170403587,0.08968609865470852,0.2745018163888889,90.62266666666666,0.0,0.0,0.0,0.06779661016949153,0.2033898305084746,0.1016949152542373,0.11864406779661017,0.28113012777777774,89.88799999999999,R,0.044444444444444446,0.06666666666666667,0.26666666666666666,0.4482758620689655,0.044444444444444446,0.06666666666666667,0.41555317588932805,102.75,16.0,R,0.0,0.0,0.0,0.03,0.06,0.0,1,Nationals Park,85.7,70.0,8.8,0.0,0.0,1.3667733333333332,0.07420435216919709,1248,,,,,,,,0.5,,,PASS
823750,2026-08-07 23:40:00+00:00,MIN,MIL,MIL,MIN,1,806198,Cooper Pratt,confirmed,8.0,3.85,805673,0.013513513513513514,0.02702702702702703,0.021621621621621623,0.10135135135135136,0.2702702702702703,0.18243243243243243,0.12162162162162163,0.32142660042735044,91.89,0.03508771929824561,0.017543859649122806,0.013333333333333334,0.08771929824561403,0.2807017543859649,0.21052631578947367,0.10526315789473684,0.2918044522222222,90.886,R,0.04678362573099415,0.08771929824561403,0.21929824561403508,0.5279642058165548,0.20175438596491227,0.07602339181286549,0.32961395814379896,101.77642857142858,17.071428571428573,R,0.0,0.0,0.0,0.03,0.06,0.0,1,American Family Field,84.8,58.0,10.1,0.0,0.5,0.9623199999999998,0.07398432609379739,1252,,,,,,,,0.5,,,PASS
823024,2026-08-08 00:15:00+00:00,COL,STL,COL,STL,0,687859,Troy Johnston,confirmed,8.0,3.85,681517,0.00423728813559322,0.012711864406779662,0.009174311926605505,0.13135593220338984,0.2457627118644068,0.1483050847457627,0.08050847457627118,0.3105986680555556,94.46550000000002,0.0,0.0,0.0,0.18518518518518517,0.3333333333333333,0.16666666666666666,0.018518518518518517,0.23129170000000004,95.06533333333333,L,0.018575851393188854,0.07120743034055728,0.23219814241486067,0.470873786407767,0.21362229102167182,0.07430340557275542,0.32677718863864214,102.37466666666667,15.333333333333334,R,0.0,0.0,0.0,0.03,0.06,0.0,0,Busch Stadium,88.5,57.0,5.4,0.0,0.0,0.65,0.07328622295860476,1265,,,,,,,,0.5,,,PASS
823836,2026-08-07 23:10:00+00:00,LAA,MIA,MIA,LAA,1,805300,Jakob Marsee,confirmed,7.0,4.0,691946,0.01652892561983471,0.024793388429752067,0.020689655172413793,0.12396694214876033,0.23553719008264462,0.19421487603305784,0.12396694214876033,0.32502873666666665,94.89200000000001,0.018518518518518517,0.037037037037037035,0.02857142857142857,0.12962962962962962,0.24074074074074073,0.2222222222222222,0.14814814814814814,0.29745812222222223,94.45133333333334,L,0.03125,0.125,0.1875,0.3448275862068966,0.1875,0.3125,0.4722959375,102.21000000000001,7.0,R,0.0,0.0,0.0,0.03,0.06,0.0,0,loanDepot park,83.7,84.0,5.2,0.0,0.5,0.9065333333333332,0.07270403718114411,1275,,,,,,,,0.5,,,PASS
824566,2026-08-07 23:40:00+00:00,CLE,CWS,CWS,CLE,1,700337,Edgar Quero,confirmed,8.0,3.85,800048,0.011299435028248588,0.01694915254237288,0.012396694214876033,0.10734463276836158,0.3163841807909605,0.20903954802259886,0.06779661016949153,0.2640099466666667,95.36777777777776,0.017857142857142856,0.03571428571428571,0.023809523809523808,0.16071428571428573,0.39285714285714285,0.125,0.017857142857142856,0.3118613388888889,97.306,L,0.019444444444444445,0.03333333333333333,0.15555555555555556,0.5206971677559913,0.23333333333333334,0.075,0.2783678674242434,100.33,17.6,L,0.0,0.0,0.0,0.03,0.06,0.0,1,Rate Field,80.9,75.0,1.2,0.0,0.0,0.75835,0.07233796187975244,1282,,,,,,,,0.5,,,PASS
824727,2026-08-07 23:10:00+00:00,ATH,BOS,BOS,ATH,1,686765,Nick Sogard,confirmed,1.0,4.75,678022,0.0,0.0,0.0,0.07792207792207792,0.18181818181818182,0.18181818181818182,0.15584415584415584,0.2840985181216931,91.30666666666667,0.0,0.0,0.0,0.07692307692307693,0.2,0.18461538461538463,0.16923076923076924,0.2796207717460318,91.17533333333333,L,0.05670103092783505,0.061855670103092786,0.16494845360824742,0.5610859728506787,0.27835051546391754,0.0979381443298969,0.3283903451302109,101.05222222222223,14.222222222222221,R,0.0,0.0,0.0,0.03,0.06,0.0,0,Fenway Park,90.2,33.0,7.6,0.0,0.0,0.8808421052631578,0.07166334467791677,1295,,,,,,,,0.5,,,PASS
823836,2026-08-07 23:10:00+00:00,LAA,MIA,MIA,LAA,1,665923,Esteury Ruiz,confirmed,9.0,3.7,691946,0.04132231404958678,0.05785123966942149,0.04964539007092199,0.17355371900826447,0.24793388429752067,0.3140495867768595,0.09917355371900827,0.30542367777777785,89.72638888888889,0.020833333333333332,0.0625,0.05555555555555555,0.14583333333333334,0.2916666666666667,0.3541666666666667,0.10416666666666667,0.2874450655555556,88.20599999999999,R,0.03125,0.125,0.1875,0.3448275862068966,0.1875,0.3125,0.4722959375,102.21000000000001,7.0,R,0.0,0.0,0.0,0.03,0.06,0.0,1,loanDepot park,83.7,84.0,5.2,0.0,0.5,0.9065333333333332,0.07005173897435779,1328,,,,,,,,0.5,,,PASS
824727,2026-08-07 23:10:00+00:00,ATH,BOS,ATH,BOS,0,680716,Jonathan Ornelas,confirmed,9.0,3.7,801139,0.0,0.0,0.0,0.0,0.0,0.42857142857142855,0.14285714285714285,0.22515479166666663,92.17500000000001,0.0,0.0,0.0,0.0,0.0,0.42857142857142855,0.14285714285714285,0.22515479166666663,92.17500000000001,R,0.03151862464183381,0.045845272206303724,0.16332378223495703,0.6270161290322581,0.2492836676217765,0.0659025787965616,0.27357782989477186,99.59933333333335,16.2,L,0.0,0.0,0.0,0.03,0.06,0.0,0,Fenway Park,90.2,33.0,7.6,0.0,0.0,0.8808421052631578,0.06774689587212213,1376,,,,,,,,0.5,,,PASS
824081,2026-08-08 00:10:00+00:00,CHC,KC,KC,CHC,1,686475,Tyler Tolbert,confirmed,9.0,3.7,592332,0.0375,0.0375,0.030927835051546393,0.1375,0.2875,0.125,0.0625,0.32452624275362324,93.09869565217392,0.05555555555555555,0.037037037037037035,0.028985507246376812,0.14814814814814814,0.3148148148148148,0.07407407407407407,0.037037037037037035,0.2996376277777778,95.12066666666666,R,0.028089887640449437,0.05056179775280899,0.19382022471910113,0.554639175257732,0.23595505617977527,0.07584269662921349,0.31680794399732076,100.71133333333334,15.933333333333334,R,0.0,0.0,0.0,0.03,0.06,0.0,1,Kauffman Stadium,85.2,52.0,4.8,0.0,0.0,1.0320533333333333,0.0660995652527628,1413,,,,,,,,0.5,,,PASS
823515,2026-08-07 23:05:00+00:00,ATL,NYY,ATL,NYY,0,673490,Ha-Seong Kim,confirmed,9.0,3.7,608331,0.0,0.024390243902439025,0.018691588785046728,0.0975609756097561,0.2073170731707317,0.2682926829268293,0.10975609756097561,0.20021358260869565,90.15478260869565,0.0,0.038461538461538464,0.028169014084507043,0.11538461538461539,0.28846153846153844,0.3076923076923077,0.09615384615384616,0.18542358888888888,88.728,R,0.0034482758620689655,0.010344827586206896,0.1103448275862069,0.4415954415954416,0.23448275862068965,0.07931034482758621,0.24153684045457963,98.70846153846153,16.923076923076923,L,0.0,0.0,0.0,0.03,0.06,0.0,0,Yankee Stadium,84.0,77.0,13.1,0.0,0.0,1.17152,0.06319217279794759,1482,,,,,,,,0.5,,,PASS
823750,2026-08-07 23:40:00+00:00,MIN,MIL,MIN,MIL,0,668952,Ryan Kreidler,confirmed,9.0,3.7,675660,0.022857142857142857,0.05714285714285714,0.043859649122807015,0.12571428571428572,0.17714285714285713,0.21142857142857144,0.06857142857142857,0.2936059392156863,94.02490196078429,0.0,0.08333333333333333,0.05970149253731343,0.20833333333333334,0.22916666666666666,0.20833333333333334,0.020833333333333332,0.31998119999999997,94.14333333333335,R,0.022556390977443608,0.05639097744360902,0.17669172932330826,0.48344370860927155,0.23684210526315788,0.07518796992481203,0.3017052481856702,100.93083333333334,15.583333333333334,L,0.0,0.0,0.0,0.03,0.06,0.0,0,American Family Field,84.8,58.0,10.1,0.0,0.5,0.9623199999999998,0.06300712725675367,1487,,,,,,,,0.5,,,PASS
824566,2026-08-07 23:40:00+00:00,CLE,CWS,CWS,CLE,1,682668,Luisangel Acuña,confirmed,9.0,3.7,800048,0.005988023952095809,0.029940119760479042,0.024154589371980676,0.1437125748502994,0.1437125748502994,0.17365269461077845,0.041916167664670656,0.2702053889937107,95.15471698113208,0.02564102564102564,0.05128205128205128,0.038461538461538464,0.23076923076923078,0.07692307692307693,0.1794871794871795,0.0,0.3064666666666667,93.58266666666667,R,0.019444444444444445,0.03333333333333333,0.15555555555555556,0.5206971677559913,0.23333333333333334,0.075,0.2783678674242434,100.33,17.6,L,5.0,0.0,0.0,0.026666666666666665,0.05333333333333333,0.1111111111111111,0,Rate Field,80.9,75.0,1.2,0.0,0.0,0.75835,0.0610437856634158,1538,,,,,,,,0.5,,,PASS
823750,2026-08-07 23:40:00+00:00,MIN,MIL,MIL,MIN,1,666152,David Hamilton,confirmed,9.0,3.7,805673,0.014423076923076924,0.028846153846153848,0.024193548387096774,0.12980769230769232,0.2403846153846154,0.23076923076923078,0.07692307692307693,0.24798221583333335,88.934,0.0,0.020833333333333332,0.017857142857142856,0.10416666666666667,0.2708333333333333,0.22916666666666666,0.10416666666666667,0.2778846,90.38133333333333,L,0.04678362573099415,0.08771929824561403,0.21929824561403508,0.5279642058165548,0.20175438596491227,0.07602339181286549,0.32961395814379896,101.77642857142858,17.071428571428573,R,0.0,0.0,0.0,0.03,0.06,0.0,0,American Family Field,84.8,58.0,10.1,0.0,0.5,0.9623199999999998,0.06081643433403284,1544,,,,,,,,0.5,,,PASS
823428,2026-08-07 22:40:00+00:00,TOR,PHI,PHI,TOR,1,702222,Justin Crawford,confirmed,9.0,3.7,667755,0.009389671361502348,0.009389671361502348,0.0061162079510703364,0.11267605633802817,0.29577464788732394,0.18309859154929578,0.046948356807511735,0.26701502166666663,93.89559322033898,0.0,0.0196078431372549,0.014492753623188406,0.13725490196078433,0.19607843137254902,0.11764705882352941,0.0196078431372549,0.2552759388888889,95.23599999999998,L,0.02586206896551724,0.04885057471264368,0.12643678160919541,0.39849624060150374,0.22413793103448276,0.11781609195402298,0.34099976691782075,101.196,15.6,R,0.0,0.0,0.0,0.03,0.06,0.0,0,Citizens Bank Park,77.5,89.0,7.9,0.0,0.0,1.1567529411764703,0.05728271780905845,1646,,,,,,,,0.5,,,PASS
823750,2026-08-07 23:40:00+00:00,MIN,MIL,MIN,MIL,0,701785,Kaelen Culpepper,confirmed,7.0,4.0,675660,0.0,0.0,0.0,0.0,0.0,0.0,0.0,,,0.0,0.0,0.0,0.0,0.0,0.0,0.0,,,,0.022556390977443608,0.05639097744360902,0.17669172932330826,0.48344370860927155,0.23684210526315788,0.07518796992481203,0.3017052481856702,100.93083333333334,15.583333333333334,L,0.0,0.0,0.0,0.03,0.06,0.0,0,American Family Field,84.8,58.0,10.1,0.0,0.5,0.9623199999999998,0.05035009672851515,1886,,,,,,,,0.5,,,PASS
823349,2026-08-07 22:40:00+00:00,NYM,PIT,PIT,NYM,1,682927,Ronny Simon,confirmed,7.0,4.0,804267,0.0,0.0,0.0,0.0,1.0,0.0,0.0,0.355,93.94,0.0,0.0,0.0,0.0,1.0,0.0,0.0,0.355,93.94,L,0.022388059701492536,0.07462686567164178,0.23134328358208955,0.4708994708994709,0.1791044776119403,0.07462686567164178,0.340505250106153,102.21,16.833333333333332,L,0.0,0.0,0.0,0.03,0.06,0.0,1,PNC Park,79.5,82.0,4.1,0.0,0.0,1.08784,0.04717066116399925,2020,,,,,,,,0.5,,,PASS
824566,2026-08-07 23:40:00+00:00,CLE,CWS,CLE,CWS,0,680757,Steven Kwan,confirmed,1.0,4.75,702273,0.0,0.0,0.0,0.03765690376569038,0.3054393305439331,0.09205020920502092,0.12552301255230125,0.3466947927777778,90.03600000000002,0.0,0.0,0.0,0.04285714285714286,0.38571428571428573,0.1,0.12857142857142856,0.38221151555555555,91.02866666666665,L,0.033582089552238806,0.06716417910447761,0.1865671641791045,0.5470588235294118,0.20149253731343283,0.11567164179104478,0.36271230966160967,101.77384615384616,13.538461538461538,L,0.0,0.0,0.0,0.03,0.06,0.0,1,Rate Field,80.9,75.0,1.2,0.0,0.0,0.75835,0.04628423424950154,2061,,,,,,,,0.5,,,PASS
823428,2026-08-07 22:40:00+00:00,TOR,PHI,TOR,PHI,0,703520,Brett Bateman,confirmed,9.0,3.7,554430,0.0,0.0,0.0,0.0,0.0,0.0,0.0,,,0.0,0.0,0.0,0.0,0.0,0.0,0.0,,,,0.03582089552238806,0.03582089552238806,0.16716417910447762,0.5306603773584906,0.32238805970149254,0.050746268656716415,0.24319399057063038,99.38933333333333,17.266666666666666,R,0.0,0.0,0.0,0.03,0.06,0.0,0,Citizens Bank Park,77.5,89.0,7.9,0.0,0.0,1.1567529411764703,0.04450032974780127,2147,,,,,,,,0.5,,,PASS
823836,2026-08-07 23:10:00+00:00,LAA,MIA,LAA,MIA,0,623168,Tyler Heineman,confirmed,9.0,3.7,663969,0.008,0.008,0.005681818181818182,0.064,0.288,0.176,0.04,0.2381837719298246,88.3957894736842,0.0,0.0,0.0,0.03773584905660377,0.3584905660377358,0.11320754716981132,0.05660377358490566,0.28083385555555557,88.22666666666667,L,0.03879310344827586,0.0603448275862069,0.1810344827586207,0.425,0.15517241379310345,0.08189655172413793,0.35142890889144157,101.41000000000001,13.5,R,0.0,0.0,0.0,0.03,0.06,0.0,0,loanDepot park,83.7,84.0,5.2,0.0,0.5,0.9065333333333332,0.04337833281672222,2205,,,,,,,,0.5,,,PASS
822699,2026-08-07 22:45:00+00:00,CIN,WSH,CIN,WSH,0,699302,Héctor Rodríguez,confirmed,6.0,4.15,676917,0.0,0.0,0.0,0.0,0.2857142857142857,0.2857142857142857,0.2857142857142857,0.39642512500000004,83.03,0.0,0.0,0.0,0.0,0.2857142857142857,0.2857142857142857,0.2857142857142857,0.39642512500000004,83.03,L,0.03273809523809524,0.044642857142857144,0.15773809523809523,0.4696629213483146,0.2648809523809524,0.05654761904761905,0.3035736303961077,100.92266666666666,16.266666666666666,R,0.0,0.0,0.0,0.03,0.06,0.0,0,Nationals Park,85.7,70.0,8.8,0.0,0.0,1.3667733333333332,0.04308619721991326,2221,,,,,,,,0.5,,,PASS
822863,2026-08-08 00:15:00+00:00,BAL,TEX,TEX,BAL,1,670032,Nicky Lopez,confirmed,9.0,3.7,669358,0.0056179775280898875,0.0,0.0,0.05056179775280899,0.25280898876404495,0.15168539325842698,0.05056179775280899,0.2523906163333333,90.38320000000002,0.0,0.0,0.0,0.07272727272727272,0.2909090909090909,0.2,0.09090909090909091,0.26938019999999996,89.166,L,0.013297872340425532,0.0398936170212766,0.2074468085106383,0.5028248587570622,0.2074468085106383,0.07712765957446809,0.308596164217463,101.12066666666666,17.6,R,0.0,0.0,0.0,0.03,0.06,0.0,0,Globe Life Field,99.5,27.0,9.0,0.0,0.5,1.1230736842105262,0.03904710240134671,2461,,,,,,,,0.5,,,PASS
