game_pk,game_datetime,away_team,home_team,team,opponent,is_home,player_id,player_name,lineup_status,batting_order,expected_pa,opposing_starter_id,batter_hr_pa_long,batter_barrel_pa_long,batter_barrel_bbe_long,batter_hard_air_pa_long,batter_sweet_pa_long,batter_k_rate_long,batter_bb_rate_long,batter_xwoba_long,batter_ev90_long,batter_hr_pa_recent,batter_barrel_pa_recent,batter_barrel_bbe_recent,batter_hard_air_pa_recent,batter_sweet_pa_recent,batter_k_rate_recent,batter_bb_rate_recent,batter_xwoba_recent,batter_ev90_recent,batter_hand,pitcher_hr_bf,pitcher_barrel_bf,pitcher_hard_air_bf,pitcher_fly_rate,pitcher_k_rate,pitcher_bb_rate,pitcher_xwoba,pitcher_ev90,pitcher_outs,opposing_pitcher_hand,bvp_pa,bvp_hr,bvp_barrels,bvp_hr_shrunk,bvp_barrel_shrunk,bvp_reliability,same_hand,venue,temperature_f,humidity_pct,wind_speed_mph,precipitation_in,roof_control_factor,park_hr_factor,home_run_probability,fair_odds,point,over_odds,under_odds,over_no_vig_probability,under_no_vig_probability,over_book,under_book,line,market_edge,ev_per_unit,signal
823094,2026-09-06 01:40:00+00:00,ATH,SEA,SEA,ATH,1,663728,Cal Raleigh,confirmed,4.0,4.45,605488,0.05714285714285714,0.09387755102040816,0.07278481012658228,0.27346938775510204,0.24081632653061225,0.31020408163265306,0.14285714285714285,0.32193960972222224,98.08516666666668,0.13114754098360656,0.18032786885245902,0.15492957746478872,0.29508196721311475,0.19672131147540983,0.26229508196721313,0.18032786885245902,0.4561923711111112,100.27399999999999,L,0.07861635220125786,0.07547169811320754,0.2169811320754717,0.5817757009345794,0.16037735849056603,0.1069182389937107,0.38681586803703705,101.46466666666667,13.333333333333334,L,0.0,0.0,0.0,0.03,0.06,0.0,1,T-Mobile Park,63.2,74.0,0.3,0.071,0.5,1.45,0.22692693046199242,341,,,,,,,,0.5,,,HR WATCH
824066,2026-09-05 23:10:00+00:00,TOR,KC,KC,TOR,1,695600,Carter Jensen,confirmed,1.0,4.75,453286,0.04814814814814815,0.08148148148148149,0.06606606606606606,0.2074074074074074,0.2222222222222222,0.2777777777777778,0.1259259259259259,0.3242214782142857,97.82350000000001,0.08695652173913043,0.13043478260869565,0.1125,0.2463768115942029,0.2753623188405797,0.21739130434782608,0.17391304347826086,0.4703509633333334,102.42933333333333,L,0.04838709677419355,0.06451612903225806,0.1935483870967742,0.6185567010309279,0.18548387096774194,0.10483870967741936,0.3354865894136661,98.7276923076923,13.076923076923077,R,3.0,0.0,0.0,0.027906976744186046,0.05581395348837209,0.06976744186046512,0,Kauffman Stadium,98.5,32.0,4.7,0.0,0.0,1.1410427807486632,0.20049106833298155,399,,,,,,,,0.5,,,HR WATCH
824553,2026-09-05 23:10:00+00:00,MIN,CWS,CWS,MIN,1,808959,Munetaka Murakami,confirmed,3.0,4.55,671737,0.04460966542750929,0.07806691449814127,0.08333333333333333,0.20446096654275092,0.16728624535315986,0.3420074349442379,0.16728624535315986,0.31601662142857134,98.60766666666665,0.0,0.030303030303030304,0.03125,0.15151515151515152,0.15151515151515152,0.4090909090909091,0.18181818181818182,0.22841895333333334,97.87733333333333,L,0.032432432432432434,0.051351351351351354,0.1891891891891892,0.5433884297520661,0.28378378378378377,0.1,0.28559754488829125,101.30133333333335,17.866666666666667,R,0.0,0.0,0.0,0.03,0.06,0.0,0,Rate Field,73.9,88.0,13.1,0.0,0.0,1.3162743506493508,0.19559416746398023,411,,,,,,,,0.5,,,HR WATCH
824066,2026-09-05 23:10:00+00:00,TOR,KC,KC,TOR,1,695506,Jac Caglianone,confirmed,3.0,4.55,453286,0.06,0.1,0.07507507507507508,0.236,0.192,0.216,0.032,0.3605442383333333,102.22816666666667,0.015873015873015872,0.047619047619047616,0.037037037037037035,0.15873015873015872,0.1746031746031746,0.23809523809523808,0.031746031746031744,0.3152439388888889,99.41800000000002,L,0.04838709677419355,0.06451612903225806,0.1935483870967742,0.6185567010309279,0.18548387096774194,0.10483870967741936,0.3354865894136661,98.7276923076923,13.076923076923077,R,0.0,0.0,0.0,0.03,0.06,0.0,0,Kauffman Stadium,98.5,32.0,4.7,0.0,0.0,1.1410427807486632,0.18431785071815956,443,,,,,,,,0.5,,,HR WATCH
822850,2026-09-05 23:05:00+00:00,TB,TEX,TEX,TB,1,592626,Joc Pederson,confirmed,1.0,4.75,656876,0.08860759493670886,0.0970464135021097,0.076158940397351,0.25738396624472576,0.25316455696202533,0.23628691983122363,0.09282700421940929,0.3576948513888889,98.47283333333336,0.07407407407407407,0.07407407407407407,0.05405405405405406,0.24074074074074073,0.2222222222222222,0.2777777777777778,0.12962962962962962,0.3052221,98.21266666666666,L,0.014749262536873156,0.029498525073746312,0.1415929203539823,0.5416666666666666,0.27728613569321536,0.04424778761061947,0.269456383810769,99.91200000000002,17.2,R,0.0,0.0,0.0,0.03,0.06,0.0,0,Globe Life Field,98.3,35.0,7.1,0.0,0.5,0.9698863636363636,0.18075895105496198,453,,,,,,,,0.5,,,HR WATCH
823257,2026-09-05 23:15:00+00:00,NYY,SD,SD,NYY,1,665487,Fernando Tatis Jr.,confirmed,1.0,4.75,607074,0.05860805860805861,0.11355311355311355,0.09904153354632587,0.2490842490842491,0.19413919413919414,0.1684981684981685,0.08058608058608059,0.39494209444444456,101.69016666666667,0.08955223880597014,0.16417910447761194,0.13580246913580246,0.34328358208955223,0.26865671641791045,0.1791044776119403,0.014925373134328358,0.44175641666666665,102.91333333333336,R,0.020161290322580645,0.04032258064516129,0.16532258064516128,0.5650887573964497,0.2540322580645161,0.125,0.30964878480315244,100.07916666666667,14.583333333333334,L,0.0,0.0,0.0,0.03,0.06,0.0,0,Petco Park,85.0,41.0,8.8,0.0,0.0,0.9723171565276828,0.17253927466657992,480,,,,,,,,0.5,,,HR WATCH
823335,2026-09-05 22:40:00+00:00,LAA,PIT,PIT,LAA,1,699013,Esmerlyn Valdez,confirmed,2.0,4.65,579328,0.05511811023622047,0.09448818897637795,0.09375,0.1889763779527559,0.20866141732283464,0.37401574803149606,0.14960629921259844,0.33363074333333337,96.38610169491525,0.03076923076923077,0.046153846153846156,0.046153846153846156,0.16923076923076924,0.13846153846153847,0.46153846153846156,0.09230769230769231,0.25917296333333334,96.22666666666666,R,0.036458333333333336,0.06770833333333333,0.19791666666666666,0.5277777777777778,0.22395833333333334,0.08333333333333333,0.3481868757962381,102.46888888888888,14.222222222222221,L,0.0,0.0,0.0,0.03,0.06,0.0,0,PNC Park,75.5,73.0,4.4,0.0,0.0,0.6671176046176046,0.16127263977127493,520,,,,,,,,0.5,,,HR WATCH
822850,2026-09-05 23:05:00+00:00,TB,TEX,TEX,TB,1,608369,Corey Seager,confirmed,2.0,4.65,656876,0.03515625,0.09375,0.0784313725490196,0.2421875,0.22265625,0.23046875,0.109375,0.35168638055555557,98.77750000000002,0.030303030303030304,0.10606060606060606,0.09210526315789473,0.3181818181818182,0.25757575757575757,0.18181818181818182,0.12121212121212122,0.41803739000000006,100.35066666666668,L,0.014749262536873156,0.029498525073746312,0.1415929203539823,0.5416666666666666,0.27728613569321536,0.04424778761061947,0.269456383810769,99.91200000000002,17.2,R,0.0,0.0,0.0,0.03,0.06,0.0,0,Globe Life Field,98.3,35.0,7.1,0.0,0.5,0.9698863636363636,0.1607716119488141,522,,,,,,,,0.5,,,HR WATCH
824145,2026-09-05 23:15:00+00:00,ARI,HOU,ARI,HOU,0,663457,Lars Nootbaar,confirmed,1.0,4.75,814490,0.012295081967213115,0.05737704918032787,0.04929577464788732,0.21311475409836064,0.1598360655737705,0.20491803278688525,0.13524590163934427,0.3252291044444445,97.92233333333334,0.016666666666666666,0.06666666666666667,0.056338028169014086,0.25,0.16666666666666666,0.16666666666666666,0.15,0.3288273666666667,98.15000000000002,L,0.06779661016949153,0.06779661016949153,0.2542372881355932,0.6329113924050633,0.15254237288135594,0.15254237288135594,0.3853166367180578,99.86333333333334,12.666666666666666,R,0.0,0.0,0.0,0.03,0.06,0.0,0,Daikin Park,86.1,70.0,4.3,0.0,0.5,0.9006087662337663,0.15971491438882943,526,,,,,,,,0.5,,,PASS
823094,2026-09-06 01:40:00+00:00,ATH,SEA,SEA,ATH,1,677594,Julio Rodríguez,confirmed,3.0,4.55,605488,0.023076923076923078,0.057692307692307696,0.04716981132075472,0.17307692307692307,0.21923076923076923,0.25,0.07307692307692308,0.32421557222222225,97.75933333333333,0.014705882352941176,0.058823529411764705,0.05194805194805195,0.14705882352941177,0.16176470588235295,0.3382352941176471,0.029411764705882353,0.2258361766666667,98.93733333333333,R,0.07861635220125786,0.07547169811320754,0.2169811320754717,0.5817757009345794,0.16037735849056603,0.1069182389937107,0.38681586803703705,101.46466666666667,13.333333333333334,L,3.0,0.0,0.0,0.027906976744186046,0.05581395348837209,0.06976744186046512,0,T-Mobile Park,63.2,74.0,0.3,0.071,0.5,1.45,0.15843443578379332,531,,,,,,,,0.5,,,PASS
824145,2026-09-05 23:15:00+00:00,ARI,HOU,HOU,ARI,1,670541,Yordan Alvarez,confirmed,2.0,4.65,694297,0.045454545454545456,0.07954545454545454,0.065625,0.23106060606060605,0.23484848484848486,0.18181818181818182,0.16666666666666666,0.3970279916666667,100.00699999999999,0.016129032258064516,0.03225806451612903,0.022727272727272728,0.20967741935483872,0.27419354838709675,0.1774193548387097,0.1774193548387097,0.38019663333333326,97.498,L,0.025210084033613446,0.05322128851540616,0.1792717086834734,0.4725050916496945,0.1484593837535014,0.04481792717086835,0.2783013464136578,99.67666666666668,17.933333333333334,R,0.0,0.0,0.0,0.03,0.06,0.0,0,Daikin Park,86.1,70.0,4.3,0.0,0.5,0.9006087662337663,0.1574737445993827,535,,,,,,,,0.5,,,PASS
824795,2026-09-05 23:05:00+00:00,BOS,BAL,BAL,BOS,1,624413,Pete Alonso,confirmed,4.0,4.45,543243,0.057692307692307696,0.10384615384615385,0.07780979827089338,0.28846153846153844,0.2846153846153846,0.25,0.11153846153846154,0.41186723416666665,100.29583333333333,0.0625,0.09375,0.07407407407407407,0.21875,0.265625,0.234375,0.09375,0.3951962766666666,99.76333333333334,R,0.02894736842105263,0.03684210526315789,0.15789473684210525,0.39461883408071746,0.22894736842105262,0.060526315789473685,0.28180101228920573,101.07466666666667,18.533333333333335,R,0.0,0.0,0.0,0.03,0.06,0.0,1,Oriole Park at Camden Yards,79.5,49.0,5.0,0.0,0.0,1.0680296266233766,0.1549081651076871,546,,,,,,,,0.5,,,PASS
823094,2026-09-06 01:40:00+00:00,ATH,SEA,ATH,SEA,0,680869,Zack Gelof,confirmed,3.0,4.55,669923,0.046875,0.05859375,0.048701298701298704,0.19140625,0.19140625,0.26171875,0.078125,0.2927258819444445,95.227,0.04411764705882353,0.08823529411764706,0.07407407407407407,0.23529411764705882,0.25,0.27941176470588236,0.10294117647058823,0.3245489555555556,97.28000000000002,R,0.03571428571428571,0.057692307692307696,0.18956043956043955,0.5266272189349113,0.20054945054945056,0.054945054945054944,0.3222487260767124,101.39133333333332,16.4,R,0.0,0.0,0.0,0.03,0.06,0.0,1,T-Mobile Park,63.2,74.0,0.3,0.071,0.5,1.45,0.15275884795508776,555,,,,,,,,0.5,,,PASS
823094,2026-09-06 01:40:00+00:00,ATH,SEA,SEA,ATH,1,686527,Dominic Canzone,confirmed,2.0,4.65,605488,0.04198473282442748,0.061068702290076333,0.04984423676012461,0.1717557251908397,0.19083969465648856,0.22900763358778625,0.09541984732824428,0.32813449944444445,96.87766666666667,0.028985507246376812,0.057971014492753624,0.04819277108433735,0.15942028985507245,0.2028985507246377,0.2608695652173913,0.07246376811594203,0.32784358,97.626,L,0.07861635220125786,0.07547169811320754,0.2169811320754717,0.5817757009345794,0.16037735849056603,0.1069182389937107,0.38681586803703705,101.46466666666667,13.333333333333334,L,0.0,0.0,0.0,0.03,0.06,0.0,1,T-Mobile Park,63.2,74.0,0.3,0.071,0.5,1.45,0.15157851049217183,560,,,,,,,,0.5,,,PASS
824310,2026-09-06 00:10:00+00:00,STL,COL,COL,STL,1,696100,Hunter Goodman,confirmed,3.0,4.55,669461,0.08108108108108109,0.10038610038610038,0.087248322147651,0.2084942084942085,0.1969111969111969,0.3088803088803089,0.09266409266409266,0.3355561652777778,96.1515,0.046875,0.078125,0.06097560975609756,0.203125,0.265625,0.265625,0.078125,0.3301834944444444,98.15266666666665,R,0.04672897196261682,0.06230529595015576,0.2118380062305296,0.48635235732009924,0.2616822429906542,0.07476635514018691,0.3297719842780223,100.99799999999999,14.4,L,3.0,0.0,0.0,0.027906976744186046,0.05581395348837209,0.06976744186046512,0,Coors Field,91.8,15.0,6.0,0.0,0.0,1.0391639610389611,0.1498215611452924,567,,,,,,,,0.5,,,PASS
823257,2026-09-05 23:15:00+00:00,NYY,SD,NYY,SD,0,700250,Ben Rice,confirmed,4.0,4.45,592662,0.053231939163498096,0.08745247148288973,0.0701219512195122,0.24334600760456274,0.2623574144486692,0.2623574144486692,0.10646387832699619,0.35770814333333334,98.59116666666667,0.04411764705882353,0.07352941176470588,0.058823529411764705,0.2647058823529412,0.29411764705882354,0.22058823529411764,0.10294117647058823,0.4087319733333333,98.10933333333332,L,0.019943019943019943,0.042735042735042736,0.16524216524216523,0.5607064017660044,0.18518518518518517,0.11965811965811966,0.3142963582140862,100.732,16.266666666666666,L,0.0,0.0,0.0,0.03,0.06,0.0,1,Petco Park,85.0,41.0,8.8,0.0,0.0,0.9723171565276828,0.1495541255206766,569,,,,,,,,0.5,,,PASS
823904,2026-09-06 01:10:00+00:00,WSH,LAD,WSH,LAD,0,694673,Abimelec Ortiz,confirmed,3.0,4.55,607192,0.043010752688172046,0.053763440860215055,0.034013605442176874,0.3333333333333333,0.3225806451612903,0.23655913978494625,0.053763440860215055,0.29402181666666666,99.49333333333334,0.0,0.0,0.0,0.22413793103448276,0.29310344827586204,0.22413793103448276,0.06896551724137931,0.20637208444444444,98.34,L,0.026041666666666668,0.046875,0.16666666666666666,0.4861111111111111,0.3229166666666667,0.07291666666666667,0.2571463185622268,100.29666666666667,16.88888888888889,R,0.0,0.0,0.0,0.03,0.06,0.0,0,UNIQLO Field at Dodger Stadium,72.0,55.0,7.0,0.0,0.0,1.0160714285714287,0.14901675961953267,571,,,,,,,,0.5,,,PASS
824066,2026-09-05 23:10:00+00:00,TOR,KC,KC,TOR,1,677951,Bobby Witt Jr.,confirmed,2.0,4.65,453286,0.030418250950570342,0.07224334600760456,0.05864197530864197,0.19771863117870722,0.30038022813688214,0.1634980988593156,0.11026615969581749,0.37839288408730154,98.41183333333333,0.029411764705882353,0.07352941176470588,0.060240963855421686,0.19117647058823528,0.29411764705882354,0.1323529411764706,0.1323529411764706,0.3972024433333334,97.98333333333332,R,0.04838709677419355,0.06451612903225806,0.1935483870967742,0.6185567010309279,0.18548387096774194,0.10483870967741936,0.3354865894136661,98.7276923076923,13.076923076923077,R,3.0,0.0,0.0,0.027906976744186046,0.05581395348837209,0.06976744186046512,1,Kauffman Stadium,98.5,32.0,4.7,0.0,0.0,1.1410427807486632,0.1481542165111867,575,,,,,,,,0.5,,,PASS
824553,2026-09-05 23:10:00+00:00,MIN,CWS,CWS,MIN,1,678246,Miguel Vargas,confirmed,2.0,4.65,671737,0.044444444444444446,0.08888888888888889,0.069164265129683,0.23703703703703705,0.24074074074074073,0.17777777777777778,0.14814814814814814,0.37595772702380953,97.3605,0.030303030303030304,0.045454545454545456,0.037037037037037035,0.13636363636363635,0.19696969696969696,0.15151515151515152,0.22727272727272727,0.4109803733333333,94.83866666666668,R,0.032432432432432434,0.051351351351351354,0.1891891891891892,0.5433884297520661,0.28378378378378377,0.1,0.28559754488829125,101.30133333333335,17.866666666666667,R,3.0,0.0,0.0,0.027906976744186046,0.05581395348837209,0.06976744186046512,1,Rate Field,73.9,88.0,13.1,0.0,0.0,1.3162743506493508,0.14808945109219845,575,,,,,,,,0.5,,,PASS
824468,2026-09-05 22:40:00+00:00,MIL,CIN,CIN,MIL,1,682829,Elly De La Cruz,confirmed,2.0,4.65,669160,0.033210332103321034,0.08856088560885608,0.07692307692307693,0.1918819188191882,0.1918819188191882,0.25092250922509224,0.12546125461254612,0.3574522866666666,100.38932203389831,0.014705882352941176,0.11764705882352941,0.0898876404494382,0.25,0.17647058823529413,0.25,0.10294117647058823,0.39053922333333335,101.662,R,0.015822784810126583,0.04746835443037975,0.14873417721518986,0.47761194029850745,0.25316455696202533,0.08860759493670886,0.32994519944837697,100.59,14.8,R,3.0,0.0,0.0,0.027906976744186046,0.05581395348837209,0.06976744186046512,1,Great American Ball Park,89.2,50.0,6.0,0.0,0.0,0.8817148760330579,0.14774783890378473,577,,,,,,,,0.5,,,PASS
823257,2026-09-05 23:15:00+00:00,NYY,SD,NYY,SD,0,682987,Spencer Jones,confirmed,7.0,4.0,592662,0.04433497536945813,0.08866995073891626,0.06766917293233082,0.2660098522167488,0.28078817733990147,0.35960591133004927,0.09359605911330049,0.3161005888888889,97.63526315789474,0.07017543859649122,0.12280701754385964,0.08536585365853659,0.3157894736842105,0.2982456140350877,0.3684210526315789,0.07017543859649122,0.3745626011111111,98.37133333333333,L,0.019943019943019943,0.042735042735042736,0.16524216524216523,0.5607064017660044,0.18518518518518517,0.11965811965811966,0.3142963582140862,100.732,16.266666666666666,L,0.0,0.0,0.0,0.03,0.06,0.0,1,Petco Park,85.0,41.0,8.8,0.0,0.0,0.9723171565276828,0.14764862764143824,577,,,,,,,,0.5,,,PASS
823094,2026-09-06 01:40:00+00:00,ATH,SEA,SEA,ATH,1,668227,Randy Arozarena,confirmed,1.0,4.75,605488,0.055970149253731345,0.055970149253731345,0.045454545454545456,0.15298507462686567,0.23880597014925373,0.20149253731343283,0.10820895522388059,0.34550074000000003,96.90983333333334,0.07142857142857142,0.07142857142857142,0.0641025641025641,0.14285714285714285,0.2,0.24285714285714285,0.15714285714285714,0.3634030733333334,95.22066666666667,R,0.07861635220125786,0.07547169811320754,0.2169811320754717,0.5817757009345794,0.16037735849056603,0.1069182389937107,0.38681586803703705,101.46466666666667,13.333333333333334,L,3.0,0.0,0.0,0.027906976744186046,0.05581395348837209,0.06976744186046512,0,T-Mobile Park,63.2,74.0,0.3,0.071,0.5,1.45,0.14754894944292202,578,,,,,,,,0.5,,,PASS
824795,2026-09-05 23:05:00+00:00,BOS,BAL,BOS,BAL,0,701350,Roman Anthony,confirmed,1.0,4.75,605135,0.012578616352201259,0.06289308176100629,0.05917159763313609,0.16981132075471697,0.1761006289308176,0.24528301886792453,0.14465408805031446,0.35015072095238103,98.73628571428571,0.030303030303030304,0.07575757575757576,0.06329113924050633,0.19696969696969696,0.21212121212121213,0.22727272727272727,0.12121212121212122,0.3810866333333333,98.87799999999999,L,0.028037383177570093,0.040498442367601244,0.16199376947040497,0.4180522565320665,0.14018691588785046,0.08722741433021806,0.3583840657708039,99.88428571428571,14.428571428571429,R,0.0,0.0,0.0,0.03,0.06,0.0,0,Oriole Park at Camden Yards,79.5,49.0,5.0,0.0,0.0,1.0680296266233766,0.14478802563044682,591,,,,,,,,0.5,,,PASS
823335,2026-09-05 22:40:00+00:00,LAA,PIT,LAA,PIT,0,687263,Zach Neto,confirmed,1.0,4.75,677952,0.026717557251908396,0.061068702290076333,0.04678362573099415,0.24427480916030533,0.1984732824427481,0.29389312977099236,0.061068702290076333,0.2775572963888889,97.09583333333333,0.04477611940298507,0.07462686567164178,0.05263157894736842,0.2537313432835821,0.26865671641791045,0.2537313432835821,0.04477611940298507,0.3540832655555556,98.564,R,0.04011461318051576,0.045845272206303724,0.18911174785100288,0.4246861924686193,0.23782234957020057,0.05157593123209169,0.30955887203071,101.44666666666667,17.066666666666666,R,0.0,0.0,0.0,0.03,0.06,0.0,1,PNC Park,75.5,73.0,4.4,0.0,0.0,0.6671176046176046,0.1428384854450566,600,,,,,,,,0.5,,,PASS
824468,2026-09-05 22:40:00+00:00,MIL,CIN,MIL,CIN,0,694192,Jackson Chourio,confirmed,1.0,4.75,671096,0.0364963503649635,0.07664233576642336,0.058011049723756904,0.1897810218978102,0.24087591240875914,0.24087591240875914,0.08759124087591241,0.32889813194444445,96.49050000000001,0.05714285714285714,0.07142857142857142,0.052083333333333336,0.21428571428571427,0.24285714285714285,0.2,0.05714285714285714,0.32973939333333335,98.45533333333333,R,0.03418803418803419,0.05982905982905983,0.1623931623931624,0.5698447893569845,0.19373219373219372,0.1111111111111111,0.33830839175962174,101.446,15.8,L,3.0,0.0,0.0,0.027906976744186046,0.05581395348837209,0.06976744186046512,0,Great American Ball Park,89.2,50.0,6.0,0.0,0.0,0.8817148760330579,0.14271638240427326,601,,,,,,,,0.5,,,PASS
824553,2026-09-05 23:10:00+00:00,MIN,CWS,MIN,CWS,0,680777,Ryan Jeffers,confirmed,3.0,4.55,641743,0.04961832061068702,0.08015267175572519,0.058333333333333334,0.1984732824427481,0.2862595419847328,0.14885496183206107,0.11450381679389313,0.36066157444444447,98.56033333333335,0.04477611940298507,0.08955223880597014,0.0625,0.208955223880597,0.3283582089552239,0.16417910447761194,0.1044776119402985,0.34535765666666673,98.508,R,0.02702702702702703,0.04804804804804805,0.17117117117117117,0.4255813953488372,0.2012012012012012,0.06906906906906907,0.30679907975675913,101.18333333333334,15.0,L,0.0,0.0,0.0,0.03,0.06,0.0,0,Rate Field,73.9,88.0,13.1,0.0,0.0,1.3162743506493508,0.14212913604381658,604,,,,,,,,0.5,,,PASS
824145,2026-09-05 23:15:00+00:00,ARI,HOU,ARI,HOU,0,682998,Corbin Carroll,confirmed,5.0,4.3,814490,0.022727272727272728,0.06439393939393939,0.052307692307692305,0.2159090909090909,0.21212121212121213,0.23106060606060605,0.125,0.30754882873015876,97.153,0.015625,0.0625,0.0547945205479452,0.203125,0.171875,0.265625,0.09375,0.29343041333333336,97.75733333333334,L,0.06779661016949153,0.06779661016949153,0.2542372881355932,0.6329113924050633,0.15254237288135594,0.15254237288135594,0.3853166367180578,99.86333333333334,12.666666666666666,R,0.0,0.0,0.0,0.03,0.06,0.0,0,Daikin Park,86.1,70.0,4.3,0.0,0.5,0.9006087662337663,0.14133875633757226,608,,,,,,,,0.5,,,PASS
823094,2026-09-06 01:40:00+00:00,ATH,SEA,ATH,SEA,0,691777,Max Muncy,confirmed,6.0,4.15,669923,0.02586206896551724,0.05603448275862069,0.04727272727272727,0.16379310344827586,0.17672413793103448,0.3103448275862069,0.08620689655172414,0.27882834083333335,95.58099999999999,0.05172413793103448,0.08620689655172414,0.07352941176470588,0.22413793103448276,0.15517241379310345,0.25862068965517243,0.10344827586206896,0.3092487033333334,94.47200000000001,R,0.03571428571428571,0.057692307692307696,0.18956043956043955,0.5266272189349113,0.20054945054945056,0.054945054945054944,0.3222487260767124,101.39133333333332,16.4,R,0.0,0.0,0.0,0.03,0.06,0.0,1,T-Mobile Park,63.2,74.0,0.3,0.071,0.5,1.45,0.14118915008215852,608,,,,,,,,0.5,,,PASS
824795,2026-09-05 23:05:00+00:00,BOS,BAL,BOS,BAL,0,681508,Mickey Gasper,confirmed,2.0,4.65,605135,0.04790419161676647,0.07784431137724551,0.06565656565656566,0.24550898203592814,0.23353293413173654,0.1377245508982036,0.11976047904191617,0.388300924796748,97.4825,0.13559322033898305,0.15254237288135594,0.140625,0.2711864406779661,0.288135593220339,0.11864406779661017,0.1864406779661017,0.5382583255555555,96.68071428571429,L,0.028037383177570093,0.040498442367601244,0.16199376947040497,0.4180522565320665,0.14018691588785046,0.08722741433021806,0.3583840657708039,99.88428571428571,14.428571428571429,R,2.0,0.0,0.0,0.02857142857142857,0.05714285714285714,0.047619047619047616,0,Oriole Park at Camden Yards,79.5,49.0,5.0,0.0,0.0,1.0680296266233766,0.1407509907224521,610,,,,,,,,0.5,,,PASS
824468,2026-09-05 22:40:00+00:00,MIL,CIN,CIN,MIL,1,699302,Héctor Rodríguez,confirmed,1.0,4.75,669160,0.05952380952380952,0.05952380952380952,0.045871559633027525,0.16666666666666666,0.21428571428571427,0.2619047619047619,0.08333333333333333,0.2691474134920635,96.64999999999999,0.078125,0.078125,0.058823529411764705,0.203125,0.1875,0.25,0.0625,0.26704238444444445,98.74600000000001,L,0.015822784810126583,0.04746835443037975,0.14873417721518986,0.47761194029850745,0.25316455696202533,0.08860759493670886,0.32994519944837697,100.59,14.8,R,0.0,0.0,0.0,0.03,0.06,0.0,0,Great American Ball Park,89.2,50.0,6.0,0.0,0.0,0.8817148760330579,0.14017432841882138,613,,,,,,,,0.5,,,PASS
823904,2026-09-06 01:10:00+00:00,WSH,LAD,WSH,LAD,0,695578,James Wood,confirmed,1.0,4.75,607192,0.05338078291814947,0.09252669039145907,0.09154929577464789,0.20284697508896798,0.18861209964412812,0.28113879003558717,0.15658362989323843,0.39898775361111116,99.96883333333335,0.02857142857142857,0.08571428571428572,0.08823529411764706,0.17142857142857143,0.14285714285714285,0.24285714285714285,0.12857142857142856,0.3514819533333334,100.35999999999999,L,0.026041666666666668,0.046875,0.16666666666666666,0.4861111111111111,0.3229166666666667,0.07291666666666667,0.2571463185622268,100.29666666666667,16.88888888888889,R,3.0,0.0,1.0,0.027906976744186046,0.07906976744186046,0.06976744186046512,0,UNIQLO Field at Dodger Stadium,72.0,55.0,7.0,0.0,0.0,1.0160714285714287,0.1399295448117036,615,,,,,,,,0.5,,,PASS
823904,2026-09-06 01:10:00+00:00,WSH,LAD,LAD,WSH,1,571970,Max Muncy,confirmed,4.0,4.45,676917,0.044534412955465584,0.06072874493927125,0.04983388704318937,0.2793522267206478,0.21052631578947367,0.25101214574898784,0.12955465587044535,0.3158363208333333,96.85316666666667,0.04838709677419355,0.08064516129032258,0.06329113924050633,0.3387096774193548,0.27419354838709675,0.25806451612903225,0.1774193548387097,0.36671394000000007,99.16199999999999,L,0.03669724770642202,0.04281345565749235,0.1620795107033639,0.48157248157248156,0.308868501529052,0.06422018348623854,0.27794950140949876,99.854,16.466666666666665,R,0.0,0.0,0.0,0.03,0.06,0.0,0,UNIQLO Field at Dodger Stadium,72.0,55.0,7.0,0.0,0.0,1.0160714285714287,0.13870563731901497,621,,,,,,,,0.5,,,PASS
822850,2026-09-05 23:05:00+00:00,TB,TEX,TB,TEX,0,691406,Junior Caminero,confirmed,3.0,4.55,594798,0.05747126436781609,0.08812260536398467,0.07301587301587302,0.16475095785440613,0.16091954022988506,0.19923371647509577,0.08812260536398467,0.33573206333333344,100.523,0.03125,0.0625,0.047619047619047616,0.15625,0.171875,0.171875,0.0625,0.33412687,103.00066666666666,R,0.01238390092879257,0.034055727554179564,0.14241486068111456,0.5503685503685504,0.30030959752321984,0.07739938080495357,0.28035706026887225,99.94333333333331,15.4,R,0.0,0.0,0.0,0.03,0.06,0.0,1,Globe Life Field,98.3,35.0,7.1,0.0,0.5,0.9698863636363636,0.1373058203782339,628,,,,,,,,0.5,,,PASS
824553,2026-09-05 23:10:00+00:00,MIN,CWS,CWS,MIN,1,695657,Colson Montgomery,confirmed,5.0,4.3,671737,0.03875968992248062,0.05426356589147287,0.04713804713804714,0.1937984496124031,0.21705426356589147,0.3798449612403101,0.07364341085271318,0.26862017753968254,95.07344827586208,0.06349206349206349,0.07936507936507936,0.0684931506849315,0.2698412698412698,0.19047619047619047,0.42857142857142855,0.1111111111111111,0.30141259111111113,99.94500000000001,L,0.032432432432432434,0.051351351351351354,0.1891891891891892,0.5433884297520661,0.28378378378378377,0.1,0.28559754488829125,101.30133333333335,17.866666666666667,R,3.0,0.0,1.0,0.027906976744186046,0.07906976744186046,0.06976744186046512,0,Rate Field,73.9,88.0,13.1,0.0,0.0,1.3162743506493508,0.13684859627265714,631,,,,,,,,0.5,,,PASS
824553,2026-09-05 23:10:00+00:00,MIN,CWS,MIN,CWS,0,668904,Royce Lewis,confirmed,5.0,4.3,641743,0.027777777777777776,0.07142857142857142,0.054380664652567974,0.20634920634920634,0.2222222222222222,0.2261904761904762,0.06746031746031746,0.3212970466666667,98.01550000000002,0.01639344262295082,0.06557377049180328,0.0425531914893617,0.19672131147540983,0.2459016393442623,0.18032786885245902,0.03278688524590164,0.27407494222222223,96.85066666666668,R,0.02702702702702703,0.04804804804804805,0.17117117117117117,0.4255813953488372,0.2012012012012012,0.06906906906906907,0.30679907975675913,101.18333333333334,15.0,L,0.0,0.0,0.0,0.03,0.06,0.0,0,Rate Field,73.9,88.0,13.1,0.0,0.0,1.3162743506493508,0.13601877521990302,635,,,,,,,,0.5,,,PASS
824389,2026-09-05 22:10:00+00:00,DET,CLE,DET,CLE,0,682985,Riley Greene,confirmed,3.0,4.55,800048,0.046511627906976744,0.10077519379844961,0.07878787878787878,0.26356589147286824,0.2596899224806202,0.26356589147286824,0.12403100775193798,0.3669976294444445,97.09457627118644,0.015384615384615385,0.03076923076923077,0.025,0.13846153846153847,0.26153846153846155,0.3076923076923077,0.12307692307692308,0.3116714088888889,92.49857142857142,L,0.021917808219178082,0.030136986301369864,0.1232876712328767,0.53125,0.23835616438356164,0.06027397260273973,0.25309120435939036,99.10466666666667,18.333333333333332,L,2.0,0.0,0.0,0.02857142857142857,0.05714285714285714,0.047619047619047616,1,Progressive Field,75.2,57.0,9.5,0.0,0.0,0.9467938311688312,0.13543692433957658,638,,,,,,,,0.5,,,PASS
823335,2026-09-05 22:40:00+00:00,LAA,PIT,PIT,LAA,1,665833,Oneil Cruz,confirmed,4.0,4.45,579328,0.043795620437956206,0.08029197080291971,0.07913669064748201,0.15693430656934307,0.1678832116788321,0.354014598540146,0.12408759124087591,0.34435889611111115,98.67083333333333,0.04477611940298507,0.08955223880597014,0.08823529411764706,0.1044776119402985,0.16417910447761194,0.3283582089552239,0.208955223880597,0.3691217677777778,95.25333333333334,L,0.036458333333333336,0.06770833333333333,0.19791666666666666,0.5277777777777778,0.22395833333333334,0.08333333333333333,0.3481868757962381,102.46888888888888,14.222222222222221,L,0.0,0.0,0.0,0.03,0.06,0.0,1,PNC Park,75.5,73.0,4.4,0.0,0.0,0.6671176046176046,0.13503891734124096,641,,,,,,,,0.5,,,PASS
824066,2026-09-05 23:10:00+00:00,TOR,KC,TOR,KC,0,672960,Kazuma Okamoto,confirmed,6.0,4.15,607625,0.048,0.076,0.056716417910447764,0.224,0.24,0.268,0.076,0.3127672336111111,96.4545,0.06451612903225806,0.12903225806451613,0.09876543209876543,0.22580645161290322,0.22580645161290322,0.24193548387096775,0.11290322580645161,0.39433033888888896,96.31133333333332,R,0.03225806451612903,0.03225806451612903,0.1906158357771261,0.45434298440979953,0.15835777126099707,0.07331378299120235,0.3395670317559405,101.09533333333333,15.266666666666667,R,2.0,0.0,0.0,0.02857142857142857,0.05714285714285714,0.047619047619047616,1,Kauffman Stadium,98.5,32.0,4.7,0.0,0.0,1.1410427807486632,0.1346250014223104,643,,,,,,,,0.5,,,PASS
823094,2026-09-06 01:40:00+00:00,ATH,SEA,ATH,SEA,0,703607,Henry Bolte,confirmed,1.0,4.75,669923,0.02390438247011952,0.05179282868525897,0.04436860068259386,0.099601593625498,0.20717131474103587,0.26693227091633465,0.07171314741035857,0.30567162861111113,97.194,0.0273972602739726,0.0410958904109589,0.034482758620689655,0.1095890410958904,0.1780821917808219,0.2876712328767123,0.136986301369863,0.33018760444444445,98.03466666666668,R,0.03571428571428571,0.057692307692307696,0.18956043956043955,0.5266272189349113,0.20054945054945056,0.054945054945054944,0.3222487260767124,101.39133333333332,16.4,R,0.0,0.0,0.0,0.03,0.06,0.0,1,T-Mobile Park,63.2,74.0,0.3,0.071,0.5,1.45,0.13343002617958555,649,,,,,,,,0.5,,,PASS
824145,2026-09-05 23:15:00+00:00,ARI,HOU,HOU,ARI,1,665161,Jeremy Peña,confirmed,1.0,4.75,694297,0.053231939163498096,0.049429657794676805,0.040123456790123455,0.1634980988593156,0.18631178707224336,0.2623574144486692,0.045627376425855515,0.2984951327777778,97.27283333333334,0.04918032786885246,0.08196721311475409,0.0641025641025641,0.13114754098360656,0.16393442622950818,0.3442622950819672,0.03278688524590164,0.27483083333333336,95.49000000000002,R,0.025210084033613446,0.05322128851540616,0.1792717086834734,0.4725050916496945,0.1484593837535014,0.04481792717086835,0.2783013464136578,99.67666666666668,17.933333333333334,R,0.0,0.0,0.0,0.03,0.06,0.0,1,Daikin Park,86.1,70.0,4.3,0.0,0.5,0.9006087662337663,0.13276342394436252,653,,,,,,,,0.5,,,PASS
822850,2026-09-05 23:05:00+00:00,TB,TEX,TB,TEX,0,666018,Jonathan Aranda,confirmed,2.0,4.65,594798,0.022556390977443608,0.06015037593984962,0.04113110539845758,0.22556390977443608,0.31203007518796994,0.23308270676691728,0.06766917293233082,0.32851110999999994,97.22416666666668,0.046875,0.046875,0.030927835051546393,0.265625,0.3125,0.265625,0.0625,0.32240777000000004,96.09466666666665,L,0.01238390092879257,0.034055727554179564,0.14241486068111456,0.5503685503685504,0.30030959752321984,0.07739938080495357,0.28035706026887225,99.94333333333331,15.4,R,0.0,0.0,0.0,0.03,0.06,0.0,0,Globe Life Field,98.3,35.0,7.1,0.0,0.5,0.9698863636363636,0.1306260734215126,666,,,,,,,,0.5,,,PASS
823257,2026-09-05 23:15:00+00:00,NYY,SD,SD,NYY,1,701538,Jackson Merrill,confirmed,5.0,4.3,607074,0.054901960784313725,0.09411764705882353,0.06299212598425197,0.27058823529411763,0.33725490196078434,0.23921568627450981,0.050980392156862744,0.36260785416666663,97.618,0.046153846153846156,0.1076923076923077,0.07608695652173914,0.23076923076923078,0.27692307692307694,0.27692307692307694,0.06153846153846154,0.35208049666666663,98.53533333333331,L,0.020161290322580645,0.04032258064516129,0.16532258064516128,0.5650887573964497,0.2540322580645161,0.125,0.30964878480315244,100.07916666666667,14.583333333333334,L,0.0,0.0,0.0,0.03,0.06,0.0,1,Petco Park,85.0,41.0,8.8,0.0,0.0,0.9723171565276828,0.12975637593306452,671,,,,,,,,0.5,,,PASS
824145,2026-09-05 23:15:00+00:00,ARI,HOU,ARI,HOU,0,606466,Ketel Marte,confirmed,4.0,4.45,814490,0.03787878787878788,0.06439393939393939,0.05029585798816568,0.1893939393939394,0.19696969696969696,0.14393939393939395,0.08712121212121213,0.32795122472222216,99.31666666666666,0.03333333333333333,0.05,0.04054054054054054,0.16666666666666666,0.2,0.13333333333333333,0.18333333333333332,0.3339713666666667,96.53733333333335,L,0.06779661016949153,0.06779661016949153,0.2542372881355932,0.6329113924050633,0.15254237288135594,0.15254237288135594,0.3853166367180578,99.86333333333334,12.666666666666666,R,0.0,0.0,0.0,0.03,0.06,0.0,0,Daikin Park,86.1,70.0,4.3,0.0,0.5,0.9006087662337663,0.1289997479617807,675,,,,,,,,0.5,,,PASS
824066,2026-09-05 23:10:00+00:00,TOR,KC,KC,TOR,1,686469,Vinnie Pasquantino,confirmed,5.0,4.3,453286,0.0234375,0.05078125,0.03523035230352303,0.23828125,0.28125,0.12890625,0.11328125,0.3306266252777777,97.40766666666666,0.06153846153846154,0.1076923076923077,0.08139534883720931,0.2923076923076923,0.2923076923076923,0.06153846153846154,0.12307692307692308,0.3742223455555555,99.30333333333334,L,0.04838709677419355,0.06451612903225806,0.1935483870967742,0.6185567010309279,0.18548387096774194,0.10483870967741936,0.3354865894136661,98.7276923076923,13.076923076923077,R,3.0,0.0,0.0,0.027906976744186046,0.05581395348837209,0.06976744186046512,0,Kauffman Stadium,98.5,32.0,4.7,0.0,0.0,1.1410427807486632,0.128789469159746,676,,,,,,,,0.5,,,PASS
824795,2026-09-05 23:05:00+00:00,BOS,BAL,BOS,BAL,0,677800,Wilyer Abreu,confirmed,3.0,4.55,605135,0.04887218045112782,0.08646616541353383,0.06845238095238096,0.20300751879699247,0.3082706766917293,0.21804511278195488,0.12406015037593984,0.3665766432142857,97.20400000000001,0.014925373134328358,0.04477611940298507,0.033707865168539325,0.1791044776119403,0.3582089552238806,0.26865671641791045,0.08955223880597014,0.27986237666666663,96.47133333333333,L,0.028037383177570093,0.040498442367601244,0.16199376947040497,0.4180522565320665,0.14018691588785046,0.08722741433021806,0.3583840657708039,99.88428571428571,14.428571428571429,R,2.0,1.0,1.0,0.05238095238095238,0.08095238095238096,0.047619047619047616,0,Oriole Park at Camden Yards,79.5,49.0,5.0,0.0,0.0,1.0680296266233766,0.12663973086222705,690,,,,,,,,0.5,,,PASS
822850,2026-09-05 23:05:00+00:00,TB,TEX,TEX,TB,1,669394,Jake Burger,confirmed,6.0,4.15,656876,0.04583333333333333,0.07916666666666666,0.06462585034013606,0.20416666666666666,0.16666666666666666,0.2708333333333333,0.0875,0.3100322213888889,97.63483333333333,0.034482758620689655,0.06896551724137931,0.057971014492753624,0.2413793103448276,0.1206896551724138,0.27586206896551724,0.1206896551724138,0.3380523533333333,96.80733333333333,R,0.014749262536873156,0.029498525073746312,0.1415929203539823,0.5416666666666666,0.27728613569321536,0.04424778761061947,0.269456383810769,99.91200000000002,17.2,R,0.0,0.0,0.0,0.03,0.06,0.0,1,Globe Life Field,98.3,35.0,7.1,0.0,0.5,0.9698863636363636,0.12629927435370186,692,,,,,,,,0.5,,,PASS
823335,2026-09-05 22:40:00+00:00,LAA,PIT,PIT,LAA,1,804606,Konnor Griffin,confirmed,1.0,4.75,579328,0.020080321285140562,0.05220883534136546,0.041666666666666664,0.1686746987951807,0.23293172690763053,0.26104417670682734,0.0642570281124498,0.2998413635057471,96.20877192982455,0.029411764705882353,0.04411764705882353,0.02857142857142857,0.22058823529411764,0.29411764705882354,0.23529411764705882,0.07352941176470588,0.2789219577777778,98.10933333333334,R,0.036458333333333336,0.06770833333333333,0.19791666666666666,0.5277777777777778,0.22395833333333334,0.08333333333333333,0.3481868757962381,102.46888888888888,14.222222222222221,L,0.0,0.0,0.0,0.03,0.06,0.0,0,PNC Park,75.5,73.0,4.4,0.0,0.0,0.6671176046176046,0.12425679650871749,705,,,,,,,,0.5,,,PASS
824553,2026-09-05 23:10:00+00:00,MIN,CWS,MIN,CWS,0,605137,Josh Bell,confirmed,4.0,4.45,641743,0.03861003861003861,0.06563706563706563,0.046703296703296704,0.1969111969111969,0.25096525096525096,0.16988416988416988,0.09652509652509653,0.3529326119444444,98.62066666666668,0.03125,0.046875,0.034482758620689655,0.125,0.25,0.140625,0.09375,0.38236745000000005,97.34999999999998,L,0.02702702702702703,0.04804804804804805,0.17117117117117117,0.4255813953488372,0.2012012012012012,0.06906906906906907,0.30679907975675913,101.18333333333334,15.0,L,3.0,0.0,0.0,0.027906976744186046,0.05581395348837209,0.06976744186046512,1,Rate Field,73.9,88.0,13.1,0.0,0.0,1.3162743506493508,0.12313979306612335,712,,,,,,,,0.5,,,PASS
824468,2026-09-05 22:40:00+00:00,MIL,CIN,CIN,MIL,1,701398,Sal Stewart,confirmed,3.0,4.55,669160,0.06463878326996197,0.07984790874524715,0.05898876404494382,0.20912547528517111,0.27756653992395436,0.20912547528517111,0.057034220532319393,0.3260543491666666,96.91083333333334,0.07462686567164178,0.1044776119402985,0.0673076923076923,0.2537313432835821,0.44776119402985076,0.16417910447761194,0.05970149253731343,0.37598570666666664,97.10666666666667,R,0.015822784810126583,0.04746835443037975,0.14873417721518986,0.47761194029850745,0.25316455696202533,0.08860759493670886,0.32994519944837697,100.59,14.8,R,3.0,0.0,0.0,0.027906976744186046,0.05581395348837209,0.06976744186046512,1,Great American Ball Park,89.2,50.0,6.0,0.0,0.0,0.8817148760330579,0.12087659784557739,727,,,,,,,,0.5,,,PASS
823904,2026-09-06 01:10:00+00:00,WSH,LAD,WSH,LAD,0,695734,Daylen Lile,confirmed,2.0,4.65,607192,0.047619047619047616,0.07539682539682539,0.04773869346733668,0.25396825396825395,0.373015873015873,0.21428571428571427,0.05555555555555555,0.3229742836111111,95.61116666666666,0.07462686567164178,0.08955223880597014,0.05825242718446602,0.373134328358209,0.3582089552238806,0.19402985074626866,0.13432835820895522,0.41691786333333336,98.67266666666667,L,0.026041666666666668,0.046875,0.16666666666666666,0.4861111111111111,0.3229166666666667,0.07291666666666667,0.2571463185622268,100.29666666666667,16.88888888888889,R,3.0,0.0,0.0,0.027906976744186046,0.05581395348837209,0.06976744186046512,0,UNIQLO Field at Dodger Stadium,72.0,55.0,7.0,0.0,0.0,1.0160714285714287,0.12052530282872323,730,,,,,,,,0.5,,,PASS
823094,2026-09-06 01:40:00+00:00,ATH,SEA,ATH,SEA,0,641680,Jonah Heim,confirmed,5.0,4.3,669923,0.03225806451612903,0.04838709677419355,0.03296703296703297,0.1693548387096774,0.31048387096774194,0.18548387096774194,0.06854838709677419,0.2924406733333333,95.98949999999999,0.03225806451612903,0.03225806451612903,0.020202020202020204,0.1774193548387097,0.2903225806451613,0.14516129032258066,0.0967741935483871,0.2624218111111111,95.99333333333331,L,0.03571428571428571,0.057692307692307696,0.18956043956043955,0.5266272189349113,0.20054945054945056,0.054945054945054944,0.3222487260767124,101.39133333333332,16.4,R,0.0,0.0,0.0,0.03,0.06,0.0,0,T-Mobile Park,63.2,74.0,0.3,0.071,0.5,1.45,0.1201600783970224,732,,,,,,,,0.5,,,PASS
824795,2026-09-05 23:05:00+00:00,BOS,BAL,BAL,BOS,1,694212,Samuel Basallo,confirmed,5.0,4.3,543243,0.04602510460251046,0.08786610878661087,0.06976744186046512,0.18828451882845187,0.24686192468619247,0.2719665271966527,0.0794979079497908,0.3111341911111111,96.90847457627119,0.016666666666666666,0.05,0.04918032786885246,0.15,0.15,0.31666666666666665,0.08333333333333333,0.20663333888888888,92.06571428571431,L,0.02894736842105263,0.03684210526315789,0.15789473684210525,0.39461883408071746,0.22894736842105262,0.060526315789473685,0.28180101228920573,101.07466666666667,18.533333333333335,R,0.0,0.0,0.0,0.03,0.06,0.0,0,Oriole Park at Camden Yards,79.5,49.0,5.0,0.0,0.0,1.0680296266233766,0.11952758338179925,737,,,,,,,,0.5,,,PASS
824066,2026-09-05 23:10:00+00:00,TOR,KC,TOR,KC,0,665489,Vladimir Guerrero Jr.,confirmed,3.0,4.55,607625,0.01968503937007874,0.05511811023622047,0.0425531914893617,0.12598425196850394,0.20866141732283464,0.14960629921259844,0.06299212598425197,0.30488153916666666,98.93533333333335,0.015873015873015872,0.047619047619047616,0.03296703296703297,0.12698412698412698,0.15873015873015872,0.047619047619047616,0.047619047619047616,0.3268707377777778,103.14066666666666,R,0.03225806451612903,0.03225806451612903,0.1906158357771261,0.45434298440979953,0.15835777126099707,0.07331378299120235,0.3395670317559405,101.09533333333333,15.266666666666667,R,3.0,0.0,0.0,0.027906976744186046,0.05581395348837209,0.06976744186046512,1,Kauffman Stadium,98.5,32.0,4.7,0.0,0.0,1.1410427807486632,0.11939471996481897,738,,,,,,,,0.5,,,PASS
824066,2026-09-05 23:10:00+00:00,TOR,KC,KC,TOR,1,521692,Salvador Perez,confirmed,4.0,4.45,453286,0.032388663967611336,0.07692307692307693,0.05307262569832402,0.19433198380566802,0.27125506072874495,0.20647773279352227,0.03643724696356275,0.3131817563888889,96.17333333333333,0.03125,0.109375,0.07368421052631578,0.234375,0.203125,0.171875,0.046875,0.3629736166666666,98.14266666666667,R,0.04838709677419355,0.06451612903225806,0.1935483870967742,0.6185567010309279,0.18548387096774194,0.10483870967741936,0.3354865894136661,98.7276923076923,13.076923076923077,R,3.0,0.0,1.0,0.027906976744186046,0.07906976744186046,0.06976744186046512,1,Kauffman Stadium,98.5,32.0,4.7,0.0,0.0,1.1410427807486632,0.11841280296552822,745,,,,,,,,0.5,,,PASS
823257,2026-09-05 23:15:00+00:00,NYY,SD,NYY,SD,0,502671,Paul Goldschmidt,confirmed,1.0,4.75,592662,0.05405405405405406,0.06563706563706563,0.05105105105105105,0.16602316602316602,0.2471042471042471,0.25096525096525096,0.05405405405405406,0.273223585,94.06383333333333,0.045454545454545456,0.07575757575757576,0.0641025641025641,0.13636363636363635,0.2727272727272727,0.22727272727272727,0.07575757575757576,0.32403637333333335,95.89666666666668,R,0.019943019943019943,0.042735042735042736,0.16524216524216523,0.5607064017660044,0.18518518518518517,0.11965811965811966,0.3142963582140862,100.732,16.266666666666666,L,3.0,0.0,0.0,0.027906976744186046,0.05581395348837209,0.06976744186046512,0,Petco Park,85.0,41.0,8.8,0.0,0.0,0.9723171565276828,0.11790041663549292,748,,,,,,,,0.5,,,PASS
823257,2026-09-05 23:15:00+00:00,NYY,SD,NYY,SD,0,671218,Heliot Ramos,confirmed,5.0,4.3,592662,0.02834008097165992,0.08502024291497975,0.06752411575562701,0.1902834008097166,0.27125506072874495,0.2591093117408907,0.0728744939271255,0.32219879944444446,96.85216666666666,0.018518518518518517,0.09259259259259259,0.07692307692307693,0.2037037037037037,0.25925925925925924,0.24074074074074073,0.12962962962962962,0.3535761366666666,95.36133333333333,R,0.019943019943019943,0.042735042735042736,0.16524216524216523,0.5607064017660044,0.18518518518518517,0.11965811965811966,0.3142963582140862,100.732,16.266666666666666,L,0.0,0.0,0.0,0.03,0.06,0.0,0,Petco Park,85.0,41.0,8.8,0.0,0.0,0.9723171565276828,0.11768839533470105,750,,,,,,,,0.5,,,PASS
824066,2026-09-05 23:10:00+00:00,TOR,KC,TOR,KC,0,543807,George Springer,confirmed,2.0,4.65,607625,0.03461538461538462,0.04230769230769231,0.03170028818443804,0.13846153846153847,0.2153846153846154,0.17692307692307693,0.1,0.3120405133333333,96.26399999999998,0.031746031746031744,0.047619047619047616,0.03896103896103896,0.14285714285714285,0.15873015873015872,0.19047619047619047,0.047619047619047616,0.31502934222222223,96.85999999999999,R,0.03225806451612903,0.03225806451612903,0.1906158357771261,0.45434298440979953,0.15835777126099707,0.07331378299120235,0.3395670317559405,101.09533333333333,15.266666666666667,R,0.0,0.0,0.0,0.03,0.06,0.0,1,Kauffman Stadium,98.5,32.0,4.7,0.0,0.0,1.1410427807486632,0.11729972696280216,753,,,,,,,,0.5,,,PASS
824468,2026-09-05 22:40:00+00:00,MIL,CIN,MIL,CIN,0,661388,William Contreras,confirmed,3.0,4.55,671096,0.022388059701492536,0.05970149253731343,0.04610951008645533,0.2126865671641791,0.2462686567164179,0.14925373134328357,0.10074626865671642,0.32842819250000005,97.79666666666667,0.014285714285714285,0.05714285714285714,0.0425531914893617,0.2,0.21428571428571427,0.15714285714285714,0.1,0.34065963888888884,98.68733333333333,R,0.03418803418803419,0.05982905982905983,0.1623931623931624,0.5698447893569845,0.19373219373219372,0.1111111111111111,0.33830839175962174,101.446,15.8,L,3.0,0.0,0.0,0.027906976744186046,0.05581395348837209,0.06976744186046512,0,Great American Ball Park,89.2,50.0,6.0,0.0,0.0,0.8817148760330579,0.11718927516341898,753,,,,,,,,0.5,,,PASS
822850,2026-09-05 23:05:00+00:00,TB,TEX,TB,TEX,0,650490,Yandy Díaz,confirmed,1.0,4.75,594798,0.033210332103321034,0.05166051660516605,0.034653465346534656,0.18081180811808117,0.24723247232472326,0.15498154981549817,0.06642066420664207,0.33216162250000003,98.70516666666666,0.029850746268656716,0.05970149253731343,0.04081632653061224,0.1791044776119403,0.2537313432835821,0.14925373134328357,0.07462686567164178,0.3120699933333333,98.44,R,0.01238390092879257,0.034055727554179564,0.14241486068111456,0.5503685503685504,0.30030959752321984,0.07739938080495357,0.28035706026887225,99.94333333333331,15.4,R,0.0,0.0,0.0,0.03,0.06,0.0,1,Globe Life Field,98.3,35.0,7.1,0.0,0.5,0.9698863636363636,0.11690721311959298,755,,,,,,,,0.5,,,PASS
823094,2026-09-06 01:40:00+00:00,ATH,SEA,ATH,SEA,0,671732,Lawrence Butler,confirmed,4.0,4.45,669923,0.03278688524590164,0.05327868852459016,0.0391566265060241,0.13524590163934427,0.26229508196721313,0.26639344262295084,0.12704918032786885,0.318099818888889,95.6375,0.015151515151515152,0.030303030303030304,0.024390243902439025,0.07575757575757576,0.21212121212121213,0.3181818181818182,0.16666666666666666,0.3463023466666667,96.16133333333333,L,0.03571428571428571,0.057692307692307696,0.18956043956043955,0.5266272189349113,0.20054945054945056,0.054945054945054944,0.3222487260767124,101.39133333333332,16.4,R,0.0,0.0,0.0,0.03,0.06,0.0,0,T-Mobile Park,63.2,74.0,0.3,0.071,0.5,1.45,0.11688273492697632,756,,,,,,,,0.5,,,PASS
823904,2026-09-06 01:10:00+00:00,WSH,LAD,WSH,LAD,0,682928,CJ Abrams,confirmed,4.0,4.45,607192,0.05639097744360902,0.05639097744360902,0.0436046511627907,0.21428571428571427,0.2593984962406015,0.2781954887218045,0.07894736842105263,0.29264518777777776,95.88583333333332,0.0,0.030303030303030304,0.021505376344086023,0.16666666666666666,0.30303030303030304,0.30303030303030304,0.09090909090909091,0.19756907000000004,95.35733333333334,L,0.026041666666666668,0.046875,0.16666666666666666,0.4861111111111111,0.3229166666666667,0.07291666666666667,0.2571463185622268,100.29666666666667,16.88888888888889,R,3.0,0.0,0.0,0.027906976744186046,0.05581395348837209,0.06976744186046512,0,UNIQLO Field at Dodger Stadium,72.0,55.0,7.0,0.0,0.0,1.0160714285714287,0.11624193487617815,760,,,,,,,,0.5,,,PASS
824795,2026-09-05 23:05:00+00:00,BOS,BAL,BAL,BOS,1,687952,Christian Encarnacion-Strand,confirmed,7.0,4.0,543243,0.057971014492753624,0.11594202898550725,0.0730593607305936,0.2536231884057971,0.2753623188405797,0.2536231884057971,0.057971014492753624,0.3566755702020202,97.13515151515153,0.046875,0.0625,0.038834951456310676,0.1875,0.21875,0.28125,0.0625,0.31361979888888886,96.04733333333334,R,0.02894736842105263,0.03684210526315789,0.15789473684210525,0.39461883408071746,0.22894736842105262,0.060526315789473685,0.28180101228920573,101.07466666666667,18.533333333333335,R,0.0,0.0,0.0,0.03,0.06,0.0,1,Oriole Park at Camden Yards,79.5,49.0,5.0,0.0,0.0,1.0680296266233766,0.11561892384672708,765,,,,,,,,0.5,,,PASS
823335,2026-09-05 22:40:00+00:00,LAA,PIT,PIT,LAA,1,668804,Bryan Reynolds,confirmed,3.0,4.55,579328,0.014925373134328358,0.0708955223880597,0.057926829268292686,0.1865671641791045,0.27611940298507465,0.26119402985074625,0.1044776119402985,0.32726175888888887,97.32000000000001,0.0,0.07352941176470588,0.06329113924050633,0.29411764705882354,0.29411764705882354,0.14705882352941177,0.07352941176470588,0.4259272488888889,100.674,L,0.036458333333333336,0.06770833333333333,0.19791666666666666,0.5277777777777778,0.22395833333333334,0.08333333333333333,0.3481868757962381,102.46888888888888,14.222222222222221,L,0.0,0.0,0.0,0.03,0.06,0.0,1,PNC Park,75.5,73.0,4.4,0.0,0.0,0.6671176046176046,0.11552005989258136,766,,,,,,,,0.5,,,PASS
824145,2026-09-05 23:15:00+00:00,ARI,HOU,ARI,HOU,0,694374,Tim Tawa,confirmed,8.0,3.85,814490,0.03765690376569038,0.07531380753138076,0.05921052631578947,0.19665271966527198,0.2719665271966527,0.25523012552301255,0.06694560669456066,0.30006042916666664,97.10216666666666,0.03333333333333333,0.11666666666666667,0.09333333333333334,0.25,0.3,0.3,0.11666666666666667,0.3196112366666667,96.48266666666669,R,0.06779661016949153,0.06779661016949153,0.2542372881355932,0.6329113924050633,0.15254237288135594,0.15254237288135594,0.3853166367180578,99.86333333333334,12.666666666666666,R,0.0,0.0,0.0,0.03,0.06,0.0,1,Daikin Park,86.1,70.0,4.3,0.0,0.5,0.9006087662337663,0.1155150761523517,766,,,,,,,,0.5,,,PASS
822850,2026-09-05 23:05:00+00:00,TB,TEX,TEX,TB,1,607043,Brandon Nimmo,confirmed,4.0,4.45,656876,0.028112449799196786,0.05622489959839357,0.03723404255319149,0.20481927710843373,0.3293172690763052,0.2289156626506024,0.08433734939759036,0.32788748666666667,97.05099999999999,0.015151515151515152,0.045454545454545456,0.03260869565217391,0.19696969696969696,0.3181818181818182,0.21212121212121213,0.09090909090909091,0.27977063777777783,96.84666666666666,L,0.014749262536873156,0.029498525073746312,0.1415929203539823,0.5416666666666666,0.27728613569321536,0.04424778761061947,0.269456383810769,99.91200000000002,17.2,R,0.0,0.0,0.0,0.03,0.06,0.0,0,Globe Life Field,98.3,35.0,7.1,0.0,0.5,0.9698863636363636,0.11451220832692521,773,,,,,,,,0.5,,,PASS
824553,2026-09-05 23:10:00+00:00,MIN,CWS,MIN,CWS,0,665019,Kody Clemens,confirmed,6.0,4.15,641743,0.051181102362204724,0.07874015748031496,0.05649717514124294,0.25984251968503935,0.2637795275590551,0.23228346456692914,0.06692913385826772,0.3493913688888889,97.53516666666665,0.04918032786885246,0.11475409836065574,0.08433734939759036,0.32786885245901637,0.29508196721311475,0.19672131147540983,0.09836065573770492,0.4869288555555555,99.23866666666666,L,0.02702702702702703,0.04804804804804805,0.17117117117117117,0.4255813953488372,0.2012012012012012,0.06906906906906907,0.30679907975675913,101.18333333333334,15.0,L,3.0,0.0,1.0,0.027906976744186046,0.07906976744186046,0.06976744186046512,1,Rate Field,73.9,88.0,13.1,0.0,0.0,1.3162743506493508,0.11382465931879172,779,,,,,,,,0.5,,,PASS
824468,2026-09-05 22:40:00+00:00,MIL,CIN,CIN,MIL,1,553993,Eugenio Suárez,confirmed,6.0,4.15,669160,0.05761316872427984,0.06584362139917696,0.05947955390334572,0.1934156378600823,0.17695473251028807,0.36213991769547327,0.12345679012345678,0.29542840916666663,95.16949999999997,0.04838709677419355,0.03225806451612903,0.03125,0.14516129032258066,0.08064516129032258,0.2903225806451613,0.1774193548387097,0.3413695433333333,94.18466666666667,R,0.015822784810126583,0.04746835443037975,0.14873417721518986,0.47761194029850745,0.25316455696202533,0.08860759493670886,0.32994519944837697,100.59,14.8,R,3.0,0.0,0.0,0.027906976744186046,0.05581395348837209,0.06976744186046512,1,Great American Ball Park,89.2,50.0,6.0,0.0,0.0,0.8817148760330579,0.11367907703222128,780,,,,,,,,0.5,,,PASS
824145,2026-09-05 23:15:00+00:00,ARI,HOU,ARI,HOU,0,672515,Gabriel Moreno,confirmed,3.0,4.55,814490,0.02247191011235955,0.052434456928838954,0.03571428571428571,0.1797752808988764,0.2958801498127341,0.13108614232209737,0.12359550561797752,0.36963764166666674,96.15383333333335,0.046875,0.09375,0.06818181818181818,0.21875,0.21875,0.15625,0.140625,0.35308196666666664,97.17933333333333,R,0.06779661016949153,0.06779661016949153,0.2542372881355932,0.6329113924050633,0.15254237288135594,0.15254237288135594,0.3853166367180578,99.86333333333334,12.666666666666666,R,0.0,0.0,0.0,0.03,0.06,0.0,1,Daikin Park,86.1,70.0,4.3,0.0,0.5,0.9006087662337663,0.11305348397771946,785,,,,,,,,0.5,,,PASS
824066,2026-09-05 23:10:00+00:00,TOR,KC,KC,TOR,1,670231,John Rave,confirmed,7.0,4.0,453286,0.03571428571428571,0.09523809523809523,0.0851063829787234,0.14285714285714285,0.2261904761904762,0.19047619047619047,0.09523809523809523,0.3163821420289855,97.14478260869565,0.034482758620689655,0.05172413793103448,0.046153846153846156,0.08620689655172414,0.1896551724137931,0.1724137931034483,0.10344827586206896,0.2719177177777778,94.16066666666666,L,0.04838709677419355,0.06451612903225806,0.1935483870967742,0.6185567010309279,0.18548387096774194,0.10483870967741936,0.3354865894136661,98.7276923076923,13.076923076923077,R,2.0,0.0,0.0,0.02857142857142857,0.05714285714285714,0.047619047619047616,0,Kauffman Stadium,98.5,32.0,4.7,0.0,0.0,1.1410427807486632,0.11283356406898404,786,,,,,,,,0.5,,,PASS
824066,2026-09-05 23:10:00+00:00,TOR,KC,TOR,KC,0,672386,Alejandro Kirk,confirmed,4.0,4.45,607625,0.03278688524590164,0.028688524590163935,0.021875,0.15163934426229508,0.22540983606557377,0.12295081967213115,0.09836065573770492,0.31307818304093565,97.36052631578947,0.04411764705882353,0.04411764705882353,0.03225806451612903,0.20588235294117646,0.25,0.11764705882352941,0.10294117647058823,0.3215664777777778,99.816,R,0.03225806451612903,0.03225806451612903,0.1906158357771261,0.45434298440979953,0.15835777126099707,0.07331378299120235,0.3395670317559405,101.09533333333333,15.266666666666667,R,0.0,0.0,0.0,0.03,0.06,0.0,1,Kauffman Stadium,98.5,32.0,4.7,0.0,0.0,1.1410427807486632,0.11244223013600745,789,,,,,,,,0.5,,,PASS
823257,2026-09-05 23:15:00+00:00,NYY,SD,SD,NYY,1,592518,Manny Machado,confirmed,3.0,4.55,607074,0.03802281368821293,0.060836501901140684,0.050314465408805034,0.21292775665399238,0.23193916349809887,0.20912547528517111,0.12167300380228137,0.35380579388888894,96.8395,0.014925373134328358,0.014925373134328358,0.011627906976744186,0.16417910447761194,0.19402985074626866,0.208955223880597,0.14925373134328357,0.34231121333333336,95.15666666666668,R,0.020161290322580645,0.04032258064516129,0.16532258064516128,0.5650887573964497,0.2540322580645161,0.125,0.30964878480315244,100.07916666666667,14.583333333333334,L,0.0,0.0,0.0,0.03,0.06,0.0,0,Petco Park,85.0,41.0,8.8,0.0,0.0,0.9723171565276828,0.11214880715825472,792,,,,,,,,0.5,,,PASS
824553,2026-09-05 23:10:00+00:00,MIN,CWS,CWS,MIN,1,643217,Andrew Benintendi,confirmed,4.0,4.45,671737,0.04035874439461883,0.053811659192825115,0.04013377926421405,0.21524663677130046,0.22869955156950672,0.19730941704035873,0.1031390134529148,0.3050344674999999,93.58033898305085,0.018518518518518517,0.05555555555555555,0.03571428571428571,0.2037037037037037,0.35185185185185186,0.2037037037037037,0.09259259259259259,0.3015280611111112,94.60133333333333,L,0.032432432432432434,0.051351351351351354,0.1891891891891892,0.5433884297520661,0.28378378378378377,0.1,0.28559754488829125,101.30133333333335,17.866666666666667,R,3.0,0.0,0.0,0.027906976744186046,0.05581395348837209,0.06976744186046512,0,Rate Field,73.9,88.0,13.1,0.0,0.0,1.3162743506493508,0.11170934551675597,795,,,,,,,,0.5,,,PASS
824468,2026-09-05 22:40:00+00:00,MIL,CIN,CIN,MIL,1,668709,JJ Bleday,confirmed,4.0,4.45,669160,0.03571428571428571,0.05952380952380952,0.04716981132075472,0.21031746031746032,0.1984126984126984,0.2222222222222222,0.14285714285714285,0.3307135130555556,96.22583333333334,0.03125,0.09375,0.07058823529411765,0.203125,0.1875,0.203125,0.140625,0.3514335377777778,96.32533333333332,L,0.015822784810126583,0.04746835443037975,0.14873417721518986,0.47761194029850745,0.25316455696202533,0.08860759493670886,0.32994519944837697,100.59,14.8,R,3.0,0.0,0.0,0.027906976744186046,0.05581395348837209,0.06976744186046512,0,Great American Ball Park,89.2,50.0,6.0,0.0,0.0,0.8817148760330579,0.11141926816305328,798,,,,,,,,0.5,,,PASS
822850,2026-09-05 23:05:00+00:00,TB,TEX,TEX,TB,1,694671,Wyatt Langford,confirmed,3.0,4.55,656876,0.04580152671755725,0.04198473282442748,0.03081232492997199,0.1984732824427481,0.21374045801526717,0.1946564885496183,0.1183206106870229,0.3302109388888889,97.57033333333334,0.014925373134328358,0.0,0.0,0.19402985074626866,0.2537313432835821,0.1044776119402985,0.19402985074626866,0.3488920255555555,97.12533333333334,R,0.014749262536873156,0.029498525073746312,0.1415929203539823,0.5416666666666666,0.27728613569321536,0.04424778761061947,0.269456383810769,99.91200000000002,17.2,R,0.0,0.0,0.0,0.03,0.06,0.0,1,Globe Life Field,98.3,35.0,7.1,0.0,0.5,0.9698863636363636,0.11125114444825594,799,,,,,,,,0.5,,,PASS
824795,2026-09-05 23:05:00+00:00,BOS,BAL,BOS,BAL,0,596115,Trevor Story,confirmed,4.0,4.45,605135,0.015306122448979591,0.030612244897959183,0.0234375,0.15306122448979592,0.20918367346938777,0.32142857142857145,0.04081632653061224,0.24771589746376813,95.46434782608696,0.01639344262295082,0.04918032786885246,0.036585365853658534,0.11475409836065574,0.22950819672131148,0.3770491803278688,0.01639344262295082,0.24097285,93.7493333333333,R,0.028037383177570093,0.040498442367601244,0.16199376947040497,0.4180522565320665,0.14018691588785046,0.08722741433021806,0.3583840657708039,99.88428571428571,14.428571428571429,R,0.0,0.0,0.0,0.03,0.06,0.0,1,Oriole Park at Camden Yards,79.5,49.0,5.0,0.0,0.0,1.0680296266233766,0.11105251831346304,800,,,,,,,,0.5,,,PASS
823257,2026-09-05 23:15:00+00:00,NYY,SD,SD,NYY,1,664034,Ty France,confirmed,4.0,4.45,607074,0.04597701149425287,0.05747126436781609,0.03968253968253968,0.21839080459770116,0.32567049808429116,0.18773946360153257,0.09195402298850575,0.34576931805555555,98.17483333333332,0.045454545454545456,0.030303030303030304,0.02040816326530612,0.18181818181818182,0.3787878787878788,0.18181818181818182,0.19696969696969696,0.36062808333333335,95.47000000000001,R,0.020161290322580645,0.04032258064516129,0.16532258064516128,0.5650887573964497,0.2540322580645161,0.125,0.30964878480315244,100.07916666666667,14.583333333333334,L,0.0,0.0,0.0,0.03,0.06,0.0,0,Petco Park,85.0,41.0,8.8,0.0,0.0,0.9723171565276828,0.1096311047145299,812,,,,,,,,0.5,,,PASS
824389,2026-09-05 22:10:00+00:00,DET,CLE,DET,CLE,0,701678,Hao-Yu Lee,confirmed,2.0,4.65,800048,0.03333333333333333,0.06190476190476191,0.05019305019305019,0.20952380952380953,0.23333333333333334,0.20952380952380953,0.05714285714285714,0.29416640111111114,95.35220338983052,0.03508771929824561,0.07017543859649122,0.05194805194805195,0.21052631578947367,0.22807017543859648,0.22807017543859648,0.10526315789473684,0.34140926000000005,96.13266666666665,R,0.021917808219178082,0.030136986301369864,0.1232876712328767,0.53125,0.23835616438356164,0.06027397260273973,0.25309120435939036,99.10466666666667,18.333333333333332,L,4.0,0.0,0.0,0.02727272727272727,0.05454545454545454,0.09090909090909091,0,Progressive Field,75.2,57.0,9.5,0.0,0.0,0.9467938311688312,0.1088498769343546,819,,,,,,,,0.5,,,PASS
822850,2026-09-05 23:05:00+00:00,TB,TEX,TB,TEX,0,683748,Victor Mesa Jr.,confirmed,6.0,4.15,594798,0.054945054945054944,0.08241758241758242,0.06147540983606557,0.23076923076923078,0.2802197802197802,0.2087912087912088,0.08241758241758242,0.3087041833333333,95.00354166666666,0.034482758620689655,0.10344827586206896,0.08,0.27586206896551724,0.25862068965517243,0.1206896551724138,0.017241379310344827,0.31831432444444446,95.77333333333331,L,0.01238390092879257,0.034055727554179564,0.14241486068111456,0.5503685503685504,0.30030959752321984,0.07739938080495357,0.28035706026887225,99.94333333333331,15.4,R,0.0,0.0,0.0,0.03,0.06,0.0,0,Globe Life Field,98.3,35.0,7.1,0.0,0.5,0.9698863636363636,0.10846851038020065,822,,,,,,,,0.5,,,PASS
823335,2026-09-05 22:40:00+00:00,LAA,PIT,PIT,LAA,1,804668,Rafael Flores Jr.,confirmed,6.0,4.15,579328,0.052083333333333336,0.07291666666666667,0.06666666666666667,0.15625,0.20833333333333334,0.3229166666666667,0.10416666666666667,0.297478872,95.21916666666668,0.03278688524590164,0.04918032786885246,0.043478260869565216,0.13114754098360656,0.18032786885245902,0.36065573770491804,0.08196721311475409,0.24750659222222224,94.47266666666665,R,0.036458333333333336,0.06770833333333333,0.19791666666666666,0.5277777777777778,0.22395833333333334,0.08333333333333333,0.3481868757962381,102.46888888888888,14.222222222222221,L,0.0,0.0,0.0,0.03,0.06,0.0,0,PNC Park,75.5,73.0,4.4,0.0,0.0,0.6671176046176046,0.10773349848294901,828,,,,,,,,0.5,,,PASS
824310,2026-09-06 00:10:00+00:00,STL,COL,COL,STL,1,681393,Connor Norby,confirmed,2.0,4.65,669461,0.01293103448275862,0.034482758620689655,0.0273972602739726,0.16810344827586207,0.2543103448275862,0.30603448275862066,0.11637931034482758,0.2862069186111111,92.33216666666667,0.015873015873015872,0.031746031746031744,0.02127659574468085,0.14285714285714285,0.3333333333333333,0.25396825396825395,0.07936507936507936,0.3213645933333334,94.40599999999998,R,0.04672897196261682,0.06230529595015576,0.2118380062305296,0.48635235732009924,0.2616822429906542,0.07476635514018691,0.3297719842780223,100.99799999999999,14.4,L,0.0,0.0,0.0,0.03,0.06,0.0,0,Coors Field,91.8,15.0,6.0,0.0,0.0,1.0391639610389611,0.10712896897627733,833,,,,,,,,0.5,,,PASS
824145,2026-09-05 23:15:00+00:00,ARI,HOU,HOU,ARI,1,662139,Daulton Varsho,confirmed,5.0,4.3,694297,0.02074688796680498,0.04979253112033195,0.0345821325648415,0.18672199170124482,0.2863070539419087,0.2074688796680498,0.06639004149377593,0.26606934805555554,95.22016666666666,0.03225806451612903,0.06451612903225806,0.04819277108433735,0.14516129032258066,0.27419354838709675,0.20967741935483872,0.04838709677419355,0.2708401322222222,93.55666666666666,L,0.025210084033613446,0.05322128851540616,0.1792717086834734,0.4725050916496945,0.1484593837535014,0.04481792717086835,0.2783013464136578,99.67666666666668,17.933333333333334,R,0.0,0.0,0.0,0.03,0.06,0.0,0,Daikin Park,86.1,70.0,4.3,0.0,0.5,0.9006087662337663,0.10657537207635034,838,,,,,,,,0.5,,,PASS
823094,2026-09-06 01:40:00+00:00,ATH,SEA,ATH,SEA,0,643446,Jeff McNeil,confirmed,2.0,4.65,669923,0.02564102564102564,0.021367521367521368,0.012919896640826873,0.19230769230769232,0.36752136752136755,0.08547008547008547,0.038461538461538464,0.29701689472222215,93.85083333333334,0.02857142857142857,0.014285714285714285,0.008620689655172414,0.12857142857142856,0.34285714285714286,0.08571428571428572,0.02857142857142857,0.31879070666666665,95.11600000000001,L,0.03571428571428571,0.057692307692307696,0.18956043956043955,0.5266272189349113,0.20054945054945056,0.054945054945054944,0.3222487260767124,101.39133333333332,16.4,R,0.0,0.0,0.0,0.03,0.06,0.0,0,T-Mobile Park,63.2,74.0,0.3,0.071,0.5,1.45,0.10648744801695069,839,,,,,,,,0.5,,,PASS
824553,2026-09-05 23:10:00+00:00,MIN,CWS,MIN,CWS,0,701785,Kaelen Culpepper,confirmed,2.0,4.65,641743,0.03260869565217391,0.03260869565217391,0.024793388429752067,0.16304347826086957,0.1956521739130435,0.20652173913043478,0.06521739130434782,0.3308287246376812,95.25391304347826,0.03389830508474576,0.03389830508474576,0.024390243902439025,0.15254237288135594,0.22033898305084745,0.13559322033898305,0.06779661016949153,0.3420918777777778,95.42666666666666,R,0.02702702702702703,0.04804804804804805,0.17117117117117117,0.4255813953488372,0.2012012012012012,0.06906906906906907,0.30679907975675913,101.18333333333334,15.0,L,0.0,0.0,0.0,0.03,0.06,0.0,0,Rate Field,73.9,88.0,13.1,0.0,0.0,1.3162743506493508,0.10631134543843669,841,,,,,,,,0.5,,,PASS
822850,2026-09-05 23:05:00+00:00,TB,TEX,TEX,TB,1,677649,Ezequiel Duran,confirmed,5.0,4.3,656876,0.044534412955465584,0.048582995951417005,0.03488372093023256,0.17813765182186234,0.30364372469635625,0.22672064777327935,0.08097165991902834,0.30357685388888894,95.61999999999999,0.0625,0.0625,0.04938271604938271,0.25,0.296875,0.15625,0.140625,0.36140639999999996,98.21533333333333,R,0.014749262536873156,0.029498525073746312,0.1415929203539823,0.5416666666666666,0.27728613569321536,0.04424778761061947,0.269456383810769,99.91200000000002,17.2,R,0.0,0.0,0.0,0.03,0.06,0.0,1,Globe Life Field,98.3,35.0,7.1,0.0,0.5,0.9698863636363636,0.10535799401659912,849,,,,,,,,0.5,,,PASS
824145,2026-09-05 23:15:00+00:00,ARI,HOU,ARI,HOU,0,571448,Nolan Arenado,confirmed,6.0,4.15,814490,0.053497942386831275,0.04526748971193416,0.034161490683229816,0.1728395061728395,0.25102880658436216,0.19753086419753085,0.09053497942386832,0.25874690055555555,94.25583333333334,0.01694915254237288,0.0,0.0,0.13559322033898305,0.22033898305084745,0.2033898305084746,0.03389830508474576,0.15239041666666667,94.16,R,0.06779661016949153,0.06779661016949153,0.2542372881355932,0.6329113924050633,0.15254237288135594,0.15254237288135594,0.3853166367180578,99.86333333333334,12.666666666666666,R,0.0,0.0,0.0,0.03,0.06,0.0,1,Daikin Park,86.1,70.0,4.3,0.0,0.5,0.9006087662337663,0.10508084368186735,852,,,,,,,,0.5,,,PASS
823904,2026-09-06 01:10:00+00:00,WSH,LAD,WSH,LAD,0,691781,Brady House,confirmed,5.0,4.3,607192,0.02734375,0.0625,0.05128205128205128,0.17578125,0.26171875,0.26171875,0.07421875,0.31421964249999995,98.0805,0.03278688524590164,0.04918032786885246,0.03896103896103896,0.18032786885245902,0.3442622950819672,0.21311475409836064,0.09836065573770492,0.3404395255555555,98.11933333333334,R,0.026041666666666668,0.046875,0.16666666666666666,0.4861111111111111,0.3229166666666667,0.07291666666666667,0.2571463185622268,100.29666666666667,16.88888888888889,R,3.0,0.0,0.0,0.027906976744186046,0.05581395348837209,0.06976744186046512,1,UNIQLO Field at Dodger Stadium,72.0,55.0,7.0,0.0,0.0,1.0160714285714287,0.10425998357228335,859,,,,,,,,0.5,,,PASS
824468,2026-09-05 22:40:00+00:00,MIL,CIN,MIL,CIN,0,687401,Joey Ortiz,confirmed,6.0,4.15,671096,0.03125,0.03571428571428571,0.02666666666666667,0.17857142857142858,0.21428571428571427,0.17410714285714285,0.06696428571428571,0.2898231777777778,98.12813559322034,0.04918032786885246,0.03278688524590164,0.024691358024691357,0.19672131147540983,0.14754098360655737,0.19672131147540983,0.06557377049180328,0.27703136333333334,99.08133333333335,R,0.03418803418803419,0.05982905982905983,0.1623931623931624,0.5698447893569845,0.19373219373219372,0.1111111111111111,0.33830839175962174,101.446,15.8,L,2.0,0.0,0.0,0.02857142857142857,0.05714285714285714,0.047619047619047616,0,Great American Ball Park,89.2,50.0,6.0,0.0,0.0,0.8817148760330579,0.10409928344019559,861,,,,,,,,0.5,,,PASS
824066,2026-09-05 23:10:00+00:00,TOR,KC,KC,TOR,1,686681,Michael Massey,confirmed,6.0,4.15,453286,0.017241379310344827,0.034482758620689655,0.0243161094224924,0.21551724137931033,0.2974137931034483,0.14655172413793102,0.0603448275862069,0.3203941638888889,96.52516666666669,0.03571428571428571,0.05357142857142857,0.038461538461538464,0.21428571428571427,0.375,0.14285714285714285,0.07142857142857142,0.3879676722222222,97.52133333333333,L,0.04838709677419355,0.06451612903225806,0.1935483870967742,0.6185567010309279,0.18548387096774194,0.10483870967741936,0.3354865894136661,98.7276923076923,13.076923076923077,R,3.0,0.0,0.0,0.027906976744186046,0.05581395348837209,0.06976744186046512,0,Kauffman Stadium,98.5,32.0,4.7,0.0,0.0,1.1410427807486632,0.1040107438011378,861,,,,,,,,0.5,,,PASS
824468,2026-09-05 22:40:00+00:00,MIL,CIN,MIL,CIN,0,669003,Garrett Mitchell,confirmed,5.0,4.3,671096,0.024896265560165973,0.06639004149377593,0.060836501901140684,0.15767634854771784,0.1991701244813278,0.2821576763485477,0.08713692946058091,0.35932570055555557,98.89316666666667,0.017857142857142856,0.017857142857142856,0.015384615384615385,0.14285714285714285,0.10714285714285714,0.32142857142857145,0.05357142857142857,0.32599162666666665,96.886,L,0.03418803418803419,0.05982905982905983,0.1623931623931624,0.5698447893569845,0.19373219373219372,0.1111111111111111,0.33830839175962174,101.446,15.8,L,3.0,0.0,1.0,0.027906976744186046,0.07906976744186046,0.06976744186046512,1,Great American Ball Park,89.2,50.0,6.0,0.0,0.0,0.8817148760330579,0.10398570277384787,862,,,,,,,,0.5,,,PASS
823257,2026-09-05 23:15:00+00:00,NYY,SD,NYY,SD,0,642708,Amed Rosario,confirmed,3.0,4.55,592662,0.04712041884816754,0.07329842931937172,0.053231939163498096,0.14136125654450263,0.24607329842931938,0.2356020942408377,0.06282722513089005,0.32584197191358016,95.751568627451,0.020833333333333332,0.0625,0.043478260869565216,0.10416666666666667,0.20833333333333334,0.2916666666666667,0.0625,0.3228307155555556,94.82538461538462,R,0.019943019943019943,0.042735042735042736,0.16524216524216523,0.5607064017660044,0.18518518518518517,0.11965811965811966,0.3142963582140862,100.732,16.266666666666666,L,2.0,0.0,0.0,0.02857142857142857,0.05714285714285714,0.047619047619047616,0,Petco Park,85.0,41.0,8.8,0.0,0.0,0.9723171565276828,0.10351304230877263,866,,,,,,,,0.5,,,PASS
823335,2026-09-05 22:40:00+00:00,LAA,PIT,LAA,PIT,0,545361,Mike Trout,confirmed,2.0,4.65,677952,0.022727272727272728,0.056818181818181816,0.04559270516717325,0.1553030303030303,0.24242424242424243,0.2840909090909091,0.10984848484848485,0.32006915888888887,96.67299999999999,0.0,0.09090909090909091,0.07894736842105263,0.16666666666666666,0.25757575757575757,0.2727272727272727,0.09090909090909091,0.3212489633333334,96.41799999999999,R,0.04011461318051576,0.045845272206303724,0.18911174785100288,0.4246861924686193,0.23782234957020057,0.05157593123209169,0.30955887203071,101.44666666666667,17.066666666666666,R,0.0,0.0,0.0,0.03,0.06,0.0,1,PNC Park,75.5,73.0,4.4,0.0,0.0,0.6671176046176046,0.1034679681657607,866,,,,,,,,0.5,,,PASS
824145,2026-09-05 23:15:00+00:00,ARI,HOU,ARI,HOU,0,596146,Max Kepler,confirmed,7.0,4.0,814490,0.014814814814814815,0.05185185185185185,0.03932584269662921,0.17777777777777778,0.17777777777777778,0.21481481481481482,0.08148148148148149,0.26699263,94.98742857142857,0.0,0.05357142857142857,0.04477611940298507,0.125,0.10714285714285714,0.23214285714285715,0.07142857142857142,0.2345865522222222,93.46533333333332,L,0.06779661016949153,0.06779661016949153,0.2542372881355932,0.6329113924050633,0.15254237288135594,0.15254237288135594,0.3853166367180578,99.86333333333334,12.666666666666666,R,0.0,0.0,0.0,0.03,0.06,0.0,0,Daikin Park,86.1,70.0,4.3,0.0,0.5,0.9006087662337663,0.10329481434951238,868,,,,,,,,0.5,,,PASS
824553,2026-09-05 23:10:00+00:00,MIN,CWS,MIN,CWS,0,686797,Brooks Lee,confirmed,7.0,4.0,641743,0.040160642570281124,0.024096385542168676,0.015584415584415584,0.22088353413654618,0.23293172690763053,0.1606425702811245,0.05220883534136546,0.267087955,96.19316666666667,0.06451612903225806,0.06451612903225806,0.038834951456310676,0.3064516129032258,0.3064516129032258,0.11290322580645161,0.0,0.3095455555555555,98.22,L,0.02702702702702703,0.04804804804804805,0.17117117117117117,0.4255813953488372,0.2012012012012012,0.06906906906906907,0.30679907975675913,101.18333333333334,15.0,L,3.0,1.0,1.0,0.051162790697674425,0.07906976744186046,0.06976744186046512,1,Rate Field,73.9,88.0,13.1,0.0,0.0,1.3162743506493508,0.10229968681403111,878,,,,,,,,0.5,,,PASS
824389,2026-09-05 22:10:00+00:00,DET,CLE,DET,CLE,0,807726,John Peck,confirmed,7.0,4.0,800048,0.0,0.15384615384615385,0.1,0.23076923076923078,0.38461538461538464,0.23076923076923078,0.0,0.29474744444444445,94.59333333333332,0.0,0.15384615384615385,0.1,0.23076923076923078,0.38461538461538464,0.23076923076923078,0.0,0.29474744444444445,94.59333333333332,R,0.021917808219178082,0.030136986301369864,0.1232876712328767,0.53125,0.23835616438356164,0.06027397260273973,0.25309120435939036,99.10466666666667,18.333333333333332,L,0.0,0.0,0.0,0.03,0.06,0.0,0,Progressive Field,75.2,57.0,9.5,0.0,0.0,0.9467938311688312,0.10178902823934682,882,,,,,,,,0.5,,,PASS
823257,2026-09-05 23:15:00+00:00,NYY,SD,SD,NYY,1,593428,Xander Bogaerts,confirmed,2.0,4.65,607074,0.0125,0.0375,0.03435114503816794,0.1375,0.15,0.17083333333333334,0.14166666666666666,0.32273630138888887,97.89399999999999,0.0,0.03333333333333333,0.03278688524590164,0.18333333333333332,0.13333333333333333,0.18333333333333332,0.13333333333333333,0.3058584233333333,97.23533333333334,R,0.020161290322580645,0.04032258064516129,0.16532258064516128,0.5650887573964497,0.2540322580645161,0.125,0.30964878480315244,100.07916666666667,14.583333333333334,L,0.0,0.0,0.0,0.03,0.06,0.0,0,Petco Park,85.0,41.0,8.8,0.0,0.0,0.9723171565276828,0.10176740814237521,883,,,,,,,,0.5,,,PASS
824468,2026-09-05 22:40:00+00:00,MIL,CIN,MIL,CIN,0,800325,Luis Lara,confirmed,2.0,4.65,671096,0.007194244604316547,0.03597122302158273,0.02717391304347826,0.14388489208633093,0.2733812949640288,0.2014388489208633,0.10071942446043165,0.3110247485294118,95.23911764705883,0.015384615384615385,0.046153846153846156,0.03225806451612903,0.15384615384615385,0.26153846153846155,0.2153846153846154,0.06153846153846154,0.31893492,98.26533333333332,R,0.03418803418803419,0.05982905982905983,0.1623931623931624,0.5698447893569845,0.19373219373219372,0.1111111111111111,0.33830839175962174,101.446,15.8,L,0.0,0.0,0.0,0.03,0.06,0.0,0,Great American Ball Park,89.2,50.0,6.0,0.0,0.0,0.8817148760330579,0.10171348960079529,883,,,,,,,,0.5,,,PASS
823257,2026-09-05 23:15:00+00:00,NYY,SD,NYY,SD,0,669224,Austin Wells,confirmed,9.0,3.7,592662,0.02564102564102564,0.041025641025641026,0.03333333333333333,0.23076923076923078,0.22564102564102564,0.30256410256410254,0.07179487179487179,0.26035599277777777,94.85966666666667,0.0,0.02,0.014705882352941176,0.28,0.18,0.38,0.06,0.20265852222222222,95.69933333333333,L,0.019943019943019943,0.042735042735042736,0.16524216524216523,0.5607064017660044,0.18518518518518517,0.11965811965811966,0.3142963582140862,100.732,16.266666666666666,L,2.0,0.0,0.0,0.02857142857142857,0.05714285714285714,0.047619047619047616,1,Petco Park,85.0,41.0,8.8,0.0,0.0,0.9723171565276828,0.1005044057967689,895,,,,,,,,0.5,,,PASS
823904,2026-09-06 01:10:00+00:00,WSH,LAD,LAD,WSH,1,687221,Dalton Rushing,confirmed,7.0,4.0,676917,0.05194805194805195,0.07792207792207792,0.06792452830188679,0.2077922077922078,0.2510822510822511,0.2857142857142857,0.08658008658008658,0.3276122853107345,96.39482758620689,0.03508771929824561,0.07017543859649122,0.06666666666666667,0.17543859649122806,0.21052631578947367,0.38596491228070173,0.08771929824561403,0.3078078855555555,97.6707142857143,L,0.03669724770642202,0.04281345565749235,0.1620795107033639,0.48157248157248156,0.308868501529052,0.06422018348623854,0.27794950140949876,99.854,16.466666666666665,R,0.0,0.0,0.0,0.03,0.06,0.0,0,UNIQLO Field at Dodger Stadium,72.0,55.0,7.0,0.0,0.0,1.0160714285714287,0.1001449224200378,899,,,,,,,,0.5,,,PASS
824145,2026-09-05 23:15:00+00:00,ARI,HOU,HOU,ARI,1,666211,Taylor Trammell,confirmed,8.0,3.85,694297,0.03286384976525822,0.07511737089201878,0.06751054852320675,0.1643192488262911,0.24413145539906103,0.27230046948356806,0.09389671361502347,0.30251888416666667,95.23254237288135,0.0,0.0784313725490196,0.06557377049180328,0.1568627450980392,0.27450980392156865,0.35294117647058826,0.0784313725490196,0.19023759444444446,93.8714285714286,L,0.025210084033613446,0.05322128851540616,0.1792717086834734,0.4725050916496945,0.1484593837535014,0.04481792717086835,0.2783013464136578,99.67666666666668,17.933333333333334,R,0.0,0.0,0.0,0.03,0.06,0.0,0,Daikin Park,86.1,70.0,4.3,0.0,0.5,0.9006087662337663,0.09912533869752171,909,,,,,,,,0.5,,,PASS
824468,2026-09-05 22:40:00+00:00,MIL,CIN,CIN,MIL,1,663886,Tyler Stephenson,confirmed,5.0,4.3,669160,0.03765690376569038,0.07531380753138076,0.060810810810810814,0.20920502092050208,0.21338912133891214,0.2719665271966527,0.09205020920502092,0.33355935777777773,95.211,0.03076923076923077,0.046153846153846156,0.0410958904109589,0.1076923076923077,0.18461538461538463,0.4,0.1076923076923077,0.22142866888888885,90.634,R,0.015822784810126583,0.04746835443037975,0.14873417721518986,0.47761194029850745,0.25316455696202533,0.08860759493670886,0.32994519944837697,100.59,14.8,R,3.0,0.0,1.0,0.027906976744186046,0.07906976744186046,0.06976744186046512,1,Great American Ball Park,89.2,50.0,6.0,0.0,0.0,0.8817148760330579,0.0987072703726282,913,,,,,,,,0.5,,,PASS
824145,2026-09-05 23:15:00+00:00,ARI,HOU,HOU,ARI,1,572233,Christian Walker,confirmed,6.0,4.15,694297,0.024096385542168676,0.03614457831325301,0.027190332326283987,0.14457831325301204,0.2289156626506024,0.2570281124497992,0.07630522088353414,0.2773553558333334,96.3805,0.016666666666666666,0.03333333333333333,0.028169014084507043,0.1,0.2,0.21666666666666667,0.03333333333333333,0.26454200555555557,96.18,R,0.025210084033613446,0.05322128851540616,0.1792717086834734,0.4725050916496945,0.1484593837535014,0.04481792717086835,0.2783013464136578,99.67666666666668,17.933333333333334,R,0.0,0.0,0.0,0.03,0.06,0.0,1,Daikin Park,86.1,70.0,4.3,0.0,0.5,0.9006087662337663,0.09842096150417008,916,,,,,,,,0.5,,,PASS
823257,2026-09-05 23:15:00+00:00,NYY,SD,NYY,SD,0,641355,Cody Bellinger,confirmed,2.0,4.65,592662,0.01953125,0.03125,0.022792022792022793,0.1484375,0.23046875,0.1953125,0.0859375,0.3074516355555555,95.35883333333332,0.015384615384615385,0.03076923076923077,0.020618556701030927,0.15384615384615385,0.2153846153846154,0.2,0.06153846153846154,0.30241727111111116,94.75133333333335,L,0.019943019943019943,0.042735042735042736,0.16524216524216523,0.5607064017660044,0.18518518518518517,0.11965811965811966,0.3142963582140862,100.732,16.266666666666666,L,3.0,0.0,0.0,0.027906976744186046,0.05581395348837209,0.06976744186046512,1,Petco Park,85.0,41.0,8.8,0.0,0.0,0.9723171565276828,0.09730986505801296,928,,,,,,,,0.5,,,PASS
824553,2026-09-05 23:10:00+00:00,MIN,CWS,MIN,CWS,0,807712,Luke Keaschall,confirmed,1.0,4.75,641743,0.028112449799196786,0.0321285140562249,0.026402640264026403,0.13654618473895583,0.27309236947791166,0.13253012048192772,0.09236947791164658,0.3359424230555556,94.51220338983052,0.02857142857142857,0.05714285714285714,0.043478260869565216,0.2,0.34285714285714286,0.1,0.04285714285714286,0.34096705666666677,97.152,R,0.02702702702702703,0.04804804804804805,0.17117117117117117,0.4255813953488372,0.2012012012012012,0.06906906906906907,0.30679907975675913,101.18333333333334,15.0,L,2.0,0.0,0.0,0.02857142857142857,0.05714285714285714,0.047619047619047616,0,Rate Field,73.9,88.0,13.1,0.0,0.0,1.3162743506493508,0.09716102730244526,929,,,,,,,,0.5,,,PASS
823094,2026-09-06 01:40:00+00:00,ATH,SEA,SEA,ATH,1,647304,Josh Naylor,confirmed,5.0,4.3,605488,0.007874015748031496,0.027559055118110236,0.019943019943019943,0.13385826771653545,0.2125984251968504,0.12598425196850394,0.06692913385826772,0.30094389166666663,96.10066666666668,0.0,0.015384615384615385,0.01,0.12307692307692308,0.18461538461538463,0.13846153846153847,0.03076923076923077,0.23311011555555558,94.18599999999999,L,0.07861635220125786,0.07547169811320754,0.2169811320754717,0.5817757009345794,0.16037735849056603,0.1069182389937107,0.38681586803703705,101.46466666666667,13.333333333333334,L,3.0,0.0,0.0,0.027906976744186046,0.05581395348837209,0.06976744186046512,1,T-Mobile Park,63.2,74.0,0.3,0.071,0.5,1.45,0.09706503998684696,930,,,,,,,,0.5,,,PASS
823257,2026-09-05 23:15:00+00:00,NYY,SD,SD,NYY,1,669134,Luis Campusano,confirmed,6.0,4.15,607074,0.03468208092485549,0.06358381502890173,0.052884615384615384,0.19653179190751446,0.19653179190751446,0.23121387283236994,0.1329479768786127,0.3221207729166667,93.745,0.03389830508474576,0.0847457627118644,0.07462686567164178,0.1694915254237288,0.23728813559322035,0.2033898305084746,0.13559322033898305,0.29805893999999994,92.622,R,0.020161290322580645,0.04032258064516129,0.16532258064516128,0.5650887573964497,0.2540322580645161,0.125,0.30964878480315244,100.07916666666667,14.583333333333334,L,0.0,0.0,0.0,0.03,0.06,0.0,0,Petco Park,85.0,41.0,8.8,0.0,0.0,0.9723171565276828,0.09703837062870324,931,,,,,,,,0.5,,,PASS
823094,2026-09-06 01:40:00+00:00,ATH,SEA,SEA,ATH,1,642215,Weston Wilson,confirmed,9.0,3.7,605488,0.031746031746031744,0.023809523809523808,0.02142857142857143,0.15079365079365079,0.19047619047619047,0.30952380952380953,0.11904761904761904,0.2599996394736842,93.40763157894736,0.017543859649122806,0.017543859649122806,0.016129032258064516,0.14035087719298245,0.15789473684210525,0.3333333333333333,0.15789473684210525,0.30670706444444445,95.80333333333333,R,0.07861635220125786,0.07547169811320754,0.2169811320754717,0.5817757009345794,0.16037735849056603,0.1069182389937107,0.38681586803703705,101.46466666666667,13.333333333333334,L,0.0,0.0,0.0,0.03,0.06,0.0,0,T-Mobile Park,63.2,74.0,0.3,0.071,0.5,1.45,0.09690770955017423,932,,,,,,,,0.5,,,PASS
824145,2026-09-05 23:15:00+00:00,ARI,HOU,HOU,ARI,1,670623,Isaac Paredes,confirmed,3.0,4.55,694297,0.03018867924528302,0.022641509433962263,0.014184397163120567,0.21509433962264152,0.2641509433962264,0.0830188679245283,0.11320754716981132,0.3138098897222222,95.3805,0.03076923076923077,0.0,0.0,0.12307692307692308,0.2,0.07692307692307693,0.18461538461538463,0.28531188,94.91133333333333,R,0.025210084033613446,0.05322128851540616,0.1792717086834734,0.4725050916496945,0.1484593837535014,0.04481792717086835,0.2783013464136578,99.67666666666668,17.933333333333334,R,0.0,0.0,0.0,0.03,0.06,0.0,1,Daikin Park,86.1,70.0,4.3,0.0,0.5,0.9006087662337663,0.09683429158924005,933,,,,,,,,0.5,,,PASS
824145,2026-09-05 23:15:00+00:00,ARI,HOU,HOU,ARI,1,701358,Cam Smith,confirmed,9.0,3.7,694297,0.046610169491525424,0.0635593220338983,0.04310344827586207,0.24152542372881355,0.2542372881355932,0.22033898305084745,0.046610169491525424,0.3001736183333333,98.24383333333334,0.019230769230769232,0.038461538461538464,0.024390243902439025,0.21153846153846154,0.34615384615384615,0.25,0.038461538461538464,0.25437257777777783,94.262,R,0.025210084033613446,0.05322128851540616,0.1792717086834734,0.4725050916496945,0.1484593837535014,0.04481792717086835,0.2783013464136578,99.67666666666668,17.933333333333334,R,0.0,0.0,0.0,0.03,0.06,0.0,1,Daikin Park,86.1,70.0,4.3,0.0,0.5,0.9006087662337663,0.0964889082781882,936,,,,,,,,0.5,,,PASS
824389,2026-09-05 22:10:00+00:00,DET,CLE,DET,CLE,0,693307,Dillon Dingler,confirmed,4.0,4.45,800048,0.03773584905660377,0.052830188679245285,0.04,0.17358490566037735,0.2490566037735849,0.2339622641509434,0.03773584905660377,0.3041880022222222,95.95216666666667,0.0,0.03225806451612903,0.024691358024691357,0.1774193548387097,0.1935483870967742,0.25806451612903225,0.04838709677419355,0.24860467000000003,96.57600000000002,R,0.021917808219178082,0.030136986301369864,0.1232876712328767,0.53125,0.23835616438356164,0.06027397260273973,0.25309120435939036,99.10466666666667,18.333333333333332,L,5.0,0.0,0.0,0.026666666666666665,0.05333333333333333,0.1111111111111111,0,Progressive Field,75.2,57.0,9.5,0.0,0.0,0.9467938311688312,0.09636864160378462,938,,,,,,,,0.5,,,PASS
824795,2026-09-05 23:05:00+00:00,BOS,BAL,BAL,BOS,1,702616,Jackson Holliday,confirmed,1.0,4.75,543243,0.01694915254237288,0.038135593220338986,0.03225806451612903,0.15254237288135594,0.2288135593220339,0.2076271186440678,0.09322033898305085,0.28767390111111113,92.12150000000001,0.014705882352941176,0.04411764705882353,0.031578947368421054,0.17647058823529413,0.29411764705882354,0.19117647058823528,0.014705882352941176,0.2549138,95.04799999999999,L,0.02894736842105263,0.03684210526315789,0.15789473684210525,0.39461883408071746,0.22894736842105262,0.060526315789473685,0.28180101228920573,101.07466666666667,18.533333333333335,R,0.0,0.0,0.0,0.03,0.06,0.0,0,Oriole Park at Camden Yards,79.5,49.0,5.0,0.0,0.0,1.0680296266233766,0.09619575878647221,940,,,,,,,,0.5,,,PASS
823094,2026-09-06 01:40:00+00:00,ATH,SEA,SEA,ATH,1,621493,Taylor Ward,confirmed,7.0,4.0,605488,0.015444015444015444,0.03861003861003861,0.03508771929824561,0.14671814671814673,0.22007722007722008,0.2277992277992278,0.12355212355212356,0.30729964027777784,94.3125,0.0,0.03225806451612903,0.029411764705882353,0.12903225806451613,0.24193548387096775,0.27419354838709675,0.12903225806451613,0.2924853666666667,92.76733333333333,R,0.07861635220125786,0.07547169811320754,0.2169811320754717,0.5817757009345794,0.16037735849056603,0.1069182389937107,0.38681586803703705,101.46466666666667,13.333333333333334,L,0.0,0.0,0.0,0.03,0.06,0.0,0,T-Mobile Park,63.2,74.0,0.3,0.071,0.5,1.45,0.09566537976546984,945,,,,,,,,0.5,,,PASS
824145,2026-09-05 23:15:00+00:00,ARI,HOU,HOU,ARI,1,673237,Yainer Diaz,confirmed,7.0,4.0,694297,0.04564315352697095,0.058091286307053944,0.04242424242424243,0.16182572614107885,0.2157676348547718,0.15767634854771784,0.02074688796680498,0.3115748641666667,97.19116666666667,0.05084745762711865,0.06779661016949153,0.04597701149425287,0.1694915254237288,0.2033898305084746,0.15254237288135594,0.03389830508474576,0.2744834122222223,96.02466666666668,R,0.025210084033613446,0.05322128851540616,0.1792717086834734,0.4725050916496945,0.1484593837535014,0.04481792717086835,0.2783013464136578,99.67666666666668,17.933333333333334,R,0.0,0.0,0.0,0.03,0.06,0.0,1,Daikin Park,86.1,70.0,4.3,0.0,0.5,0.9006087662337663,0.09564348257480981,946,,,,,,,,0.5,,,PASS
824795,2026-09-05 23:05:00+00:00,BOS,BAL,BAL,BOS,1,677942,Blaze Alexander,confirmed,2.0,4.65,543243,0.017777777777777778,0.044444444444444446,0.02967359050445104,0.21777777777777776,0.3333333333333333,0.19555555555555557,0.06666666666666667,0.3421713611111111,95.16271186440677,0.01639344262295082,0.03278688524590164,0.020202020202020204,0.2459016393442623,0.26229508196721313,0.16393442622950818,0.04918032786885246,0.3952731666666667,97.06733333333334,R,0.02894736842105263,0.03684210526315789,0.15789473684210525,0.39461883408071746,0.22894736842105262,0.060526315789473685,0.28180101228920573,101.07466666666667,18.533333333333335,R,0.0,0.0,0.0,0.03,0.06,0.0,1,Oriole Park at Camden Yards,79.5,49.0,5.0,0.0,0.0,1.0680296266233766,0.09507968757878477,952,,,,,,,,0.5,,,PASS
824389,2026-09-05 22:10:00+00:00,DET,CLE,DET,CLE,0,679529,Spencer Torkelson,confirmed,6.0,4.15,800048,0.03305785123966942,0.06198347107438017,0.05319148936170213,0.1652892561983471,0.21074380165289255,0.29338842975206614,0.10330578512396695,0.2936807836111111,95.06449999999998,0.0196078431372549,0.0196078431372549,0.0196078431372549,0.13725490196078433,0.17647058823529413,0.37254901960784315,0.11764705882352941,0.21628169444444445,90.02866666666668,R,0.021917808219178082,0.030136986301369864,0.1232876712328767,0.53125,0.23835616438356164,0.06027397260273973,0.25309120435939036,99.10466666666667,18.333333333333332,L,5.0,1.0,0.0,0.04888888888888889,0.05333333333333333,0.1111111111111111,0,Progressive Field,75.2,57.0,9.5,0.0,0.0,0.9467938311688312,0.09492812864180118,953,,,,,,,,0.5,,,PASS
824468,2026-09-05 22:40:00+00:00,MIL,CIN,MIL,CIN,0,683734,Andrew Vaughn,confirmed,4.0,4.45,671096,0.021367521367521368,0.042735042735042736,0.035842293906810034,0.15384615384615385,0.21367521367521367,0.1623931623931624,0.10683760683760683,0.32253360305555556,96.09633333333335,0.017543859649122806,0.03508771929824561,0.029850746268656716,0.12280701754385964,0.15789473684210525,0.15789473684210525,0.08771929824561403,0.31856251444444444,97.55399999999999,R,0.03418803418803419,0.05982905982905983,0.1623931623931624,0.5698447893569845,0.19373219373219372,0.1111111111111111,0.33830839175962174,101.446,15.8,L,3.0,0.0,0.0,0.027906976744186046,0.05581395348837209,0.06976744186046512,0,Great American Ball Park,89.2,50.0,6.0,0.0,0.0,0.8817148760330579,0.0948013307239203,955,,,,,,,,0.5,,,PASS
824795,2026-09-05 23:05:00+00:00,BOS,BAL,BOS,BAL,0,686765,Nick Sogard,confirmed,5.0,4.3,605135,0.019704433497536946,0.034482758620689655,0.029166666666666667,0.17733990147783252,0.21182266009852216,0.17733990147783252,0.1330049261083744,0.30700429114906835,93.96804347826088,0.046153846153846156,0.06153846153846154,0.0547945205479452,0.23076923076923078,0.2,0.2,0.1076923076923077,0.3169875377777778,95.11666666666666,L,0.028037383177570093,0.040498442367601244,0.16199376947040497,0.4180522565320665,0.14018691588785046,0.08722741433021806,0.3583840657708039,99.88428571428571,14.428571428571429,R,0.0,0.0,0.0,0.03,0.06,0.0,0,Oriole Park at Camden Yards,79.5,49.0,5.0,0.0,0.0,1.0680296266233766,0.09348006450474815,970,,,,,,,,0.5,,,PASS
823094,2026-09-06 01:40:00+00:00,ATH,SEA,SEA,ATH,1,641487,J.P. Crawford,confirmed,6.0,4.15,605488,0.0234375,0.02734375,0.021021021021021023,0.12890625,0.2421875,0.22265625,0.12890625,0.30879355222222227,94.41000000000001,0.0,0.0,0.0,0.11864406779661017,0.2033898305084746,0.2033898305084746,0.1864406779661017,0.29377893111111114,92.88333333333335,L,0.07861635220125786,0.07547169811320754,0.2169811320754717,0.5817757009345794,0.16037735849056603,0.1069182389937107,0.38681586803703705,101.46466666666667,13.333333333333334,L,3.0,0.0,0.0,0.027906976744186046,0.05581395348837209,0.06976744186046512,1,T-Mobile Park,63.2,74.0,0.3,0.071,0.5,1.45,0.09307111989734647,974,,,,,,,,0.5,,,PASS
824553,2026-09-05 23:10:00+00:00,MIN,CWS,CWS,MIN,1,803011,Sam Antonacci,confirmed,1.0,4.75,671737,0.023255813953488372,0.027131782945736434,0.0196078431372549,0.12403100775193798,0.35271317829457366,0.16279069767441862,0.10077519379844961,0.3094015941666666,94.98483333333333,0.0,0.015151515151515152,0.01282051282051282,0.06060606060606061,0.3939393939393939,0.18181818181818182,0.16666666666666666,0.30021717333333336,92.75733333333334,L,0.032432432432432434,0.051351351351351354,0.1891891891891892,0.5433884297520661,0.28378378378378377,0.1,0.28559754488829125,101.30133333333335,17.866666666666667,R,3.0,0.0,0.0,0.027906976744186046,0.05581395348837209,0.06976744186046512,0,Rate Field,73.9,88.0,13.1,0.0,0.0,1.3162743506493508,0.0915391362022243,992,,,,,,,,0.5,,,PASS
824145,2026-09-05 23:15:00+00:00,ARI,HOU,ARI,HOU,0,672695,Geraldo Perdomo,confirmed,2.0,4.65,814490,0.018796992481203006,0.022556390977443608,0.016042780748663103,0.15037593984962405,0.2894736842105263,0.12406015037593984,0.12781954887218044,0.32910075317460324,94.68983333333334,0.0,0.0,0.0,0.15873015873015872,0.3492063492063492,0.1111111111111111,0.12698412698412698,0.3702013977777778,94.71533333333332,L,0.06779661016949153,0.06779661016949153,0.2542372881355932,0.6329113924050633,0.15254237288135594,0.15254237288135594,0.3853166367180578,99.86333333333334,12.666666666666666,R,0.0,0.0,0.0,0.03,0.06,0.0,0,Daikin Park,86.1,70.0,4.3,0.0,0.5,0.9006087662337663,0.09054890452208056,1004,,,,,,,,0.5,,,PASS
823257,2026-09-05 23:15:00+00:00,NYY,SD,NYY,SD,0,806146,George Lombard Jr.,confirmed,6.0,4.15,592662,0.022222222222222223,0.044444444444444446,0.03669724770642202,0.15555555555555556,0.24444444444444444,0.28888888888888886,0.07777777777777778,0.28729946666666667,94.29166666666667,0.0,0.03636363636363636,0.031746031746031744,0.14545454545454545,0.21818181818181817,0.3090909090909091,0.07272727272727272,0.2718812000000001,94.13466666666665,R,0.019943019943019943,0.042735042735042736,0.16524216524216523,0.5607064017660044,0.18518518518518517,0.11965811965811966,0.3142963582140862,100.732,16.266666666666666,L,0.0,0.0,0.0,0.03,0.06,0.0,0,Petco Park,85.0,41.0,8.8,0.0,0.0,0.9723171565276828,0.09010248025621882,1010,,,,,,,,0.5,,,PASS
823904,2026-09-06 01:10:00+00:00,WSH,LAD,LAD,WSH,1,606192,Teoscar Hernández,confirmed,6.0,4.15,676917,0.029787234042553193,0.06808510638297872,0.053156146179401995,0.16170212765957448,0.251063829787234,0.2680851063829787,0.07234042553191489,0.3102010441666667,96.52033333333334,0.015384615384615385,0.12307692307692308,0.1,0.2,0.26153846153846155,0.2923076923076923,0.09230769230769231,0.3729461466666667,99.36066666666666,R,0.03669724770642202,0.04281345565749235,0.1620795107033639,0.48157248157248156,0.308868501529052,0.06422018348623854,0.27794950140949876,99.854,16.466666666666665,R,0.0,0.0,0.0,0.03,0.06,0.0,1,UNIQLO Field at Dodger Stadium,72.0,55.0,7.0,0.0,0.0,1.0160714285714287,0.09006563648416084,1010,,,,,,,,0.5,,,PASS
824145,2026-09-05 23:15:00+00:00,ARI,HOU,HOU,ARI,1,514888,Jose Altuve,confirmed,4.0,4.45,694297,0.02766798418972332,0.015810276679841896,0.011594202898550725,0.1422924901185771,0.20948616600790515,0.1857707509881423,0.06719367588932806,0.24829649972222223,92.645,0.03278688524590164,0.01639344262295082,0.012345679012345678,0.19672131147540983,0.21311475409836064,0.22950819672131148,0.06557377049180328,0.2345418266666667,96.38666666666668,R,0.025210084033613446,0.05322128851540616,0.1792717086834734,0.4725050916496945,0.1484593837535014,0.04481792717086835,0.2783013464136578,99.67666666666668,17.933333333333334,R,0.0,0.0,0.0,0.03,0.06,0.0,1,Daikin Park,86.1,70.0,4.3,0.0,0.5,0.9006087662337663,0.08988836364085293,1012,,,,,,,,0.5,,,PASS
824389,2026-09-05 22:10:00+00:00,DET,CLE,CLE,DET,1,608070,José Ramírez,confirmed,3.0,4.55,664285,0.01893939393939394,0.015151515151515152,0.010443864229765013,0.2196969696969697,0.25,0.12121212121212122,0.09090909090909091,0.31075476722222223,97.59416666666667,0.015384615384615385,0.0,0.0,0.23076923076923078,0.2153846153846154,0.18461538461538463,0.03076923076923077,0.24083437666666668,96.36666666666665,L,0.02168021680216802,0.037940379403794036,0.13821138211382114,0.3054945054945055,0.16802168021680217,0.08672086720867209,0.3304902831887109,102.95733333333334,16.533333333333335,L,6.0,0.0,0.0,0.02608695652173913,0.05217391304347826,0.13043478260869565,1,Progressive Field,75.2,57.0,9.5,0.0,0.0,0.9467938311688312,0.08966654296080792,1015,,,,,,,,0.5,,,PASS
824389,2026-09-05 22:10:00+00:00,DET,CLE,CLE,DET,1,666176,Jo Adell,confirmed,4.0,4.45,664285,0.03937007874015748,0.05905511811023622,0.045454545454545456,0.16929133858267717,0.23228346456692914,0.24015748031496062,0.07086614173228346,0.3124788936111112,97.05983333333332,0.030303030303030304,0.030303030303030304,0.02,0.12121212121212122,0.19696969696969696,0.18181818181818182,0.09090909090909091,0.3287445299999999,98.23800000000003,R,0.02168021680216802,0.037940379403794036,0.13821138211382114,0.3054945054945055,0.16802168021680217,0.08672086720867209,0.3304902831887109,102.95733333333334,16.533333333333335,L,3.0,1.0,1.0,0.051162790697674425,0.07906976744186046,0.06976744186046512,0,Progressive Field,75.2,57.0,9.5,0.0,0.0,0.9467938311688312,0.08951969466725895,1017,,,,,,,,0.5,,,PASS
824553,2026-09-05 23:10:00+00:00,MIN,CWS,CWS,MIN,1,671976,Tristan Peters,confirmed,8.0,3.85,671737,0.045662100456621,0.0547945205479452,0.041379310344827586,0.2557077625570776,0.2922374429223744,0.1689497716894977,0.0776255707762557,0.3516782491666667,95.06349999999999,0.09615384615384616,0.09615384615384616,0.08196721311475409,0.3269230769230769,0.34615384615384615,0.17307692307692307,0.09615384615384616,0.4073451800000001,96.33466666666668,L,0.032432432432432434,0.051351351351351354,0.1891891891891892,0.5433884297520661,0.28378378378378377,0.1,0.28559754488829125,101.30133333333335,17.866666666666667,R,3.0,0.0,0.0,0.027906976744186046,0.05581395348837209,0.06976744186046512,0,Rate Field,73.9,88.0,13.1,0.0,0.0,1.3162743506493508,0.08918694511102944,1021,,,,,,,,0.5,,,PASS
824795,2026-09-05 23:05:00+00:00,BOS,BAL,BOS,BAL,0,680776,Jarren Duran,confirmed,7.0,4.0,605135,0.02857142857142857,0.04897959183673469,0.039603960396039604,0.11836734693877551,0.22448979591836735,0.2571428571428571,0.05714285714285714,0.2898993738888888,96.17900000000002,0.05263157894736842,0.07017543859649122,0.05333333333333334,0.14035087719298245,0.21052631578947367,0.21052631578947367,0.017543859649122806,0.3120295,98.06266666666667,L,0.028037383177570093,0.040498442367601244,0.16199376947040497,0.4180522565320665,0.14018691588785046,0.08722741433021806,0.3583840657708039,99.88428571428571,14.428571428571429,R,2.0,0.0,0.0,0.02857142857142857,0.05714285714285714,0.047619047619047616,0,Oriole Park at Camden Yards,79.5,49.0,5.0,0.0,0.0,1.0680296266233766,0.08908841682712693,1022,,,,,,,,0.5,,,PASS
824310,2026-09-06 00:10:00+00:00,STL,COL,COL,STL,1,664983,Jake McCarthy,confirmed,1.0,4.75,669461,0.03272727272727273,0.04363636363636364,0.030848329048843187,0.1781818181818182,0.2509090909090909,0.14909090909090908,0.04363636363636364,0.3203591152777778,94.47616666666664,0.014084507042253521,0.056338028169014086,0.035398230088495575,0.16901408450704225,0.3380281690140845,0.14084507042253522,0.07042253521126761,0.3250377566666666,94.85533333333335,L,0.04672897196261682,0.06230529595015576,0.2118380062305296,0.48635235732009924,0.2616822429906542,0.07476635514018691,0.3297719842780223,100.99799999999999,14.4,L,3.0,1.0,1.0,0.051162790697674425,0.07906976744186046,0.06976744186046512,1,Coors Field,91.8,15.0,6.0,0.0,0.0,1.0391639610389611,0.08902911783265627,1023,,,,,,,,0.5,,,PASS
823335,2026-09-05 22:40:00+00:00,LAA,PIT,LAA,PIT,0,695681,Christian Moore,confirmed,6.0,4.15,677952,0.014285714285714285,0.05714285714285714,0.0425531914893617,0.17142857142857143,0.34285714285714286,0.3,0.07142857142857142,0.2529094049019608,93.10470588235295,0.01639344262295082,0.06557377049180328,0.046511627906976744,0.18032786885245902,0.3442622950819672,0.22950819672131148,0.08196721311475409,0.2711273255555556,94.06533333333333,R,0.04011461318051576,0.045845272206303724,0.18911174785100288,0.4246861924686193,0.23782234957020057,0.05157593123209169,0.30955887203071,101.44666666666667,17.066666666666666,R,0.0,0.0,0.0,0.03,0.06,0.0,1,PNC Park,75.5,73.0,4.4,0.0,0.0,0.6671176046176046,0.0888301875587738,1026,,,,,,,,0.5,,,PASS
823904,2026-09-06 01:10:00+00:00,WSH,LAD,LAD,WSH,1,518692,Freddie Freeman,confirmed,2.0,4.65,676917,0.011857707509881422,0.02766798418972332,0.01818181818181818,0.22529644268774704,0.31225296442687744,0.16205533596837945,0.09881422924901186,0.3693854433333333,96.5435,0.014925373134328358,0.029850746268656716,0.021052631578947368,0.23880597014925373,0.373134328358209,0.1791044776119403,0.14925373134328357,0.38753841555555557,97.12533333333333,L,0.03669724770642202,0.04281345565749235,0.1620795107033639,0.48157248157248156,0.308868501529052,0.06422018348623854,0.27794950140949876,99.854,16.466666666666665,R,0.0,0.0,0.0,0.03,0.06,0.0,0,UNIQLO Field at Dodger Stadium,72.0,55.0,7.0,0.0,0.0,1.0160714285714287,0.08870394191613777,1027,,,,,,,,0.5,,,PASS
823094,2026-09-06 01:40:00+00:00,ATH,SEA,ATH,SEA,0,622268,Donovan Walton,confirmed,7.0,4.0,669923,0.0223463687150838,0.0335195530726257,0.024096385542168676,0.18435754189944134,0.2569832402234637,0.16201117318435754,0.1005586592178771,0.31195878194444443,93.00124999999998,0.017857142857142856,0.03571428571428571,0.02702702702702703,0.16071428571428573,0.23214285714285715,0.10714285714285714,0.10714285714285714,0.34522803333333335,92.83933333333334,L,0.03571428571428571,0.057692307692307696,0.18956043956043955,0.5266272189349113,0.20054945054945056,0.054945054945054944,0.3222487260767124,101.39133333333332,16.4,R,0.0,0.0,0.0,0.03,0.06,0.0,0,T-Mobile Park,63.2,74.0,0.3,0.071,0.5,1.45,0.08842957210837334,1031,,,,,,,,0.5,,,PASS
823904,2026-09-06 01:10:00+00:00,WSH,LAD,LAD,WSH,1,605141,Mookie Betts,confirmed,3.0,4.55,676917,0.03474903474903475,0.05019305019305019,0.03880597014925373,0.20077220077220076,0.24324324324324326,0.10424710424710425,0.08108108108108109,0.32071702583333334,96.60333333333332,0.028169014084507043,0.028169014084507043,0.022988505747126436,0.15492957746478872,0.14084507042253522,0.08450704225352113,0.1267605633802817,0.31988392666666665,95.24666666666667,R,0.03669724770642202,0.04281345565749235,0.1620795107033639,0.48157248157248156,0.308868501529052,0.06422018348623854,0.27794950140949876,99.854,16.466666666666665,R,0.0,0.0,0.0,0.03,0.06,0.0,1,UNIQLO Field at Dodger Stadium,72.0,55.0,7.0,0.0,0.0,1.0160714285714287,0.08682934617510128,1052,,,,,,,,0.5,,,PASS
823094,2026-09-06 01:40:00+00:00,ATH,SEA,ATH,SEA,0,672016,Denzel Clarke,confirmed,9.0,3.7,669923,0.0,0.01639344262295082,0.01639344262295082,0.03278688524590164,0.09836065573770492,0.39344262295081966,0.06557377049180328,0.17704603333333332,92.49944444444444,0.0,0.020833333333333332,0.02040816326530612,0.020833333333333332,0.10416666666666667,0.3541666666666667,0.0625,0.17765085888888887,91.52,R,0.03571428571428571,0.057692307692307696,0.18956043956043955,0.5266272189349113,0.20054945054945056,0.054945054945054944,0.3222487260767124,101.39133333333332,16.4,R,0.0,0.0,0.0,0.03,0.06,0.0,1,T-Mobile Park,63.2,74.0,0.3,0.071,0.5,1.45,0.0866578400472649,1054,,,,,,,,0.5,,,PASS
824389,2026-09-05 22:10:00+00:00,DET,CLE,DET,CLE,0,701162,Ben Malgeri,confirmed,5.0,4.3,800048,0.04285714285714286,0.04285714285714286,0.0379746835443038,0.12857142857142856,0.2857142857142857,0.2571428571428571,0.08571428571428572,0.2676084777777777,94.62952380952382,0.0625,0.0625,0.05555555555555555,0.14583333333333334,0.3541666666666667,0.22916666666666666,0.125,0.29059631333333336,94.83333333333333,R,0.021917808219178082,0.030136986301369864,0.1232876712328767,0.53125,0.23835616438356164,0.06027397260273973,0.25309120435939036,99.10466666666667,18.333333333333332,L,2.0,0.0,0.0,0.02857142857142857,0.05714285714285714,0.047619047619047616,0,Progressive Field,75.2,57.0,9.5,0.0,0.0,0.9467938311688312,0.08654457949630207,1055,,,,,,,,0.5,,,PASS
824795,2026-09-05 23:05:00+00:00,BOS,BAL,BAL,BOS,1,683002,Gunnar Henderson,confirmed,3.0,4.55,543243,0.022556390977443608,0.03383458646616541,0.02564102564102564,0.13533834586466165,0.22932330827067668,0.18421052631578946,0.10526315789473684,0.3261876711111111,96.03483333333334,0.03125,0.03125,0.022222222222222223,0.09375,0.203125,0.1875,0.109375,0.30144063666666665,93.72066666666666,L,0.02894736842105263,0.03684210526315789,0.15789473684210525,0.39461883408071746,0.22894736842105262,0.060526315789473685,0.28180101228920573,101.07466666666667,18.533333333333335,R,0.0,0.0,0.0,0.03,0.06,0.0,0,Oriole Park at Camden Yards,79.5,49.0,5.0,0.0,0.0,1.0680296266233766,0.08547111582120039,1070,,,,,,,,0.5,,,PASS
824066,2026-09-05 23:10:00+00:00,TOR,KC,KC,TOR,1,686555,Isaac Collins,confirmed,9.0,3.7,453286,0.013043478260869565,0.021739130434782608,0.016556291390728478,0.1391304347826087,0.21739130434782608,0.19130434782608696,0.09130434782608696,0.2877590683333333,97.25133333333332,0.0,0.0,0.0,0.04918032786885246,0.21311475409836064,0.22950819672131148,0.11475409836065574,0.23451834555555556,97.29,L,0.04838709677419355,0.06451612903225806,0.1935483870967742,0.6185567010309279,0.18548387096774194,0.10483870967741936,0.3354865894136661,98.7276923076923,13.076923076923077,R,2.0,0.0,0.0,0.02857142857142857,0.05714285714285714,0.047619047619047616,0,Kauffman Stadium,98.5,32.0,4.7,0.0,0.0,1.1410427807486632,0.08530919233524255,1072,,,,,,,,0.5,,,PASS
824310,2026-09-06 00:10:00+00:00,STL,COL,COL,STL,1,691182,Adael Amador,confirmed,8.0,3.85,669461,0.08333333333333333,0.08333333333333333,0.06451612903225806,0.16666666666666666,0.4166666666666667,0.125,0.16666666666666666,0.3188292916666667,94.05333333333333,0.08333333333333333,0.08333333333333333,0.06451612903225806,0.16666666666666666,0.4166666666666667,0.125,0.16666666666666666,0.3188292916666667,94.05333333333333,L,0.04672897196261682,0.06230529595015576,0.2118380062305296,0.48635235732009924,0.2616822429906542,0.07476635514018691,0.3297719842780223,100.99799999999999,14.4,L,0.0,0.0,0.0,0.03,0.06,0.0,1,Coors Field,91.8,15.0,6.0,0.0,0.0,1.0391639610389611,0.08488552774130043,1078,,,,,,,,0.5,,,PASS
823335,2026-09-05 22:40:00+00:00,LAA,PIT,LAA,PIT,0,694208,Moisés Ballesteros,confirmed,5.0,4.3,677952,0.017543859649122806,0.04824561403508772,0.03470031545741325,0.14035087719298245,0.2412280701754386,0.23684210526315788,0.08771929824561403,0.27281549250000003,95.162,0.015384615384615385,0.06153846153846154,0.04040404040404041,0.15384615384615385,0.26153846153846155,0.3076923076923077,0.06153846153846154,0.23361743333333332,94.38466666666665,L,0.04011461318051576,0.045845272206303724,0.18911174785100288,0.4246861924686193,0.23782234957020057,0.05157593123209169,0.30955887203071,101.44666666666667,17.066666666666666,R,5.0,0.0,0.0,0.026666666666666665,0.05333333333333333,0.1111111111111111,0,PNC Park,75.5,73.0,4.4,0.0,0.0,0.6671176046176046,0.08484644046254496,1079,,,,,,,,0.5,,,PASS
824066,2026-09-05 23:10:00+00:00,TOR,KC,TOR,KC,0,664770,Nathan Lukes,confirmed,5.0,4.3,607625,0.031746031746031744,0.01984126984126984,0.013157894736842105,0.10714285714285714,0.31746031746031744,0.15476190476190477,0.06746031746031746,0.2675791988888889,93.38316666666667,0.046153846153846156,0.046153846153846156,0.031914893617021274,0.13846153846153847,0.46153846153846156,0.16923076923076924,0.06153846153846154,0.26368172777777776,93.94933333333331,L,0.03225806451612903,0.03225806451612903,0.1906158357771261,0.45434298440979953,0.15835777126099707,0.07331378299120235,0.3395670317559405,101.09533333333333,15.266666666666667,R,3.0,0.0,0.0,0.027906976744186046,0.05581395348837209,0.06976744186046512,0,Kauffman Stadium,98.5,32.0,4.7,0.0,0.0,1.1410427807486632,0.08469362258268036,1081,,,,,,,,0.5,,,PASS
824795,2026-09-05 23:05:00+00:00,BOS,BAL,BOS,BAL,0,657136,Connor Wong,confirmed,9.0,3.7,605135,0.013953488372093023,0.027906976744186046,0.02247191011235955,0.15813953488372093,0.2,0.2372093023255814,0.07906976744186046,0.2684684058333333,95.25316666666666,0.03508771929824561,0.03508771929824561,0.029850746268656716,0.12280701754385964,0.21052631578947367,0.24561403508771928,0.017543859649122806,0.2529722933333333,96.116,R,0.028037383177570093,0.040498442367601244,0.16199376947040497,0.4180522565320665,0.14018691588785046,0.08722741433021806,0.3583840657708039,99.88428571428571,14.428571428571429,R,0.0,0.0,0.0,0.03,0.06,0.0,1,Oriole Park at Camden Yards,79.5,49.0,5.0,0.0,0.0,1.0680296266233766,0.08465792429749364,1081,,,,,,,,0.5,,,PASS
824553,2026-09-05 23:10:00+00:00,MIN,CWS,CWS,MIN,1,668670,Jake Rogers,confirmed,9.0,3.7,671737,0.019736842105263157,0.05921052631578947,0.05084745762711865,0.17105263157894737,0.18421052631578946,0.29605263157894735,0.11842105263157894,0.268052090530303,92.82022727272728,0.018867924528301886,0.07547169811320754,0.0547945205479452,0.1509433962264151,0.2830188679245283,0.3018867924528302,0.1320754716981132,0.29361313333333333,91.60533333333333,R,0.032432432432432434,0.051351351351351354,0.1891891891891892,0.5433884297520661,0.28378378378378377,0.1,0.28559754488829125,101.30133333333335,17.866666666666667,R,0.0,0.0,0.0,0.03,0.06,0.0,1,Rate Field,73.9,88.0,13.1,0.0,0.0,1.3162743506493508,0.08438921027035592,1085,,,,,,,,0.5,,,PASS
823904,2026-09-06 01:10:00+00:00,WSH,LAD,LAD,WSH,1,669242,Tommy Edman,confirmed,1.0,4.75,676917,0.01646090534979424,0.037037037037037035,0.02875399361022364,0.13991769547325103,0.20164609053497942,0.205761316872428,0.05761316872427984,0.3125540640350877,95.22017857142858,0.014285714285714285,0.02857142857142857,0.023529411764705882,0.17142857142857143,0.21428571428571427,0.2,0.04285714285714286,0.3222210144444445,94.33714285714284,R,0.03669724770642202,0.04281345565749235,0.1620795107033639,0.48157248157248156,0.308868501529052,0.06422018348623854,0.27794950140949876,99.854,16.466666666666665,R,0.0,0.0,0.0,0.03,0.06,0.0,1,UNIQLO Field at Dodger Stadium,72.0,55.0,7.0,0.0,0.0,1.0160714285714287,0.08409833203881888,1089,,,,,,,,0.5,,,PASS
824795,2026-09-05 23:05:00+00:00,BOS,BAL,BOS,BAL,0,642201,Eli White,confirmed,8.0,3.85,605135,0.0364963503649635,0.043795620437956206,0.02926829268292683,0.17518248175182483,0.27007299270072993,0.23357664233576642,0.051094890510948905,0.26189821325757573,92.5584090909091,0.04,0.04,0.02247191011235955,0.2,0.32,0.24,0.06,0.22254484333333335,93.10266666666668,R,0.028037383177570093,0.040498442367601244,0.16199376947040497,0.4180522565320665,0.14018691588785046,0.08722741433021806,0.3583840657708039,99.88428571428571,14.428571428571429,R,0.0,0.0,0.0,0.03,0.06,0.0,1,Oriole Park at Camden Yards,79.5,49.0,5.0,0.0,0.0,1.0680296266233766,0.0840105636705128,1090,,,,,,,,0.5,,,PASS
824389,2026-09-05 22:10:00+00:00,DET,CLE,CLE,DET,1,682657,Angel Martínez,confirmed,2.0,4.65,664285,0.036,0.048,0.035398230088495575,0.144,0.264,0.236,0.032,0.2871137352777778,94.37316666666666,0.03225806451612903,0.03225806451612903,0.024390243902439025,0.14516129032258066,0.25806451612903225,0.20967741935483872,0.04838709677419355,0.31301706111111105,94.36266666666667,R,0.02168021680216802,0.037940379403794036,0.13821138211382114,0.3054945054945055,0.16802168021680217,0.08672086720867209,0.3304902831887109,102.95733333333334,16.533333333333335,L,6.0,0.0,0.0,0.02608695652173913,0.05217391304347826,0.13043478260869565,0,Progressive Field,75.2,57.0,9.5,0.0,0.0,0.9467938311688312,0.0835091403284242,1097,,,,,,,,0.5,,,PASS
824310,2026-09-06 00:10:00+00:00,STL,COL,COL,STL,1,694249,Cole Carrigg,confirmed,5.0,4.3,669461,0.022556390977443608,0.03759398496240601,0.0273972602739726,0.17669172932330826,0.2857142857142857,0.20676691729323307,0.09398496240601503,0.3294003205555555,94.50716666666669,0.02857142857142857,0.05714285714285714,0.04040404040404041,0.2,0.2857142857142857,0.2571428571428571,0.05714285714285714,0.2874080544444444,94.28333333333335,L,0.04672897196261682,0.06230529595015576,0.2118380062305296,0.48635235732009924,0.2616822429906542,0.07476635514018691,0.3297719842780223,100.99799999999999,14.4,L,3.0,0.0,1.0,0.027906976744186046,0.07906976744186046,0.06976744186046512,1,Coors Field,91.8,15.0,6.0,0.0,0.0,1.0391639610389611,0.0834012965039611,1099,,,,,,,,0.5,,,PASS
823094,2026-09-06 01:40:00+00:00,ATH,SEA,SEA,ATH,1,702284,Cole Young,confirmed,8.0,3.85,605488,0.03643724696356275,0.032388663967611336,0.022535211267605635,0.14979757085020243,0.24696356275303644,0.1659919028340081,0.06072874493927125,0.3001472788888889,95.34983333333331,0.015625,0.03125,0.024390243902439025,0.109375,0.203125,0.21875,0.09375,0.2489953477777778,90.08,L,0.07861635220125786,0.07547169811320754,0.2169811320754717,0.5817757009345794,0.16037735849056603,0.1069182389937107,0.38681586803703705,101.46466666666667,13.333333333333334,L,2.0,0.0,0.0,0.02857142857142857,0.05714285714285714,0.047619047619047616,1,T-Mobile Park,63.2,74.0,0.3,0.071,0.5,1.45,0.08316724529329278,1102,,,,,,,,0.5,,,PASS
824389,2026-09-05 22:10:00+00:00,DET,CLE,DET,CLE,0,650402,Gleyber Torres,confirmed,1.0,4.75,800048,0.02631578947368421,0.045112781954887216,0.0335195530726257,0.14661654135338345,0.2593984962406015,0.18796992481203006,0.12406015037593984,0.3245117388888889,93.35133333333333,0.0,0.03076923076923077,0.020202020202020204,0.13846153846153847,0.18461538461538463,0.18461538461538463,0.09230769230769231,0.30651999444444444,95.472,R,0.021917808219178082,0.030136986301369864,0.1232876712328767,0.53125,0.23835616438356164,0.06027397260273973,0.25309120435939036,99.10466666666667,18.333333333333332,L,3.0,0.0,0.0,0.027906976744186046,0.05581395348837209,0.06976744186046512,0,Progressive Field,75.2,57.0,9.5,0.0,0.0,0.9467938311688312,0.08258948999756512,1111,,,,,,,,0.5,,,PASS
824553,2026-09-05 23:10:00+00:00,MIN,CWS,CWS,MIN,1,695731,Braden Montgomery,confirmed,6.0,4.15,671737,0.019762845849802372,0.02766798418972332,0.0220125786163522,0.1422924901185771,0.22924901185770752,0.18972332015810275,0.11462450592885376,0.3379279991666666,95.80440677966102,0.03225806451612903,0.04838709677419355,0.03529411764705882,0.14516129032258066,0.20967741935483872,0.0967741935483871,0.0967741935483871,0.39800157666666663,96.59333333333333,L,0.032432432432432434,0.051351351351351354,0.1891891891891892,0.5433884297520661,0.28378378378378377,0.1,0.28559754488829125,101.30133333333335,17.866666666666667,R,0.0,0.0,0.0,0.03,0.06,0.0,0,Rate Field,73.9,88.0,13.1,0.0,0.0,1.3162743506493508,0.082505747568999,1112,,,,,,,,0.5,,,PASS
824795,2026-09-05 23:05:00+00:00,BOS,BAL,BAL,BOS,1,681297,Colton Cowser,confirmed,9.0,3.7,543243,0.046948356807511735,0.06572769953051644,0.05622489959839357,0.20657276995305165,0.27230046948356806,0.3051643192488263,0.10328638497652583,0.3254204988888889,94.97250000000001,0.08333333333333333,0.08333333333333333,0.0641025641025641,0.23333333333333334,0.36666666666666664,0.3,0.03333333333333333,0.33178214222222224,97.006,L,0.02894736842105263,0.03684210526315789,0.15789473684210525,0.39461883408071746,0.22894736842105262,0.060526315789473685,0.28180101228920573,101.07466666666667,18.533333333333335,R,0.0,0.0,0.0,0.03,0.06,0.0,0,Oriole Park at Camden Yards,79.5,49.0,5.0,0.0,0.0,1.0680296266233766,0.08245293779869803,1113,,,,,,,,0.5,,,PASS
823335,2026-09-05 22:40:00+00:00,LAA,PIT,LAA,PIT,0,687093,Vaughn Grissom,confirmed,4.0,4.45,677952,0.027777777777777776,0.05952380952380952,0.0436046511627907,0.14682539682539683,0.28174603174603174,0.21428571428571427,0.04365079365079365,0.30012484027777775,94.99266666666666,0.046153846153846156,0.09230769230769231,0.06593406593406594,0.16923076923076924,0.4,0.16923076923076924,0.046153846153846156,0.34201472222222223,93.24600000000001,R,0.04011461318051576,0.045845272206303724,0.18911174785100288,0.4246861924686193,0.23782234957020057,0.05157593123209169,0.30955887203071,101.44666666666667,17.066666666666666,R,0.0,0.0,0.0,0.03,0.06,0.0,1,PNC Park,75.5,73.0,4.4,0.0,0.0,0.6671176046176046,0.08243380598456454,1113,,,,,,,,0.5,,,PASS
823904,2026-09-06 01:10:00+00:00,WSH,LAD,WSH,LAD,0,677588,José Tena,confirmed,7.0,4.0,607192,0.018604651162790697,0.05116279069767442,0.04330708661417323,0.14883720930232558,0.21395348837209302,0.2837209302325581,0.10697674418604651,0.28944420527777776,96.09483333333333,0.018518518518518517,0.05555555555555555,0.04838709677419355,0.1111111111111111,0.2777777777777778,0.2777777777777778,0.16666666666666666,0.2873029766666667,93.282,L,0.026041666666666668,0.046875,0.16666666666666666,0.4861111111111111,0.3229166666666667,0.07291666666666667,0.2571463185622268,100.29666666666667,16.88888888888889,R,0.0,0.0,0.0,0.03,0.06,0.0,0,UNIQLO Field at Dodger Stadium,72.0,55.0,7.0,0.0,0.0,1.0160714285714287,0.08204052182975109,1119,,,,,,,,0.5,,,PASS
822850,2026-09-05 23:05:00+00:00,TB,TEX,TEX,TB,1,643376,Danny Jansen,confirmed,9.0,3.7,656876,0.030303030303030304,0.04242424242424243,0.0330188679245283,0.18787878787878787,0.17575757575757575,0.2787878787878788,0.08484848484848485,0.2500112731060607,92.82659090909091,0.05555555555555555,0.07407407407407407,0.056338028169014086,0.18518518518518517,0.2222222222222222,0.3333333333333333,0.05555555555555555,0.2517684611111111,92.47533333333332,R,0.014749262536873156,0.029498525073746312,0.1415929203539823,0.5416666666666666,0.27728613569321536,0.04424778761061947,0.269456383810769,99.91200000000002,17.2,R,0.0,0.0,0.0,0.03,0.06,0.0,1,Globe Life Field,98.3,35.0,7.1,0.0,0.5,0.9698863636363636,0.08143698258006861,1128,,,,,,,,0.5,,,PASS
822850,2026-09-05 23:05:00+00:00,TB,TEX,TB,TEX,0,656775,Cedric Mullins,confirmed,7.0,4.0,594798,0.0371900826446281,0.0371900826446281,0.028481012658227847,0.1859504132231405,0.18181818181818182,0.19421487603305784,0.09917355371900827,0.28441914638888893,93.85316666666664,0.01694915254237288,0.06779661016949153,0.05555555555555555,0.22033898305084745,0.2542372881355932,0.11864406779661017,0.1694915254237288,0.36589801000000005,96.22866666666668,L,0.01238390092879257,0.034055727554179564,0.14241486068111456,0.5503685503685504,0.30030959752321984,0.07739938080495357,0.28035706026887225,99.94333333333331,15.4,R,0.0,0.0,0.0,0.03,0.06,0.0,0,Globe Life Field,98.3,35.0,7.1,0.0,0.5,0.9698863636363636,0.07928962225791643,1161,,,,,,,,0.5,,,PASS
823335,2026-09-05 22:40:00+00:00,LAA,PIT,LAA,PIT,0,666139,Josh Lowe,confirmed,7.0,4.0,677952,0.033816425120772944,0.05314009661835749,0.03481012658227848,0.15942028985507245,0.30434782608695654,0.28019323671497587,0.0821256038647343,0.31536262638888884,94.25416666666665,0.03571428571428571,0.017857142857142856,0.011111111111111112,0.10714285714285714,0.39285714285714285,0.26785714285714285,0.10714285714285714,0.28500915,92.58266666666667,L,0.04011461318051576,0.045845272206303724,0.18911174785100288,0.4246861924686193,0.23782234957020057,0.05157593123209169,0.30955887203071,101.44666666666667,17.066666666666666,R,0.0,0.0,0.0,0.03,0.06,0.0,0,PNC Park,75.5,73.0,4.4,0.0,0.0,0.6671176046176046,0.07885978909182866,1168,,,,,,,,0.5,,,PASS
824795,2026-09-05 23:05:00+00:00,BOS,BAL,BAL,BOS,1,687637,Dylan Beavers,confirmed,8.0,3.85,543243,0.021551724137931036,0.04741379310344827,0.03741496598639456,0.2025862068965517,0.2629310344827586,0.24568965517241378,0.10344827586206896,0.3052914525,93.42266666666666,0.06779661016949153,0.06779661016949153,0.05405405405405406,0.2542372881355932,0.3220338983050847,0.23728813559322035,0.11864406779661017,0.31418933888888884,93.00866666666667,L,0.02894736842105263,0.03684210526315789,0.15789473684210525,0.39461883408071746,0.22894736842105262,0.060526315789473685,0.28180101228920573,101.07466666666667,18.533333333333335,R,0.0,0.0,0.0,0.03,0.06,0.0,0,Oriole Park at Camden Yards,79.5,49.0,5.0,0.0,0.0,1.0680296266233766,0.07837389846063351,1176,,,,,,,,0.5,,,PASS
824066,2026-09-05 23:10:00+00:00,TOR,KC,TOR,KC,0,665926,Andrés Giménez,confirmed,7.0,4.0,607625,0.0091324200913242,0.0228310502283105,0.015197568389057751,0.1506849315068493,0.2511415525114155,0.2009132420091324,0.0273972602739726,0.27576560222222224,91.92200000000003,0.0,0.017857142857142856,0.011363636363636364,0.17857142857142858,0.23214285714285715,0.17857142857142858,0.03571428571428571,0.25861861666666663,92.01533333333333,L,0.03225806451612903,0.03225806451612903,0.1906158357771261,0.45434298440979953,0.15835777126099707,0.07331378299120235,0.3395670317559405,101.09533333333333,15.266666666666667,R,2.0,0.0,0.0,0.02857142857142857,0.05714285714285714,0.047619047619047616,0,Kauffman Stadium,98.5,32.0,4.7,0.0,0.0,1.1410427807486632,0.077381373286517,1192,,,,,,,,0.5,,,PASS
824468,2026-09-05 22:40:00+00:00,MIL,CIN,MIL,CIN,0,596142,Gary Sánchez,confirmed,8.0,3.85,671096,0.04484304932735426,0.053811659192825115,0.05357142857142857,0.13901345291479822,0.21076233183856502,0.19282511210762332,0.17488789237668162,0.3654397449404762,94.66142857142857,0.05084745762711865,0.05084745762711865,0.046153846153846156,0.1016949152542373,0.22033898305084745,0.2542372881355932,0.1016949152542373,0.3009304244444444,94.67133333333331,R,0.03418803418803419,0.05982905982905983,0.1623931623931624,0.5698447893569845,0.19373219373219372,0.1111111111111111,0.33830839175962174,101.446,15.8,L,3.0,0.0,0.0,0.027906976744186046,0.05581395348837209,0.06976744186046512,0,Great American Ball Park,89.2,50.0,6.0,0.0,0.0,0.8817148760330579,0.0758951915689261,1218,,,,,,,,0.5,,,PASS
823904,2026-09-06 01:10:00+00:00,WSH,LAD,WSH,LAD,0,686611,Dylan Crews,confirmed,9.0,3.7,607192,0.022988505747126436,0.05747126436781609,0.04823151125401929,0.16475095785440613,0.2567049808429119,0.26436781609195403,0.09195402298850575,0.3054149161111111,96.84483333333334,0.0,0.015873015873015872,0.011111111111111112,0.15873015873015872,0.20634920634920634,0.2698412698412698,0.09523809523809523,0.2720902622222222,96.69533333333334,R,0.026041666666666668,0.046875,0.16666666666666666,0.4861111111111111,0.3229166666666667,0.07291666666666667,0.2571463185622268,100.29666666666667,16.88888888888889,R,0.0,0.0,0.0,0.03,0.06,0.0,1,UNIQLO Field at Dodger Stadium,72.0,55.0,7.0,0.0,0.0,1.0160714285714287,0.07585849426842314,1218,,,,,,,,0.5,,,PASS
824468,2026-09-05 22:40:00+00:00,MIL,CIN,CIN,MIL,1,680574,Matt McLain,confirmed,9.0,3.7,669160,0.04054054054054054,0.07207207207207207,0.06324110671936758,0.16666666666666666,0.2972972972972973,0.3063063063063063,0.0990990990990991,0.29995709861111114,91.22766666666665,0.04838709677419355,0.06451612903225806,0.05128205128205128,0.1935483870967742,0.3387096774193548,0.25806451612903225,0.06451612903225806,0.24725710222222222,95.47066666666667,R,0.015822784810126583,0.04746835443037975,0.14873417721518986,0.47761194029850745,0.25316455696202533,0.08860759493670886,0.32994519944837697,100.59,14.8,R,0.0,0.0,0.0,0.03,0.06,0.0,1,Great American Ball Park,89.2,50.0,6.0,0.0,0.0,0.8817148760330579,0.07540269203268803,1226,,,,,,,,0.5,,,PASS
824389,2026-09-05 22:10:00+00:00,DET,CLE,CLE,DET,1,694197,Angel Genao,confirmed,6.0,4.15,664285,0.010526315789473684,0.031578947368421054,0.02586206896551724,0.1368421052631579,0.16842105263157894,0.1368421052631579,0.06315789473684211,0.2790721985507246,98.76260869565218,0.0,0.0,0.0,0.0967741935483871,0.16129032258064516,0.1774193548387097,0.08064516129032258,0.25732355444444444,98.59866666666667,L,0.02168021680216802,0.037940379403794036,0.13821138211382114,0.3054945054945055,0.16802168021680217,0.08672086720867209,0.3304902831887109,102.95733333333334,16.533333333333335,L,3.0,0.0,0.0,0.027906976744186046,0.05581395348837209,0.06976744186046512,1,Progressive Field,75.2,57.0,9.5,0.0,0.0,0.9467938311688312,0.07521948566092942,1229,,,,,,,,0.5,,,PASS
824553,2026-09-05 23:10:00+00:00,MIN,CWS,CWS,MIN,1,805367,Chase Meidroth,confirmed,7.0,4.0,671737,0.024,0.024,0.0182370820668693,0.148,0.264,0.188,0.104,0.29360333587301585,93.9575,0.0,0.01639344262295082,0.012195121951219513,0.16393442622950818,0.26229508196721313,0.14754098360655737,0.06557377049180328,0.27072738,91.74533333333333,R,0.032432432432432434,0.051351351351351354,0.1891891891891892,0.5433884297520661,0.28378378378378377,0.1,0.28559754488829125,101.30133333333335,17.866666666666667,R,3.0,0.0,0.0,0.027906976744186046,0.05581395348837209,0.06976744186046512,1,Rate Field,73.9,88.0,13.1,0.0,0.0,1.3162743506493508,0.0751154440912962,1231,,,,,,,,0.5,,,PASS
824145,2026-09-05 23:15:00+00:00,ARI,HOU,ARI,HOU,0,814439,Ryan Waldschmidt,confirmed,9.0,3.7,814490,0.00904977375565611,0.027149321266968326,0.02643171806167401,0.11764705882352941,0.21266968325791855,0.3031674208144796,0.07239819004524888,0.28489974611111113,92.61305084745763,0.0,0.019230769230769232,0.02127659574468085,0.07692307692307693,0.15384615384615385,0.2692307692307692,0.11538461538461539,0.2777282033333333,89.10928571428572,R,0.06779661016949153,0.06779661016949153,0.2542372881355932,0.6329113924050633,0.15254237288135594,0.15254237288135594,0.3853166367180578,99.86333333333334,12.666666666666666,R,0.0,0.0,0.0,0.03,0.06,0.0,1,Daikin Park,86.1,70.0,4.3,0.0,0.5,0.9006087662337663,0.07501537189545435,1233,,,,,,,,0.5,,,PASS
824310,2026-09-06 00:10:00+00:00,STL,COL,COL,STL,1,687597,Jordan Beck,confirmed,6.0,4.15,669461,0.007874015748031496,0.031496062992125984,0.024844720496894408,0.13385826771653545,0.1732283464566929,0.30708661417322836,0.06299212598425197,0.24969374714285708,89.62199999999999,0.0,0.03773584905660377,0.03225806451612903,0.16981132075471697,0.1320754716981132,0.37735849056603776,0.07547169811320754,0.25636543999999994,88.65466666666666,R,0.04672897196261682,0.06230529595015576,0.2118380062305296,0.48635235732009924,0.2616822429906542,0.07476635514018691,0.3297719842780223,100.99799999999999,14.4,L,2.0,0.0,0.0,0.02857142857142857,0.05714285714285714,0.047619047619047616,0,Coors Field,91.8,15.0,6.0,0.0,0.0,1.0391639610389611,0.07414383608436989,1249,,,,,,,,0.5,,,PASS
823904,2026-09-06 01:10:00+00:00,WSH,LAD,LAD,WSH,1,663656,Kyle Tucker,confirmed,5.0,4.3,676917,0.024691358024691357,0.0411522633744856,0.028169014084507043,0.17695473251028807,0.23868312757201646,0.13991769547325103,0.12757201646090535,0.33379756777777775,95.24483333333335,0.015151515151515152,0.015151515151515152,0.010309278350515464,0.12121212121212122,0.24242424242424243,0.10606060606060606,0.15151515151515152,0.3082347922222222,94.82333333333331,L,0.03669724770642202,0.04281345565749235,0.1620795107033639,0.48157248157248156,0.308868501529052,0.06422018348623854,0.27794950140949876,99.854,16.466666666666665,R,0.0,0.0,0.0,0.03,0.06,0.0,0,UNIQLO Field at Dodger Stadium,72.0,55.0,7.0,0.0,0.0,1.0160714285714287,0.07380864675925176,1255,,,,,,,,0.5,,,PASS
823335,2026-09-05 22:40:00+00:00,LAA,PIT,PIT,LAA,1,694377,Nick Yorke,confirmed,9.0,3.7,579328,0.01020408163265306,0.04081632653061224,0.029850746268656716,0.14285714285714285,0.2653061224489796,0.23469387755102042,0.05102040816326531,0.28241272866666667,96.62800000000001,0.018518518518518517,0.037037037037037035,0.02564102564102564,0.12962962962962962,0.3148148148148148,0.25925925925925924,0.018518518518518517,0.2426890711111111,95.914,R,0.036458333333333336,0.06770833333333333,0.19791666666666666,0.5277777777777778,0.22395833333333334,0.08333333333333333,0.3481868757962381,102.46888888888888,14.222222222222221,L,0.0,0.0,0.0,0.03,0.06,0.0,0,PNC Park,75.5,73.0,4.4,0.0,0.0,0.6671176046176046,0.07035682253573507,1321,,,,,,,,0.5,,,PASS
823904,2026-09-06 01:10:00+00:00,WSH,LAD,LAD,WSH,1,690976,Alex Freeland,confirmed,8.0,3.85,676917,0.014018691588785047,0.037383177570093455,0.034334763948497854,0.14485981308411214,0.19626168224299065,0.2850467289719626,0.10747663551401869,0.2745505975,93.278,0.0,0.017857142857142856,0.01639344262295082,0.14285714285714285,0.14285714285714285,0.3392857142857143,0.10714285714285714,0.2593966811111111,91.61399999999999,L,0.03669724770642202,0.04281345565749235,0.1620795107033639,0.48157248157248156,0.308868501529052,0.06422018348623854,0.27794950140949876,99.854,16.466666666666665,R,0.0,0.0,0.0,0.03,0.06,0.0,0,UNIQLO Field at Dodger Stadium,72.0,55.0,7.0,0.0,0.0,1.0160714285714287,0.07032002071584423,1322,,,,,,,,0.5,,,PASS
822850,2026-09-05 23:05:00+00:00,TB,TEX,TEX,TB,1,694497,Evan Carter,confirmed,7.0,4.0,656876,0.009259259259259259,0.013888888888888888,0.012396694214876033,0.1111111111111111,0.1712962962962963,0.25925925925925924,0.09259259259259259,0.2531997080555556,91.50084745762712,0.0,0.018867924528301886,0.014084507042253521,0.1509433962264151,0.3584905660377358,0.2641509433962264,0.03773584905660377,0.2177190566666667,92.86600000000001,L,0.014749262536873156,0.029498525073746312,0.1415929203539823,0.5416666666666666,0.27728613569321536,0.04424778761061947,0.269456383810769,99.91200000000002,17.2,R,0.0,0.0,0.0,0.03,0.06,0.0,0,Globe Life Field,98.3,35.0,7.1,0.0,0.5,0.9698863636363636,0.0699255955857609,1330,,,,,,,,0.5,,,PASS
823257,2026-09-05 23:15:00+00:00,NYY,SD,SD,NYY,1,666023,Freddy Fermin,confirmed,7.0,4.0,607074,0.019138755980861243,0.03349282296650718,0.02456140350877193,0.1722488038277512,0.20574162679425836,0.19138755980861244,0.07177033492822966,0.2786640622222222,91.8962711864407,0.0,0.038461538461538464,0.03125,0.25,0.19230769230769232,0.23076923076923078,0.019230769230769232,0.30578160000000004,93.28785714285713,R,0.020161290322580645,0.04032258064516129,0.16532258064516128,0.5650887573964497,0.2540322580645161,0.125,0.30964878480315244,100.07916666666667,14.583333333333334,L,0.0,0.0,0.0,0.03,0.06,0.0,0,Petco Park,85.0,41.0,8.8,0.0,0.0,0.9723171565276828,0.06913666684664735,1346,,,,,,,,0.5,,,PASS
824310,2026-09-06 00:10:00+00:00,STL,COL,COL,STL,1,681198,TJ Rumfield,confirmed,4.0,4.45,669461,0.019157088122605363,0.02681992337164751,0.019553072625698324,0.1111111111111111,0.27586206896551724,0.13409961685823754,0.14559386973180077,0.33650796638888897,92.44350000000001,0.029411764705882353,0.07352941176470588,0.05154639175257732,0.16176470588235295,0.2647058823529412,0.08823529411764706,0.2647058823529412,0.4415228655555555,95.88066666666667,L,0.04672897196261682,0.06230529595015576,0.2118380062305296,0.48635235732009924,0.2616822429906542,0.07476635514018691,0.3297719842780223,100.99799999999999,14.4,L,3.0,0.0,0.0,0.027906976744186046,0.05581395348837209,0.06976744186046512,1,Coors Field,91.8,15.0,6.0,0.0,0.0,1.0391639610389611,0.06894884246003559,1350,,,,,,,,0.5,,,PASS
824553,2026-09-05 23:10:00+00:00,MIN,CWS,MIN,CWS,0,668952,Ryan Kreidler,confirmed,9.0,3.7,641743,0.024390243902439025,0.05365853658536585,0.041666666666666664,0.12195121951219512,0.16097560975609757,0.22926829268292684,0.06829268292682927,0.28513398135593215,93.67305084745762,0.019230769230769232,0.057692307692307696,0.04918032786885246,0.1346153846153846,0.09615384615384616,0.2692307692307692,0.057692307692307696,0.2657313333333333,91.444,R,0.02702702702702703,0.04804804804804805,0.17117117117117117,0.4255813953488372,0.2012012012012012,0.06906906906906907,0.30679907975675913,101.18333333333334,15.0,L,2.0,0.0,0.0,0.02857142857142857,0.05714285714285714,0.047619047619047616,0,Rate Field,73.9,88.0,13.1,0.0,0.0,1.3162743506493508,0.06800156602277262,1371,,,,,,,,0.5,,,PASS
824389,2026-09-05 22:10:00+00:00,DET,CLE,CLE,DET,1,681807,David Fry,confirmed,5.0,4.3,664285,0.0364963503649635,0.014598540145985401,0.011428571428571429,0.15328467153284672,0.22627737226277372,0.2846715328467153,0.1386861313868613,0.26570327829457363,89.00428571428571,0.04878048780487805,0.0,0.0,0.1951219512195122,0.2926829268292683,0.21951219512195122,0.14634146341463414,0.2661881333333333,86.87142857142855,R,0.02168021680216802,0.037940379403794036,0.13821138211382114,0.3054945054945055,0.16802168021680217,0.08672086720867209,0.3304902831887109,102.95733333333334,16.533333333333335,L,3.0,0.0,0.0,0.027906976744186046,0.05581395348837209,0.06976744186046512,0,Progressive Field,75.2,57.0,9.5,0.0,0.0,0.9467938311688312,0.06768614106825524,1377,,,,,,,,0.5,,,PASS
824066,2026-09-05 23:10:00+00:00,TOR,KC,KC,TOR,1,668942,Josh Rojas,confirmed,8.0,3.85,453286,0.0,0.0,0.0,0.13953488372093023,0.2441860465116279,0.12790697674418605,0.03488372093023256,0.2108105166666667,93.24083333333333,0.0,0.0,0.0,0.11764705882352941,0.21568627450980393,0.11764705882352941,0.058823529411764705,0.22778571555555555,94.45066666666665,L,0.04838709677419355,0.06451612903225806,0.1935483870967742,0.6185567010309279,0.18548387096774194,0.10483870967741936,0.3354865894136661,98.7276923076923,13.076923076923077,R,0.0,0.0,0.0,0.03,0.06,0.0,0,Kauffman Stadium,98.5,32.0,4.7,0.0,0.0,1.1410427807486632,0.06634174930391355,1407,,,,,,,,0.5,,,PASS
823335,2026-09-05 22:40:00+00:00,LAA,PIT,LAA,PIT,0,685133,Wade Meckler,confirmed,3.0,4.55,677952,0.00847457627118644,0.01694915254237288,0.014925373134328358,0.11440677966101695,0.22033898305084745,0.211864406779661,0.09745762711864407,0.29476479111111115,93.14169491525423,0.0,0.0,0.0,0.1111111111111111,0.14285714285714285,0.1746031746031746,0.12698412698412698,0.3172448400000001,94.11266666666667,L,0.04011461318051576,0.045845272206303724,0.18911174785100288,0.4246861924686193,0.23782234957020057,0.05157593123209169,0.30955887203071,101.44666666666667,17.066666666666666,R,0.0,0.0,0.0,0.03,0.06,0.0,0,PNC Park,75.5,73.0,4.4,0.0,0.0,0.6671176046176046,0.06608673617354345,1413,,,,,,,,0.5,,,PASS
823094,2026-09-06 01:40:00+00:00,ATH,SEA,ATH,SEA,0,675961,Alika Williams,confirmed,8.0,3.85,669923,0.025477707006369428,0.0,0.0,0.12738853503184713,0.3248407643312102,0.2229299363057325,0.044585987261146494,0.26252161014492753,91.03217391304347,0.0392156862745098,0.0,0.0,0.1568627450980392,0.27450980392156865,0.17647058823529413,0.058823529411764705,0.28496372111111107,90.62999999999998,R,0.03571428571428571,0.057692307692307696,0.18956043956043955,0.5266272189349113,0.20054945054945056,0.054945054945054944,0.3222487260767124,101.39133333333332,16.4,R,0.0,0.0,0.0,0.03,0.06,0.0,1,T-Mobile Park,63.2,74.0,0.3,0.071,0.5,1.45,0.06560811429933718,1424,,,,,,,,0.5,,,PASS
824310,2026-09-06 00:10:00+00:00,STL,COL,COL,STL,1,687859,Troy Johnston,confirmed,7.0,4.0,669461,0.00847457627118644,0.0211864406779661,0.01529051987767584,0.15254237288135594,0.2627118644067797,0.13135593220338984,0.08898305084745763,0.32831068694444443,95.07616666666665,0.017543859649122806,0.03508771929824561,0.02531645569620253,0.14035087719298245,0.2631578947368421,0.12280701754385964,0.10526315789473684,0.3832339611111111,93.72866666666667,L,0.04672897196261682,0.06230529595015576,0.2118380062305296,0.48635235732009924,0.2616822429906542,0.07476635514018691,0.3297719842780223,100.99799999999999,14.4,L,0.0,0.0,0.0,0.03,0.06,0.0,1,Coors Field,91.8,15.0,6.0,0.0,0.0,1.0391639610389611,0.06462725808236816,1447,,,,,,,,0.5,,,PASS
824389,2026-09-05 22:10:00+00:00,DET,CLE,CLE,DET,1,677587,Brayan Rocchio,confirmed,9.0,3.7,664285,0.028225806451612902,0.028225806451612902,0.02,0.1774193548387097,0.2862903225806452,0.16129032258064516,0.036290322580645164,0.2671211436111111,94.9515,0.03571428571428571,0.017857142857142856,0.013157894736842105,0.14285714285714285,0.26785714285714285,0.14285714285714285,0.03571428571428571,0.2677747388888889,95.69,L,0.02168021680216802,0.037940379403794036,0.13821138211382114,0.3054945054945055,0.16802168021680217,0.08672086720867209,0.3304902831887109,102.95733333333334,16.533333333333335,L,5.0,0.0,0.0,0.026666666666666665,0.05333333333333333,0.1111111111111111,1,Progressive Field,75.2,57.0,9.5,0.0,0.0,0.9467938311688312,0.06454702141915586,1449,,,,,,,,0.5,,,PASS
823257,2026-09-05 23:15:00+00:00,NYY,SD,SD,NYY,1,630105,Jake Cronenworth,confirmed,8.0,3.85,607074,0.012096774193548387,0.016129032258064516,0.011396011396011397,0.15725806451612903,0.23790322580645162,0.23790322580645162,0.08064516129032258,0.25975027916666665,93.47583333333334,0.0,0.0,0.0,0.14285714285714285,0.23809523809523808,0.31746031746031744,0.12698412698412698,0.2495575777777778,91.65200000000002,L,0.020161290322580645,0.04032258064516129,0.16532258064516128,0.5650887573964497,0.2540322580645161,0.125,0.30964878480315244,100.07916666666667,14.583333333333334,L,0.0,0.0,0.0,0.03,0.06,0.0,1,Petco Park,85.0,41.0,8.8,0.0,0.0,0.9723171565276828,0.0643058360599875,1455,,,,,,,,0.5,,,PASS
824468,2026-09-05 22:40:00+00:00,MIL,CIN,MIL,CIN,0,806198,Cooper Pratt,confirmed,7.0,4.0,671096,0.015151515151515152,0.025252525252525252,0.01893939393939394,0.10101010101010101,0.30303030303030304,0.18686868686868688,0.10101010101010101,0.30316791955128203,92.50884615384615,0.017857142857142856,0.017857142857142856,0.011111111111111112,0.10714285714285714,0.35714285714285715,0.19642857142857142,0.03571428571428571,0.24765073777777777,93.60666666666667,R,0.03418803418803419,0.05982905982905983,0.1623931623931624,0.5698447893569845,0.19373219373219372,0.1111111111111111,0.33830839175962174,101.446,15.8,L,2.0,0.0,0.0,0.02857142857142857,0.05714285714285714,0.047619047619047616,0,Great American Ball Park,89.2,50.0,6.0,0.0,0.0,0.8817148760330579,0.06413790129003069,1459,,,,,,,,0.5,,,PASS
823904,2026-09-06 01:10:00+00:00,WSH,LAD,WSH,LAD,0,660688,Keibert Ruiz,confirmed,8.0,3.85,607192,0.02643171806167401,0.03524229074889868,0.025477707006369428,0.21145374449339208,0.2599118942731278,0.0881057268722467,0.06607929515418502,0.31601150777777776,96.47399999999998,0.034482758620689655,0.034482758620689655,0.025974025974025976,0.22413793103448276,0.3103448275862069,0.06896551724137931,0.08620689655172414,0.36509514555555556,96.10666666666667,L,0.026041666666666668,0.046875,0.16666666666666666,0.4861111111111111,0.3229166666666667,0.07291666666666667,0.2571463185622268,100.29666666666667,16.88888888888889,R,0.0,0.0,0.0,0.03,0.06,0.0,0,UNIQLO Field at Dodger Stadium,72.0,55.0,7.0,0.0,0.0,1.0160714285714287,0.06395639244661383,1464,,,,,,,,0.5,,,PASS
822850,2026-09-05 23:05:00+00:00,TB,TEX,TB,TEX,0,680700,Richie Palacios,confirmed,8.0,3.85,594798,0.02252252252252252,0.02252252252252252,0.0165016501650165,0.14414414414414414,0.24324324324324326,0.14414414414414414,0.11261261261261261,0.29819561027777775,93.2455,0.03389830508474576,0.01694915254237288,0.011494252873563218,0.15254237288135594,0.1864406779661017,0.1016949152542373,0.05084745762711865,0.25220246999999996,96.36266666666667,L,0.01238390092879257,0.034055727554179564,0.14241486068111456,0.5503685503685504,0.30030959752321984,0.07739938080495357,0.28035706026887225,99.94333333333331,15.4,R,0.0,0.0,0.0,0.03,0.06,0.0,0,Globe Life Field,98.3,35.0,7.1,0.0,0.5,0.9698863636363636,0.06379846261690973,1467,,,,,,,,0.5,,,PASS
824066,2026-09-05 23:10:00+00:00,TOR,KC,TOR,KC,0,703520,Brett Bateman,confirmed,1.0,4.75,607625,0.0,0.0,0.0,0.04672897196261682,0.2336448598130841,0.205607476635514,0.08411214953271028,0.27366599927536234,91.72260869565218,0.0,0.0,0.0,0.043478260869565216,0.2318840579710145,0.21739130434782608,0.08695652173913043,0.27300118999999995,92.47466666666668,L,0.03225806451612903,0.03225806451612903,0.1906158357771261,0.45434298440979953,0.15835777126099707,0.07331378299120235,0.3395670317559405,101.09533333333333,15.266666666666667,R,3.0,0.0,0.0,0.027906976744186046,0.05581395348837209,0.06976744186046512,0,Kauffman Stadium,98.5,32.0,4.7,0.0,0.0,1.1410427807486632,0.06330816433399397,1480,,,,,,,,0.5,,,PASS
824468,2026-09-05 22:40:00+00:00,MIL,CIN,CIN,MIL,1,624431,Jose Trevino,confirmed,7.0,4.0,669160,0.0390625,0.0234375,0.018867924528301886,0.0859375,0.203125,0.1875,0.0078125,0.21420808108108108,92.98891891891893,0.0392156862745098,0.0196078431372549,0.014285714285714285,0.11764705882352941,0.27450980392156865,0.23529411764705882,0.0,0.18659777777777778,93.38866666666667,R,0.015822784810126583,0.04746835443037975,0.14873417721518986,0.47761194029850745,0.25316455696202533,0.08860759493670886,0.32994519944837697,100.59,14.8,R,0.0,0.0,0.0,0.03,0.06,0.0,1,Great American Ball Park,89.2,50.0,6.0,0.0,0.0,0.8817148760330579,0.0631576805787809,1483,,,,,,,,0.5,,,PASS
823335,2026-09-05 22:40:00+00:00,LAA,PIT,PIT,LAA,1,693304,Nick Gonzales,confirmed,5.0,4.3,579328,0.01532567049808429,0.022988505747126436,0.01680672268907563,0.13409961685823754,0.2720306513409962,0.14559386973180077,0.08812260536398467,0.33280775583333333,94.59233333333333,0.0,0.030303030303030304,0.024096385542168676,0.13636363636363635,0.24242424242424243,0.12121212121212122,0.13636363636363635,0.38708098111111117,93.22933333333332,R,0.036458333333333336,0.06770833333333333,0.19791666666666666,0.5277777777777778,0.22395833333333334,0.08333333333333333,0.3481868757962381,102.46888888888888,14.222222222222221,L,0.0,0.0,0.0,0.03,0.06,0.0,0,PNC Park,75.5,73.0,4.4,0.0,0.0,0.6671176046176046,0.06275474283079373,1494,,,,,,,,0.5,,,PASS
823335,2026-09-05 22:40:00+00:00,LAA,PIT,LAA,PIT,0,694203,Denzer Guzman,confirmed,8.0,3.85,677952,0.022321428571428572,0.03571428571428571,0.027303754266211604,0.11607142857142858,0.27232142857142855,0.25,0.05357142857142857,0.2660695104166667,93.83589285714285,0.0,0.03508771929824561,0.029411764705882353,0.14035087719298245,0.22807017543859648,0.2631578947368421,0.03508771929824561,0.2353868444444444,92.74333333333334,R,0.04011461318051576,0.045845272206303724,0.18911174785100288,0.4246861924686193,0.23782234957020057,0.05157593123209169,0.30955887203071,101.44666666666667,17.066666666666666,R,0.0,0.0,0.0,0.03,0.06,0.0,1,PNC Park,75.5,73.0,4.4,0.0,0.0,0.6671176046176046,0.06068465022501602,1548,,,,,,,,0.5,,,PASS
824066,2026-09-05 23:10:00+00:00,TOR,KC,TOR,KC,0,664702,Myles Straw,confirmed,9.0,3.7,607625,0.0047169811320754715,0.018867924528301886,0.014705882352941176,0.12735849056603774,0.2783018867924528,0.12264150943396226,0.08490566037735849,0.30028598027777775,92.33083333333333,0.0,0.019230769230769232,0.014705882352941176,0.17307692307692307,0.25,0.11538461538461539,0.11538461538461539,0.30325111111111114,91.85,R,0.03225806451612903,0.03225806451612903,0.1906158357771261,0.45434298440979953,0.15835777126099707,0.07331378299120235,0.3395670317559405,101.09533333333333,15.266666666666667,R,2.0,0.0,0.0,0.02857142857142857,0.05714285714285714,0.047619047619047616,1,Kauffman Stadium,98.5,32.0,4.7,0.0,0.0,1.1410427807486632,0.060431376149546176,1555,,,,,,,,0.5,,,PASS
824468,2026-09-05 22:40:00+00:00,MIL,CIN,MIL,CIN,0,666152,David Hamilton,confirmed,9.0,3.7,671096,0.018779342723004695,0.028169014084507043,0.02214022140221402,0.14553990610328638,0.25821596244131456,0.2112676056338028,0.06572769953051644,0.2718310375,91.04433333333333,0.01694915254237288,0.01694915254237288,0.011494252873563218,0.15254237288135594,0.2711864406779661,0.13559322033898305,0.05084745762711865,0.3237513466666667,92.88000000000001,L,0.03418803418803419,0.05982905982905983,0.1623931623931624,0.5698447893569845,0.19373219373219372,0.1111111111111111,0.33830839175962174,101.446,15.8,L,0.0,0.0,0.0,0.03,0.06,0.0,1,Great American Ball Park,89.2,50.0,6.0,0.0,0.0,0.8817148760330579,0.05975998185588402,1573,,,,,,,,0.5,,,PASS
822850,2026-09-05 23:05:00+00:00,TB,TEX,TB,TEX,0,689414,Liam Hicks,confirmed,4.0,4.45,594798,0.019305019305019305,0.023166023166023165,0.018404907975460124,0.09266409266409266,0.16602316602316602,0.09652509652509653,0.09652509652509653,0.3055728961111111,92.84466666666667,0.018518518518518517,0.018518518518518517,0.015151515151515152,0.1111111111111111,0.12962962962962962,0.12962962962962962,0.1111111111111111,0.3126140855555556,93.07133333333334,L,0.01238390092879257,0.034055727554179564,0.14241486068111456,0.5503685503685504,0.30030959752321984,0.07739938080495357,0.28035706026887225,99.94333333333331,15.4,R,0.0,0.0,0.0,0.03,0.06,0.0,0,Globe Life Field,98.3,35.0,7.1,0.0,0.5,0.9698863636363636,0.05945160813012087,1582,,,,,,,,0.5,,,PASS
824310,2026-09-06 00:10:00+00:00,STL,COL,COL,STL,1,678662,Ezequiel Tovar,confirmed,9.0,3.7,669461,0.02830188679245283,0.02830188679245283,0.018518518518518517,0.13679245283018868,0.3113207547169811,0.25,0.05660377358490566,0.23619447166666668,92.38677966101694,0.02127659574468085,0.0425531914893617,0.028985507246376812,0.14893617021276595,0.2553191489361702,0.2765957446808511,0.0851063829787234,0.29278027111111105,89.88200000000002,R,0.04672897196261682,0.06230529595015576,0.2118380062305296,0.48635235732009924,0.2616822429906542,0.07476635514018691,0.3297719842780223,100.99799999999999,14.4,L,2.0,0.0,0.0,0.02857142857142857,0.05714285714285714,0.047619047619047616,0,Coors Field,91.8,15.0,6.0,0.0,0.0,1.0391639610389611,0.059246304080547346,1588,,,,,,,,0.5,,,PASS
824389,2026-09-05 22:10:00+00:00,DET,CLE,CLE,DET,1,690984,Petey Halpin,confirmed,7.0,4.0,664285,0.02142857142857143,0.05,0.035,0.15714285714285714,0.36428571428571427,0.19285714285714287,0.04285714285714286,0.29349847735042733,91.69923076923078,0.017857142857142856,0.03571428571428571,0.02531645569620253,0.14285714285714285,0.44642857142857145,0.14285714285714285,0.07142857142857142,0.3664264755555555,91.60666666666667,L,0.02168021680216802,0.037940379403794036,0.13821138211382114,0.3054945054945055,0.16802168021680217,0.08672086720867209,0.3304902831887109,102.95733333333334,16.533333333333335,L,0.0,0.0,0.0,0.03,0.06,0.0,1,Progressive Field,75.2,57.0,9.5,0.0,0.0,0.9467938311688312,0.057863436615336994,1628,,,,,,,,0.5,,,PASS
824389,2026-09-05 22:10:00+00:00,DET,CLE,CLE,DET,1,595978,Austin Hedges,confirmed,8.0,3.85,664285,0.024390243902439025,0.03414634146341464,0.02880658436213992,0.12682926829268293,0.1902439024390244,0.18048780487804877,0.09268292682926829,0.26598219194444445,92.98733333333332,0.02,0.02,0.019230769230769232,0.1,0.18,0.24,0.12,0.21969928444444445,92.45333333333335,R,0.02168021680216802,0.037940379403794036,0.13821138211382114,0.3054945054945055,0.16802168021680217,0.08672086720867209,0.3304902831887109,102.95733333333334,16.533333333333335,L,5.0,0.0,0.0,0.026666666666666665,0.05333333333333333,0.1111111111111111,0,Progressive Field,75.2,57.0,9.5,0.0,0.0,0.9467938311688312,0.05758200486424842,1637,,,,,,,,0.5,,,PASS
823257,2026-09-05 23:15:00+00:00,NYY,SD,NYY,SD,0,676609,José Caballero,confirmed,8.0,3.85,592662,0.03508771929824561,0.03508771929824561,0.02564102564102564,0.10526315789473684,0.3333333333333333,0.2850877192982456,0.05701754385964912,0.27569154583333333,89.54166666666669,0.017857142857142856,0.03571428571428571,0.02857142857142857,0.14285714285714285,0.25,0.26785714285714285,0.017857142857142856,0.2790435,90.33000000000001,R,0.019943019943019943,0.042735042735042736,0.16524216524216523,0.5607064017660044,0.18518518518518517,0.11965811965811966,0.3142963582140862,100.732,16.266666666666666,L,2.0,0.0,0.0,0.02857142857142857,0.05714285714285714,0.047619047619047616,0,Petco Park,85.0,41.0,8.8,0.0,0.0,0.9723171565276828,0.05728382362425424,1646,,,,,,,,0.5,,,PASS
823335,2026-09-05 22:40:00+00:00,LAA,PIT,PIT,LAA,1,669707,Jared Triolo,confirmed,7.0,4.0,579328,0.0136986301369863,0.0228310502283105,0.019157088122605363,0.091324200913242,0.2328767123287671,0.1689497716894977,0.0821917808219178,0.29445405583333334,93.79448275862069,0.01818181818181818,0.01818181818181818,0.013888888888888888,0.05454545454545454,0.2545454545454545,0.12727272727272726,0.05454545454545454,0.28174030888888885,90.66466666666666,R,0.036458333333333336,0.06770833333333333,0.19791666666666666,0.5277777777777778,0.22395833333333334,0.08333333333333333,0.3481868757962381,102.46888888888888,14.222222222222221,L,0.0,0.0,0.0,0.03,0.06,0.0,0,PNC Park,75.5,73.0,4.4,0.0,0.0,0.6671176046176046,0.05707691997716947,1652,,,,,,,,0.5,,,PASS
824795,2026-09-05 23:05:00+00:00,BOS,BAL,BOS,BAL,0,643396,Isiah Kiner-Falefa,confirmed,6.0,4.15,605135,0.015503875968992248,0.023255813953488372,0.017142857142857144,0.09302325581395349,0.2558139534883721,0.13178294573643412,0.09302325581395349,0.30254783240740735,91.31666666666666,0.017543859649122806,0.017543859649122806,0.012987012987012988,0.10526315789473684,0.22807017543859648,0.10526315789473684,0.07017543859649122,0.29222313333333344,92.324,R,0.028037383177570093,0.040498442367601244,0.16199376947040497,0.4180522565320665,0.14018691588785046,0.08722741433021806,0.3583840657708039,99.88428571428571,14.428571428571429,R,2.0,0.0,0.0,0.02857142857142857,0.05714285714285714,0.047619047619047616,1,Oriole Park at Camden Yards,79.5,49.0,5.0,0.0,0.0,1.0680296266233766,0.056237317759580914,1678,,,,,,,,0.5,,,PASS
823904,2026-09-06 01:10:00+00:00,WSH,LAD,LAD,WSH,1,676439,Hunter Feduccia,confirmed,9.0,3.7,676917,0.01639344262295082,0.06557377049180328,0.05084745762711865,0.18579234972677597,0.26229508196721313,0.22950819672131148,0.08743169398907104,0.3267837147222223,93.70416666666668,0.020833333333333332,0.041666666666666664,0.03571428571428571,0.16666666666666666,0.3125,0.1875,0.125,0.3811531755555555,92.904,L,0.03669724770642202,0.04281345565749235,0.1620795107033639,0.48157248157248156,0.308868501529052,0.06422018348623854,0.27794950140949876,99.854,16.466666666666665,R,1.0,0.0,0.0,0.029268292682926828,0.058536585365853655,0.024390243902439025,0,UNIQLO Field at Dodger Stadium,72.0,55.0,7.0,0.0,0.0,1.0160714285714287,0.05562829745647083,1698,,,,,,,,0.5,,,PASS
822850,2026-09-05 23:05:00+00:00,TB,TEX,TB,TEX,0,670764,Taylor Walls,confirmed,9.0,3.7,594798,0.008888888888888889,0.008888888888888889,0.007751937984496124,0.10222222222222223,0.26222222222222225,0.2311111111111111,0.08888888888888889,0.25550142249999996,91.68833333333333,0.0,0.0,0.0,0.1206896551724138,0.27586206896551724,0.20689655172413793,0.06896551724137931,0.2570530777777778,93.07999999999998,R,0.01238390092879257,0.034055727554179564,0.14241486068111456,0.5503685503685504,0.30030959752321984,0.07739938080495357,0.28035706026887225,99.94333333333331,15.4,R,0.0,0.0,0.0,0.03,0.06,0.0,1,Globe Life Field,98.3,35.0,7.1,0.0,0.5,0.9698863636363636,0.05250374227308274,1805,,,,,,,,0.5,,,PASS
823335,2026-09-05 22:40:00+00:00,LAA,PIT,PIT,LAA,1,663968,Jake Mangum,confirmed,8.0,3.85,579328,0.011406844106463879,0.019011406844106463,0.012987012987012988,0.08745247148288973,0.2813688212927757,0.20912547528517111,0.049429657794676805,0.2923834494444444,93.89550000000001,0.0,0.017543859649122806,0.013333333333333334,0.08771929824561403,0.19298245614035087,0.24561403508771928,0.07017543859649122,0.29059281666666664,91.34266666666666,L,0.036458333333333336,0.06770833333333333,0.19791666666666666,0.5277777777777778,0.22395833333333334,0.08333333333333333,0.3481868757962381,102.46888888888888,14.222222222222221,L,0.0,0.0,0.0,0.03,0.06,0.0,1,PNC Park,75.5,73.0,4.4,0.0,0.0,0.6671176046176046,0.050660968582862856,1874,,,,,,,,0.5,,,PASS
824066,2026-09-05 23:10:00+00:00,TOR,KC,TOR,KC,0,676391,Ernie Clement,confirmed,8.0,3.85,607625,0.00796812749003984,0.01195219123505976,0.007936507936507936,0.09561752988047809,0.2908366533864542,0.08764940239043825,0.043824701195219126,0.2623673683333333,91.72949999999999,0.0,0.0,0.0,0.09523809523809523,0.23809523809523808,0.1111111111111111,0.047619047619047616,0.2456745766666667,89.87666666666668,R,0.03225806451612903,0.03225806451612903,0.1906158357771261,0.45434298440979953,0.15835777126099707,0.07331378299120235,0.3395670317559405,101.09533333333333,15.266666666666667,R,2.0,0.0,0.0,0.02857142857142857,0.05714285714285714,0.047619047619047616,1,Kauffman Stadium,98.5,32.0,4.7,0.0,0.0,1.1410427807486632,0.049525694049436124,1919,,,,,,,,0.5,,,PASS
822850,2026-09-05 23:05:00+00:00,TB,TEX,TEX,TB,1,683227,Cody Freeman,confirmed,8.0,3.85,656876,0.012987012987012988,0.012987012987012988,0.009009009009009009,0.12987012987012986,0.18181818181818182,0.12987012987012986,0.09090909090909091,0.25119429682539685,90.0875,0.018518518518518517,0.018518518518518517,0.012195121951219513,0.18518518518518517,0.2222222222222222,0.09259259259259259,0.07407407407407407,0.27144652222222226,91.46357142857144,R,0.014749262536873156,0.029498525073746312,0.1415929203539823,0.5416666666666666,0.27728613569321536,0.04424778761061947,0.269456383810769,99.91200000000002,17.2,R,0.0,0.0,0.0,0.03,0.06,0.0,1,Globe Life Field,98.3,35.0,7.1,0.0,0.5,0.9698863636363636,0.048930533792863606,1944,,,,,,,,0.5,,,PASS
824389,2026-09-05 22:10:00+00:00,DET,CLE,DET,CLE,0,595879,Javier Báez,confirmed,9.0,3.7,800048,0.011695906432748537,0.017543859649122806,0.013574660633484163,0.12280701754385964,0.17543859649122806,0.1871345029239766,0.029239766081871343,0.26616457659574466,93.86702127659575,0.0,0.02,0.01639344262295082,0.16,0.12,0.22,0.02,0.23862336777777773,96.70133333333334,R,0.021917808219178082,0.030136986301369864,0.1232876712328767,0.53125,0.23835616438356164,0.06027397260273973,0.25309120435939036,99.10466666666667,18.333333333333332,L,2.0,0.0,0.0,0.02857142857142857,0.05714285714285714,0.047619047619047616,0,Progressive Field,75.2,57.0,9.5,0.0,0.0,0.9467938311688312,0.04877737010907768,1950,,,,,,,,0.5,,,PASS
823904,2026-09-06 01:10:00+00:00,WSH,LAD,WSH,LAD,0,678391,Jorbit Vivas,confirmed,6.0,4.15,607192,0.013636363636363636,0.02727272727272727,0.02097902097902098,0.11363636363636363,0.30454545454545456,0.12272727272727273,0.13636363636363635,0.3040491022222222,91.11533333333334,0.0,0.034482758620689655,0.025,0.05172413793103448,0.3103448275862069,0.10344827586206896,0.15517241379310345,0.30361460555555553,89.81466666666667,L,0.026041666666666668,0.046875,0.16666666666666666,0.4861111111111111,0.3229166666666667,0.07291666666666667,0.2571463185622268,100.29666666666667,16.88888888888889,R,2.0,0.0,0.0,0.02857142857142857,0.05714285714285714,0.047619047619047616,0,UNIQLO Field at Dodger Stadium,72.0,55.0,7.0,0.0,0.0,1.0160714285714287,0.047627550675745575,2000,,,,,,,,0.5,,,PASS
824389,2026-09-05 22:10:00+00:00,DET,CLE,DET,CLE,0,656716,Zach McKinstry,confirmed,8.0,3.85,800048,0.012875536480686695,0.017167381974248927,0.011940298507462687,0.11587982832618025,0.3133047210300429,0.15450643776824036,0.0944206008583691,0.3016033169444444,91.8665,0.0,0.0,0.0,0.05357142857142857,0.2857142857142857,0.19642857142857142,0.10714285714285714,0.2187846922222222,89.08466666666666,L,0.021917808219178082,0.030136986301369864,0.1232876712328767,0.53125,0.23835616438356164,0.06027397260273973,0.25309120435939036,99.10466666666667,18.333333333333332,L,0.0,0.0,0.0,0.03,0.06,0.0,1,Progressive Field,75.2,57.0,9.5,0.0,0.0,0.9467938311688312,0.045220701539935994,2111,,,,,,,,0.5,,,PASS
824389,2026-09-05 22:10:00+00:00,DET,CLE,CLE,DET,1,680757,Steven Kwan,confirmed,1.0,4.75,664285,0.0038461538461538464,0.0038461538461538464,0.002777777777777778,0.046153846153846156,0.3076923076923077,0.09615384615384616,0.12692307692307692,0.3364752144444444,90.07083333333334,0.0,0.014285714285714285,0.01020408163265306,0.07142857142857142,0.2857142857142857,0.08571428571428572,0.12857142857142856,0.31709069888888897,91.22399999999999,L,0.02168021680216802,0.037940379403794036,0.13821138211382114,0.3054945054945055,0.16802168021680217,0.08672086720867209,0.3304902831887109,102.95733333333334,16.533333333333335,L,6.0,0.0,0.0,0.02608695652173913,0.05217391304347826,0.13043478260869565,1,Progressive Field,75.2,57.0,9.5,0.0,0.0,0.9467938311688312,0.04062060997181531,2362,,,,,,,,0.5,,,PASS
823335,2026-09-05 22:40:00+00:00,LAA,PIT,LAA,PIT,0,624428,Adam Frazier,confirmed,9.0,3.7,677952,0.009615384615384616,0.019230769230769232,0.015151515151515152,0.10576923076923077,0.22115384615384615,0.2692307692307692,0.0673076923076923,0.22946663888888888,89.21678571428572,0.0,0.02,0.017543859649122806,0.12,0.14,0.28,0.04,0.23590338666666666,88.55076923076922,L,0.04011461318051576,0.045845272206303724,0.18911174785100288,0.4246861924686193,0.23782234957020057,0.05157593123209169,0.30955887203071,101.44666666666667,17.066666666666666,R,0.0,0.0,0.0,0.03,0.06,0.0,0,PNC Park,75.5,73.0,4.4,0.0,0.0,0.6671176046176046,0.03967093216828048,2421,,,,,,,,0.5,,,PASS
824795,2026-09-05 23:05:00+00:00,BOS,BAL,BAL,BOS,1,677008,Heston Kjerstad,confirmed,6.0,4.15,543243,0.0,0.0,0.0,0.0,0.0,0.0,0.0,,,0.0,0.0,0.0,0.0,0.0,0.0,0.0,,,,0.02894736842105263,0.03684210526315789,0.15789473684210525,0.39461883408071746,0.22894736842105262,0.060526315789473685,0.28180101228920573,101.07466666666667,18.533333333333335,R,0.0,0.0,0.0,0.03,0.06,0.0,0,Oriole Park at Camden Yards,79.5,49.0,5.0,0.0,0.0,1.0680296266233766,0.0385901812233243,2491,,,,,,,,0.5,,,PASS
824468,2026-09-05 22:40:00+00:00,MIL,CIN,CIN,MIL,1,699115,Carlos Jorge,confirmed,8.0,3.85,669160,0.0,0.0,0.0,0.0,0.0,0.0,0.0,,,0.0,0.0,0.0,0.0,0.0,0.0,0.0,,,,0.015822784810126583,0.04746835443037975,0.14873417721518986,0.47761194029850745,0.25316455696202533,0.08860759493670886,0.32994519944837697,100.59,14.8,R,0.0,0.0,0.0,0.03,0.06,0.0,0,Great American Ball Park,89.2,50.0,6.0,0.0,0.0,0.8817148760330579,0.03677792835884928,2619,,,,,,,,0.5,,,PASS
823257,2026-09-05 23:15:00+00:00,NYY,SD,SD,NYY,1,669392,Samad Taylor,confirmed,9.0,3.7,607074,0.00909090909090909,0.00909090909090909,0.008264462809917356,0.09090909090909091,0.16363636363636364,0.2818181818181818,0.11818181818181818,0.32031280705128207,88.38000000000001,0.0,0.0,0.0,0.08064516129032258,0.1774193548387097,0.3064516129032258,0.12903225806451613,0.2961089744444444,86.68599999999999,R,0.020161290322580645,0.04032258064516129,0.16532258064516128,0.5650887573964497,0.2540322580645161,0.125,0.30964878480315244,100.07916666666667,14.583333333333334,L,0.0,0.0,0.0,0.03,0.06,0.0,0,Petco Park,85.0,41.0,8.8,0.0,0.0,0.9723171565276828,0.03613295920360392,2668,,,,,,,,0.5,,,PASS
824553,2026-09-05 23:10:00+00:00,MIN,CWS,MIN,CWS,0,694224,Gabriel Gonzalez,confirmed,8.0,3.85,641743,0.0,0.0,0.0,0.0,0.75,0.0,0.5,0.4226735,83.82,0.0,0.0,0.0,0.0,0.75,0.0,0.5,0.4226735,83.82,R,0.02702702702702703,0.04804804804804805,0.17117117117117117,0.4255813953488372,0.2012012012012012,0.06906906906906907,0.30679907975675913,101.18333333333334,15.0,L,0.0,0.0,0.0,0.03,0.06,0.0,0,Rate Field,73.9,88.0,13.1,0.0,0.0,1.3162743506493508,0.02424897801518577,4024,,,,,,,,0.5,,,PASS
822850,2026-09-05 23:05:00+00:00,TB,TEX,TB,TEX,0,802415,Chandler Simpson,confirmed,5.0,4.3,594798,0.0,0.0,0.0,0.012,0.232,0.052,0.04,0.27322207527777775,89.91550000000001,0.0,0.0,0.0,0.0,0.16129032258064516,0.04838709677419355,0.04838709677419355,0.24635741666666663,88.27,L,0.01238390092879257,0.034055727554179564,0.14241486068111456,0.5503685503685504,0.30030959752321984,0.07739938080495357,0.28035706026887225,99.94333333333331,15.4,R,0.0,0.0,0.0,0.03,0.06,0.0,0,Globe Life Field,98.3,35.0,7.1,0.0,0.5,0.9698863636363636,0.023921749511282217,4080,,,,,,,,0.5,,,PASS
