game_pk,game_datetime,away_team,home_team,team,opponent,is_home,player_id,player_name,lineup_status,batting_order,expected_pa,opposing_starter_id,batter_hr_pa_long,batter_barrel_pa_long,batter_barrel_bbe_long,batter_hard_air_pa_long,batter_sweet_pa_long,batter_k_rate_long,batter_bb_rate_long,batter_xwoba_long,batter_ev90_long,batter_hr_pa_recent,batter_barrel_pa_recent,batter_barrel_bbe_recent,batter_hard_air_pa_recent,batter_sweet_pa_recent,batter_k_rate_recent,batter_bb_rate_recent,batter_xwoba_recent,batter_ev90_recent,batter_hand,pitcher_hr_bf,pitcher_barrel_bf,pitcher_hard_air_bf,pitcher_fly_rate,pitcher_k_rate,pitcher_bb_rate,pitcher_xwoba,pitcher_ev90,pitcher_outs,opposing_pitcher_hand,bvp_pa,bvp_hr,bvp_barrels,bvp_hr_shrunk,bvp_barrel_shrunk,bvp_reliability,same_hand,venue,temperature_f,humidity_pct,wind_speed_mph,precipitation_in,roof_control_factor,park_hr_factor,home_run_probability,fair_odds,point,over_odds,under_odds,over_no_vig_probability,under_no_vig_probability,over_book,under_book,line,market_edge,ev_per_unit,signal
822707,2026-07-24 22:45:00+00:00,ARI,WSH,WSH,ARI,1,695578,James Wood,confirmed,1.0,4.75,593958,0.05693950177935943,0.10676156583629894,0.09615384615384616,0.24555160142348753,0.2099644128113879,0.27402135231316727,0.15658362989323843,0.4281920808333333,100.49550000000002,0.0821917808219178,0.0958904109589041,0.08974358974358974,0.2191780821917808,0.2191780821917808,0.2191780821917808,0.2054794520547945,0.47759626666666666,102.33933333333333,L,0.022284122562674095,0.07799442896935933,0.2116991643454039,0.5590062111801242,0.17827298050139276,0.0807799442896936,0.34819897924715326,100.30266666666668,17.666666666666668,L,3.0,0.0,0.0,0.027906976744186046,0.05581395348837209,0.06976744186046512,1,Nationals Park,79.8,39.0,5.4,0.0,0.0,1.3589088479226443,0.2609042053683051,283,,,,,,,,0.5,,,HR WATCH
823352,2026-07-24 22:40:00+00:00,CHC,PIT,PIT,CHC,1,699013,Esmerlyn Valdez,confirmed,4.0,4.45,571510,0.096,0.144,0.13953488372093023,0.24,0.248,0.376,0.136,0.3525895272222222,99.06766666666667,0.1044776119402985,0.11940298507462686,0.12121212121212122,0.19402985074626866,0.26865671641791045,0.43283582089552236,0.16417910447761194,0.34011787000000004,97.09333333333332,R,0.027649769585253458,0.06912442396313365,0.1889400921658986,0.5246478873239436,0.2350230414746544,0.06451612903225806,0.3320788791784113,103.19000000000001,15.4,L,0.0,0.0,0.0,0.03,0.06,0.0,0,PNC Park,79.2,49.0,6.1,0.0,0.0,1.027632561613144,0.26079410101489753,283,,,,,,,,0.5,,,HR WATCH
823843,2026-07-24 23:10:00+00:00,SD,MIA,MIA,SD,1,669065,Kyle Stowers,confirmed,2.0,4.65,608566,0.046511627906976744,0.07751937984496124,0.06802721088435375,0.24031007751937986,0.2364341085271318,0.3333333333333333,0.08914728682170543,0.3277577641666667,99.569,0.06060606060606061,0.06060606060606061,0.05405405405405406,0.25757575757575757,0.19696969696969696,0.3484848484848485,0.07575757575757576,0.27988086888888886,100.02533333333331,L,0.058823529411764705,0.06951871657754011,0.24598930481283424,0.5333333333333333,0.15508021390374332,0.10160427807486631,0.36158670502306334,102.33222222222223,13.333333333333334,R,0.0,0.0,0.0,0.03,0.06,0.0,0,loanDepot park,85.6,71.0,5.2,0.0,0.5,0.8670649738610903,0.2494492332793369,301,,,,,,,,0.5,,,HR WATCH
823434,2026-07-24 22:45:00+00:00,NYY,PHI,PHI,NYY,1,656941,Kyle Schwarber,confirmed,2.0,4.65,693645,0.07806691449814127,0.08550185873605948,0.07744107744107744,0.26765799256505574,0.20446096654275092,0.379182156133829,0.13011152416356878,0.35058188500000004,100.41186440677964,0.046875,0.0625,0.06451612903225806,0.203125,0.21875,0.390625,0.125,0.28410510333333333,97.50999999999999,L,0.03089887640449438,0.056179775280898875,0.15730337078651685,0.5887096774193549,0.29213483146067415,0.05898876404494382,0.2852568869223205,99.28733333333335,17.466666666666665,R,0.0,0.0,0.0,0.03,0.06,0.0,0,Citizens Bank Park,80.4,44.0,6.0,0.0,0.0,1.3728528752800595,0.23429241140690976,327,,,,,,,,0.5,,,HR WATCH
823680,2026-07-25 00:10:00+00:00,ATH,MIN,MIN,ATH,1,621439,Byron Buxton,confirmed,2.0,4.65,682052,0.08239700374531835,0.12734082397003746,0.09970674486803519,0.23595505617977527,0.24719101123595505,0.24344569288389514,0.06741573033707865,0.3641012677777777,98.69683333333333,0.03125,0.109375,0.09210526315789473,0.171875,0.21875,0.171875,0.046875,0.3616957644444445,97.25933333333332,R,0.04564315352697095,0.03734439834024896,0.14937759336099585,0.6237942122186495,0.17012448132780084,0.13278008298755187,0.2831282713179885,98.5725,12.583333333333334,L,0.0,0.0,0.0,0.03,0.06,0.0,0,Target Field,80.3,60.0,12.0,0.0,0.0,1.1303958177744584,0.20984652573279988,377,,,,,,,,0.5,,,HR WATCH
824573,2026-07-24 23:40:00+00:00,HOU,CWS,CWS,HOU,1,808959,Munetaka Murakami,confirmed,2.0,4.65,681293,0.06439393939393939,0.09090909090909091,0.09876543209876543,0.23863636363636365,0.15151515151515152,0.3333333333333333,0.1856060606060606,0.35462412527777776,98.84933333333333,0.046875,0.0625,0.07142857142857142,0.1875,0.140625,0.34375,0.203125,0.31666257999999997,96.31400000000001,L,0.03418803418803419,0.04843304843304843,0.16524216524216523,0.5375302663438256,0.21937321937321938,0.12535612535612536,0.34421642660117935,99.88733333333333,15.866666666666667,R,0.0,0.0,0.0,0.03,0.06,0.0,0,Rate Field,73.9,52.0,7.1,0.0,0.0,0.7707244212098581,0.20728455587400604,382,,,,,,,,0.5,,,HR WATCH
822707,2026-07-24 22:45:00+00:00,ARI,WSH,ARI,WSH,0,682988,Tyler Locklear,confirmed,7.0,4.0,687223,0.07692307692307693,0.23076923076923078,0.15789473684210525,0.46153846153846156,0.46153846153846156,0.07692307692307693,0.15384615384615385,0.5050515833333332,102.28666666666668,0.07692307692307693,0.23076923076923078,0.15789473684210525,0.46153846153846156,0.46153846153846156,0.07692307692307693,0.15384615384615385,0.5050515833333332,102.28666666666668,R,0.023255813953488372,0.046511627906976744,0.13953488372093023,0.39655172413793105,0.27906976744186046,0.046511627906976744,0.3258621827651515,96.16,6.5,L,0.0,0.0,0.0,0.03,0.06,0.0,0,Nationals Park,79.8,39.0,5.4,0.0,0.0,1.3589088479226443,0.206619162410856,384,,,,,,,,0.5,,,HR WATCH
824812,2026-07-24 23:05:00+00:00,ATL,BAL,ATL,BAL,0,686948,Drake Baldwin,confirmed,1.0,4.75,669432,0.05223880597014925,0.09328358208955224,0.0728862973760933,0.23134328358208955,0.2537313432835821,0.22014925373134328,0.11940298507462686,0.37845016611111115,99.25033333333333,0.07352941176470588,0.08823529411764706,0.061855670103092786,0.25,0.27941176470588236,0.07352941176470588,0.16176470588235295,0.42961028555555547,99.75666666666666,L,0.029940119760479042,0.05389221556886228,0.2275449101796407,0.5386178861788617,0.18862275449101795,0.08083832335329341,0.3355800180000837,101.46866666666668,15.333333333333334,L,0.0,0.0,0.0,0.03,0.06,0.0,1,Oriole Park at Camden Yards,79.8,40.0,5.9,0.0,0.0,1.0533233756534728,0.20517670148396577,387,,,,,,,,0.5,,,HR WATCH
822872,2026-07-25 00:05:00+00:00,SEA,TEX,SEA,TEX,0,663728,Cal Raleigh,confirmed,4.0,4.45,669022,0.03474903474903475,0.06563706563706563,0.04521276595744681,0.2548262548262548,0.28957528957528955,0.2972972972972973,0.12355212355212356,0.28805402611111114,97.02933333333331,0.03125,0.0625,0.039603960396039604,0.28125,0.203125,0.3125,0.109375,0.26408031,97.57466666666666,L,0.02631578947368421,0.04678362573099415,0.21052631578947367,0.5591397849462365,0.23391812865497075,0.07894736842105263,0.29238079833640057,101.08,15.933333333333334,L,5.0,0.0,0.0,0.026666666666666665,0.05333333333333333,0.1111111111111111,1,Globe Life Field,93.1,45.0,11.0,0.0,0.5,1.156086631814787,0.20486691791859393,388,,,,,,,,0.5,,,HR WATCH
823601,2026-07-24 23:10:00+00:00,LAD,NYM,LAD,NYM,0,660271,Shohei Ohtani,confirmed,1.0,4.75,640455,0.05818181818181818,0.10181818181818182,0.09364548494983277,0.24727272727272728,0.20363636363636364,0.2290909090909091,0.13090909090909092,0.4102220805555556,100.45299999999999,0.06153846153846154,0.13846153846153847,0.15254237288135594,0.2923076923076923,0.2,0.2153846153846154,0.09230769230769231,0.37970781444444435,101.51466666666667,L,0.043209876543209874,0.05555555555555555,0.20987654320987653,0.5444015444015444,0.2222222222222222,0.05555555555555555,0.3180209291436485,101.08285714285714,15.571428571428571,L,0.0,0.0,0.0,0.03,0.06,0.0,1,Citi Field,79.1,36.0,7.2,0.0,0.0,0.9874906646751306,0.19605669616257654,410,,,,,,,,0.5,,,HR WATCH
824812,2026-07-24 23:05:00+00:00,ATL,BAL,ATL,BAL,0,621566,Matt Olson,confirmed,3.0,4.55,669432,0.04597701149425287,0.06513409961685823,0.047619047619047616,0.26053639846743293,0.23754789272030652,0.2413793103448276,0.09195402298850575,0.32009732055555545,100.23716666666668,0.057971014492753624,0.07246376811594203,0.06329113924050633,0.21739130434782608,0.2463768115942029,0.2898550724637681,0.13043478260869565,0.2906004322222222,98.72066666666666,L,0.029940119760479042,0.05389221556886228,0.2275449101796407,0.5386178861788617,0.18862275449101795,0.08083832335329341,0.3355800180000837,101.46866666666668,15.333333333333334,L,0.0,0.0,0.0,0.03,0.06,0.0,1,Oriole Park at Camden Yards,79.8,40.0,5.9,0.0,0.0,1.0533233756534728,0.19374526678852755,416,,,,,,,,0.5,,,HR WATCH
822872,2026-07-25 00:05:00+00:00,SEA,TEX,TEX,SEA,1,592626,Joc Pederson,confirmed,1.0,4.75,682243,0.06521739130434782,0.09130434782608696,0.07553956834532374,0.2217391304347826,0.2565217391304348,0.22608695652173913,0.12173913043478261,0.38741599250000003,97.25916666666667,0.11666666666666667,0.11666666666666667,0.10294117647058823,0.25,0.23333333333333334,0.3,0.1,0.4033406866666666,99.94133333333335,L,0.03587443946188341,0.04484304932735426,0.16591928251121077,0.5623003194888179,0.3004484304932735,0.04484304932735426,0.23491195429960135,99.521,17.4,R,0.0,0.0,0.0,0.03,0.06,0.0,0,Globe Life Field,93.1,45.0,11.0,0.0,0.5,1.156086631814787,0.188106254911016,432,,,,,,,,0.5,,,HR WATCH
823843,2026-07-24 23:10:00+00:00,SD,MIA,SD,MIA,0,665487,Fernando Tatis Jr.,confirmed,1.0,4.75,687473,0.029304029304029304,0.08058608058608059,0.0728476821192053,0.20512820512820512,0.12454212454212454,0.17582417582417584,0.08058608058608059,0.35688817916666665,100.29816666666667,0.04411764705882353,0.07352941176470588,0.0684931506849315,0.19117647058823528,0.11764705882352941,0.17647058823529413,0.11764705882352941,0.3766201511111111,101.28333333333336,R,0.0297029702970297,0.06930693069306931,0.22772277227722773,0.5107913669064749,0.1782178217821782,0.09900990099009901,0.34193570762108266,100.53666666666668,10.666666666666666,R,0.0,0.0,0.0,0.03,0.06,0.0,1,loanDepot park,85.6,71.0,5.2,0.0,0.5,0.8670649738610903,0.1877471561325208,433,,,,,,,,0.5,,,HR WATCH
823843,2026-07-24 23:10:00+00:00,SD,MIA,SD,MIA,0,592518,Manny Machado,confirmed,3.0,4.55,687473,0.06299212598425197,0.09448818897637795,0.07717041800643087,0.2047244094488189,0.2559055118110236,0.21653543307086615,0.11023622047244094,0.34114328972222224,97.12899999999999,0.07692307692307693,0.09230769230769231,0.08333333333333333,0.2153846153846154,0.26153846153846155,0.2153846153846154,0.13846153846153847,0.38332633888888884,99.32,R,0.0297029702970297,0.06930693069306931,0.22772277227722773,0.5107913669064749,0.1782178217821782,0.09900990099009901,0.34193570762108266,100.53666666666668,10.666666666666666,R,0.0,0.0,0.0,0.03,0.06,0.0,1,loanDepot park,85.6,71.0,5.2,0.0,0.5,0.8670649738610903,0.18698066247256642,435,,,,,,,,0.5,,,HR WATCH
822952,2026-07-24 23:10:00+00:00,CLE,TB,TB,CLE,1,691406,Junior Caminero,confirmed,3.0,4.55,676282,0.06716417910447761,0.10074626865671642,0.09,0.21641791044776118,0.20149253731343283,0.19776119402985073,0.13432835820895522,0.36809845980158734,102.47616666666667,0.045454545454545456,0.09090909090909091,0.07792207792207792,0.16666666666666666,0.19696969696969696,0.22727272727272727,0.12121212121212122,0.36956310444444446,100.20133333333334,R,0.024096385542168676,0.04216867469879518,0.1355421686746988,0.4225721784776903,0.23493975903614459,0.11746987951807229,0.31067709168815244,99.51333333333335,14.666666666666666,L,0.0,0.0,0.0,0.03,0.06,0.0,0,Tropicana Field,88.5,62.0,8.7,0.0,1.0,1.1107499011553836,0.18648697531689792,436,,,,,,,,0.5,,,HR WATCH
822952,2026-07-24 23:10:00+00:00,CLE,TB,CLE,TB,0,656555,Rhys Hoskins,confirmed,3.0,4.55,663556,0.04564315352697095,0.06639004149377593,0.05574912891986063,0.23651452282157676,0.1950207468879668,0.3029045643153527,0.13692946058091288,0.2859528458333333,96.42249999999999,0.06779661016949153,0.0847457627118644,0.07142857142857142,0.22033898305084745,0.1864406779661017,0.3559322033898305,0.11864406779661017,0.28960608444444447,97.23133333333332,R,0.018808777429467086,0.05956112852664577,0.16927899686520376,0.4502487562189055,0.22570532915360503,0.06269592476489028,0.3112599524312076,100.72333333333334,15.266666666666667,L,0.0,0.0,0.0,0.03,0.06,0.0,0,Tropicana Field,88.5,62.0,8.7,0.0,1.0,1.1107499011553836,0.1862061091562542,437,,,,,,,,0.5,,,HR WATCH
823843,2026-07-24 23:10:00+00:00,SD,MIA,MIA,SD,1,681715,Heriberto Hernández,confirmed,3.0,4.55,608566,0.04054054054054054,0.08108108108108109,0.07692307692307693,0.21621621621621623,0.18468468468468469,0.26576576576576577,0.08558558558558559,0.3278795496913581,97.8112962962963,0.0625,0.15625,0.14492753623188406,0.203125,0.21875,0.28125,0.109375,0.38387236444444445,99.00133333333332,R,0.058823529411764705,0.06951871657754011,0.24598930481283424,0.5333333333333333,0.15508021390374332,0.10160427807486631,0.36158670502306334,102.33222222222223,13.333333333333334,R,0.0,0.0,0.0,0.03,0.06,0.0,1,loanDepot park,85.6,71.0,5.2,0.0,0.5,0.8670649738610903,0.18531975925167649,440,,,,,,,,0.5,,,HR WATCH
822707,2026-07-24 22:45:00+00:00,ARI,WSH,WSH,ARI,1,682928,CJ Abrams,confirmed,4.0,4.45,593958,0.057034220532319393,0.07224334600760456,0.05491329479768786,0.2737642585551331,0.2623574144486692,0.23193916349809887,0.06844106463878327,0.3225686314285714,98.14083333333333,0.08823529411764706,0.10294117647058823,0.07368421052631578,0.29411764705882354,0.3235294117647059,0.19117647058823528,0.07352941176470588,0.3896585066666666,99.20333333333333,L,0.022284122562674095,0.07799442896935933,0.2116991643454039,0.5590062111801242,0.17827298050139276,0.0807799442896936,0.34819897924715326,100.30266666666668,17.666666666666668,L,3.0,0.0,0.0,0.027906976744186046,0.05581395348837209,0.06976744186046512,1,Nationals Park,79.8,39.0,5.4,0.0,0.0,1.3589088479226443,0.1852359609003095,440,,,,,,,,0.5,,,HR WATCH
822707,2026-07-24 22:45:00+00:00,ARI,WSH,WSH,ARI,1,678554,Curtis Mead,confirmed,2.0,4.65,593958,0.052434456928838954,0.07865168539325842,0.059490084985835696,0.21722846441947566,0.26591760299625467,0.20599250936329588,0.09737827715355805,0.3531162772222222,97.43683333333334,0.028169014084507043,0.056338028169014086,0.047058823529411764,0.2112676056338028,0.2535211267605634,0.2112676056338028,0.11267605633802817,0.3463453322222222,97.94533333333332,R,0.022284122562674095,0.07799442896935933,0.2116991643454039,0.5590062111801242,0.17827298050139276,0.0807799442896936,0.34819897924715326,100.30266666666668,17.666666666666668,L,3.0,1.0,1.0,0.051162790697674425,0.07906976744186046,0.06976744186046512,0,Nationals Park,79.8,39.0,5.4,0.0,0.0,1.3589088479226443,0.17973087777300137,456,,,,,,,,0.5,,,HR WATCH
823680,2026-07-25 00:10:00+00:00,ATH,MIN,MIN,ATH,1,605137,Josh Bell,confirmed,4.0,4.45,682052,0.0392156862745098,0.07058823529411765,0.047619047619047616,0.19607843137254902,0.22745098039215686,0.2549019607843137,0.058823529411764705,0.3153977274999999,96.98666666666666,0.03076923076923077,0.046153846153846156,0.030612244897959183,0.23076923076923078,0.24615384615384617,0.26153846153846155,0.06153846153846154,0.26596131000000006,97.248,L,0.04564315352697095,0.03734439834024896,0.14937759336099585,0.6237942122186495,0.17012448132780084,0.13278008298755187,0.2831282713179885,98.5725,12.583333333333334,L,0.0,0.0,0.0,0.03,0.06,0.0,1,Target Field,80.3,60.0,12.0,0.0,0.0,1.1303958177744584,0.17758522128172946,463,,,,,,,,0.5,,,HR WATCH
822872,2026-07-25 00:05:00+00:00,SEA,TEX,SEA,TEX,0,677594,Julio Rodríguez,confirmed,2.0,4.65,669022,0.046153846153846156,0.07307692307692308,0.05571847507331378,0.23076923076923078,0.21153846153846154,0.20384615384615384,0.06923076923076923,0.3615501338888889,100.5855,0.0,0.04838709677419355,0.03896103896103896,0.1774193548387097,0.1774193548387097,0.20967741935483872,0.08064516129032258,0.38654618111111105,99.17733333333332,R,0.02631578947368421,0.04678362573099415,0.21052631578947367,0.5591397849462365,0.23391812865497075,0.07894736842105263,0.29238079833640057,101.08,15.933333333333334,L,5.0,0.0,0.0,0.026666666666666665,0.05333333333333333,0.1111111111111111,0,Globe Life Field,93.1,45.0,11.0,0.0,0.5,1.156086631814787,0.17749541694029713,463,,,,,,,,0.5,,,HR WATCH
822872,2026-07-25 00:05:00+00:00,SEA,TEX,SEA,TEX,0,686527,Dominic Canzone,confirmed,3.0,4.55,669022,0.0593607305936073,0.1004566210045662,0.08627450980392157,0.182648401826484,0.2328767123287671,0.2146118721461187,0.0958904109589041,0.3582382002777778,96.25983333333332,0.045454545454545456,0.06060606060606061,0.05128205128205128,0.16666666666666666,0.25757575757575757,0.21212121212121213,0.09090909090909091,0.28323439666666667,98.20933333333336,L,0.02631578947368421,0.04678362573099415,0.21052631578947367,0.5591397849462365,0.23391812865497075,0.07894736842105263,0.29238079833640057,101.08,15.933333333333334,L,0.0,0.0,0.0,0.03,0.06,0.0,1,Globe Life Field,93.1,45.0,11.0,0.0,0.5,1.156086631814787,0.17646055711256609,467,,,,,,,,0.5,,,HR WATCH
823680,2026-07-25 00:10:00+00:00,ATH,MIN,MIN,ATH,1,680777,Ryan Jeffers,confirmed,3.0,4.55,682052,0.05172413793103448,0.09770114942528736,0.07488986784140969,0.1839080459770115,0.25287356321839083,0.16666666666666666,0.13793103448275862,0.36992352967479675,98.07121951219513,0.06557377049180328,0.08196721311475409,0.07246376811594203,0.14754098360655737,0.21311475409836064,0.14754098360655737,0.14754098360655737,0.37047321444444437,97.03933333333333,R,0.04564315352697095,0.03734439834024896,0.14937759336099585,0.6237942122186495,0.17012448132780084,0.13278008298755187,0.2831282713179885,98.5725,12.583333333333334,L,0.0,0.0,0.0,0.03,0.06,0.0,0,Target Field,80.3,60.0,12.0,0.0,0.0,1.1303958177744584,0.17633221167003668,467,,,,,,,,0.5,,,HR WATCH
824812,2026-07-24 23:05:00+00:00,ATL,BAL,BAL,ATL,1,624413,Pete Alonso,confirmed,2.0,4.65,656550,0.04905660377358491,0.06792452830188679,0.05172413793103448,0.2490566037735849,0.27547169811320754,0.2528301886792453,0.12452830188679245,0.3929170747222222,99.51916666666669,0.029411764705882353,0.04411764705882353,0.03260869565217391,0.22058823529411764,0.25,0.2647058823529412,0.1323529411764706,0.37608144,98.67333333333335,R,0.04113924050632911,0.06329113924050633,0.17721518987341772,0.4463840399002494,0.189873417721519,0.10443037974683544,0.3407417140560797,101.96399999999998,14.066666666666666,R,0.0,0.0,0.0,0.03,0.06,0.0,1,Oriole Park at Camden Yards,79.8,40.0,5.9,0.0,0.0,1.0533233756534728,0.17483519281168894,472,,,,,,,,0.5,,,HR WATCH
822707,2026-07-24 22:45:00+00:00,ARI,WSH,WSH,ARI,1,665953,Andrés Chaparro,confirmed,3.0,4.55,593958,0.06349206349206349,0.1111111111111111,0.08536585365853659,0.2222222222222222,0.2698412698412698,0.2222222222222222,0.1111111111111111,0.395819,96.23000000000002,0.08163265306122448,0.12244897959183673,0.09523809523809523,0.20408163265306123,0.24489795918367346,0.24489795918367346,0.10204081632653061,0.37957827777777775,94.79533333333335,R,0.022284122562674095,0.07799442896935933,0.2116991643454039,0.5590062111801242,0.17827298050139276,0.0807799442896936,0.34819897924715326,100.30266666666668,17.666666666666668,L,3.0,0.0,0.0,0.027906976744186046,0.05581395348837209,0.06976744186046512,0,Nationals Park,79.8,39.0,5.4,0.0,0.0,1.3589088479226443,0.17482755546854797,472,,,,,,,,0.5,,,HR WATCH
822707,2026-07-24 22:45:00+00:00,ARI,WSH,ARI,WSH,0,682998,Corbin Carroll,confirmed,2.0,4.65,687223,0.03802281368821293,0.07984790874524715,0.06481481481481481,0.19771863117870722,0.22053231939163498,0.22433460076045628,0.10266159695817491,0.3370740655555556,98.80016666666667,0.030303030303030304,0.07575757575757576,0.05813953488372093,0.22727272727272727,0.21212121212121213,0.2878787878787879,0.12121212121212122,0.2903513466666667,95.04866666666668,L,0.023255813953488372,0.046511627906976744,0.13953488372093023,0.39655172413793105,0.27906976744186046,0.046511627906976744,0.3258621827651515,96.16,6.5,L,0.0,0.0,0.0,0.03,0.06,0.0,1,Nationals Park,79.8,39.0,5.4,0.0,0.0,1.3589088479226443,0.1733823435003133,477,,,,,,,,0.5,,,HR WATCH
823680,2026-07-25 00:10:00+00:00,ATH,MIN,ATH,MIN,0,669127,Shea Langeliers,confirmed,3.0,4.55,805673,0.04868913857677903,0.09737827715355805,0.08125,0.19850187265917604,0.20973782771535582,0.23595505617977527,0.08239700374531835,0.33432060095238086,97.77400000000002,0.06666666666666667,0.11666666666666667,0.0958904109589041,0.2,0.21666666666666667,0.4,0.1,0.3639692922222222,93.08666666666666,R,0.050505050505050504,0.09090909090909091,0.22895622895622897,0.5445026178010471,0.19528619528619529,0.0707070707070707,0.33523450320992615,101.75916666666667,17.25,R,0.0,0.0,0.0,0.03,0.06,0.0,1,Target Field,80.3,60.0,12.0,0.0,0.0,1.1303958177744584,0.17306284326602123,478,,,,,,,,0.5,,,HR WATCH
824733,2026-07-24 23:15:00+00:00,TOR,BOS,TOR,BOS,0,672960,Kazuma Okamoto,confirmed,3.0,4.55,663776,0.048582995951417005,0.06882591093117409,0.057432432432432436,0.20242914979757085,0.21052631578947367,0.32388663967611336,0.08097165991902834,0.2848972102777777,96.40666666666668,0.04838709677419355,0.06451612903225806,0.047058823529411764,0.1774193548387097,0.25806451612903225,0.24193548387096775,0.08064516129032258,0.2591634688888889,97.25466666666668,R,0.023809523809523808,0.023809523809523808,0.19047619047619047,0.45098039215686275,0.23809523809523808,0.047619047619047616,0.31864304462242565,100.505,13.5,L,0.0,0.0,0.0,0.03,0.06,0.0,0,Fenway Park,79.4,40.0,6.7,0.0,0.0,0.9056011949215832,0.1712893767655148,484,,,,,,,,0.5,,,HR WATCH
824248,2026-07-24 22:40:00+00:00,KC,DET,DET,KC,1,682985,Riley Greene,confirmed,4.0,4.45,694360,0.043137254901960784,0.09411764705882353,0.07407407407407407,0.2901960784313726,0.23137254901960785,0.26666666666666666,0.10980392156862745,0.35530530722222214,98.724,0.06557377049180328,0.13114754098360656,0.1038961038961039,0.2786885245901639,0.2786885245901639,0.26229508196721313,0.13114754098360656,0.39851325555555556,95.90066666666665,L,,,,,,,,,,,0.0,0.0,0.0,0.03,0.06,0.0,0,Comerica Park,78.0,42.0,6.3,0.0,0.0,0.9067346131880684,0.1706199891970502,486,,,,,,,,0.5,,,HR WATCH
822872,2026-07-25 00:05:00+00:00,SEA,TEX,TEX,SEA,1,607043,Brandon Nimmo,confirmed,4.0,4.45,682243,0.02390438247011952,0.09561752988047809,0.0679886685552408,0.250996015936255,0.3187250996015936,0.23107569721115537,0.06772908366533864,0.3717594197222222,98.70816666666666,0.03389830508474576,0.05084745762711865,0.03529411764705882,0.1864406779661017,0.3389830508474576,0.2542372881355932,0.0847457627118644,0.3292130977777778,96.08933333333331,L,0.03587443946188341,0.04484304932735426,0.16591928251121077,0.5623003194888179,0.3004484304932735,0.04484304932735426,0.23491195429960135,99.521,17.4,R,0.0,0.0,0.0,0.03,0.06,0.0,0,Globe Life Field,93.1,45.0,11.0,0.0,0.5,1.156086631814787,0.1688343734629253,492,,,,,,,,0.5,,,HR WATCH
823843,2026-07-24 23:10:00+00:00,SD,MIA,SD,MIA,0,664034,Ty France,confirmed,4.0,4.45,687473,0.06584362139917696,0.0823045267489712,0.056818181818181816,0.20987654320987653,0.37448559670781895,0.22633744855967078,0.04938271604938271,0.33760968666666663,97.4085,0.09090909090909091,0.10606060606060606,0.06481481481481481,0.30303030303030304,0.3787878787878788,0.22727272727272727,0.030303030303030304,0.3389480555555556,99.49800000000002,R,0.0297029702970297,0.06930693069306931,0.22772277227722773,0.5107913669064749,0.1782178217821782,0.09900990099009901,0.34193570762108266,100.53666666666668,10.666666666666666,R,0.0,0.0,0.0,0.03,0.06,0.0,1,loanDepot park,85.6,71.0,5.2,0.0,0.5,0.8670649738610903,0.16866723217915797,493,,,,,,,,0.5,,,HR WATCH
824573,2026-07-24 23:40:00+00:00,HOU,CWS,HOU,CWS,0,670541,Yordan Alvarez,confirmed,2.0,4.65,663436,0.08045977011494253,0.13026819923371646,0.10089020771513353,0.2681992337164751,0.2950191570881226,0.18007662835249041,0.16091954022988506,0.4547502969444445,99.955,0.11940298507462686,0.14925373134328357,0.11494252873563218,0.26865671641791045,0.3283582089552239,0.16417910447761194,0.1044776119402985,0.4768617866666666,101.88466666666666,L,0.011560693641618497,0.04046242774566474,0.16473988439306358,0.44175824175824174,0.2254335260115607,0.07803468208092486,0.3141665069569276,101.96466666666666,16.066666666666666,R,0.0,0.0,0.0,0.03,0.06,0.0,0,Rate Field,73.9,52.0,7.1,0.0,0.0,0.7707244212098581,0.16815504259826583,495,,,,,,,,0.5,,,HR WATCH
824812,2026-07-24 23:05:00+00:00,ATL,BAL,ATL,BAL,0,671739,Michael Harris II,confirmed,4.0,4.45,669432,0.045283018867924525,0.06792452830188679,0.04904632152588556,0.21509433962264152,0.23018867924528302,0.2037735849056604,0.033962264150943396,0.3237238713888889,99.50233333333333,0.041666666666666664,0.041666666666666664,0.02912621359223301,0.19444444444444445,0.19444444444444445,0.19444444444444445,0.0,0.26912762222222225,100.64600000000002,L,0.029940119760479042,0.05389221556886228,0.2275449101796407,0.5386178861788617,0.18862275449101795,0.08083832335329341,0.3355800180000837,101.46866666666668,15.333333333333334,L,0.0,0.0,0.0,0.03,0.06,0.0,1,Oriole Park at Camden Yards,79.8,40.0,5.9,0.0,0.0,1.0533233756534728,0.16724051430498574,498,,,,,,,,0.5,,,HR WATCH
823680,2026-07-25 00:10:00+00:00,ATH,MIN,MIN,ATH,1,668904,Royce Lewis,confirmed,5.0,4.3,682052,0.0321285140562249,0.08032128514056225,0.0684931506849315,0.19678714859437751,0.20883534136546184,0.24899598393574296,0.08835341365461848,0.30220679138888884,96.72200000000001,0.03125,0.09375,0.07792207792207792,0.21875,0.234375,0.1875,0.125,0.3246986677777778,98.21133333333334,R,0.04564315352697095,0.03734439834024896,0.14937759336099585,0.6237942122186495,0.17012448132780084,0.13278008298755187,0.2831282713179885,98.5725,12.583333333333334,L,0.0,0.0,0.0,0.03,0.06,0.0,0,Target Field,80.3,60.0,12.0,0.0,0.0,1.1303958177744584,0.16651367104014358,501,,,,,,,,0.5,,,HR WATCH
823434,2026-07-24 22:45:00+00:00,NYY,PHI,PHI,NYY,1,607208,Trea Turner,confirmed,1.0,4.75,693645,0.03773584905660377,0.05660377358490566,0.0423728813559322,0.18490566037735848,0.2792452830188679,0.23773584905660378,0.05660377358490566,0.3046862691666667,96.43610169491525,0.06060606060606061,0.09090909090909091,0.07142857142857142,0.2727272727272727,0.3333333333333333,0.21212121212121213,0.09090909090909091,0.3391614033333334,98.334,R,0.03089887640449438,0.056179775280898875,0.15730337078651685,0.5887096774193549,0.29213483146067415,0.05898876404494382,0.2852568869223205,99.28733333333335,17.466666666666665,R,0.0,0.0,0.0,0.03,0.06,0.0,1,Citizens Bank Park,80.4,44.0,6.0,0.0,0.0,1.3728528752800595,0.16638518568975844,501,,,,,,,,0.5,,,HR WATCH
822707,2026-07-24 22:45:00+00:00,ARI,WSH,ARI,WSH,0,606466,Ketel Marte,confirmed,1.0,4.75,687223,0.04797047970479705,0.08487084870848709,0.06460674157303371,0.22140221402214022,0.2177121771217712,0.12177121771217712,0.07380073800738007,0.3638424994444444,101.77866666666665,0.014925373134328358,0.04477611940298507,0.03409090909090909,0.13432835820895522,0.23880597014925373,0.208955223880597,0.07462686567164178,0.28442657,98.57400000000001,R,0.023255813953488372,0.046511627906976744,0.13953488372093023,0.39655172413793105,0.27906976744186046,0.046511627906976744,0.3258621827651515,96.16,6.5,L,0.0,0.0,0.0,0.03,0.06,0.0,0,Nationals Park,79.8,39.0,5.4,0.0,0.0,1.3589088479226443,0.16457088391193023,508,,,,,,,,0.5,,,HR WATCH
824812,2026-07-24 23:05:00+00:00,ATL,BAL,ATL,BAL,0,663586,Austin Riley,confirmed,6.0,4.15,669432,0.029045643153526972,0.07468879668049792,0.061855670103092786,0.22406639004149378,0.1991701244813278,0.31950207468879666,0.07883817427385892,0.30329711805555554,97.18766666666667,0.04838709677419355,0.0967741935483871,0.07228915662650602,0.22580645161290322,0.1935483870967742,0.3387096774193548,0.06451612903225806,0.35785800888888886,97.92533333333334,R,0.029940119760479042,0.05389221556886228,0.2275449101796407,0.5386178861788617,0.18862275449101795,0.08083832335329341,0.3355800180000837,101.46866666666668,15.333333333333334,L,0.0,0.0,0.0,0.03,0.06,0.0,0,Oriole Park at Camden Yards,79.8,40.0,5.9,0.0,0.0,1.0533233756534728,0.16229733611308306,516,,,,,,,,0.5,,,HR WATCH
824733,2026-07-24 23:15:00+00:00,TOR,BOS,TOR,BOS,0,676914,Davis Schneider,confirmed,6.0,4.15,663776,0.020202020202020204,0.050505050505050504,0.046296296296296294,0.20202020202020202,0.13131313131313133,0.3333333333333333,0.15151515151515152,0.2419479022222222,96.63206896551723,0.041666666666666664,0.0625,0.05263157894736842,0.25,0.1875,0.3333333333333333,0.10416666666666667,0.2152928222222222,96.79199999999999,R,0.023809523809523808,0.023809523809523808,0.19047619047619047,0.45098039215686275,0.23809523809523808,0.047619047619047616,0.31864304462242565,100.505,13.5,L,0.0,0.0,0.0,0.03,0.06,0.0,0,Fenway Park,79.4,40.0,6.7,0.0,0.0,0.9056011949215832,0.1597761572371371,526,,,,,,,,0.5,,,PASS
823843,2026-07-24 23:10:00+00:00,SD,MIA,SD,MIA,0,701538,Jackson Merrill,confirmed,5.0,4.3,687473,0.03937007874015748,0.07086614173228346,0.04736842105263158,0.23622047244094488,0.3464566929133858,0.25196850393700787,0.05511811023622047,0.2958707886111111,96.04149999999998,0.06060606060606061,0.07575757575757576,0.04310344827586207,0.2727272727272727,0.3939393939393939,0.21212121212121213,0.06060606060606061,0.35602737333333334,95.70133333333334,L,0.0297029702970297,0.06930693069306931,0.22772277227722773,0.5107913669064749,0.1782178217821782,0.09900990099009901,0.34193570762108266,100.53666666666668,10.666666666666666,R,0.0,0.0,0.0,0.03,0.06,0.0,0,loanDepot park,85.6,71.0,5.2,0.0,0.5,0.8670649738610903,0.15649178893909352,539,,,,,,,,0.5,,,PASS
823601,2026-07-24 23:10:00+00:00,LAD,NYM,NYM,LAD,1,596019,Francisco Lindor,confirmed,4.0,4.45,808963,0.030456852791878174,0.06598984771573604,0.04779411764705882,0.25888324873096447,0.2436548223350254,0.16751269035532995,0.09644670050761421,0.34655342333333333,98.9877777777778,0.029850746268656716,0.05970149253731343,0.043478260869565216,0.31343283582089554,0.2835820895522388,0.16417910447761194,0.08955223880597014,0.3328577833333333,99.99666666666664,L,0.05105105105105105,0.08108108108108109,0.2072072072072072,0.5100671140939598,0.22822822822822822,0.08708708708708708,0.32844955201313025,101.12599999999999,15.4,R,0.0,0.0,0.0,0.03,0.06,0.0,0,Citi Field,79.1,36.0,7.2,0.0,0.0,0.9874906646751306,0.15534304575503766,544,,,,,,,,0.5,,,PASS
822872,2026-07-25 00:05:00+00:00,SEA,TEX,TEX,SEA,1,694671,Wyatt Langford,confirmed,2.0,4.65,682243,0.05092592592592592,0.06481481481481481,0.04794520547945205,0.19444444444444445,0.24537037037037038,0.21296296296296297,0.06018518518518518,0.32382835533333326,98.052,0.07462686567164178,0.08955223880597014,0.06976744186046512,0.208955223880597,0.2835820895522388,0.19402985074626866,0.05970149253731343,0.37565959888888895,98.738,R,0.03587443946188341,0.04484304932735426,0.16591928251121077,0.5623003194888179,0.3004484304932735,0.04484304932735426,0.23491195429960135,99.521,17.4,R,0.0,0.0,0.0,0.03,0.06,0.0,1,Globe Life Field,93.1,45.0,11.0,0.0,0.5,1.156086631814787,0.15462211556695837,547,,,,,,,,0.5,,,PASS
824573,2026-07-24 23:40:00+00:00,HOU,CWS,CWS,HOU,1,695657,Colson Montgomery,confirmed,4.0,4.45,681293,0.058823529411764705,0.07450980392156863,0.06643356643356643,0.21176470588235294,0.24313725490196078,0.34901960784313724,0.0784313725490196,0.3104214063888889,95.99258620689656,0.046875,0.046875,0.046875,0.171875,0.171875,0.34375,0.0625,0.2956771666666667,92.76999999999998,L,0.03418803418803419,0.04843304843304843,0.16524216524216523,0.5375302663438256,0.21937321937321938,0.12535612535612536,0.34421642660117935,99.88733333333333,15.866666666666667,R,0.0,0.0,0.0,0.03,0.06,0.0,0,Rate Field,73.9,52.0,7.1,0.0,0.0,0.7707244212098581,0.15362729781796186,551,,,,,,,,0.5,,,PASS
823434,2026-07-24 22:45:00+00:00,NYY,PHI,NYY,PHI,0,700250,Ben Rice,confirmed,2.0,4.65,666200,0.06741573033707865,0.08614232209737828,0.06845238095238096,0.20973782771535582,0.2696629213483146,0.22846441947565543,0.09737827715355805,0.3508971880555556,99.04650000000001,0.09375,0.140625,0.1,0.28125,0.265625,0.234375,0.09375,0.4502360466666666,101.28466666666667,L,0.019337016574585635,0.03038674033149171,0.09944751381215469,0.4387254901960784,0.30386740331491713,0.07734806629834254,0.24691650408421478,99.43400000000001,17.333333333333332,L,0.0,0.0,0.0,0.03,0.06,0.0,1,Citizens Bank Park,80.4,44.0,6.0,0.0,0.0,1.3728528752800595,0.1526433985795371,555,,,,,,,,0.5,,,PASS
824573,2026-07-24 23:40:00+00:00,HOU,CWS,CWS,HOU,1,678246,Miguel Vargas,confirmed,3.0,4.55,681293,0.045283018867924525,0.10566037735849057,0.08,0.2641509433962264,0.2792452830188679,0.16981132075471697,0.1018867924528302,0.3853887513888889,98.58816666666667,0.03076923076923077,0.1076923076923077,0.07777777777777778,0.26153846153846155,0.26153846153846155,0.16923076923076924,0.09230769230769231,0.3292290333333333,97.60266666666668,R,0.03418803418803419,0.04843304843304843,0.16524216524216523,0.5375302663438256,0.21937321937321938,0.12535612535612536,0.34421642660117935,99.88733333333333,15.866666666666667,R,0.0,0.0,0.0,0.03,0.06,0.0,1,Rate Field,73.9,52.0,7.1,0.0,0.0,0.7707244212098581,0.15035342705217752,565,,,,,,,,0.5,,,PASS
823601,2026-07-24 23:10:00+00:00,LAD,NYM,NYM,LAD,1,665742,Juan Soto,confirmed,2.0,4.65,808963,0.06589147286821706,0.07751937984496124,0.06666666666666667,0.19767441860465115,0.18604651162790697,0.12403100775193798,0.18604651162790697,0.4315368500793651,100.21399999999998,0.058823529411764705,0.07352941176470588,0.06172839506172839,0.1323529411764706,0.14705882352941177,0.17647058823529413,0.23529411764705882,0.40248378111111116,99.57000000000001,L,0.05105105105105105,0.08108108108108109,0.2072072072072072,0.5100671140939598,0.22822822822822822,0.08708708708708708,0.32844955201313025,101.12599999999999,15.4,R,0.0,0.0,0.0,0.03,0.06,0.0,0,Citi Field,79.1,36.0,7.2,0.0,0.0,0.9874906646751306,0.15033270011895186,565,,,,,,,,0.5,,,PASS
823352,2026-07-24 22:40:00+00:00,CHC,PIT,CHC,PIT,0,691718,Pete Crow-Armstrong,confirmed,1.0,4.75,683003,0.06181818181818182,0.06909090909090909,0.055232558139534885,0.2509090909090909,0.2909090909090909,0.26181818181818184,0.14545454545454545,0.3864308402777778,97.06516666666668,0.029850746268656716,0.04477611940298507,0.03571428571428571,0.14925373134328357,0.29850746268656714,0.26865671641791045,0.19402985074626866,0.34603574666666664,94.386,L,0.03048780487804878,0.042682926829268296,0.14634146341463414,0.4973544973544973,0.2926829268292683,0.07317073170731707,0.2764073858732479,101.56222222222222,13.222222222222221,R,0.0,0.0,0.0,0.03,0.06,0.0,0,PNC Park,79.2,49.0,6.1,0.0,0.0,1.027632561613144,0.14995143785588513,567,,,,,,,,0.5,,,PASS
824733,2026-07-24 23:15:00+00:00,TOR,BOS,BOS,TOR,1,575929,Willson Contreras,confirmed,4.0,4.45,702056,0.06072874493927125,0.08097165991902834,0.0641025641025641,0.2388663967611336,0.21052631578947367,0.22672064777327935,0.08906882591093117,0.39164048583333333,100.24152542372883,0.0847457627118644,0.13559322033898305,0.1111111111111111,0.3559322033898305,0.2033898305084746,0.1864406779661017,0.1016949152542373,0.50972849,102.75066666666666,R,0.023880597014925373,0.03582089552238806,0.1880597014925373,0.571078431372549,0.23283582089552238,0.12238805970149254,0.2884100010897955,98.49133333333334,16.133333333333333,R,6.0,0.0,1.0,0.02608695652173913,0.07391304347826087,0.13043478260869565,1,Fenway Park,79.4,40.0,6.7,0.0,0.0,0.9056011949215832,0.1498594069002408,567,,,,,,,,0.5,,,PASS
822952,2026-07-24 23:10:00+00:00,CLE,TB,TB,CLE,1,666018,Jonathan Aranda,confirmed,2.0,4.65,676282,0.022388059701492536,0.06716417910447761,0.05084745762711865,0.21641791044776118,0.26492537313432835,0.22388059701492538,0.11567164179104478,0.3566422641666667,97.227,0.015151515151515152,0.09090909090909091,0.061855670103092786,0.22727272727272727,0.42424242424242425,0.25757575757575757,0.06060606060606061,0.3063966422222222,96.99933333333334,L,0.024096385542168676,0.04216867469879518,0.1355421686746988,0.4225721784776903,0.23493975903614459,0.11746987951807229,0.31067709168815244,99.51333333333335,14.666666666666666,L,0.0,0.0,0.0,0.03,0.06,0.0,1,Tropicana Field,88.5,62.0,8.7,0.0,1.0,1.1107499011553836,0.1476448963411625,577,,,,,,,,0.5,,,PASS
823434,2026-07-24 22:45:00+00:00,NYY,PHI,PHI,NYY,1,669016,Brandon Marsh,confirmed,4.0,4.45,693645,0.048582995951417005,0.0728744939271255,0.05232558139534884,0.1862348178137652,0.30364372469635625,0.3117408906882591,0.05263157894736842,0.3030631261111111,94.74283333333332,0.03076923076923077,0.07692307692307693,0.06172839506172839,0.15384615384615385,0.27692307692307694,0.2923076923076923,0.09230769230769231,0.28129346333333327,95.06533333333333,L,0.03089887640449438,0.056179775280898875,0.15730337078651685,0.5887096774193549,0.29213483146067415,0.05898876404494382,0.2852568869223205,99.28733333333335,17.466666666666665,R,0.0,0.0,0.0,0.03,0.06,0.0,0,Citizens Bank Park,80.4,44.0,6.0,0.0,0.0,1.3728528752800595,0.14755625351255613,578,,,,,,,,0.5,,,PASS
823031,2026-07-25 00:15:00+00:00,CIN,STL,CIN,STL,0,701398,Sal Stewart,confirmed,2.0,4.65,669160,0.04182509505703422,0.07224334600760456,0.06291390728476821,0.20152091254752852,0.21292775665399238,0.22433460076045628,0.09885931558935361,0.30801404944444444,97.111,0.06060606060606061,0.07575757575757576,0.05555555555555555,0.22727272727272727,0.25757575757575757,0.18181818181818182,0.045454545454545456,0.2609442533333333,96.10333333333332,R,0.015105740181268883,0.03927492447129909,0.1510574018126888,0.47540983606557374,0.24169184290030213,0.08459214501510574,0.3171871495868575,100.07733333333336,15.533333333333333,R,0.0,0.0,0.0,0.03,0.06,0.0,1,Busch Stadium,73.7,71.0,3.0,0.0,0.0,0.65,0.14713803491474603,580,,,,,,,,0.5,,,PASS
824733,2026-07-24 23:15:00+00:00,TOR,BOS,BOS,TOR,1,677800,Wilyer Abreu,confirmed,3.0,4.55,702056,0.034220532319391636,0.09505703422053231,0.06720430107526881,0.20912547528517111,0.34220532319391633,0.20912547528517111,0.07984790874524715,0.3368346191666667,97.09999999999998,0.07575757575757576,0.15151515151515152,0.125,0.2878787878787879,0.36363636363636365,0.19696969696969696,0.10606060606060606,0.4430006066666667,100.498,L,0.023880597014925373,0.03582089552238806,0.1880597014925373,0.571078431372549,0.23283582089552238,0.12238805970149254,0.2884100010897955,98.49133333333334,16.133333333333333,R,5.0,0.0,0.0,0.026666666666666665,0.05333333333333333,0.1111111111111111,0,Fenway Park,79.4,40.0,6.7,0.0,0.0,0.9056011949215832,0.14685758847537303,581,,,,,,,,0.5,,,PASS
823352,2026-07-24 22:40:00+00:00,CHC,PIT,PIT,CHC,1,668804,Bryan Reynolds,confirmed,3.0,4.55,571510,0.03731343283582089,0.07462686567164178,0.059880239520958084,0.1865671641791045,0.26492537313432835,0.23134328358208955,0.11567164179104478,0.3682140066666666,97.71466666666667,0.045454545454545456,0.07575757575757576,0.060240963855421686,0.13636363636363635,0.2878787878787879,0.3181818181818182,0.10606060606060606,0.33360671000000003,95.5953333333333,R,0.027649769585253458,0.06912442396313365,0.1889400921658986,0.5246478873239436,0.2350230414746544,0.06451612903225806,0.3320788791784113,103.19000000000001,15.4,L,0.0,0.0,0.0,0.03,0.06,0.0,0,PNC Park,79.2,49.0,6.1,0.0,0.0,1.027632561613144,0.14682733432039471,581,,,,,,,,0.5,,,PASS
823031,2026-07-25 00:15:00+00:00,CIN,STL,CIN,STL,0,682829,Elly De La Cruz,confirmed,1.0,4.75,669160,0.040892193308550186,0.08921933085501858,0.08275862068965517,0.17472118959107807,0.23048327137546468,0.25650557620817843,0.10037174721189591,0.35891247499999995,99.685,0.057971014492753624,0.08695652173913043,0.08,0.13043478260869565,0.2318840579710145,0.18840579710144928,0.15942028985507245,0.3872696633333333,97.99666666666666,L,0.015105740181268883,0.03927492447129909,0.1510574018126888,0.47540983606557374,0.24169184290030213,0.08459214501510574,0.3171871495868575,100.07733333333336,15.533333333333333,R,0.0,0.0,0.0,0.03,0.06,0.0,0,Busch Stadium,73.7,71.0,3.0,0.0,0.0,0.65,0.14656404618401214,582,,,,,,,,0.5,,,PASS
824248,2026-07-24 22:40:00+00:00,KC,DET,DET,KC,1,693307,Dillon Dingler,confirmed,3.0,4.55,694360,0.06153846153846154,0.06538461538461539,0.05120481927710843,0.23846153846153847,0.25384615384615383,0.2230769230769231,0.06923076923076923,0.3652038025,97.72166666666666,0.04838709677419355,0.03225806451612903,0.02631578947368421,0.22580645161290322,0.22580645161290322,0.1935483870967742,0.03225806451612903,0.32563266,95.85600000000002,R,,,,,,,,,,,0.0,0.0,0.0,0.03,0.06,0.0,0,Comerica Park,78.0,42.0,6.3,0.0,0.0,0.9067346131880684,0.14639774119503554,583,,,,,,,,0.5,,,PASS
824248,2026-07-24 22:40:00+00:00,KC,DET,DET,KC,1,679529,Spencer Torkelson,confirmed,5.0,4.3,694360,0.04918032786885246,0.07377049180327869,0.06338028169014084,0.20081967213114754,0.26229508196721313,0.3442622950819672,0.0860655737704918,0.2887644161111111,94.90483333333333,0.08196721311475409,0.09836065573770492,0.08,0.16393442622950818,0.26229508196721313,0.36065573770491804,0.06557377049180328,0.2579886155555556,94.57466666666667,R,,,,,,,,,,,0.0,0.0,0.0,0.03,0.06,0.0,0,Comerica Park,78.0,42.0,6.3,0.0,0.0,0.9067346131880684,0.1462854677669127,584,,,,,,,,0.5,,,PASS
823031,2026-07-25 00:15:00+00:00,CIN,STL,STL,CIN,1,676475,Alec Burleson,confirmed,3.0,4.55,695076,0.03488372093023256,0.08527131782945736,0.05994550408719346,0.28294573643410853,0.2558139534883721,0.13953488372093023,0.06201550387596899,0.3847837594444445,100.35333333333334,0.01639344262295082,0.11475409836065574,0.07777777777777778,0.29508196721311475,0.14754098360655737,0.13114754098360656,0.06557377049180328,0.3810625055555556,101.82666666666668,L,0.026402640264026403,0.066006600660066,0.1782178217821782,0.5126050420168067,0.19141914191419143,0.09900990099009901,0.36385716351214403,101.76499999999999,13.928571428571429,R,2.0,0.0,0.0,0.02857142857142857,0.05714285714285714,0.047619047619047616,0,Busch Stadium,73.7,71.0,3.0,0.0,0.0,0.65,0.14626361447315506,584,,,,,,,,0.5,,,PASS
823031,2026-07-25 00:15:00+00:00,CIN,STL,STL,CIN,1,691023,Jordan Walker,confirmed,2.0,4.65,695076,0.04330708661417323,0.08267716535433071,0.06666666666666667,0.15748031496062992,0.16535433070866143,0.22440944881889763,0.06299212598425197,0.34426406722222225,100.54366666666668,0.03225806451612903,0.0967741935483871,0.0759493670886076,0.11290322580645161,0.20967741935483872,0.1935483870967742,0.0967741935483871,0.37380389444444445,103.20066666666666,R,0.026402640264026403,0.066006600660066,0.1782178217821782,0.5126050420168067,0.19141914191419143,0.09900990099009901,0.36385716351214403,101.76499999999999,13.928571428571429,R,2.0,0.0,0.0,0.02857142857142857,0.05714285714285714,0.047619047619047616,1,Busch Stadium,73.7,71.0,3.0,0.0,0.0,0.65,0.1433758754392366,597,,,,,,,,0.5,,,PASS
823843,2026-07-24 23:10:00+00:00,SD,MIA,SD,MIA,0,630105,Jake Cronenworth,confirmed,2.0,4.65,687473,0.016216216216216217,0.03783783783783784,0.028925619834710745,0.15675675675675677,0.2,0.21621621621621623,0.0918918918918919,0.29815125034722223,94.35625,0.017241379310344827,0.017241379310344827,0.01282051282051282,0.1896551724137931,0.1896551724137931,0.27586206896551724,0.05172413793103448,0.29254732555555557,94.87733333333333,L,0.0297029702970297,0.06930693069306931,0.22772277227722773,0.5107913669064749,0.1782178217821782,0.09900990099009901,0.34193570762108266,100.53666666666668,10.666666666666666,R,0.0,0.0,0.0,0.03,0.06,0.0,0,loanDepot park,85.6,71.0,5.2,0.0,0.5,0.8670649738610903,0.14064054962236852,611,,,,,,,,0.5,,,PASS
823352,2026-07-24 22:40:00+00:00,CHC,PIT,CHC,PIT,0,683737,Michael Busch,confirmed,3.0,4.55,683003,0.03663003663003663,0.06227106227106227,0.05167173252279635,0.20512820512820512,0.23076923076923078,0.2454212454212454,0.14285714285714285,0.3462584597222223,94.33683333333333,0.030303030303030304,0.015151515151515152,0.010526315789473684,0.18181818181818182,0.2878787878787879,0.25757575757575757,0.07575757575757576,0.3008580066666667,93.65200000000002,L,0.03048780487804878,0.042682926829268296,0.14634146341463414,0.4973544973544973,0.2926829268292683,0.07317073170731707,0.2764073858732479,101.56222222222222,13.222222222222221,R,0.0,0.0,0.0,0.03,0.06,0.0,0,PNC Park,79.2,49.0,6.1,0.0,0.0,1.027632561613144,0.14003928786170075,614,,,,,,,,0.5,,,PASS
823352,2026-07-24 22:40:00+00:00,CHC,PIT,PIT,CHC,1,664040,Brandon Lowe,confirmed,7.0,4.0,571510,0.04,0.07272727272727272,0.06006006006006006,0.2290909090909091,0.23272727272727273,0.3018181818181818,0.07272727272727272,0.31013794916666665,97.25183333333334,0.014705882352941176,0.058823529411764705,0.047058823529411764,0.16176470588235295,0.23529411764705882,0.3235294117647059,0.058823529411764705,0.29304710222222224,97.26666666666667,L,0.027649769585253458,0.06912442396313365,0.1889400921658986,0.5246478873239436,0.2350230414746544,0.06451612903225806,0.3320788791784113,103.19000000000001,15.4,L,0.0,0.0,0.0,0.03,0.06,0.0,1,PNC Park,79.2,49.0,6.1,0.0,0.0,1.027632561613144,0.13918087875633411,618,,,,,,,,0.5,,,PASS
823680,2026-07-25 00:10:00+00:00,ATH,MIN,ATH,MIN,0,691016,Tyler Soderstrom,confirmed,2.0,4.65,805673,0.051587301587301584,0.05952380952380952,0.047619047619047616,0.14285714285714285,0.21031746031746032,0.1746031746031746,0.1349206349206349,0.34219436111111107,97.1245,0.05084745762711865,0.05084745762711865,0.0379746835443038,0.13559322033898305,0.1864406779661017,0.15254237288135594,0.1016949152542373,0.3507706666666666,96.93133333333334,L,0.050505050505050504,0.09090909090909091,0.22895622895622897,0.5445026178010471,0.19528619528619529,0.0707070707070707,0.33523450320992615,101.75916666666667,17.25,R,0.0,0.0,0.0,0.03,0.06,0.0,0,Target Field,80.3,60.0,12.0,0.0,0.0,1.1303958177744584,0.13870442041192774,621,,,,,,,,0.5,,,PASS
823434,2026-07-24 22:45:00+00:00,NYY,PHI,NYY,PHI,0,502671,Paul Goldschmidt,confirmed,1.0,4.75,666200,0.058823529411764705,0.08235294117647059,0.061764705882352944,0.18823529411764706,0.28627450980392155,0.25882352941176473,0.06274509803921569,0.2997574527777778,94.56799999999998,0.01639344262295082,0.04918032786885246,0.036585365853658534,0.09836065573770492,0.26229508196721313,0.39344262295081966,0.04918032786885246,0.18663207666666662,90.66199999999999,R,0.019337016574585635,0.03038674033149171,0.09944751381215469,0.4387254901960784,0.30386740331491713,0.07734806629834254,0.24691650408421478,99.43400000000001,17.333333333333332,L,0.0,0.0,0.0,0.03,0.06,0.0,0,Citizens Bank Park,80.4,44.0,6.0,0.0,0.0,1.3728528752800595,0.13859362412914172,622,,,,,,,,0.5,,,PASS
823352,2026-07-24 22:40:00+00:00,CHC,PIT,CHC,PIT,0,673548,Seiya Suzuki,confirmed,2.0,4.65,683003,0.04182509505703422,0.06463878326996197,0.052307692307692305,0.17110266159695817,0.2509505703422053,0.2661596958174905,0.11026615969581749,0.3246386652777778,96.5825,0.06060606060606061,0.10606060606060606,0.08536585365853659,0.19696969696969696,0.25757575757575757,0.24242424242424243,0.15151515151515152,0.38356589222222226,96.23399999999998,R,0.03048780487804878,0.042682926829268296,0.14634146341463414,0.4973544973544973,0.2926829268292683,0.07317073170731707,0.2764073858732479,101.56222222222222,13.222222222222221,R,0.0,0.0,0.0,0.03,0.06,0.0,1,PNC Park,79.2,49.0,6.1,0.0,0.0,1.027632561613144,0.13846255464335516,622,,,,,,,,0.5,,,PASS
822952,2026-07-24 23:10:00+00:00,CLE,TB,TB,CLE,1,650490,Yandy Díaz,confirmed,1.0,4.75,676282,0.033707865168539325,0.056179775280898875,0.03926701570680628,0.18726591760299627,0.21348314606741572,0.13857677902621723,0.09737827715355805,0.36093429472222227,99.54700000000001,0.029411764705882353,0.058823529411764705,0.03669724770642202,0.17647058823529413,0.27941176470588236,0.11764705882352941,0.029411764705882353,0.2973531555555555,98.89133333333332,R,0.024096385542168676,0.04216867469879518,0.1355421686746988,0.4225721784776903,0.23493975903614459,0.11746987951807229,0.31067709168815244,99.51333333333335,14.666666666666666,L,0.0,0.0,0.0,0.03,0.06,0.0,0,Tropicana Field,88.5,62.0,8.7,0.0,1.0,1.1107499011553836,0.1378982944823887,625,,,,,,,,0.5,,,PASS
824248,2026-07-24 22:40:00+00:00,KC,DET,KC,DET,0,695600,Carter Jensen,confirmed,1.0,4.75,669373,0.03088803088803089,0.05791505791505792,0.04559270516717325,0.1969111969111969,0.2277992277992278,0.2702702702702703,0.08494208494208494,0.26736969932539684,96.68166666666667,0.02857142857142857,0.07142857142857142,0.04807692307692308,0.17142857142857143,0.2571428571428571,0.32857142857142857,0.11428571428571428,0.24805512285714287,95.41266666666665,L,0.031055900621118012,0.043478260869565216,0.14906832298136646,0.5048309178743962,0.30434782608695654,0.034161490683229816,0.26800185645087315,98.9707142857143,17.642857142857142,L,0.0,0.0,0.0,0.03,0.06,0.0,1,Comerica Park,78.0,42.0,6.3,0.0,0.0,0.9067346131880684,0.13701583482991866,630,,,,,,,,0.5,,,PASS
823843,2026-07-24 23:10:00+00:00,SD,MIA,MIA,SD,1,672640,Otto Lopez,confirmed,1.0,4.75,608566,0.018726591760299626,0.04119850187265917,0.03323262839879154,0.16104868913857678,0.1760299625468165,0.1198501872659176,0.0599250936329588,0.32355868888888895,97.19016666666667,0.02857142857142857,0.05714285714285714,0.05,0.17142857142857143,0.21428571428571427,0.14285714285714285,0.08571428571428572,0.3361497677777778,96.81999999999998,R,0.058823529411764705,0.06951871657754011,0.24598930481283424,0.5333333333333333,0.15508021390374332,0.10160427807486631,0.36158670502306334,102.33222222222223,13.333333333333334,R,0.0,0.0,0.0,0.03,0.06,0.0,1,loanDepot park,85.6,71.0,5.2,0.0,0.5,0.8670649738610903,0.13672150920256754,631,,,,,,,,0.5,,,PASS
823601,2026-07-24 23:10:00+00:00,LAD,NYM,LAD,NYM,0,518692,Freddie Freeman,confirmed,4.0,4.45,640455,0.0421455938697318,0.05747126436781609,0.03712871287128713,0.2260536398467433,0.3563218390804598,0.19157088122605365,0.13026819923371646,0.37549123277777785,97.04599999999999,0.016129032258064516,0.0,0.0,0.20967741935483872,0.25806451612903225,0.1935483870967742,0.06451612903225806,0.30108008777777784,96.73666666666664,L,0.043209876543209874,0.05555555555555555,0.20987654320987653,0.5444015444015444,0.2222222222222222,0.05555555555555555,0.3180209291436485,101.08285714285714,15.571428571428571,L,0.0,0.0,0.0,0.03,0.06,0.0,1,Citi Field,79.1,36.0,7.2,0.0,0.0,0.9874906646751306,0.13638645660227666,633,,,,,,,,0.5,,,PASS
822872,2026-07-25 00:05:00+00:00,SEA,TEX,TEX,SEA,1,669394,Jake Burger,confirmed,6.0,4.15,682243,0.0411522633744856,0.06995884773662552,0.06007067137809187,0.17695473251028807,0.21810699588477367,0.2551440329218107,0.09465020576131687,0.3143626211111111,97.84033333333333,0.047619047619047616,0.1111111111111111,0.0945945945945946,0.20634920634920634,0.15873015873015872,0.30158730158730157,0.047619047619047616,0.28667211,98.38933333333334,R,0.03587443946188341,0.04484304932735426,0.16591928251121077,0.5623003194888179,0.3004484304932735,0.04484304932735426,0.23491195429960135,99.521,17.4,R,0.0,0.0,0.0,0.03,0.06,0.0,1,Globe Life Field,93.1,45.0,11.0,0.0,0.5,1.156086631814787,0.1361425646021984,635,,,,,,,,0.5,,,PASS
823843,2026-07-24 23:10:00+00:00,SD,MIA,MIA,SD,1,665052,Griffin Conine,confirmed,6.0,4.15,608566,0.04395604395604396,0.07692307692307693,0.0625,0.18681318681318682,0.25274725274725274,0.3076923076923077,0.0989010989010989,0.3529981006666666,94.0064,0.03508771929824561,0.07017543859649122,0.04938271604938271,0.15789473684210525,0.2982456140350877,0.2982456140350877,0.10526315789473684,0.32576157,93.91600000000001,L,0.058823529411764705,0.06951871657754011,0.24598930481283424,0.5333333333333333,0.15508021390374332,0.10160427807486631,0.36158670502306334,102.33222222222223,13.333333333333334,R,0.0,0.0,0.0,0.03,0.06,0.0,0,loanDepot park,85.6,71.0,5.2,0.0,0.5,0.8670649738610903,0.1353274038771847,639,,,,,,,,0.5,,,PASS
823601,2026-07-24 23:10:00+00:00,LAD,NYM,LAD,NYM,0,681624,Andy Pages,confirmed,2.0,4.65,640455,0.029197080291970802,0.058394160583941604,0.044444444444444446,0.17518248175182483,0.2846715328467153,0.20437956204379562,0.09124087591240876,0.32106373222222223,96.0136666666667,0.015151515151515152,0.015151515151515152,0.010869565217391304,0.13636363636363635,0.2727272727272727,0.22727272727272727,0.13636363636363635,0.32230659666666667,93.658,R,0.043209876543209874,0.05555555555555555,0.20987654320987653,0.5444015444015444,0.2222222222222222,0.05555555555555555,0.3180209291436485,101.08285714285714,15.571428571428571,L,0.0,0.0,0.0,0.03,0.06,0.0,0,Citi Field,79.1,36.0,7.2,0.0,0.0,0.9874906646751306,0.13439454099314765,644,,,,,,,,0.5,,,PASS
822707,2026-07-24 22:45:00+00:00,ARI,WSH,ARI,WSH,0,596146,Max Kepler,confirmed,6.0,4.15,687223,0.03508771929824561,0.07017543859649122,0.047619047619047616,0.22807017543859648,0.21052631578947367,0.21052631578947367,0.08771929824561403,0.29145785111111105,95.32000000000001,0.03508771929824561,0.07017543859649122,0.047619047619047616,0.22807017543859648,0.21052631578947367,0.21052631578947367,0.08771929824561403,0.29145785111111105,95.32000000000001,L,0.023255813953488372,0.046511627906976744,0.13953488372093023,0.39655172413793105,0.27906976744186046,0.046511627906976744,0.3258621827651515,96.16,6.5,L,0.0,0.0,0.0,0.03,0.06,0.0,1,Nationals Park,79.8,39.0,5.4,0.0,0.0,1.3589088479226443,0.13398735281281024,646,,,,,,,,0.5,,,PASS
822952,2026-07-24 23:10:00+00:00,CLE,TB,CLE,TB,0,682657,Angel Martínez,confirmed,1.0,4.75,663556,0.04721030042918455,0.060085836909871244,0.04,0.1630901287553648,0.3218884120171674,0.2145922746781116,0.030042918454935622,0.30804368363095236,95.5775,0.03333333333333333,0.03333333333333333,0.023809523809523808,0.16666666666666666,0.36666666666666664,0.3,0.016666666666666666,0.27864336,91.028,R,0.018808777429467086,0.05956112852664577,0.16927899686520376,0.4502487562189055,0.22570532915360503,0.06269592476489028,0.3112599524312076,100.72333333333334,15.266666666666667,L,0.0,0.0,0.0,0.03,0.06,0.0,0,Tropicana Field,88.5,62.0,8.7,0.0,1.0,1.1107499011553836,0.13380290777586296,647,,,,,,,,0.5,,,PASS
824812,2026-07-24 23:05:00+00:00,ATL,BAL,BAL,ATL,1,687637,Dylan Beavers,confirmed,1.0,4.75,656550,0.012987012987012988,0.03896103896103896,0.029850746268656716,0.18181818181818182,0.23376623376623376,0.22727272727272727,0.08441558441558442,0.28235511707317074,93.87853658536586,0.0,0.03636363636363636,0.029850746268656716,0.18181818181818182,0.21818181818181817,0.21818181818181817,0.05454545454545454,0.29721905555555556,94.234,L,0.04113924050632911,0.06329113924050633,0.17721518987341772,0.4463840399002494,0.189873417721519,0.10443037974683544,0.3407417140560797,101.96399999999998,14.066666666666666,R,0.0,0.0,0.0,0.03,0.06,0.0,0,Oriole Park at Camden Yards,79.8,40.0,5.9,0.0,0.0,1.0533233756534728,0.13372295661626454,648,,,,,,,,0.5,,,PASS
823680,2026-07-25 00:10:00+00:00,ATH,MIN,ATH,MIN,0,666126,Carlos Cortes,confirmed,4.0,4.45,805673,0.03167420814479638,0.06334841628959276,0.046511627906976744,0.15384615384615385,0.3212669683257919,0.13122171945701358,0.09049773755656108,0.33690148128654973,97.22473684210526,0.034482758620689655,0.034482758620689655,0.02666666666666667,0.1206896551724138,0.3448275862068966,0.22413793103448276,0.017241379310344827,0.24748045777777772,97.67866666666667,L,0.050505050505050504,0.09090909090909091,0.22895622895622897,0.5445026178010471,0.19528619528619529,0.0707070707070707,0.33523450320992615,101.75916666666667,17.25,R,0.0,0.0,0.0,0.03,0.06,0.0,0,Target Field,80.3,60.0,12.0,0.0,0.0,1.1303958177744584,0.13368849552270046,648,,,,,,,,0.5,,,PASS
824812,2026-07-24 23:05:00+00:00,ATL,BAL,BAL,ATL,1,681297,Colton Cowser,confirmed,5.0,4.3,656550,0.02857142857142857,0.06190476190476191,0.05508474576271186,0.16666666666666666,0.20952380952380953,0.30952380952380953,0.11428571428571428,0.30659157722222224,93.39830508474576,0.018518518518518517,0.037037037037037035,0.0392156862745098,0.18518518518518517,0.2037037037037037,0.3333333333333333,0.09259259259259259,0.2677143155555556,95.35266666666665,L,0.04113924050632911,0.06329113924050633,0.17721518987341772,0.4463840399002494,0.189873417721519,0.10443037974683544,0.3407417140560797,101.96399999999998,14.066666666666666,R,0.0,0.0,0.0,0.03,0.06,0.0,0,Oriole Park at Camden Yards,79.8,40.0,5.9,0.0,0.0,1.0533233756534728,0.13356406408759483,649,,,,,,,,0.5,,,PASS
823680,2026-07-25 00:10:00+00:00,ATH,MIN,ATH,MIN,0,622268,Donovan Walton,confirmed,5.0,4.3,805673,0.02830188679245283,0.03773584905660377,0.026490066225165563,0.22641509433962265,0.2830188679245283,0.18867924528301888,0.09433962264150944,0.31315508148148147,95.30185185185185,0.05172413793103448,0.017241379310344827,0.012195121951219513,0.20689655172413793,0.3103448275862069,0.1724137931034483,0.1206896551724138,0.3432732022222222,95.95800000000001,L,0.050505050505050504,0.09090909090909091,0.22895622895622897,0.5445026178010471,0.19528619528619529,0.0707070707070707,0.33523450320992615,101.75916666666667,17.25,R,0.0,0.0,0.0,0.03,0.06,0.0,0,Target Field,80.3,60.0,12.0,0.0,0.0,1.1303958177744584,0.13340799782184284,650,,,,,,,,0.5,,,PASS
823434,2026-07-24 22:45:00+00:00,NYY,PHI,PHI,NYY,1,547180,Bryce Harper,confirmed,3.0,4.55,693645,0.043137254901960784,0.050980392156862744,0.042071197411003236,0.1568627450980392,0.25098039215686274,0.23921568627450981,0.1568627450980392,0.3667578952777778,97.10900000000001,0.015625,0.015625,0.012658227848101266,0.078125,0.203125,0.296875,0.15625,0.24400966000000004,92.052,L,0.03089887640449438,0.056179775280898875,0.15730337078651685,0.5887096774193549,0.29213483146067415,0.05898876404494382,0.2852568869223205,99.28733333333335,17.466666666666665,R,0.0,0.0,0.0,0.03,0.06,0.0,0,Citizens Bank Park,80.4,44.0,6.0,0.0,0.0,1.3728528752800595,0.13276412362571488,653,,,,,,,,0.5,,,PASS
823031,2026-07-25 00:15:00+00:00,CIN,STL,CIN,STL,0,553993,Eugenio Suárez,confirmed,4.0,4.45,669160,0.04564315352697095,0.05394190871369295,0.04814814814814815,0.14522821576763487,0.21991701244813278,0.35269709543568467,0.08713692946058091,0.25903100333333334,94.57750000000001,0.08196721311475409,0.09836065573770492,0.08823529411764706,0.21311475409836064,0.26229508196721313,0.4262295081967213,0.09836065573770492,0.2872415366666667,97.85866666666666,R,0.015105740181268883,0.03927492447129909,0.1510574018126888,0.47540983606557374,0.24169184290030213,0.08459214501510574,0.3171871495868575,100.07733333333336,15.533333333333333,R,0.0,0.0,0.0,0.03,0.06,0.0,1,Busch Stadium,73.7,71.0,3.0,0.0,0.0,0.65,0.1324846471694834,655,,,,,,,,0.5,,,PASS
824812,2026-07-24 23:05:00+00:00,ATL,BAL,ATL,BAL,0,645277,Ozzie Albies,confirmed,2.0,4.65,669432,0.030534351145038167,0.03435114503816794,0.022388059701492536,0.18702290076335878,0.29389312977099236,0.15267175572519084,0.061068702290076333,0.2750481788888889,95.49516666666666,0.028985507246376812,0.028985507246376812,0.016260162601626018,0.17391304347826086,0.42028985507246375,0.2898550724637681,0.057971014492753624,0.2093904722222222,93.67533333333334,R,0.029940119760479042,0.05389221556886228,0.2275449101796407,0.5386178861788617,0.18862275449101795,0.08083832335329341,0.3355800180000837,101.46866666666668,15.333333333333334,L,0.0,0.0,0.0,0.03,0.06,0.0,0,Oriole Park at Camden Yards,79.8,40.0,5.9,0.0,0.0,1.0533233756534728,0.13196445198497486,658,,,,,,,,0.5,,,PASS
823843,2026-07-24 23:10:00+00:00,SD,MIA,SD,MIA,0,669134,Luis Campusano,confirmed,6.0,4.15,687473,0.04395604395604396,0.06593406593406594,0.05825242718446602,0.1978021978021978,0.16483516483516483,0.24175824175824176,0.14285714285714285,0.3350875092592593,94.37074074074074,0.03773584905660377,0.05660377358490566,0.05357142857142857,0.1509433962264151,0.1509433962264151,0.24528301886792453,0.18867924528301888,0.3449288277777777,94.72666666666666,R,0.0297029702970297,0.06930693069306931,0.22772277227722773,0.5107913669064749,0.1782178217821782,0.09900990099009901,0.34193570762108266,100.53666666666668,10.666666666666666,R,0.0,0.0,0.0,0.03,0.06,0.0,1,loanDepot park,85.6,71.0,5.2,0.0,0.5,0.8670649738610903,0.1319067412960998,658,,,,,,,,0.5,,,PASS
823352,2026-07-24 22:40:00+00:00,CHC,PIT,PIT,CHC,1,542303,Marcell Ozuna,confirmed,6.0,4.15,571510,0.03125,0.05078125,0.04377104377104377,0.19140625,0.2109375,0.3046875,0.09375,0.2970077752777777,95.50416666666665,0.05084745762711865,0.05084745762711865,0.0410958904109589,0.1864406779661017,0.1864406779661017,0.3728813559322034,0.1016949152542373,0.28328791444444446,94.01733333333335,R,0.027649769585253458,0.06912442396313365,0.1889400921658986,0.5246478873239436,0.2350230414746544,0.06451612903225806,0.3320788791784113,103.19000000000001,15.4,L,0.0,0.0,0.0,0.03,0.06,0.0,0,PNC Park,79.2,49.0,6.1,0.0,0.0,1.027632561613144,0.13187658522629234,658,,,,,,,,0.5,,,PASS
823601,2026-07-24 23:10:00+00:00,LAD,NYM,NYM,LAD,1,673357,Luis Robert Jr.,confirmed,6.0,4.15,808963,0.02830188679245283,0.02830188679245283,0.022556390977443608,0.19811320754716982,0.16981132075471697,0.19811320754716982,0.12264150943396226,0.31887127933333337,100.9132,0.03278688524590164,0.03278688524590164,0.023809523809523808,0.21311475409836064,0.19672131147540983,0.19672131147540983,0.04918032786885246,0.28362841555555557,100.88466666666666,R,0.05105105105105105,0.08108108108108109,0.2072072072072072,0.5100671140939598,0.22822822822822822,0.08708708708708708,0.32844955201313025,101.12599999999999,15.4,R,0.0,0.0,0.0,0.03,0.06,0.0,1,Citi Field,79.1,36.0,7.2,0.0,0.0,0.9874906646751306,0.13137995236086764,661,,,,,,,,0.5,,,PASS
823352,2026-07-24 22:40:00+00:00,CHC,PIT,CHC,PIT,0,664023,Ian Happ,confirmed,5.0,4.3,683003,0.03529411764705882,0.047058823529411764,0.03821656050955414,0.20392156862745098,0.25882352941176473,0.3176470588235294,0.10980392156862745,0.2798541130555556,94.60366666666667,0.016129032258064516,0.016129032258064516,0.013513513513513514,0.1774193548387097,0.16129032258064516,0.22580645161290322,0.14516129032258066,0.29850853111111114,94.20466666666667,L,0.03048780487804878,0.042682926829268296,0.14634146341463414,0.4973544973544973,0.2926829268292683,0.07317073170731707,0.2764073858732479,101.56222222222222,13.222222222222221,R,0.0,0.0,0.0,0.03,0.06,0.0,0,PNC Park,79.2,49.0,6.1,0.0,0.0,1.027632561613144,0.13097481899235644,664,,,,,,,,0.5,,,PASS
824248,2026-07-24 22:40:00+00:00,KC,DET,KC,DET,0,521692,Salvador Perez,confirmed,3.0,4.55,669373,0.03557312252964427,0.07509881422924901,0.05191256830601093,0.23715415019762845,0.2766798418972332,0.2015810276679842,0.043478260869565216,0.29687110555555557,96.50383333333335,0.0625,0.09375,0.06818181818181818,0.203125,0.234375,0.234375,0.0625,0.34882115666666663,96.70333333333335,R,0.031055900621118012,0.043478260869565216,0.14906832298136646,0.5048309178743962,0.30434782608695654,0.034161490683229816,0.26800185645087315,98.9707142857143,17.642857142857142,L,0.0,0.0,0.0,0.03,0.06,0.0,0,Comerica Park,78.0,42.0,6.3,0.0,0.0,0.9067346131880684,0.12988254672321334,670,,,,,,,,0.5,,,PASS
822707,2026-07-24 22:45:00+00:00,ARI,WSH,ARI,WSH,0,571448,Nolan Arenado,confirmed,5.0,4.3,687223,0.03305785123966942,0.045454545454545456,0.033846153846153845,0.2024793388429752,0.2644628099173554,0.2190082644628099,0.10330578512396695,0.28545977916666665,95.84916666666666,0.08064516129032258,0.08064516129032258,0.06944444444444445,0.1935483870967742,0.27419354838709675,0.25806451612903225,0.12903225806451613,0.31095434111111114,94.79866666666665,R,0.023255813953488372,0.046511627906976744,0.13953488372093023,0.39655172413793105,0.27906976744186046,0.046511627906976744,0.3258621827651515,96.16,6.5,L,0.0,0.0,0.0,0.03,0.06,0.0,0,Nationals Park,79.8,39.0,5.4,0.0,0.0,1.3589088479226443,0.12956174474760726,672,,,,,,,,0.5,,,PASS
824248,2026-07-24 22:40:00+00:00,KC,DET,DET,KC,1,690993,Colt Keith,confirmed,1.0,4.75,694360,0.037914691943127965,0.061611374407582936,0.05078125,0.1895734597156398,0.3222748815165877,0.1895734597156398,0.05687203791469194,0.31902185972222225,95.4845,0.061224489795918366,0.08163265306122448,0.05970149253731343,0.24489795918367346,0.4489795918367347,0.1836734693877551,0.061224489795918366,0.3818578388888889,96.03133333333334,L,,,,,,,,,,,0.0,0.0,0.0,0.03,0.06,0.0,0,Comerica Park,78.0,42.0,6.3,0.0,0.0,0.9067346131880684,0.129488128430432,672,,,,,,,,0.5,,,PASS
822707,2026-07-24 22:45:00+00:00,ARI,WSH,WSH,ARI,1,686611,Dylan Crews,confirmed,5.0,4.3,593958,0.03365384615384615,0.0625,0.052,0.13942307692307693,0.2548076923076923,0.21634615384615385,0.0625,0.3205696545138889,97.63958333333333,0.029850746268656716,0.04477611940298507,0.04054054054054054,0.08955223880597014,0.23880597014925373,0.22388059701492538,0.14925373134328357,0.32543218999999995,96.23199999999999,R,0.022284122562674095,0.07799442896935933,0.2116991643454039,0.5590062111801242,0.17827298050139276,0.0807799442896936,0.34819897924715326,100.30266666666668,17.666666666666668,L,3.0,1.0,1.0,0.051162790697674425,0.07906976744186046,0.06976744186046512,0,Nationals Park,79.8,39.0,5.4,0.0,0.0,1.3589088479226443,0.12937694570859212,673,,,,,,,,0.5,,,PASS
822952,2026-07-24 23:10:00+00:00,CLE,TB,CLE,TB,0,672356,Gabriel Arias,confirmed,7.0,4.0,663556,0.04716981132075472,0.0660377358490566,0.06796116504854369,0.1509433962264151,0.14150943396226415,0.42452830188679247,0.04716981132075472,0.29619857222222223,95.90655172413791,0.057692307692307696,0.07692307692307693,0.07407407407407407,0.15384615384615385,0.17307692307692307,0.38461538461538464,0.057692307692307696,0.3377039444444444,97.23066666666668,R,0.018808777429467086,0.05956112852664577,0.16927899686520376,0.4502487562189055,0.22570532915360503,0.06269592476489028,0.3112599524312076,100.72333333333334,15.266666666666667,L,0.0,0.0,0.0,0.03,0.06,0.0,0,Tropicana Field,88.5,62.0,8.7,0.0,1.0,1.1107499011553836,0.12914155114025294,674,,,,,,,,0.5,,,PASS
822872,2026-07-25 00:05:00+00:00,SEA,TEX,SEA,TEX,0,668227,Randy Arozarena,confirmed,1.0,4.75,669022,0.03088803088803089,0.05405405405405406,0.0440251572327044,0.15057915057915058,0.2702702702702703,0.20077220077220076,0.09266409266409266,0.3581609061111112,97.42866666666669,0.045454545454545456,0.045454545454545456,0.0410958904109589,0.10606060606060606,0.22727272727272727,0.16666666666666666,0.13636363636363635,0.37270111333333333,95.21333333333332,R,0.02631578947368421,0.04678362573099415,0.21052631578947367,0.5591397849462365,0.23391812865497075,0.07894736842105263,0.29238079833640057,101.08,15.933333333333334,L,5.0,1.0,2.0,0.04888888888888889,0.09777777777777778,0.1111111111111111,0,Globe Life Field,93.1,45.0,11.0,0.0,0.5,1.156086631814787,0.12880221296625483,676,,,,,,,,0.5,,,PASS
822872,2026-07-25 00:05:00+00:00,SEA,TEX,SEA,TEX,0,641598,Mitch Garver,confirmed,7.0,4.0,669022,0.03305785123966942,0.049586776859504134,0.046511627906976744,0.19008264462809918,0.1652892561983471,0.2975206611570248,0.15702479338842976,0.32491437916666666,96.56032258064516,0.03636363636363636,0.05454545454545454,0.05263157894736842,0.16363636363636364,0.21818181818181817,0.3090909090909091,0.09090909090909091,0.3235753433333333,95.81857142857143,R,0.02631578947368421,0.04678362573099415,0.21052631578947367,0.5591397849462365,0.23391812865497075,0.07894736842105263,0.29238079833640057,101.08,15.933333333333334,L,5.0,0.0,1.0,0.026666666666666665,0.07555555555555556,0.1111111111111111,0,Globe Life Field,93.1,45.0,11.0,0.0,0.5,1.156086631814787,0.1285153402099742,678,,,,,,,,0.5,,,PASS
822952,2026-07-24 23:10:00+00:00,CLE,TB,CLE,TB,0,800050,Chase DeLauter,confirmed,2.0,4.65,663556,0.022900763358778626,0.03816793893129771,0.02857142857142857,0.183206106870229,0.21374045801526717,0.14885496183206107,0.08015267175572519,0.3389545652777778,99.28383333333333,0.05970149253731343,0.08955223880597014,0.06818181818181818,0.19402985074626866,0.26865671641791045,0.16417910447761194,0.08955223880597014,0.38325029999999993,101.19266666666668,L,0.018808777429467086,0.05956112852664577,0.16927899686520376,0.4502487562189055,0.22570532915360503,0.06269592476489028,0.3112599524312076,100.72333333333334,15.266666666666667,L,0.0,0.0,0.0,0.03,0.06,0.0,1,Tropicana Field,88.5,62.0,8.7,0.0,1.0,1.1107499011553836,0.1285099182749089,678,,,,,,,,0.5,,,PASS
823352,2026-07-24 22:40:00+00:00,CHC,PIT,PIT,CHC,1,656811,Ryan O'Hearn,confirmed,5.0,4.3,571510,0.04597701149425287,0.04980842911877394,0.03735632183908046,0.2222222222222222,0.22988505747126436,0.24904214559386972,0.05363984674329502,0.2827614325,95.72399999999998,0.046153846153846156,0.09230769230769231,0.07058823529411765,0.23076923076923078,0.26153846153846155,0.24615384615384617,0.09230769230769231,0.3030611733333333,95.222,L,0.027649769585253458,0.06912442396313365,0.1889400921658986,0.5246478873239436,0.2350230414746544,0.06451612903225806,0.3320788791784113,103.19000000000001,15.4,L,0.0,0.0,0.0,0.03,0.06,0.0,1,PNC Park,79.2,49.0,6.1,0.0,0.0,1.027632561613144,0.12826462788381374,680,,,,,,,,0.5,,,PASS
823031,2026-07-25 00:15:00+00:00,CIN,STL,STL,CIN,1,663457,Lars Nootbaar,confirmed,5.0,4.3,695076,0.014184397163120567,0.05673758865248227,0.05063291139240506,0.19148936170212766,0.16312056737588654,0.22695035460992907,0.1276595744680851,0.3417835382352941,98.27000000000001,0.016666666666666666,0.05,0.04477611940298507,0.18333333333333332,0.15,0.23333333333333334,0.13333333333333333,0.32135443444444445,96.07,L,0.026402640264026403,0.066006600660066,0.1782178217821782,0.5126050420168067,0.19141914191419143,0.09900990099009901,0.36385716351214403,101.76499999999999,13.928571428571429,R,2.0,0.0,0.0,0.02857142857142857,0.05714285714285714,0.047619047619047616,0,Busch Stadium,73.7,71.0,3.0,0.0,0.0,0.65,0.12760492578265958,684,,,,,,,,0.5,,,PASS
823680,2026-07-25 00:10:00+00:00,ATH,MIN,MIN,ATH,1,605170,Victor Caratini,confirmed,6.0,4.15,682052,0.028688524590163935,0.045081967213114756,0.039568345323741004,0.18442622950819673,0.20491803278688525,0.20491803278688525,0.0942622950819672,0.32719297833333333,96.97066666666667,0.01694915254237288,0.03389830508474576,0.028169014084507043,0.1694915254237288,0.23728813559322035,0.1864406779661017,0.0847457627118644,0.2830987555555556,97.3,L,0.04564315352697095,0.03734439834024896,0.14937759336099585,0.6237942122186495,0.17012448132780084,0.13278008298755187,0.2831282713179885,98.5725,12.583333333333334,L,0.0,0.0,0.0,0.03,0.06,0.0,1,Target Field,80.3,60.0,12.0,0.0,0.0,1.1303958177744584,0.12750129270944807,684,,,,,,,,0.5,,,PASS
824248,2026-07-24 22:40:00+00:00,KC,DET,DET,KC,1,701678,Hao-Yu Lee,confirmed,6.0,4.15,694360,0.02666666666666667,0.06,0.04945054945054945,0.19333333333333333,0.2733333333333333,0.24666666666666667,0.04,0.2670931219696969,95.00418604651162,0.05357142857142857,0.05357142857142857,0.04225352112676056,0.21428571428571427,0.30357142857142855,0.21428571428571427,0.03571428571428571,0.3153787433333334,99.16066666666666,R,,,,,,,,,,,0.0,0.0,0.0,0.03,0.06,0.0,0,Comerica Park,78.0,42.0,6.3,0.0,0.0,0.9067346131880684,0.1258918502106852,694,,,,,,,,0.5,,,PASS
823434,2026-07-24 22:45:00+00:00,NYY,PHI,NYY,PHI,0,663757,Trent Grisham,confirmed,7.0,4.0,666200,0.034482758620689655,0.07662835249042145,0.06329113924050633,0.210727969348659,0.22988505747126436,0.16091954022988506,0.11494252873563218,0.335338480952381,98.1145,0.046875,0.046875,0.03225806451612903,0.25,0.234375,0.1875,0.109375,0.3326486422222221,99.03399999999998,L,0.019337016574585635,0.03038674033149171,0.09944751381215469,0.4387254901960784,0.30386740331491713,0.07734806629834254,0.24691650408421478,99.43400000000001,17.333333333333332,L,0.0,0.0,0.0,0.03,0.06,0.0,1,Citizens Bank Park,80.4,44.0,6.0,0.0,0.0,1.3728528752800595,0.12280542615961836,714,,,,,,,,0.5,,,PASS
824573,2026-07-24 23:40:00+00:00,HOU,CWS,HOU,CWS,0,670623,Isaac Paredes,confirmed,3.0,4.55,663436,0.0421455938697318,0.05363984674329502,0.035897435897435895,0.24904214559386972,0.24521072796934865,0.14559386973180077,0.09578544061302682,0.3247116291666666,95.88733333333334,0.045454545454545456,0.045454545454545456,0.02727272727272727,0.3333333333333333,0.30303030303030304,0.10606060606060606,0.09090909090909091,0.3509137133333333,97.44666666666667,R,0.011560693641618497,0.04046242774566474,0.16473988439306358,0.44175824175824174,0.2254335260115607,0.07803468208092486,0.3141665069569276,101.96466666666666,16.066666666666666,R,0.0,0.0,0.0,0.03,0.06,0.0,1,Rate Field,73.9,52.0,7.1,0.0,0.0,0.7707244212098581,0.12156049745467534,723,,,,,,,,0.5,,,PASS
823434,2026-07-24 22:45:00+00:00,NYY,PHI,PHI,NYY,1,664761,Alec Bohm,confirmed,5.0,4.3,693645,0.0398406374501992,0.05976095617529881,0.04310344827586207,0.1553784860557769,0.2749003984063745,0.15139442231075698,0.055776892430278883,0.32035378249999996,98.33616666666667,0.046153846153846156,0.07692307692307693,0.056179775280898875,0.2,0.2923076923076923,0.16923076923076924,0.06153846153846154,0.34103932,98.09,R,0.03089887640449438,0.056179775280898875,0.15730337078651685,0.5887096774193549,0.29213483146067415,0.05898876404494382,0.2852568869223205,99.28733333333335,17.466666666666665,R,0.0,0.0,0.0,0.03,0.06,0.0,1,Citizens Bank Park,80.4,44.0,6.0,0.0,0.0,1.3728528752800595,0.12097076525705854,727,,,,,,,,0.5,,,PASS
823601,2026-07-24 23:10:00+00:00,LAD,NYM,LAD,NYM,0,669242,Tommy Edman,confirmed,3.0,4.55,640455,0.010752688172043012,0.053763440860215055,0.04032258064516129,0.17204301075268819,0.26881720430107525,0.1827956989247312,0.07526881720430108,0.3829381143939394,97.94454545454545,0.01639344262295082,0.04918032786885246,0.0375,0.18032786885245902,0.2786885245901639,0.19672131147540983,0.04918032786885246,0.3760914077777778,98.22733333333333,L,0.043209876543209874,0.05555555555555555,0.20987654320987653,0.5444015444015444,0.2222222222222222,0.05555555555555555,0.3180209291436485,101.08285714285714,15.571428571428571,L,0.0,0.0,0.0,0.03,0.06,0.0,1,Citi Field,79.1,36.0,7.2,0.0,0.0,0.9874906646751306,0.11976016153440729,735,,,,,,,,0.5,,,PASS
823601,2026-07-24 23:10:00+00:00,LAD,NYM,NYM,LAD,1,805999,A.J. Ewing,confirmed,1.0,4.75,808963,0.024691358024691357,0.037037037037037035,0.029508196721311476,0.11934156378600823,0.2716049382716049,0.2757201646090535,0.09876543209876543,0.3193382591954023,94.8155172413793,0.04411764705882353,0.04411764705882353,0.034482758620689655,0.11764705882352941,0.2647058823529412,0.3382352941176471,0.058823529411764705,0.26765068444444445,96.44533333333334,L,0.05105105105105105,0.08108108108108109,0.2072072072072072,0.5100671140939598,0.22822822822822822,0.08708708708708708,0.32844955201313025,101.12599999999999,15.4,R,0.0,0.0,0.0,0.03,0.06,0.0,0,Citi Field,79.1,36.0,7.2,0.0,0.0,0.9874906646751306,0.11949333254035037,737,,,,,,,,0.5,,,PASS
824812,2026-07-24 23:05:00+00:00,ATL,BAL,BAL,ATL,1,683002,Gunnar Henderson,confirmed,3.0,4.55,656550,0.029197080291970802,0.040145985401459854,0.030136986301369864,0.14963503649635038,0.22992700729927007,0.18248175182481752,0.08029197080291971,0.31748020083333334,97.54183333333334,0.014492753623188406,0.014492753623188406,0.011363636363636364,0.08695652173913043,0.3188405797101449,0.2318840579710145,0.043478260869565216,0.2867993277777778,97.58933333333333,L,0.04113924050632911,0.06329113924050633,0.17721518987341772,0.4463840399002494,0.189873417721519,0.10443037974683544,0.3407417140560797,101.96399999999998,14.066666666666666,R,0.0,0.0,0.0,0.03,0.06,0.0,0,Oriole Park at Camden Yards,79.8,40.0,5.9,0.0,0.0,1.0533233756534728,0.11944335214278022,737,,,,,,,,0.5,,,PASS
823434,2026-07-24 22:45:00+00:00,NYY,PHI,NYY,PHI,0,642708,Amed Rosario,confirmed,3.0,4.55,666200,0.0547945205479452,0.07534246575342465,0.05641025641025641,0.1506849315068493,0.2534246575342466,0.22602739726027396,0.0684931506849315,0.32809396951219516,95.44871794871794,0.0392156862745098,0.058823529411764705,0.047619047619047616,0.09803921568627451,0.27450980392156865,0.27450980392156865,0.0784313725490196,0.27623326111111113,94.52846153846153,R,0.019337016574585635,0.03038674033149171,0.09944751381215469,0.4387254901960784,0.30386740331491713,0.07734806629834254,0.24691650408421478,99.43400000000001,17.333333333333332,L,0.0,0.0,0.0,0.03,0.06,0.0,0,Citizens Bank Park,80.4,44.0,6.0,0.0,0.0,1.3728528752800595,0.11938999904652904,738,,,,,,,,0.5,,,PASS
823843,2026-07-24 23:10:00+00:00,SD,MIA,MIA,SD,1,691788,Joe Mack,confirmed,9.0,3.7,608566,0.04395604395604396,0.06043956043956044,0.04700854700854701,0.21428571428571427,0.2032967032967033,0.25824175824175827,0.06593406593406594,0.29565209934640524,95.7056862745098,0.07017543859649122,0.05263157894736842,0.05,0.12280701754385964,0.15789473684210525,0.24561403508771928,0.05263157894736842,0.3007601277777778,94.78066666666665,L,0.058823529411764705,0.06951871657754011,0.24598930481283424,0.5333333333333333,0.15508021390374332,0.10160427807486631,0.36158670502306334,102.33222222222223,13.333333333333334,R,0.0,0.0,0.0,0.03,0.06,0.0,0,loanDepot park,85.6,71.0,5.2,0.0,0.5,0.8670649738610903,0.11924730156388633,739,,,,,,,,0.5,,,PASS
823031,2026-07-25 00:15:00+00:00,CIN,STL,CIN,STL,0,663993,Nathaniel Lowe,confirmed,5.0,4.3,669160,0.05333333333333334,0.07555555555555556,0.05704697986577181,0.17777777777777778,0.26222222222222225,0.25333333333333335,0.10666666666666667,0.3362352649717514,95.11237288135594,0.05263157894736842,0.05263157894736842,0.03571428571428571,0.19298245614035087,0.22807017543859648,0.3684210526315789,0.05263157894736842,0.24332730444444448,93.85,L,0.015105740181268883,0.03927492447129909,0.1510574018126888,0.47540983606557374,0.24169184290030213,0.08459214501510574,0.3171871495868575,100.07733333333336,15.533333333333333,R,0.0,0.0,0.0,0.03,0.06,0.0,0,Busch Stadium,73.7,71.0,3.0,0.0,0.0,0.65,0.11840079685940094,745,,,,,,,,0.5,,,PASS
823601,2026-07-24 23:10:00+00:00,LAD,NYM,LAD,NYM,0,605141,Mookie Betts,confirmed,5.0,4.3,640455,0.04633204633204633,0.0694980694980695,0.05341246290801187,0.21621621621621623,0.27413127413127414,0.11969111969111969,0.08108108108108109,0.33412295500000005,96.65118644067799,0.03278688524590164,0.06557377049180328,0.05128205128205128,0.16393442622950818,0.26229508196721313,0.11475409836065574,0.11475409836065574,0.28331400444444443,94.79733333333334,R,0.043209876543209874,0.05555555555555555,0.20987654320987653,0.5444015444015444,0.2222222222222222,0.05555555555555555,0.3180209291436485,101.08285714285714,15.571428571428571,L,0.0,0.0,0.0,0.03,0.06,0.0,0,Citi Field,79.1,36.0,7.2,0.0,0.0,0.9874906646751306,0.11790462507662162,748,,,,,,,,0.5,,,PASS
823031,2026-07-25 00:15:00+00:00,CIN,STL,CIN,STL,0,668709,JJ Bleday,confirmed,3.0,4.55,669160,0.04980842911877394,0.05747126436781609,0.04573170731707317,0.20306513409961685,0.26436781609195403,0.20306513409961685,0.12643678160919541,0.34167094666666664,96.682,0.06451612903225806,0.08064516129032258,0.06097560975609756,0.1935483870967742,0.3064516129032258,0.1935483870967742,0.11290322580645161,0.3569863633333334,96.33866666666667,L,0.015105740181268883,0.03927492447129909,0.1510574018126888,0.47540983606557374,0.24169184290030213,0.08459214501510574,0.3171871495868575,100.07733333333336,15.533333333333333,R,0.0,0.0,0.0,0.03,0.06,0.0,0,Busch Stadium,73.7,71.0,3.0,0.0,0.0,0.65,0.11696026484423432,755,,,,,,,,0.5,,,PASS
823031,2026-07-25 00:15:00+00:00,CIN,STL,STL,CIN,1,802139,JJ Wetherholt,confirmed,1.0,4.75,695076,0.02909090909090909,0.04727272727272727,0.0377906976744186,0.2109090909090909,0.24727272727272728,0.14545454545454545,0.08727272727272728,0.34286795722222224,96.5175,0.03076923076923077,0.06153846153846154,0.05194805194805195,0.2153846153846154,0.2,0.15384615384615385,0.06153846153846154,0.30818819999999997,95.77,L,0.026402640264026403,0.066006600660066,0.1782178217821782,0.5126050420168067,0.19141914191419143,0.09900990099009901,0.36385716351214403,101.76499999999999,13.928571428571429,R,2.0,0.0,0.0,0.02857142857142857,0.05714285714285714,0.047619047619047616,0,Busch Stadium,73.7,71.0,3.0,0.0,0.0,0.65,0.1169578781010578,755,,,,,,,,0.5,,,PASS
824248,2026-07-24 22:40:00+00:00,KC,DET,KC,DET,0,516782,Starling Marte,confirmed,4.0,4.45,669373,0.008333333333333333,0.075,0.05555555555555555,0.15,0.24166666666666667,0.25,0.058333333333333334,0.32040767688172045,97.23419354838708,0.016666666666666666,0.06666666666666667,0.046511627906976744,0.15,0.2833333333333333,0.23333333333333334,0.05,0.31484841555555554,96.65066666666665,R,0.031055900621118012,0.043478260869565216,0.14906832298136646,0.5048309178743962,0.30434782608695654,0.034161490683229816,0.26800185645087315,98.9707142857143,17.642857142857142,L,0.0,0.0,0.0,0.03,0.06,0.0,0,Comerica Park,78.0,42.0,6.3,0.0,0.0,0.9067346131880684,0.11642558644739791,759,,,,,,,,0.5,,,PASS
823352,2026-07-24 22:40:00+00:00,CHC,PIT,PIT,CHC,1,693304,Nick Gonzales,confirmed,2.0,4.65,571510,0.023076923076923078,0.03076923076923077,0.022792022792022793,0.15,0.27692307692307694,0.16923076923076924,0.07692307692307693,0.3220379411111112,95.57866666666665,0.030303030303030304,0.030303030303030304,0.020833333333333332,0.18181818181818182,0.25757575757575757,0.16666666666666666,0.10606060606060606,0.31539599333333335,95.46466666666667,R,0.027649769585253458,0.06912442396313365,0.1889400921658986,0.5246478873239436,0.2350230414746544,0.06451612903225806,0.3320788791784113,103.19000000000001,15.4,L,0.0,0.0,0.0,0.03,0.06,0.0,0,PNC Park,79.2,49.0,6.1,0.0,0.0,1.027632561613144,0.11641042284350651,759,,,,,,,,0.5,,,PASS
822872,2026-07-25 00:05:00+00:00,SEA,TEX,TEX,SEA,1,677649,Ezequiel Duran,confirmed,3.0,4.55,682243,0.03292181069958848,0.037037037037037035,0.025936599423631124,0.14814814814814814,0.2880658436213992,0.25925925925925924,0.05761316872427984,0.2791004072222222,93.86916666666666,0.06666666666666667,0.06666666666666667,0.04597701149425287,0.11666666666666667,0.36666666666666664,0.2833333333333333,0.08333333333333333,0.28578328333333336,93.998,R,0.03587443946188341,0.04484304932735426,0.16591928251121077,0.5623003194888179,0.3004484304932735,0.04484304932735426,0.23491195429960135,99.521,17.4,R,0.0,0.0,0.0,0.03,0.06,0.0,1,Globe Life Field,93.1,45.0,11.0,0.0,0.5,1.156086631814787,0.11634442148940348,760,,,,,,,,0.5,,,PASS
823434,2026-07-24 22:45:00+00:00,NYY,PHI,PHI,NYY,1,681082,Bryson Stott,confirmed,6.0,4.15,693645,0.016666666666666666,0.058333333333333334,0.043478260869565216,0.19583333333333333,0.2833333333333333,0.18333333333333332,0.08333333333333333,0.3296459416666667,96.24633333333334,0.0,0.06666666666666667,0.057971014492753624,0.25,0.3,0.21666666666666667,0.06666666666666667,0.3138562644444444,96.39866666666667,L,0.03089887640449438,0.056179775280898875,0.15730337078651685,0.5887096774193549,0.29213483146067415,0.05898876404494382,0.2852568869223205,99.28733333333335,17.466666666666665,R,0.0,0.0,0.0,0.03,0.06,0.0,0,Citizens Bank Park,80.4,44.0,6.0,0.0,0.0,1.3728528752800595,0.11558213345425963,765,,,,,,,,0.5,,,PASS
822872,2026-07-25 00:05:00+00:00,SEA,TEX,SEA,TEX,0,702284,Cole Young,confirmed,6.0,4.15,669022,0.041666666666666664,0.029166666666666667,0.020771513353115726,0.19166666666666668,0.2875,0.14166666666666666,0.05,0.32334378861111107,96.51449999999998,0.07017543859649122,0.03508771929824561,0.02127659574468085,0.21052631578947367,0.3157894736842105,0.19298245614035087,0.05263157894736842,0.28733565555555557,97.43466666666669,L,0.02631578947368421,0.04678362573099415,0.21052631578947367,0.5591397849462365,0.23391812865497075,0.07894736842105263,0.29238079833640057,101.08,15.933333333333334,L,3.0,0.0,0.0,0.027906976744186046,0.05581395348837209,0.06976744186046512,1,Globe Life Field,93.1,45.0,11.0,0.0,0.5,1.156086631814787,0.11540104393076514,767,,,,,,,,0.5,,,PASS
824248,2026-07-24 22:40:00+00:00,KC,DET,KC,DET,0,657041,Lane Thomas,confirmed,2.0,4.65,669373,0.03643724696356275,0.05263157894736842,0.0429042904290429,0.17813765182186234,0.20647773279352227,0.22267206477732793,0.10121457489878542,0.32428638305555546,96.20049999999999,0.0625,0.109375,0.10144927536231885,0.25,0.125,0.25,0.109375,0.3679522922222222,99.69800000000001,R,0.031055900621118012,0.043478260869565216,0.14906832298136646,0.5048309178743962,0.30434782608695654,0.034161490683229816,0.26800185645087315,98.9707142857143,17.642857142857142,L,0.0,0.0,0.0,0.03,0.06,0.0,0,Comerica Park,78.0,42.0,6.3,0.0,0.0,0.9067346131880684,0.11433145968855424,775,,,,,,,,0.5,,,PASS
823680,2026-07-25 00:10:00+00:00,ATH,MIN,MIN,ATH,1,668885,Austin Martin,confirmed,1.0,4.75,682052,0.008032128514056224,0.01606425702811245,0.013986013986013986,0.09236947791164658,0.23694779116465864,0.18875502008032127,0.10843373493975904,0.28821089305555553,93.66516666666666,0.0,0.0,0.0,0.05357142857142857,0.21428571428571427,0.2857142857142857,0.10714285714285714,0.2489099177777778,94.24133333333334,R,0.04564315352697095,0.03734439834024896,0.14937759336099585,0.6237942122186495,0.17012448132780084,0.13278008298755187,0.2831282713179885,98.5725,12.583333333333334,L,0.0,0.0,0.0,0.03,0.06,0.0,0,Target Field,80.3,60.0,12.0,0.0,0.0,1.1303958177744584,0.11411756651247892,776,,,,,,,,0.5,,,PASS
824812,2026-07-24 23:05:00+00:00,ATL,BAL,BAL,ATL,1,621493,Taylor Ward,confirmed,4.0,4.45,656550,0.02158273381294964,0.03597122302158273,0.03289473684210526,0.1618705035971223,0.21942446043165467,0.21942446043165467,0.14028776978417265,0.33628807277777784,95.22866666666667,0.029411764705882353,0.04411764705882353,0.041666666666666664,0.16176470588235295,0.23529411764705882,0.14705882352941177,0.20588235294117646,0.3873860333333334,95.04800000000002,R,0.04113924050632911,0.06329113924050633,0.17721518987341772,0.4463840399002494,0.189873417721519,0.10443037974683544,0.3407417140560797,101.96399999999998,14.066666666666666,R,0.0,0.0,0.0,0.03,0.06,0.0,1,Oriole Park at Camden Yards,79.8,40.0,5.9,0.0,0.0,1.0533233756534728,0.11380445786882074,779,,,,,,,,0.5,,,PASS
823601,2026-07-24 23:10:00+00:00,LAD,NYM,LAD,NYM,0,606192,Teoscar Hernández,confirmed,8.0,3.85,640455,0.03278688524590164,0.06557377049180328,0.055944055944055944,0.18032786885245902,0.22131147540983606,0.27459016393442626,0.09836065573770492,0.3193413152777778,95.50416666666668,0.016666666666666666,0.03333333333333333,0.03125,0.15,0.16666666666666666,0.3,0.08333333333333333,0.2509821588888889,95.53799999999998,R,0.043209876543209874,0.05555555555555555,0.20987654320987653,0.5444015444015444,0.2222222222222222,0.05555555555555555,0.3180209291436485,101.08285714285714,15.571428571428571,L,0.0,0.0,0.0,0.03,0.06,0.0,0,Citi Field,79.1,36.0,7.2,0.0,0.0,0.9874906646751306,0.11341549680237888,782,,,,,,,,0.5,,,PASS
822707,2026-07-24 22:45:00+00:00,ARI,WSH,ARI,WSH,0,680728,Adrian Del Castillo,confirmed,8.0,3.85,687223,0.024242424242424242,0.04242424242424243,0.03286384976525822,0.1696969696969697,0.21212121212121213,0.2909090909090909,0.07272727272727272,0.2608589147727272,94.5960465116279,0.037037037037037035,0.037037037037037035,0.027777777777777776,0.16666666666666666,0.24074074074074073,0.2037037037037037,0.07407407407407407,0.3180546555555555,96.25399999999999,L,0.023255813953488372,0.046511627906976744,0.13953488372093023,0.39655172413793105,0.27906976744186046,0.046511627906976744,0.3258621827651515,96.16,6.5,L,0.0,0.0,0.0,0.03,0.06,0.0,1,Nationals Park,79.8,39.0,5.4,0.0,0.0,1.3589088479226443,0.11314523635548453,784,,,,,,,,0.5,,,PASS
823680,2026-07-25 00:10:00+00:00,ATH,MIN,ATH,MIN,0,671732,Lawrence Butler,confirmed,8.0,3.85,805673,0.020242914979757085,0.044534412955465584,0.03481012658227848,0.145748987854251,0.2834008097165992,0.2591093117408907,0.12550607287449392,0.3012643811111111,96.74116666666666,0.0,0.016129032258064516,0.011111111111111112,0.06451612903225806,0.3064516129032258,0.27419354838709675,0.1774193548387097,0.2723926533333333,95.59933333333333,L,0.050505050505050504,0.09090909090909091,0.22895622895622897,0.5445026178010471,0.19528619528619529,0.0707070707070707,0.33523450320992615,101.75916666666667,17.25,R,0.0,0.0,0.0,0.03,0.06,0.0,0,Target Field,80.3,60.0,12.0,0.0,0.0,1.1303958177744584,0.11307866580505006,784,,,,,,,,0.5,,,PASS
824733,2026-07-24 23:15:00+00:00,TOR,BOS,TOR,BOS,0,543807,George Springer,confirmed,4.0,4.45,663776,0.0299625468164794,0.052434456928838954,0.03773584905660377,0.14232209737827714,0.2397003745318352,0.1797752808988764,0.09363295880149813,0.3134925172222222,95.95550000000001,0.031746031746031744,0.047619047619047616,0.031914893617021274,0.15873015873015872,0.23809523809523808,0.2222222222222222,0.06349206349206349,0.27509593666666665,95.99933333333334,R,0.023809523809523808,0.023809523809523808,0.19047619047619047,0.45098039215686275,0.23809523809523808,0.047619047619047616,0.31864304462242565,100.505,13.5,L,0.0,0.0,0.0,0.03,0.06,0.0,0,Fenway Park,79.4,40.0,6.7,0.0,0.0,0.9056011949215832,0.11301250195917695,785,,,,,,,,0.5,,,PASS
824733,2026-07-24 23:15:00+00:00,TOR,BOS,BOS,TOR,1,678882,Ceddanne Rafaela,confirmed,2.0,4.65,702056,0.022641509433962263,0.026415094339622643,0.016867469879518072,0.16981132075471697,0.3433962264150943,0.1811320754716981,0.03773584905660377,0.2632180375,94.69083333333332,0.029411764705882353,0.029411764705882353,0.017391304347826087,0.17647058823529413,0.39705882352941174,0.17647058823529413,0.029411764705882353,0.24348592,95.86066666666669,R,0.023880597014925373,0.03582089552238806,0.1880597014925373,0.571078431372549,0.23283582089552238,0.12238805970149254,0.2884100010897955,98.49133333333334,16.133333333333333,R,3.0,0.0,0.0,0.027906976744186046,0.05581395348837209,0.06976744186046512,1,Fenway Park,79.4,40.0,6.7,0.0,0.0,0.9056011949215832,0.11282733902050784,786,,,,,,,,0.5,,,PASS
822707,2026-07-24 22:45:00+00:00,ARI,WSH,WSH,ARI,1,671277,Luis García Jr.,confirmed,8.0,3.85,593958,0.07851239669421488,0.09917355371900827,0.06666666666666667,0.2066115702479339,0.2231404958677686,0.17768595041322313,0.04132231404958678,0.3514345433333333,98.09083333333335,0.1076923076923077,0.13846153846153847,0.09375,0.24615384615384617,0.15384615384615385,0.2,0.06153846153846154,0.3897255255555556,96.87666666666665,L,0.022284122562674095,0.07799442896935933,0.2116991643454039,0.5590062111801242,0.17827298050139276,0.0807799442896936,0.34819897924715326,100.30266666666668,17.666666666666668,L,0.0,0.0,0.0,0.03,0.06,0.0,1,Nationals Park,79.8,39.0,5.4,0.0,0.0,1.3589088479226443,0.11236472981799095,790,,,,,,,,0.5,,,PASS
824248,2026-07-24 22:40:00+00:00,KC,DET,KC,DET,0,686469,Vinnie Pasquantino,confirmed,5.0,4.3,669373,0.022988505747126436,0.05747126436781609,0.0398936170212766,0.23371647509578544,0.3103448275862069,0.1532567049808429,0.11877394636015326,0.32686243555555555,97.33133333333335,0.0,0.031746031746031744,0.01904761904761905,0.2698412698412698,0.4126984126984127,0.12698412698412698,0.1111111111111111,0.3314734077777778,98.48,L,0.031055900621118012,0.043478260869565216,0.14906832298136646,0.5048309178743962,0.30434782608695654,0.034161490683229816,0.26800185645087315,98.9707142857143,17.642857142857142,L,0.0,0.0,0.0,0.03,0.06,0.0,1,Comerica Park,78.0,42.0,6.3,0.0,0.0,0.9067346131880684,0.11144167003956137,797,,,,,,,,0.5,,,PASS
822872,2026-07-25 00:05:00+00:00,SEA,TEX,SEA,TEX,0,642215,Weston Wilson,confirmed,8.0,3.85,669022,0.047619047619047616,0.031746031746031744,0.02702702702702703,0.1746031746031746,0.23809523809523808,0.2698412698412698,0.09523809523809523,0.23307763492063494,92.0609523809524,0.06521739130434782,0.043478260869565216,0.04081632653061224,0.17391304347826086,0.17391304347826086,0.2826086956521739,0.08695652173913043,0.21734195555555555,91.25733333333334,R,0.02631578947368421,0.04678362573099415,0.21052631578947367,0.5591397849462365,0.23391812865497075,0.07894736842105263,0.29238079833640057,101.08,15.933333333333334,L,0.0,0.0,0.0,0.03,0.06,0.0,0,Globe Life Field,93.1,45.0,11.0,0.0,0.5,1.156086631814787,0.11100080928322492,801,,,,,,,,0.5,,,PASS
823352,2026-07-24 22:40:00+00:00,CHC,PIT,PIT,CHC,1,680779,Henry Davis,confirmed,9.0,3.7,571510,0.04,0.065,0.052,0.23,0.195,0.225,0.085,0.28288613095238097,96.81178571428572,0.058823529411764705,0.0392156862745098,0.029850746268656716,0.27450980392156865,0.17647058823529413,0.2549019607843137,0.0784313725490196,0.28017264333333336,95.28666666666665,R,0.027649769585253458,0.06912442396313365,0.1889400921658986,0.5246478873239436,0.2350230414746544,0.06451612903225806,0.3320788791784113,103.19000000000001,15.4,L,0.0,0.0,0.0,0.03,0.06,0.0,0,PNC Park,79.2,49.0,6.1,0.0,0.0,1.027632561613144,0.11074006206898286,803,,,,,,,,0.5,,,PASS
823601,2026-07-24 23:10:00+00:00,LAD,NYM,NYM,LAD,1,666182,Bo Bichette,confirmed,3.0,4.55,808963,0.030418250950570342,0.060836501901140684,0.041343669250646,0.17110266159695817,0.44106463878326996,0.18631178707224336,0.06463878326996197,0.32567287813492063,96.40249999999999,0.0,0.029850746268656716,0.02040816326530612,0.1044776119402985,0.3582089552238806,0.14925373134328357,0.08955223880597014,0.2823621088888889,92.33066666666667,R,0.05105105105105105,0.08108108108108109,0.2072072072072072,0.5100671140939598,0.22822822822822822,0.08708708708708708,0.32844955201313025,101.12599999999999,15.4,R,0.0,0.0,0.0,0.03,0.06,0.0,1,Citi Field,79.1,36.0,7.2,0.0,0.0,0.9874906646751306,0.11049647808601594,805,,,,,,,,0.5,,,PASS
822707,2026-07-24 22:45:00+00:00,ARI,WSH,WSH,ARI,1,696285,Jacob Young,confirmed,6.0,4.15,593958,0.03125,0.05803571428571429,0.05,0.14285714285714285,0.21428571428571427,0.19642857142857142,0.0625,0.3000765391666667,93.90216666666667,0.017857142857142856,0.07142857142857142,0.06451612903225806,0.14285714285714285,0.19642857142857142,0.17857142857142858,0.08928571428571429,0.31004788111111115,93.68666666666668,R,0.022284122562674095,0.07799442896935933,0.2116991643454039,0.5590062111801242,0.17827298050139276,0.0807799442896936,0.34819897924715326,100.30266666666668,17.666666666666668,L,3.0,0.0,0.0,0.027906976744186046,0.05581395348837209,0.06976744186046512,0,Nationals Park,79.8,39.0,5.4,0.0,0.0,1.3589088479226443,0.10998881803093404,809,,,,,,,,0.5,,,PASS
823434,2026-07-24 22:45:00+00:00,NYY,PHI,PHI,NYY,1,592663,J.T. Realmuto,confirmed,7.0,4.0,693645,0.02643171806167401,0.03524229074889868,0.02711864406779661,0.17180616740088106,0.18502202643171806,0.20704845814977973,0.06607929515418502,0.3031986425,97.07305084745764,0.03508771929824561,0.017543859649122806,0.014084507042253521,0.14035087719298245,0.14035087719298245,0.24561403508771928,0.05263157894736842,0.2776942055555555,97.318,R,0.03089887640449438,0.056179775280898875,0.15730337078651685,0.5887096774193549,0.29213483146067415,0.05898876404494382,0.2852568869223205,99.28733333333335,17.466666666666665,R,0.0,0.0,0.0,0.03,0.06,0.0,1,Citizens Bank Park,80.4,44.0,6.0,0.0,0.0,1.3728528752800595,0.1096751521137706,812,,,,,,,,0.5,,,PASS
823680,2026-07-25 00:10:00+00:00,ATH,MIN,ATH,MIN,0,703607,Henry Bolte,confirmed,9.0,3.7,805673,0.014354066985645933,0.0430622009569378,0.04,0.11004784688995216,0.16267942583732056,0.2822966507177033,0.06698564593301436,0.2904967727564103,98.61588235294117,0.018518518518518517,0.05555555555555555,0.046875,0.1111111111111111,0.2037037037037037,0.2777777777777778,0.018518518518518517,0.2543507,96.15266666666668,R,0.050505050505050504,0.09090909090909091,0.22895622895622897,0.5445026178010471,0.19528619528619529,0.0707070707070707,0.33523450320992615,101.75916666666667,17.25,R,0.0,0.0,0.0,0.03,0.06,0.0,1,Target Field,80.3,60.0,12.0,0.0,0.0,1.1303958177744584,0.10961607287691695,812,,,,,,,,0.5,,,PASS
824573,2026-07-24 23:40:00+00:00,HOU,CWS,HOU,CWS,0,514888,Jose Altuve,confirmed,4.0,4.45,663436,0.03875968992248062,0.03875968992248062,0.03164556962025317,0.16279069767441862,0.1937984496124031,0.22868217054263565,0.06201550387596899,0.2570792352777778,92.94066666666666,0.06153846153846154,0.03076923076923077,0.021505376344086023,0.2153846153846154,0.18461538461538463,0.23076923076923078,0.06153846153846154,0.22592132999999998,93.88666666666667,R,0.011560693641618497,0.04046242774566474,0.16473988439306358,0.44175824175824174,0.2254335260115607,0.07803468208092486,0.3141665069569276,101.96466666666666,16.066666666666666,R,0.0,0.0,0.0,0.03,0.06,0.0,1,Rate Field,73.9,52.0,7.1,0.0,0.0,0.7707244212098581,0.10941643256847752,814,,,,,,,,0.5,,,PASS
824733,2026-07-24 23:15:00+00:00,TOR,BOS,TOR,BOS,0,662139,Daulton Varsho,confirmed,7.0,4.0,663776,0.016597510373443983,0.05394190871369295,0.03611111111111111,0.2074688796680498,0.26556016597510373,0.21161825726141079,0.07468879668049792,0.2778168233333333,95.60033333333332,0.0,0.05555555555555555,0.03409090909090909,0.2037037037037037,0.2777777777777778,0.12962962962962962,0.037037037037037035,0.25490207666666664,94.29400000000001,L,0.023809523809523808,0.023809523809523808,0.19047619047619047,0.45098039215686275,0.23809523809523808,0.047619047619047616,0.31864304462242565,100.505,13.5,L,0.0,0.0,0.0,0.03,0.06,0.0,1,Fenway Park,79.4,40.0,6.7,0.0,0.0,0.9056011949215832,0.10903708273786429,817,,,,,,,,0.5,,,PASS
823601,2026-07-24 23:10:00+00:00,LAD,NYM,NYM,LAD,1,701807,Carson Benge,confirmed,5.0,4.3,808963,0.02952029520295203,0.05904059040590406,0.0449438202247191,0.16605166051660517,0.25830258302583026,0.2177121771217712,0.07011070110701106,0.3501299222222222,96.52866666666665,0.015384615384615385,0.015384615384615385,0.011904761904761904,0.07692307692307693,0.2,0.2153846153846154,0.1076923076923077,0.31020565666666666,95.01533333333333,L,0.05105105105105105,0.08108108108108109,0.2072072072072072,0.5100671140939598,0.22822822822822822,0.08708708708708708,0.32844955201313025,101.12599999999999,15.4,R,0.0,0.0,0.0,0.03,0.06,0.0,0,Citi Field,79.1,36.0,7.2,0.0,0.0,0.9874906646751306,0.10892817478979319,818,,,,,,,,0.5,,,PASS
824812,2026-07-24 23:05:00+00:00,ATL,BAL,ATL,BAL,0,642201,Eli White,confirmed,7.0,4.0,669432,0.050505050505050504,0.050505050505050504,0.037037037037037035,0.1717171717171717,0.24242424242424243,0.24242424242424243,0.050505050505050504,0.2700031131313131,92.31757575757575,0.06818181818181818,0.045454545454545456,0.03076923076923077,0.13636363636363635,0.22727272727272727,0.29545454545454547,0.06818181818181818,0.22316954444444445,90.14,R,0.029940119760479042,0.05389221556886228,0.2275449101796407,0.5386178861788617,0.18862275449101795,0.08083832335329341,0.3355800180000837,101.46866666666668,15.333333333333334,L,0.0,0.0,0.0,0.03,0.06,0.0,0,Oriole Park at Camden Yards,79.8,40.0,5.9,0.0,0.0,1.0533233756534728,0.10871583152758715,820,,,,,,,,0.5,,,PASS
824573,2026-07-24 23:40:00+00:00,HOU,CWS,CWS,HOU,1,643217,Andrew Benintendi,confirmed,5.0,4.3,681293,0.03765690376569038,0.06276150627615062,0.0473186119873817,0.2384937238493724,0.24267782426778242,0.19246861924686193,0.08786610878661087,0.3294107372222223,94.96516666666666,0.0,0.034482758620689655,0.025974025974025976,0.20689655172413793,0.22413793103448276,0.13793103448275862,0.1206896551724138,0.3126091588888889,93.09666666666666,L,0.03418803418803419,0.04843304843304843,0.16524216524216523,0.5375302663438256,0.21937321937321938,0.12535612535612536,0.34421642660117935,99.88733333333333,15.866666666666667,R,0.0,0.0,0.0,0.03,0.06,0.0,0,Rate Field,73.9,52.0,7.1,0.0,0.0,0.7707244212098581,0.10865790677156487,820,,,,,,,,0.5,,,PASS
822952,2026-07-24 23:10:00+00:00,CLE,TB,CLE,TB,0,677587,Brayan Rocchio,confirmed,4.0,4.45,663556,0.025,0.029166666666666667,0.02127659574468085,0.15833333333333333,0.2791666666666667,0.175,0.05416666666666667,0.29338308666666657,94.79416666666665,0.046153846153846156,0.046153846153846156,0.03571428571428571,0.2,0.2153846153846154,0.18461538461538463,0.015384615384615385,0.2904052277777778,96.05800000000002,L,0.018808777429467086,0.05956112852664577,0.16927899686520376,0.4502487562189055,0.22570532915360503,0.06269592476489028,0.3112599524312076,100.72333333333334,15.266666666666667,L,0.0,0.0,0.0,0.03,0.06,0.0,1,Tropicana Field,88.5,62.0,8.7,0.0,1.0,1.1107499011553836,0.10856317799221314,821,,,,,,,,0.5,,,PASS
823601,2026-07-24 23:10:00+00:00,LAD,NYM,NYM,LAD,1,682626,Francisco Alvarez,confirmed,9.0,3.7,808963,0.0425531914893617,0.09361702127659574,0.07913669064748201,0.20851063829787234,0.22127659574468084,0.2680851063829787,0.08085106382978724,0.32339426888888895,95.92366666666666,0.05,0.08333333333333333,0.0684931506849315,0.23333333333333334,0.21666666666666667,0.31666666666666665,0.08333333333333333,0.31108724444444447,96.47800000000001,R,0.05105105105105105,0.08108108108108109,0.2072072072072072,0.5100671140939598,0.22822822822822822,0.08708708708708708,0.32844955201313025,101.12599999999999,15.4,R,0.0,0.0,0.0,0.03,0.06,0.0,1,Citi Field,79.1,36.0,7.2,0.0,0.0,0.9874906646751306,0.10854817755856366,821,,,,,,,,0.5,,,PASS
824733,2026-07-24 23:15:00+00:00,TOR,BOS,BOS,TOR,1,678011,Anthony Seigler,confirmed,1.0,4.75,702056,0.019230769230769232,0.038461538461538464,0.030303030303030304,0.20192307692307693,0.28846153846153844,0.17307692307692307,0.08653846153846154,0.34150119423076924,94.98846153846154,0.015151515151515152,0.06060606060606061,0.047058823529411764,0.15151515151515152,0.2878787878787879,0.18181818181818182,0.07575757575757576,0.3234323366666666,93.61933333333333,L,0.023880597014925373,0.03582089552238806,0.1880597014925373,0.571078431372549,0.23283582089552238,0.12238805970149254,0.2884100010897955,98.49133333333334,16.133333333333333,R,0.0,0.0,0.0,0.03,0.06,0.0,0,Fenway Park,79.4,40.0,6.7,0.0,0.0,0.9056011949215832,0.10815351058679787,825,,,,,,,,0.5,,,PASS
822952,2026-07-24 23:10:00+00:00,CLE,TB,CLE,TB,0,683953,Travis Bazzana,confirmed,6.0,4.15,663556,0.030303030303030304,0.030303030303030304,0.023809523809523808,0.17424242424242425,0.22727272727272727,0.23863636363636365,0.10606060606060606,0.28432550472222223,95.38083333333334,0.028985507246376812,0.028985507246376812,0.021052631578947368,0.10144927536231885,0.17391304347826086,0.2753623188405797,0.13043478260869565,0.2746093033333334,92.686,L,0.018808777429467086,0.05956112852664577,0.16927899686520376,0.4502487562189055,0.22570532915360503,0.06269592476489028,0.3112599524312076,100.72333333333334,15.266666666666667,L,0.0,0.0,0.0,0.03,0.06,0.0,1,Tropicana Field,88.5,62.0,8.7,0.0,1.0,1.1107499011553836,0.1080383465169855,826,,,,,,,,0.5,,,PASS
822952,2026-07-24 23:10:00+00:00,CLE,TB,TB,CLE,1,656775,Cedric Mullins,confirmed,4.0,4.45,676282,0.040160642570281124,0.0321285140562249,0.024691358024691357,0.18072289156626506,0.20481927710843373,0.20080321285140562,0.10040160642570281,0.27710130361111107,93.42366666666665,0.04918032786885246,0.03278688524590164,0.02666666666666667,0.14754098360655737,0.13114754098360656,0.2459016393442623,0.09836065573770492,0.24386773666666667,91.27133333333335,L,0.024096385542168676,0.04216867469879518,0.1355421686746988,0.4225721784776903,0.23493975903614459,0.11746987951807229,0.31067709168815244,99.51333333333335,14.666666666666666,L,0.0,0.0,0.0,0.03,0.06,0.0,1,Tropicana Field,88.5,62.0,8.7,0.0,1.0,1.1107499011553836,0.10799430929868009,826,,,,,,,,0.5,,,PASS
824733,2026-07-24 23:15:00+00:00,TOR,BOS,TOR,BOS,0,665489,Vladimir Guerrero Jr.,confirmed,2.0,4.65,663776,0.015503875968992248,0.03875968992248062,0.03067484662576687,0.12790697674418605,0.20930232558139536,0.13953488372093023,0.09302325581395349,0.3209878713888889,97.78583333333334,0.031746031746031744,0.06349206349206349,0.058823529411764705,0.14285714285714285,0.25396825396825395,0.23809523809523808,0.09523809523809523,0.3077281588888889,96.22533333333334,R,0.023809523809523808,0.023809523809523808,0.19047619047619047,0.45098039215686275,0.23809523809523808,0.047619047619047616,0.31864304462242565,100.505,13.5,L,0.0,0.0,0.0,0.03,0.06,0.0,0,Fenway Park,79.4,40.0,6.7,0.0,0.0,0.9056011949215832,0.10733344997791536,832,,,,,,,,0.5,,,PASS
823031,2026-07-25 00:15:00+00:00,CIN,STL,STL,CIN,1,671056,Iván Herrera,confirmed,4.0,4.45,695076,0.026515151515151516,0.030303030303030304,0.02185792349726776,0.14393939393939395,0.24242424242424243,0.16287878787878787,0.08712121212121213,0.30121259805555556,97.17833333333334,0.015873015873015872,0.0,0.0,0.12698412698412698,0.2857142857142857,0.23809523809523808,0.031746031746031744,0.16720849444444444,93.65066666666667,R,0.026402640264026403,0.066006600660066,0.1782178217821782,0.5126050420168067,0.19141914191419143,0.09900990099009901,0.36385716351214403,101.76499999999999,13.928571428571429,R,2.0,0.0,0.0,0.02857142857142857,0.05714285714285714,0.047619047619047616,1,Busch Stadium,73.7,71.0,3.0,0.0,0.0,0.65,0.1060847337169376,843,,,,,,,,0.5,,,PASS
823434,2026-07-24 22:45:00+00:00,NYY,PHI,NYY,PHI,0,641355,Cody Bellinger,confirmed,4.0,4.45,666200,0.023715415019762844,0.03162055335968379,0.02416918429003021,0.17391304347826086,0.24110671936758893,0.1857707509881423,0.11067193675889328,0.3244476291666667,95.78316666666665,0.0,0.0,0.0,0.14754098360655737,0.22950819672131148,0.29508196721311475,0.06557377049180328,0.2952837933333334,96.33200000000001,L,0.019337016574585635,0.03038674033149171,0.09944751381215469,0.4387254901960784,0.30386740331491713,0.07734806629834254,0.24691650408421478,99.43400000000001,17.333333333333332,L,0.0,0.0,0.0,0.03,0.06,0.0,1,Citizens Bank Park,80.4,44.0,6.0,0.0,0.0,1.3728528752800595,0.10539384135508409,849,,,,,,,,0.5,,,PASS
823843,2026-07-24 23:10:00+00:00,SD,MIA,MIA,SD,1,805300,Jakob Marsee,confirmed,7.0,4.0,608566,0.016194331983805668,0.024291497975708502,0.02040816326530612,0.1417004048582996,0.22267206477732793,0.20647773279352227,0.11336032388663968,0.3142084599999999,95.27116666666667,0.01639344262295082,0.01639344262295082,0.012658227848101266,0.14754098360655737,0.22950819672131148,0.16393442622950818,0.11475409836065574,0.31053593111111105,96.82266666666668,L,0.058823529411764705,0.06951871657754011,0.24598930481283424,0.5333333333333333,0.15508021390374332,0.10160427807486631,0.36158670502306334,102.33222222222223,13.333333333333334,R,0.0,0.0,0.0,0.03,0.06,0.0,0,loanDepot park,85.6,71.0,5.2,0.0,0.5,0.8670649738610903,0.10518134753043476,851,,,,,,,,0.5,,,PASS
823352,2026-07-24 22:40:00+00:00,CHC,PIT,CHC,PIT,0,608324,Alex Bregman,confirmed,4.0,4.45,683003,0.025362318840579712,0.021739130434782608,0.015957446808510637,0.18478260869565216,0.2536231884057971,0.15579710144927536,0.10507246376811594,0.28960557833333334,95.39916666666666,0.04477611940298507,0.014925373134328358,0.010309278350515464,0.14925373134328357,0.208955223880597,0.19402985074626866,0.07462686567164178,0.23121758000000003,93.82466666666669,R,0.03048780487804878,0.042682926829268296,0.14634146341463414,0.4973544973544973,0.2926829268292683,0.07317073170731707,0.2764073858732479,101.56222222222222,13.222222222222221,R,0.0,0.0,0.0,0.03,0.06,0.0,1,PNC Park,79.2,49.0,6.1,0.0,0.0,1.027632561613144,0.1049556227676997,853,,,,,,,,0.5,,,PASS
823680,2026-07-25 00:10:00+00:00,ATH,MIN,ATH,MIN,0,643446,Jeff McNeil,confirmed,7.0,4.0,805673,0.017777777777777778,0.013333333333333334,0.007792207792207792,0.24444444444444444,0.38222222222222224,0.09777777777777778,0.06666666666666667,0.29160086305555555,93.88600000000001,0.018518518518518517,0.018518518518518517,0.009345794392523364,0.37037037037037035,0.48148148148148145,0.018518518518518517,0.0,0.2439442888888889,95.18733333333333,L,0.050505050505050504,0.09090909090909091,0.22895622895622897,0.5445026178010471,0.19528619528619529,0.0707070707070707,0.33523450320992615,101.75916666666667,17.25,R,0.0,0.0,0.0,0.03,0.06,0.0,0,Target Field,80.3,60.0,12.0,0.0,0.0,1.1303958177744584,0.10417650402771793,860,,,,,,,,0.5,,,PASS
823031,2026-07-25 00:15:00+00:00,CIN,STL,CIN,STL,0,668715,Spencer Steer,confirmed,6.0,4.15,669160,0.043478260869565216,0.06719367588932806,0.05647840531561462,0.20553359683794467,0.23715415019762845,0.2015810276679842,0.09486166007905138,0.32792968777777776,95.59050847457625,0.04918032786885246,0.04918032786885246,0.04054054054054054,0.18032786885245902,0.22950819672131148,0.14754098360655737,0.08196721311475409,0.37872952666666665,96.3757142857143,R,0.015105740181268883,0.03927492447129909,0.1510574018126888,0.47540983606557374,0.24169184290030213,0.08459214501510574,0.3171871495868575,100.07733333333336,15.533333333333333,R,0.0,0.0,0.0,0.03,0.06,0.0,1,Busch Stadium,73.7,71.0,3.0,0.0,0.0,0.65,0.10407268219891956,861,,,,,,,,0.5,,,PASS
822707,2026-07-24 22:45:00+00:00,ARI,WSH,ARI,WSH,0,672515,Gabriel Moreno,confirmed,4.0,4.45,687223,0.02702702702702703,0.05405405405405406,0.038461538461538464,0.16216216216216217,0.305019305019305,0.14285714285714285,0.1274131274131274,0.3844175633333334,96.02699999999999,0.014925373134328358,0.04477611940298507,0.03,0.13432835820895522,0.3582089552238806,0.11940298507462686,0.14925373134328357,0.42804748666666664,95.12133333333334,R,0.023255813953488372,0.046511627906976744,0.13953488372093023,0.39655172413793105,0.27906976744186046,0.046511627906976744,0.3258621827651515,96.16,6.5,L,0.0,0.0,0.0,0.03,0.06,0.0,0,Nationals Park,79.8,39.0,5.4,0.0,0.0,1.3589088479226443,0.10386184852704437,863,,,,,,,,0.5,,,PASS
824812,2026-07-24 23:05:00+00:00,ATL,BAL,BAL,ATL,1,702616,Jackson Holliday,confirmed,7.0,4.0,656550,0.033783783783783786,0.060810810810810814,0.055900621118012424,0.19594594594594594,0.25675675675675674,0.24324324324324326,0.13513513513513514,0.31281682301587305,92.44926829268294,0.0,0.0,0.0,0.061224489795918366,0.1836734693877551,0.1836734693877551,0.1836734693877551,0.30584131111111107,87.56666666666668,L,0.04113924050632911,0.06329113924050633,0.17721518987341772,0.4463840399002494,0.189873417721519,0.10443037974683544,0.3407417140560797,101.96399999999998,14.066666666666666,R,0.0,0.0,0.0,0.03,0.06,0.0,0,Oriole Park at Camden Yards,79.8,40.0,5.9,0.0,0.0,1.0533233756534728,0.10323801393388345,869,,,,,,,,0.5,,,PASS
822872,2026-07-25 00:05:00+00:00,SEA,TEX,SEA,TEX,0,647304,Josh Naylor,confirmed,5.0,4.3,669022,0.011627906976744186,0.027131782945736434,0.02046783625730994,0.15891472868217055,0.22868217054263565,0.09302325581395349,0.07364341085271318,0.31236266555555564,96.78033333333333,0.0,0.016129032258064516,0.013157894736842105,0.0967741935483871,0.1774193548387097,0.06451612903225806,0.06451612903225806,0.2925037044444444,96.616,L,0.02631578947368421,0.04678362573099415,0.21052631578947367,0.5591397849462365,0.23391812865497075,0.07894736842105263,0.29238079833640057,101.08,15.933333333333334,L,0.0,0.0,0.0,0.03,0.06,0.0,1,Globe Life Field,93.1,45.0,11.0,0.0,0.5,1.156086631814787,0.10297924568952073,871,,,,,,,,0.5,,,PASS
823031,2026-07-25 00:15:00+00:00,CIN,STL,CIN,STL,0,663886,Tyler Stephenson,confirmed,7.0,4.0,669160,0.026200873362445413,0.06986899563318777,0.058823529411764705,0.23580786026200873,0.2314410480349345,0.24890829694323144,0.10043668122270742,0.33499040277777775,95.74449999999999,0.03508771929824561,0.10526315789473684,0.07894736842105263,0.2631578947368421,0.2631578947368421,0.17543859649122806,0.07017543859649122,0.3980769888888889,97.24666666666667,R,0.015105740181268883,0.03927492447129909,0.1510574018126888,0.47540983606557374,0.24169184290030213,0.08459214501510574,0.3171871495868575,100.07733333333336,15.533333333333333,R,0.0,0.0,0.0,0.03,0.06,0.0,1,Busch Stadium,73.7,71.0,3.0,0.0,0.0,0.65,0.10231743562179585,877,,,,,,,,0.5,,,PASS
823680,2026-07-25 00:10:00+00:00,ATH,MIN,ATH,MIN,0,805779,Jacob Wilson,confirmed,1.0,4.75,805673,0.02734375,0.0234375,0.015267175572519083,0.12890625,0.32421875,0.1015625,0.04296875,0.2961884875,94.47949999999999,0.047619047619047616,0.047619047619047616,0.03409090909090909,0.15873015873015872,0.2857142857142857,0.09523809523809523,0.047619047619047616,0.33502059777777776,94.242,R,0.050505050505050504,0.09090909090909091,0.22895622895622897,0.5445026178010471,0.19528619528619529,0.0707070707070707,0.33523450320992615,101.75916666666667,17.25,R,0.0,0.0,0.0,0.03,0.06,0.0,1,Target Field,80.3,60.0,12.0,0.0,0.0,1.1303958177744584,0.102309307411233,877,,,,,,,,0.5,,,PASS
823601,2026-07-24 23:10:00+00:00,LAD,NYM,LAD,NYM,0,687221,Dalton Rushing,confirmed,9.0,3.7,640455,0.05263157894736842,0.07655502392344497,0.06666666666666667,0.21052631578947367,0.2535885167464115,0.27751196172248804,0.09569377990430622,0.32768474528301883,96.195,0.04918032786885246,0.11475409836065574,0.0958904109589041,0.21311475409836064,0.2459016393442623,0.29508196721311475,0.11475409836065574,0.33878825000000007,98.79357142857143,L,0.043209876543209874,0.05555555555555555,0.20987654320987653,0.5444015444015444,0.2222222222222222,0.05555555555555555,0.3180209291436485,101.08285714285714,15.571428571428571,L,0.0,0.0,0.0,0.03,0.06,0.0,1,Citi Field,79.1,36.0,7.2,0.0,0.0,0.9874906646751306,0.10172144236589613,883,,,,,,,,0.5,,,PASS
822872,2026-07-25 00:05:00+00:00,SEA,TEX,TEX,SEA,1,694497,Evan Carter,confirmed,5.0,4.3,682243,0.027149321266968326,0.03619909502262444,0.031746031746031744,0.13122171945701358,0.19457013574660634,0.23529411764705882,0.12669683257918551,0.28010743777777775,92.84033898305084,0.0196078431372549,0.0,0.0,0.058823529411764705,0.09803921568627451,0.27450980392156865,0.09803921568627451,0.24326197777777783,91.44785714285715,L,0.03587443946188341,0.04484304932735426,0.16591928251121077,0.5623003194888179,0.3004484304932735,0.04484304932735426,0.23491195429960135,99.521,17.4,R,0.0,0.0,0.0,0.03,0.06,0.0,0,Globe Life Field,93.1,45.0,11.0,0.0,0.5,1.156086631814787,0.10164239423052789,884,,,,,,,,0.5,,,PASS
824573,2026-07-24 23:40:00+00:00,HOU,CWS,HOU,CWS,0,665161,Jeremy Peña,confirmed,1.0,4.75,663436,0.03862660944206009,0.03862660944206009,0.02875399361022364,0.17167381974248927,0.18025751072961374,0.1630901287553648,0.06866952789699571,0.35491967578616357,96.73188679245283,0.047619047619047616,0.047619047619047616,0.037037037037037035,0.15873015873015872,0.15873015873015872,0.1746031746031746,0.06349206349206349,0.37406718666666666,97.29333333333334,R,0.011560693641618497,0.04046242774566474,0.16473988439306358,0.44175824175824174,0.2254335260115607,0.07803468208092486,0.3141665069569276,101.96466666666666,16.066666666666666,R,0.0,0.0,0.0,0.03,0.06,0.0,1,Rate Field,73.9,52.0,7.1,0.0,0.0,0.7707244212098581,0.10055567532178619,894,,,,,,,,0.5,,,PASS
824573,2026-07-24 23:40:00+00:00,HOU,CWS,CWS,HOU,1,803011,Sam Antonacci,confirmed,1.0,4.75,681293,0.022813688212927757,0.034220532319391636,0.024861878453038673,0.1520912547528517,0.3155893536121673,0.16730038022813687,0.06844106463878327,0.3358306966666667,94.79733333333336,0.046153846153846156,0.03076923076923077,0.020202020202020204,0.13846153846153847,0.3384615384615385,0.16923076923076924,0.06153846153846154,0.29575643111111116,94.77133333333333,L,0.03418803418803419,0.04843304843304843,0.16524216524216523,0.5375302663438256,0.21937321937321938,0.12535612535612536,0.34421642660117935,99.88733333333333,15.866666666666667,R,0.0,0.0,0.0,0.03,0.06,0.0,0,Rate Field,73.9,52.0,7.1,0.0,0.0,0.7707244212098581,0.10037547967462251,896,,,,,,,,0.5,,,PASS
824733,2026-07-24 23:15:00+00:00,TOR,BOS,BOS,TOR,1,680776,Jarren Duran,confirmed,7.0,4.0,702056,0.033707865168539325,0.06367041198501873,0.05782312925170068,0.14606741573033707,0.20973782771535582,0.299625468164794,0.07116104868913857,0.2870859594444445,96.9225,0.015625,0.078125,0.06944444444444445,0.15625,0.25,0.234375,0.09375,0.33862151888888886,97.15733333333334,L,0.023880597014925373,0.03582089552238806,0.1880597014925373,0.571078431372549,0.23283582089552238,0.12238805970149254,0.2884100010897955,98.49133333333334,16.133333333333333,R,6.0,0.0,1.0,0.02608695652173913,0.07391304347826087,0.13043478260869565,0,Fenway Park,79.4,40.0,6.7,0.0,0.0,0.9056011949215832,0.10023000189039635,898,,,,,,,,0.5,,,PASS
823843,2026-07-24 23:10:00+00:00,SD,MIA,SD,MIA,0,593428,Xander Bogaerts,confirmed,8.0,3.85,687473,0.008333333333333333,0.03333333333333333,0.02952029520295203,0.12083333333333333,0.15416666666666667,0.2,0.12083333333333333,0.2924128541666667,96.17433333333335,0.015384615384615385,0.046153846153846156,0.04225352112676056,0.13846153846153847,0.18461538461538463,0.23076923076923078,0.13846153846153847,0.30243659,98.52933333333333,R,0.0297029702970297,0.06930693069306931,0.22772277227722773,0.5107913669064749,0.1782178217821782,0.09900990099009901,0.34193570762108266,100.53666666666668,10.666666666666666,R,0.0,0.0,0.0,0.03,0.06,0.0,1,loanDepot park,85.6,71.0,5.2,0.0,0.5,0.8670649738610903,0.09955612854540884,904,,,,,,,,0.5,,,PASS
822952,2026-07-24 23:10:00+00:00,CLE,TB,CLE,TB,0,690984,Petey Halpin,confirmed,9.0,3.7,663556,0.02631578947368421,0.06578947368421052,0.046296296296296294,0.18421052631578946,0.3157894736842105,0.23684210526315788,0.02631578947368421,0.24877688015873015,92.29142857142857,0.038461538461538464,0.057692307692307696,0.039473684210526314,0.19230769230769232,0.3269230769230769,0.23076923076923078,0.019230769230769232,0.22854856111111113,91.58399999999999,L,0.018808777429467086,0.05956112852664577,0.16927899686520376,0.4502487562189055,0.22570532915360503,0.06269592476489028,0.3112599524312076,100.72333333333334,15.266666666666667,L,0.0,0.0,0.0,0.03,0.06,0.0,1,Tropicana Field,88.5,62.0,8.7,0.0,1.0,1.1107499011553836,0.09925516386986512,908,,,,,,,,0.5,,,PASS
823843,2026-07-24 23:10:00+00:00,SD,MIA,MIA,SD,1,669364,Xavier Edwards,confirmed,4.0,4.45,608566,0.007662835249042145,0.019157088122605363,0.014005602240896359,0.10344827586206896,0.22988505747126436,0.14942528735632185,0.11494252873563218,0.2882411172222223,91.95833333333333,0.0,0.014925373134328358,0.010869565217391304,0.08955223880597014,0.31343283582089554,0.208955223880597,0.13432835820895522,0.28736116444444443,91.16733333333332,L,0.058823529411764705,0.06951871657754011,0.24598930481283424,0.5333333333333333,0.15508021390374332,0.10160427807486631,0.36158670502306334,102.33222222222223,13.333333333333334,R,0.0,0.0,0.0,0.03,0.06,0.0,0,loanDepot park,85.6,71.0,5.2,0.0,0.5,0.8670649738610903,0.09918845611889106,908,,,,,,,,0.5,,,PASS
823843,2026-07-24 23:10:00+00:00,SD,MIA,SD,MIA,0,657757,Gavin Sheets,confirmed,7.0,4.0,687473,0.0379746835443038,0.03375527426160337,0.026058631921824105,0.1518987341772152,0.24050632911392406,0.2109704641350211,0.14767932489451477,0.3220689033333334,96.24333333333333,0.0,0.0,0.0,0.04918032786885246,0.22950819672131148,0.16393442622950818,0.16393442622950818,0.24625709999999998,91.37733333333334,L,0.0297029702970297,0.06930693069306931,0.22772277227722773,0.5107913669064749,0.1782178217821782,0.09900990099009901,0.34193570762108266,100.53666666666668,10.666666666666666,R,0.0,0.0,0.0,0.03,0.06,0.0,0,loanDepot park,85.6,71.0,5.2,0.0,0.5,0.8670649738610903,0.0989446834219687,911,,,,,,,,0.5,,,PASS
823680,2026-07-25 00:10:00+00:00,ATH,MIN,MIN,ATH,1,686797,Brooks Lee,confirmed,8.0,3.85,682052,0.03861003861003861,0.02702702702702703,0.019390581717451522,0.16602316602316602,0.2277992277992278,0.15444015444015444,0.0694980694980695,0.2753293461111111,95.79,0.015151515151515152,0.015151515151515152,0.010416666666666666,0.15151515151515152,0.16666666666666666,0.21212121212121213,0.07575757575757576,0.26159793,96.48799999999999,L,0.04564315352697095,0.03734439834024896,0.14937759336099585,0.6237942122186495,0.17012448132780084,0.13278008298755187,0.2831282713179885,98.5725,12.583333333333334,L,0.0,0.0,0.0,0.03,0.06,0.0,1,Target Field,80.3,60.0,12.0,0.0,0.0,1.1303958177744584,0.09879006404334102,912,,,,,,,,0.5,,,PASS
822872,2026-07-25 00:05:00+00:00,SEA,TEX,TEX,SEA,1,553869,Elias Díaz,confirmed,8.0,3.85,682243,0.038834951456310676,0.04854368932038835,0.033783783783783786,0.18446601941747573,0.22330097087378642,0.20388349514563106,0.019417475728155338,0.2799878557471265,97.62,0.03508771929824561,0.03508771929824561,0.023255813953488372,0.15789473684210525,0.2631578947368421,0.21052631578947367,0.017543859649122806,0.2728512933333333,96.4926666666667,R,0.03587443946188341,0.04484304932735426,0.16591928251121077,0.5623003194888179,0.3004484304932735,0.04484304932735426,0.23491195429960135,99.521,17.4,R,0.0,0.0,0.0,0.03,0.06,0.0,1,Globe Life Field,93.1,45.0,11.0,0.0,0.5,1.156086631814787,0.09867450088596658,913,,,,,,,,0.5,,,PASS
823031,2026-07-25 00:15:00+00:00,CIN,STL,STL,CIN,1,699625,Jimmy Crooks,confirmed,9.0,3.7,695076,0.013888888888888888,0.027777777777777776,0.025,0.20833333333333334,0.18055555555555555,0.3194444444444444,0.09722222222222222,0.278724631060606,95.19727272727273,0.0,0.0,0.0,0.1956521739130435,0.15217391304347827,0.34782608695652173,0.08695652173913043,0.22064275555555557,94.58533333333335,L,0.026402640264026403,0.066006600660066,0.1782178217821782,0.5126050420168067,0.19141914191419143,0.09900990099009901,0.36385716351214403,101.76499999999999,13.928571428571429,R,0.0,0.0,0.0,0.03,0.06,0.0,0,Busch Stadium,73.7,71.0,3.0,0.0,0.0,0.65,0.09730060075705103,928,,,,,,,,0.5,,,PASS
823601,2026-07-24 23:10:00+00:00,LAD,NYM,NYM,LAD,1,676724,Jared Young,confirmed,7.0,4.0,808963,0.038461538461538464,0.07051282051282051,0.05555555555555555,0.14743589743589744,0.24358974358974358,0.1987179487179487,0.07051282051282051,0.32333951472868216,95.95666666666668,0.017857142857142856,0.03571428571428571,0.029850746268656716,0.16071428571428573,0.2857142857142857,0.17857142857142858,0.07142857142857142,0.2959273222222222,93.41933333333333,L,0.05105105105105105,0.08108108108108109,0.2072072072072072,0.5100671140939598,0.22822822822822822,0.08708708708708708,0.32844955201313025,101.12599999999999,15.4,R,0.0,0.0,0.0,0.03,0.06,0.0,0,Citi Field,79.1,36.0,7.2,0.0,0.0,0.9874906646751306,0.09718950329770731,929,,,,,,,,0.5,,,PASS
823434,2026-07-24 22:45:00+00:00,NYY,PHI,NYY,PHI,0,683011,Anthony Volpe,confirmed,6.0,4.15,666200,0.006369426751592357,0.025477707006369428,0.020100502512562814,0.16560509554140126,0.2484076433121019,0.22929936305732485,0.11464968152866242,0.28166696626016263,93.85707317073171,0.0,0.019230769230769232,0.015625,0.1346153846153846,0.3269230769230769,0.2692307692307692,0.057692307692307696,0.2469542055555556,93.32066666666668,R,0.019337016574585635,0.03038674033149171,0.09944751381215469,0.4387254901960784,0.30386740331491713,0.07734806629834254,0.24691650408421478,99.43400000000001,17.333333333333332,L,0.0,0.0,0.0,0.03,0.06,0.0,0,Citizens Bank Park,80.4,44.0,6.0,0.0,0.0,1.3728528752800595,0.09703475980888455,931,,,,,,,,0.5,,,PASS
823680,2026-07-25 00:10:00+00:00,ATH,MIN,ATH,MIN,0,695720,Tommy White,confirmed,6.0,4.15,805673,0.0,0.047619047619047616,0.03333333333333333,0.19047619047619047,0.23809523809523808,0.0,0.09523809523809523,0.34718115000000005,95.802,0.0,0.047619047619047616,0.03333333333333333,0.19047619047619047,0.23809523809523808,0.0,0.09523809523809523,0.34718115000000005,95.802,R,0.050505050505050504,0.09090909090909091,0.22895622895622897,0.5445026178010471,0.19528619528619529,0.0707070707070707,0.33523450320992615,101.75916666666667,17.25,R,0.0,0.0,0.0,0.03,0.06,0.0,1,Target Field,80.3,60.0,12.0,0.0,0.0,1.1303958177744584,0.09675277661143859,934,,,,,,,,0.5,,,PASS
824733,2026-07-24 23:15:00+00:00,TOR,BOS,TOR,BOS,0,676391,Ernie Clement,confirmed,1.0,4.75,663776,0.028225806451612902,0.03225806451612903,0.0223463687150838,0.14919354838709678,0.3346774193548387,0.11693548387096774,0.036290322580645164,0.2730268405555556,93.24966666666668,0.015384615384615385,0.03076923076923077,0.02,0.1076923076923077,0.3230769230769231,0.07692307692307693,0.03076923076923077,0.28046110777777766,91.72399999999999,R,0.023809523809523808,0.023809523809523808,0.19047619047619047,0.45098039215686275,0.23809523809523808,0.047619047619047616,0.31864304462242565,100.505,13.5,L,0.0,0.0,0.0,0.03,0.06,0.0,0,Fenway Park,79.4,40.0,6.7,0.0,0.0,0.9056011949215832,0.09668110464498432,934,,,,,,,,0.5,,,PASS
823434,2026-07-24 22:45:00+00:00,NYY,PHI,NYY,PHI,0,691176,Jasson Domínguez,confirmed,5.0,4.3,666200,0.03067484662576687,0.03680981595092025,0.027522935779816515,0.147239263803681,0.2147239263803681,0.20245398773006135,0.04294478527607362,0.29558319,96.90875,0.03225806451612903,0.06451612903225806,0.046511627906976744,0.1774193548387097,0.20967741935483872,0.1774193548387097,0.04838709677419355,0.32211337,96.28933333333335,L,0.019337016574585635,0.03038674033149171,0.09944751381215469,0.4387254901960784,0.30386740331491713,0.07734806629834254,0.24691650408421478,99.43400000000001,17.333333333333332,L,0.0,0.0,0.0,0.03,0.06,0.0,1,Citizens Bank Park,80.4,44.0,6.0,0.0,0.0,1.3728528752800595,0.09634323222016968,938,,,,,,,,0.5,,,PASS
822952,2026-07-24 23:10:00+00:00,CLE,TB,CLE,TB,0,681807,David Fry,confirmed,5.0,4.3,663556,0.04,0.016,0.012578616352201259,0.144,0.216,0.296,0.128,0.24891965701754384,88.74567567567568,0.043478260869565216,0.0,0.0,0.13043478260869565,0.2391304347826087,0.30434782608695654,0.10869565217391304,0.18607755,85.29928571428572,R,0.018808777429467086,0.05956112852664577,0.16927899686520376,0.4502487562189055,0.22570532915360503,0.06269592476489028,0.3112599524312076,100.72333333333334,15.266666666666667,L,0.0,0.0,0.0,0.03,0.06,0.0,0,Tropicana Field,88.5,62.0,8.7,0.0,1.0,1.1107499011553836,0.09579072168722867,944,,,,,,,,0.5,,,PASS
824573,2026-07-24 23:40:00+00:00,HOU,CWS,HOU,CWS,0,828599,Lucas Spence,confirmed,7.0,4.0,663436,0.0,0.043478260869565216,0.041666666666666664,0.13043478260869565,0.17391304347826086,0.2608695652173913,0.08695652173913043,0.24496800000000005,95.65333333333332,0.0,0.043478260869565216,0.041666666666666664,0.13043478260869565,0.17391304347826086,0.2608695652173913,0.08695652173913043,0.24496800000000005,95.65333333333332,L,0.011560693641618497,0.04046242774566474,0.16473988439306358,0.44175824175824174,0.2254335260115607,0.07803468208092486,0.3141665069569276,101.96466666666666,16.066666666666666,R,0.0,0.0,0.0,0.03,0.06,0.0,0,Rate Field,73.9,52.0,7.1,0.0,0.0,0.7707244212098581,0.09561475788218383,946,,,,,,,,0.5,,,PASS
824573,2026-07-24 23:40:00+00:00,HOU,CWS,HOU,CWS,0,701358,Cam Smith,confirmed,8.0,3.85,663436,0.03389830508474576,0.06779661016949153,0.05144694533762058,0.19915254237288135,0.2033898305084746,0.22033898305084745,0.07203389830508475,0.3248201436111111,97.3065,0.06666666666666667,0.08333333333333333,0.05555555555555555,0.2,0.2,0.16666666666666666,0.05,0.33796892555555563,99.97,R,0.011560693641618497,0.04046242774566474,0.16473988439306358,0.44175824175824174,0.2254335260115607,0.07803468208092486,0.3141665069569276,101.96466666666666,16.066666666666666,R,0.0,0.0,0.0,0.03,0.06,0.0,1,Rate Field,73.9,52.0,7.1,0.0,0.0,0.7707244212098581,0.09541349934955075,948,,,,,,,,0.5,,,PASS
823434,2026-07-24 22:45:00+00:00,NYY,PHI,PHI,NYY,1,687282,Gabriel Rincones Jr.,confirmed,8.0,3.85,693645,0.02631578947368421,0.06578947368421052,0.045871559633027525,0.10526315789473684,0.25,0.2894736842105263,0.02631578947368421,0.2064498068181818,94.00227272727274,0.02040816326530612,0.08163265306122448,0.0625,0.12244897959183673,0.2857142857142857,0.30612244897959184,0.04081632653061224,0.23166860555555555,93.36466666666664,L,0.03089887640449438,0.056179775280898875,0.15730337078651685,0.5887096774193549,0.29213483146067415,0.05898876404494382,0.2852568869223205,99.28733333333335,17.466666666666665,R,0.0,0.0,0.0,0.03,0.06,0.0,0,Citizens Bank Park,80.4,44.0,6.0,0.0,0.0,1.3728528752800595,0.09521460587627817,950,,,,,,,,0.5,,,PASS
824573,2026-07-24 23:40:00+00:00,HOU,CWS,HOU,CWS,0,572233,Christian Walker,confirmed,6.0,4.15,663436,0.04417670682730924,0.04417670682730924,0.03363914373088685,0.13654618473895583,0.2248995983935743,0.27309236947791166,0.07228915662650602,0.2583976963888889,95.91183333333333,0.017241379310344827,0.05172413793103448,0.04054054054054054,0.1206896551724138,0.25862068965517243,0.3275862068965517,0.06896551724137931,0.24887783555555557,94.73133333333332,R,0.011560693641618497,0.04046242774566474,0.16473988439306358,0.44175824175824174,0.2254335260115607,0.07803468208092486,0.3141665069569276,101.96466666666666,16.066666666666666,R,0.0,0.0,0.0,0.03,0.06,0.0,1,Rate Field,73.9,52.0,7.1,0.0,0.0,0.7707244212098581,0.09512103277705256,951,,,,,,,,0.5,,,PASS
822707,2026-07-24 22:45:00+00:00,ARI,WSH,ARI,WSH,0,672695,Geraldo Perdomo,confirmed,3.0,4.55,687223,0.018867924528301886,0.018867924528301886,0.014005602240896359,0.13584905660377358,0.20754716981132076,0.10943396226415095,0.1509433962264151,0.3245850138888889,94.25766666666667,0.028985507246376812,0.014492753623188406,0.011111111111111112,0.10144927536231885,0.2028985507246377,0.07246376811594203,0.15942028985507245,0.30804512333333334,93.49533333333333,L,0.023255813953488372,0.046511627906976744,0.13953488372093023,0.39655172413793105,0.27906976744186046,0.046511627906976744,0.3258621827651515,96.16,6.5,L,0.0,0.0,0.0,0.03,0.06,0.0,1,Nationals Park,79.8,39.0,5.4,0.0,0.0,1.3589088479226443,0.09480937550554151,955,,,,,,,,0.5,,,PASS
824812,2026-07-24 23:05:00+00:00,ATL,BAL,ATL,BAL,0,663698,Joey Bart,confirmed,8.0,3.85,669432,0.0425531914893617,0.06382978723404255,0.05042016806722689,0.1702127659574468,0.24468085106382978,0.26595744680851063,0.031914893617021274,0.3028727685185185,91.65407407407409,0.057692307692307696,0.07692307692307693,0.057971014492753624,0.19230769230769232,0.19230769230769232,0.19230769230769232,0.019230769230769232,0.3577368222222222,93.05,R,0.029940119760479042,0.05389221556886228,0.2275449101796407,0.5386178861788617,0.18862275449101795,0.08083832335329341,0.3355800180000837,101.46866666666668,15.333333333333334,L,0.0,0.0,0.0,0.03,0.06,0.0,0,Oriole Park at Camden Yards,79.8,40.0,5.9,0.0,0.0,1.0533233756534728,0.09435059669112796,960,,,,,,,,0.5,,,PASS
824248,2026-07-24 22:40:00+00:00,KC,DET,DET,KC,1,650402,Gleyber Torres,confirmed,2.0,4.65,694360,0.019704433497536946,0.04926108374384237,0.038910505836575876,0.10837438423645321,0.3054187192118227,0.1921182266009852,0.15270935960591134,0.33051264239130435,90.48282608695652,0.03278688524590164,0.06557377049180328,0.05,0.16393442622950818,0.3114754098360656,0.2786885245901639,0.09836065573770492,0.31228909,90.65066666666665,R,,,,,,,,,,,0.0,0.0,0.0,0.03,0.06,0.0,0,Comerica Park,78.0,42.0,6.3,0.0,0.0,0.9067346131880684,0.09434696459671485,960,,,,,,,,0.5,,,PASS
824573,2026-07-24 23:40:00+00:00,HOU,CWS,CWS,HOU,1,695731,Braden Montgomery,confirmed,6.0,4.15,681293,0.02142857142857143,0.02857142857142857,0.022222222222222223,0.17142857142857143,0.2357142857142857,0.18571428571428572,0.08571428571428572,0.2989136647058824,96.06636363636362,0.01639344262295082,0.01639344262295082,0.012048192771084338,0.16393442622950818,0.22950819672131148,0.11475409836065574,0.06557377049180328,0.29913702000000003,95.02666666666666,R,0.03418803418803419,0.04843304843304843,0.16524216524216523,0.5375302663438256,0.21937321937321938,0.12535612535612536,0.34421642660117935,99.88733333333333,15.866666666666667,R,0.0,0.0,0.0,0.03,0.06,0.0,1,Rate Field,73.9,52.0,7.1,0.0,0.0,0.7707244212098581,0.09408416904298345,963,,,,,,,,0.5,,,PASS
824812,2026-07-24 23:05:00+00:00,ATL,BAL,ATL,BAL,0,622761,Jorge Mateo,confirmed,9.0,3.7,669432,0.025,0.058333333333333334,0.04242424242424243,0.18333333333333332,0.3,0.275,0.058333333333333334,0.2970819207207208,93.6881081081081,0.0,0.023809523809523808,0.016666666666666666,0.21428571428571427,0.30952380952380953,0.3333333333333333,0.047619047619047616,0.24428764444444442,92.248,R,0.029940119760479042,0.05389221556886228,0.2275449101796407,0.5386178861788617,0.18862275449101795,0.08083832335329341,0.3355800180000837,101.46866666666668,15.333333333333334,L,0.0,0.0,0.0,0.03,0.06,0.0,0,Oriole Park at Camden Yards,79.8,40.0,5.9,0.0,0.0,1.0533233756534728,0.09328164200725338,972,,,,,,,,0.5,,,PASS
823031,2026-07-25 00:15:00+00:00,CIN,STL,STL,CIN,1,701675,Nathan Church,confirmed,7.0,4.0,695076,0.03139013452914798,0.05829596412556054,0.03494623655913978,0.15246636771300448,0.33183856502242154,0.19282511210762332,0.04932735426008968,0.28987004111111114,93.58305084745763,0.03636363636363636,0.01818181818181818,0.009900990099009901,0.14545454545454545,0.2909090909090909,0.18181818181818182,0.03636363636363636,0.23313823333333336,92.318,L,0.026402640264026403,0.066006600660066,0.1782178217821782,0.5126050420168067,0.19141914191419143,0.09900990099009901,0.36385716351214403,101.76499999999999,13.928571428571429,R,0.0,0.0,0.0,0.03,0.06,0.0,0,Busch Stadium,73.7,71.0,3.0,0.0,0.0,0.65,0.0926076268444849,980,,,,,,,,0.5,,,PASS
824812,2026-07-24 23:05:00+00:00,ATL,BAL,ATL,BAL,0,643289,Mauricio Dubón,confirmed,5.0,4.3,669432,0.0311284046692607,0.0311284046692607,0.019704433497536946,0.14007782101167315,0.33852140077821014,0.13229571984435798,0.0622568093385214,0.31251889138888894,94.30066666666666,0.015151515151515152,0.015151515151515152,0.009615384615384616,0.09090909090909091,0.2727272727272727,0.16666666666666666,0.015151515151515152,0.2639496444444444,94.41799999999999,R,0.029940119760479042,0.05389221556886228,0.2275449101796407,0.5386178861788617,0.18862275449101795,0.08083832335329341,0.3355800180000837,101.46866666666668,15.333333333333334,L,0.0,0.0,0.0,0.03,0.06,0.0,0,Oriole Park at Camden Yards,79.8,40.0,5.9,0.0,0.0,1.0533233756534728,0.09139109411547879,994,,,,,,,,0.5,,,PASS
822872,2026-07-25 00:05:00+00:00,SEA,TEX,SEA,TEX,0,806068,Colt Emerson,confirmed,9.0,3.7,669022,0.038461538461538464,0.03296703296703297,0.02654867256637168,0.11538461538461539,0.26373626373626374,0.32967032967032966,0.07142857142857142,0.2335521866666667,91.79119999999999,0.0,0.01818181818181818,0.014925373134328358,0.10909090909090909,0.2909090909090909,0.34545454545454546,0.03636363636363636,0.20455601111111113,88.41666666666667,L,0.02631578947368421,0.04678362573099415,0.21052631578947367,0.5591397849462365,0.23391812865497075,0.07894736842105263,0.29238079833640057,101.08,15.933333333333334,L,0.0,0.0,0.0,0.03,0.06,0.0,1,Globe Life Field,93.1,45.0,11.0,0.0,0.5,1.156086631814787,0.09119795441109715,997,,,,,,,,0.5,,,PASS
823601,2026-07-24 23:10:00+00:00,LAD,NYM,NYM,LAD,1,543760,Marcus Semien,confirmed,8.0,3.85,808963,0.037037037037037035,0.053497942386831275,0.040372670807453416,0.1728395061728395,0.22633744855967078,0.22633744855967078,0.06995884773662552,0.30443581777777773,93.669,0.031746031746031744,0.015873015873015872,0.011363636363636364,0.14285714285714285,0.1746031746031746,0.2698412698412698,0.09523809523809523,0.24013354333333334,93.79266666666668,R,0.05105105105105105,0.08108108108108109,0.2072072072072072,0.5100671140939598,0.22822822822822822,0.08708708708708708,0.32844955201313025,101.12599999999999,15.4,R,0.0,0.0,0.0,0.03,0.06,0.0,1,Citi Field,79.1,36.0,7.2,0.0,0.0,0.9874906646751306,0.09119334215031935,997,,,,,,,,0.5,,,PASS
822952,2026-07-24 23:10:00+00:00,CLE,TB,TB,CLE,1,676356,Jonny DeLuca,confirmed,5.0,4.3,676282,0.028089887640449437,0.02247191011235955,0.01646090534979424,0.1348314606741573,0.24719101123595505,0.1853932584269663,0.05056179775280899,0.2797871670454546,94.60454545454544,0.031746031746031744,0.015873015873015872,0.011904761904761904,0.15873015873015872,0.23809523809523808,0.14285714285714285,0.06349206349206349,0.2594249244444444,92.99666666666667,R,0.024096385542168676,0.04216867469879518,0.1355421686746988,0.4225721784776903,0.23493975903614459,0.11746987951807229,0.31067709168815244,99.51333333333335,14.666666666666666,L,0.0,0.0,0.0,0.03,0.06,0.0,0,Tropicana Field,88.5,62.0,8.7,0.0,1.0,1.1107499011553836,0.0910886291096054,998,,,,,,,,0.5,,,PASS
823601,2026-07-24 23:10:00+00:00,LAD,NYM,LAD,NYM,0,500743,Miguel Rojas,confirmed,6.0,4.15,640455,0.01652892561983471,0.06611570247933884,0.05,0.17355371900826447,0.2231404958677686,0.10743801652892562,0.04132231404958678,0.34428547761904765,95.01342857142858,0.02127659574468085,0.10638297872340426,0.0847457627118644,0.2553191489361702,0.3191489361702128,0.10638297872340426,0.0425531914893617,0.33949874333333335,93.29066666666667,R,0.043209876543209874,0.05555555555555555,0.20987654320987653,0.5444015444015444,0.2222222222222222,0.05555555555555555,0.3180209291436485,101.08285714285714,15.571428571428571,L,0.0,0.0,0.0,0.03,0.06,0.0,0,Citi Field,79.1,36.0,7.2,0.0,0.0,0.9874906646751306,0.09074658393313537,1002,,,,,,,,0.5,,,PASS
824248,2026-07-24 22:40:00+00:00,KC,DET,KC,DET,0,686555,Isaac Collins,confirmed,7.0,4.0,669373,0.017391304347826087,0.043478260869565216,0.03816793893129771,0.16956521739130434,0.1826086956521739,0.20434782608695654,0.11739130434782609,0.3249804380555556,96.27433333333332,0.05454545454545454,0.05454545454545454,0.04225352112676056,0.2,0.18181818181818182,0.23636363636363636,0.09090909090909091,0.32879965,95.30999999999999,L,0.031055900621118012,0.043478260869565216,0.14906832298136646,0.5048309178743962,0.30434782608695654,0.034161490683229816,0.26800185645087315,98.9707142857143,17.642857142857142,L,0.0,0.0,0.0,0.03,0.06,0.0,1,Comerica Park,78.0,42.0,6.3,0.0,0.0,0.9067346131880684,0.09004569571507896,1011,,,,,,,,0.5,,,PASS
824812,2026-07-24 23:05:00+00:00,ATL,BAL,BAL,ATL,1,665750,Leody Taveras,confirmed,6.0,4.15,656550,0.012244897959183673,0.02857142857142857,0.022653721682847898,0.1306122448979592,0.1836734693877551,0.2571428571428571,0.08163265306122448,0.2599306333333333,91.89833333333334,0.03278688524590164,0.03278688524590164,0.02702702702702703,0.08196721311475409,0.16393442622950818,0.32786885245901637,0.11475409836065574,0.24703734111111106,88.54199999999999,R,0.04113924050632911,0.06329113924050633,0.17721518987341772,0.4463840399002494,0.189873417721519,0.10443037974683544,0.3407417140560797,101.96399999999998,14.066666666666666,R,0.0,0.0,0.0,0.03,0.06,0.0,1,Oriole Park at Camden Yards,79.8,40.0,5.9,0.0,0.0,1.0533233756534728,0.08959801164471298,1016,,,,,,,,0.5,,,PASS
824733,2026-07-24 23:15:00+00:00,TOR,BOS,TOR,BOS,0,672386,Alejandro Kirk,confirmed,5.0,4.3,663776,0.02631578947368421,0.02631578947368421,0.02054794520547945,0.12280701754385964,0.24561403508771928,0.12280701754385964,0.09649122807017543,0.2909368589285714,96.1532142857143,0.03389830508474576,0.03389830508474576,0.02631578947368421,0.15254237288135594,0.22033898305084745,0.1016949152542373,0.11864406779661017,0.34602208777777776,96.70466666666668,R,0.023809523809523808,0.023809523809523808,0.19047619047619047,0.45098039215686275,0.23809523809523808,0.047619047619047616,0.31864304462242565,100.505,13.5,L,0.0,0.0,0.0,0.03,0.06,0.0,0,Fenway Park,79.4,40.0,6.7,0.0,0.0,0.9056011949215832,0.089572817479228,1016,,,,,,,,0.5,,,PASS
824573,2026-07-24 23:40:00+00:00,HOU,CWS,HOU,CWS,0,664774,LaMonte Wade Jr.,confirmed,5.0,4.3,663436,0.0392156862745098,0.0392156862745098,0.02857142857142857,0.13725490196078433,0.3137254901960784,0.2549019607843137,0.1568627450980392,0.2748430119047619,92.4342857142857,0.0392156862745098,0.0392156862745098,0.02857142857142857,0.13725490196078433,0.3137254901960784,0.2549019607843137,0.1568627450980392,0.2748430119047619,92.4342857142857,L,0.011560693641618497,0.04046242774566474,0.16473988439306358,0.44175824175824174,0.2254335260115607,0.07803468208092486,0.3141665069569276,101.96466666666666,16.066666666666666,R,0.0,0.0,0.0,0.03,0.06,0.0,0,Rate Field,73.9,52.0,7.1,0.0,0.0,0.7707244212098581,0.08950559422399451,1017,,,,,,,,0.5,,,PASS
823352,2026-07-24 22:40:00+00:00,CHC,PIT,PIT,CHC,1,663968,Jake Mangum,confirmed,1.0,4.75,571510,0.007751937984496124,0.011627906976744186,0.007281553398058253,0.08527131782945736,0.2868217054263566,0.17054263565891473,0.046511627906976744,0.2831556788135593,92.74847457627119,0.013888888888888888,0.013888888888888888,0.009009009009009009,0.06944444444444445,0.3055555555555556,0.1388888888888889,0.041666666666666664,0.31992873555555545,95.038,L,0.027649769585253458,0.06912442396313365,0.1889400921658986,0.5246478873239436,0.2350230414746544,0.06451612903225806,0.3320788791784113,103.19000000000001,15.4,L,0.0,0.0,0.0,0.03,0.06,0.0,1,PNC Park,79.2,49.0,6.1,0.0,0.0,1.027632561613144,0.08932699211591509,1019,,,,,,,,0.5,,,PASS
823843,2026-07-24 23:10:00+00:00,SD,MIA,MIA,SD,1,689414,Liam Hicks,confirmed,5.0,4.3,608566,0.03383458646616541,0.02631578947368421,0.021806853582554516,0.09774436090225563,0.15789473684210525,0.10902255639097744,0.10526315789473684,0.2883228441666666,94.637,0.014705882352941176,0.029411764705882353,0.02127659574468085,0.08823529411764706,0.1323529411764706,0.10294117647058823,0.08823529411764706,0.3188589722222222,95.46266666666666,L,0.058823529411764705,0.06951871657754011,0.24598930481283424,0.5333333333333333,0.15508021390374332,0.10160427807486631,0.36158670502306334,102.33222222222223,13.333333333333334,R,0.0,0.0,0.0,0.03,0.06,0.0,0,loanDepot park,85.6,71.0,5.2,0.0,0.5,0.8670649738610903,0.08881354143713455,1026,,,,,,,,0.5,,,PASS
824812,2026-07-24 23:05:00+00:00,ATL,BAL,BAL,ATL,1,687952,Christian Encarnacion-Strand,confirmed,8.0,3.85,656550,0.11764705882352941,0.11764705882352941,0.06666666666666667,0.17647058823529413,0.35294117647058826,0.23529411764705882,0.0,0.3608375,94.53,0.11764705882352941,0.11764705882352941,0.06666666666666667,0.17647058823529413,0.35294117647058826,0.23529411764705882,0.0,0.3608375,94.53,R,0.04113924050632911,0.06329113924050633,0.17721518987341772,0.4463840399002494,0.189873417721519,0.10443037974683544,0.3407417140560797,101.96399999999998,14.066666666666666,R,0.0,0.0,0.0,0.03,0.06,0.0,1,Oriole Park at Camden Yards,79.8,40.0,5.9,0.0,0.0,1.0533233756534728,0.08880798773723295,1026,,,,,,,,0.5,,,PASS
823352,2026-07-24 22:40:00+00:00,CHC,PIT,CHC,PIT,0,621020,Dansby Swanson,confirmed,9.0,3.7,683003,0.043478260869565216,0.0391304347826087,0.033210332103321034,0.18695652173913044,0.16956521739130434,0.2391304347826087,0.07391304347826087,0.26580921222222226,94.42200000000001,0.0,0.01818181818181818,0.013157894736842105,0.2545454545454545,0.18181818181818182,0.18181818181818182,0.03636363636363636,0.28689647111111116,97.896,R,0.03048780487804878,0.042682926829268296,0.14634146341463414,0.4973544973544973,0.2926829268292683,0.07317073170731707,0.2764073858732479,101.56222222222222,13.222222222222221,R,0.0,0.0,0.0,0.03,0.06,0.0,1,PNC Park,79.2,49.0,6.1,0.0,0.0,1.027632561613144,0.08828733441036368,1033,,,,,,,,0.5,,,PASS
822707,2026-07-24 22:45:00+00:00,ARI,WSH,WSH,ARI,1,695670,Harry Ford,confirmed,7.0,4.0,593958,0.07692307692307693,0.07692307692307693,0.06666666666666667,0.07692307692307693,0.3076923076923077,0.38461538461538464,0.07692307692307693,0.3296923611111111,84.47333333333334,0.07692307692307693,0.07692307692307693,0.06666666666666667,0.07692307692307693,0.3076923076923077,0.38461538461538464,0.07692307692307693,0.3296923611111111,84.47333333333334,R,0.022284122562674095,0.07799442896935933,0.2116991643454039,0.5590062111801242,0.17827298050139276,0.0807799442896936,0.34819897924715326,100.30266666666668,17.666666666666668,L,0.0,0.0,0.0,0.03,0.06,0.0,0,Nationals Park,79.8,39.0,5.4,0.0,0.0,1.3589088479226443,0.08778788310854509,1039,,,,,,,,0.5,,,PASS
823680,2026-07-25 00:10:00+00:00,ATH,MIN,MIN,ATH,1,668952,Ryan Kreidler,confirmed,9.0,3.7,682052,0.027972027972027972,0.04195804195804196,0.031914893617021274,0.0979020979020979,0.16783216783216784,0.23076923076923078,0.07692307692307693,0.27698418455284557,93.9619512195122,0.01818181818181818,0.01818181818181818,0.013157894736842105,0.07272727272727272,0.2,0.2909090909090909,0.03636363636363636,0.22163601111111106,94.84533333333333,R,0.04564315352697095,0.03734439834024896,0.14937759336099585,0.6237942122186495,0.17012448132780084,0.13278008298755187,0.2831282713179885,98.5725,12.583333333333334,L,0.0,0.0,0.0,0.03,0.06,0.0,0,Target Field,80.3,60.0,12.0,0.0,0.0,1.1303958177744584,0.08703159618203236,1049,,,,,,,,0.5,,,PASS
823031,2026-07-25 00:15:00+00:00,CIN,STL,STL,CIN,1,691026,Masyn Winn,confirmed,6.0,4.15,695076,0.012145748987854251,0.024291497975708502,0.020338983050847456,0.09716599190283401,0.20242914979757085,0.1902834008097166,0.08906882591093117,0.2936712163888888,96.62083333333334,0.0,0.017241379310344827,0.015151515151515152,0.10344827586206896,0.27586206896551724,0.1896551724137931,0.1206896551724138,0.2838756411111111,96.75066666666667,R,0.026402640264026403,0.066006600660066,0.1782178217821782,0.5126050420168067,0.19141914191419143,0.09900990099009901,0.36385716351214403,101.76499999999999,13.928571428571429,R,0.0,0.0,0.0,0.03,0.06,0.0,1,Busch Stadium,73.7,71.0,3.0,0.0,0.0,0.65,0.08683406404836876,1052,,,,,,,,0.5,,,PASS
824248,2026-07-24 22:40:00+00:00,KC,DET,DET,KC,1,663837,Matt Vierling,confirmed,8.0,3.85,694360,0.01646090534979424,0.037037037037037035,0.026706231454005934,0.1728395061728395,0.2839506172839506,0.1728395061728395,0.06995884773662552,0.3022452477777777,95.34949999999999,0.01639344262295082,0.03278688524590164,0.025,0.22950819672131148,0.22950819672131148,0.21311475409836064,0.03278688524590164,0.3090204555555556,97.55666666666667,R,,,,,,,,,,,0.0,0.0,0.0,0.03,0.06,0.0,0,Comerica Park,78.0,42.0,6.3,0.0,0.0,0.9067346131880684,0.08651827262281771,1056,,,,,,,,0.5,,,PASS
823352,2026-07-24 22:40:00+00:00,CHC,PIT,CHC,PIT,0,608348,Carson Kelly,confirmed,8.0,3.85,683003,0.020242914979757085,0.04048582995951417,0.03115264797507788,0.15789473684210525,0.24696356275303644,0.17408906882591094,0.10931174089068826,0.30725466722222217,95.50583333333334,0.03225806451612903,0.03225806451612903,0.02631578947368421,0.14516129032258066,0.27419354838709675,0.16129032258064516,0.16129032258064516,0.32638638444444446,94.27933333333335,R,0.03048780487804878,0.042682926829268296,0.14634146341463414,0.4973544973544973,0.2926829268292683,0.07317073170731707,0.2764073858732479,101.56222222222222,13.222222222222221,R,0.0,0.0,0.0,0.03,0.06,0.0,1,PNC Park,79.2,49.0,6.1,0.0,0.0,1.027632561613144,0.08575632599197988,1066,,,,,,,,0.5,,,PASS
824733,2026-07-24 23:15:00+00:00,TOR,BOS,BOS,TOR,1,702332,Caleb Durbin,confirmed,6.0,4.15,702056,0.039647577092511016,0.02643171806167401,0.018575851393188854,0.16740088105726872,0.2599118942731278,0.13215859030837004,0.05286343612334802,0.28697573111111113,92.51183333333333,0.03125,0.0,0.0,0.109375,0.28125,0.078125,0.078125,0.2815505966666667,93.17733333333335,R,0.023880597014925373,0.03582089552238806,0.1880597014925373,0.571078431372549,0.23283582089552238,0.12238805970149254,0.2884100010897955,98.49133333333334,16.133333333333333,R,5.0,1.0,0.0,0.04888888888888889,0.05333333333333333,0.1111111111111111,1,Fenway Park,79.4,40.0,6.7,0.0,0.0,0.9056011949215832,0.08570067116012575,1067,,,,,,,,0.5,,,PASS
823680,2026-07-25 00:10:00+00:00,ATH,MIN,MIN,ATH,1,807712,Luke Keaschall,confirmed,7.0,4.0,682052,0.012658227848101266,0.016877637130801686,0.013422818791946308,0.15611814345991562,0.22362869198312235,0.13924050632911392,0.11814345991561181,0.31061534499999993,94.00166666666668,0.01694915254237288,0.01694915254237288,0.012658227848101266,0.1016949152542373,0.23728813559322035,0.13559322033898305,0.1016949152542373,0.3201433677777778,93.3,R,0.04564315352697095,0.03734439834024896,0.14937759336099585,0.6237942122186495,0.17012448132780084,0.13278008298755187,0.2831282713179885,98.5725,12.583333333333334,L,0.0,0.0,0.0,0.03,0.06,0.0,0,Target Field,80.3,60.0,12.0,0.0,0.0,1.1303958177744584,0.08523376638660139,1073,,,,,,,,0.5,,,PASS
822952,2026-07-24 23:10:00+00:00,CLE,TB,CLE,TB,0,595978,Austin Hedges,confirmed,8.0,3.85,663556,0.02,0.04,0.032432432432432434,0.14666666666666667,0.19333333333333333,0.16,0.08,0.29388457364341086,93.7318604651163,0.0392156862745098,0.09803921568627451,0.07575757575757576,0.2549019607843137,0.21568627450980393,0.13725490196078433,0.0392156862745098,0.31521689999999997,94.81666666666668,R,0.018808777429467086,0.05956112852664577,0.16927899686520376,0.4502487562189055,0.22570532915360503,0.06269592476489028,0.3112599524312076,100.72333333333334,15.266666666666667,L,0.0,0.0,0.0,0.03,0.06,0.0,0,Tropicana Field,88.5,62.0,8.7,0.0,1.0,1.1107499011553836,0.08523279984267554,1073,,,,,,,,0.5,,,PASS
824248,2026-07-24 22:40:00+00:00,KC,DET,KC,DET,0,686681,Michael Massey,confirmed,8.0,3.85,669373,0.02666666666666667,0.04888888888888889,0.03503184713375796,0.21333333333333335,0.23555555555555555,0.16,0.05333333333333334,0.2997349041666667,96.12966666666665,0.0,0.017241379310344827,0.013513513513513514,0.22413793103448276,0.15517241379310345,0.2413793103448276,0.06896551724137931,0.28227505,94.35933333333335,L,0.031055900621118012,0.043478260869565216,0.14906832298136646,0.5048309178743962,0.30434782608695654,0.034161490683229816,0.26800185645087315,98.9707142857143,17.642857142857142,L,0.0,0.0,0.0,0.03,0.06,0.0,1,Comerica Park,78.0,42.0,6.3,0.0,0.0,0.9067346131880684,0.08488750756804107,1078,,,,,,,,0.5,,,PASS
824733,2026-07-24 23:15:00+00:00,TOR,BOS,BOS,TOR,1,657136,Connor Wong,confirmed,9.0,3.7,702056,0.007042253521126761,0.028169014084507043,0.022988505747126436,0.16901408450704225,0.21830985915492956,0.21830985915492956,0.1056338028169014,0.2965787341666667,94.8945,0.018867924528301886,0.03773584905660377,0.03076923076923077,0.16981132075471697,0.18867924528301888,0.22641509433962265,0.1320754716981132,0.28282909333333334,96.22600000000001,R,0.023880597014925373,0.03582089552238806,0.1880597014925373,0.571078431372549,0.23283582089552238,0.12238805970149254,0.2884100010897955,98.49133333333334,16.133333333333333,R,3.0,0.0,0.0,0.027906976744186046,0.05581395348837209,0.06976744186046512,1,Fenway Park,79.4,40.0,6.7,0.0,0.0,0.9056011949215832,0.08409877431744574,1089,,,,,,,,0.5,,,PASS
824733,2026-07-24 23:15:00+00:00,TOR,BOS,BOS,TOR,1,807799,Masataka Yoshida,confirmed,5.0,4.3,702056,0.020202020202020204,0.025252525252525252,0.01953125,0.15151515151515152,0.2878787878787879,0.1111111111111111,0.08080808080808081,0.3307352329931973,96.57877551020408,0.05,0.05,0.03529411764705882,0.13333333333333333,0.31666666666666665,0.1,0.08333333333333333,0.37322831555555563,96.3,L,0.023880597014925373,0.03582089552238806,0.1880597014925373,0.571078431372549,0.23283582089552238,0.12238805970149254,0.2884100010897955,98.49133333333334,16.133333333333333,R,2.0,0.0,0.0,0.02857142857142857,0.05714285714285714,0.047619047619047616,0,Fenway Park,79.4,40.0,6.7,0.0,0.0,0.9056011949215832,0.08310171203853174,1103,,,,,,,,0.5,,,PASS
823601,2026-07-24 23:10:00+00:00,LAD,NYM,LAD,NYM,0,663656,Kyle Tucker,confirmed,7.0,4.0,640455,0.012244897959183673,0.0326530612244898,0.02346041055718475,0.15510204081632653,0.22040816326530613,0.19183673469387755,0.12244897959183673,0.3338221794444445,94.50833333333335,0.0,0.05084745762711865,0.0375,0.13559322033898305,0.3050847457627119,0.1016949152542373,0.1016949152542373,0.35335547111111115,94.49733333333334,L,0.043209876543209874,0.05555555555555555,0.20987654320987653,0.5444015444015444,0.2222222222222222,0.05555555555555555,0.3180209291436485,101.08285714285714,15.571428571428571,L,0.0,0.0,0.0,0.03,0.06,0.0,1,Citi Field,79.1,36.0,7.2,0.0,0.0,0.9874906646751306,0.08309362859044933,1103,,,,,,,,0.5,,,PASS
824573,2026-07-24 23:40:00+00:00,HOU,CWS,CWS,HOU,1,671976,Tristan Peters,confirmed,7.0,4.0,681293,0.027649769585253458,0.041474654377880185,0.02912621359223301,0.1889400921658986,0.24423963133640553,0.15668202764976957,0.06451612903225806,0.3011492208333333,92.766,0.034482758620689655,0.05172413793103448,0.0410958904109589,0.2413793103448276,0.25862068965517243,0.1724137931034483,0.05172413793103448,0.30889007222222226,95.35066666666668,L,0.03418803418803419,0.04843304843304843,0.16524216524216523,0.5375302663438256,0.21937321937321938,0.12535612535612536,0.34421642660117935,99.88733333333333,15.866666666666667,R,0.0,0.0,0.0,0.03,0.06,0.0,0,Rate Field,73.9,52.0,7.1,0.0,0.0,0.7707244212098581,0.082625172799437,1110,,,,,,,,0.5,,,PASS
822707,2026-07-24 22:45:00+00:00,ARI,WSH,ARI,WSH,0,694374,Tim Tawa,confirmed,9.0,3.7,687223,0.036036036036036036,0.05405405405405406,0.0410958904109589,0.18018018018018017,0.26126126126126126,0.2072072072072072,0.07207207207207207,0.2953859988505747,95.21137931034482,0.05,0.08333333333333333,0.06172839506172839,0.2,0.3,0.23333333333333334,0.05,0.32130430888888895,96.03733333333334,R,0.023255813953488372,0.046511627906976744,0.13953488372093023,0.39655172413793105,0.27906976744186046,0.046511627906976744,0.3258621827651515,96.16,6.5,L,0.0,0.0,0.0,0.03,0.06,0.0,0,Nationals Park,79.8,39.0,5.4,0.0,0.0,1.3589088479226443,0.0823885533829216,1114,,,,,,,,0.5,,,PASS
823031,2026-07-25 00:15:00+00:00,CIN,STL,STL,CIN,1,691458,Blaze Jordan,confirmed,8.0,3.85,695076,0.00980392156862745,0.049019607843137254,0.03676470588235294,0.17647058823529413,0.24509803921568626,0.14705882352941177,0.029411764705882353,0.2880051101190476,96.31142857142856,0.0,0.038461538461538464,0.031746031746031744,0.17307692307692307,0.28846153846153844,0.19230769230769232,0.019230769230769232,0.3016688222222222,96.102,R,0.026402640264026403,0.066006600660066,0.1782178217821782,0.5126050420168067,0.19141914191419143,0.09900990099009901,0.36385716351214403,101.76499999999999,13.928571428571429,R,0.0,0.0,0.0,0.03,0.06,0.0,1,Busch Stadium,73.7,71.0,3.0,0.0,0.0,0.65,0.08221940339978223,1116,,,,,,,,0.5,,,PASS
822952,2026-07-24 23:10:00+00:00,CLE,TB,TB,CLE,1,668723,Ryan Vilade,confirmed,7.0,4.0,676282,0.034482758620689655,0.034482758620689655,0.023474178403755867,0.12413793103448276,0.2413793103448276,0.19310344827586207,0.0896551724137931,0.31833628504273503,95.20102564102565,0.05084745762711865,0.05084745762711865,0.03896103896103896,0.1016949152542373,0.22033898305084745,0.1864406779661017,0.06779661016949153,0.3192516322222222,98.09533333333334,R,0.024096385542168676,0.04216867469879518,0.1355421686746988,0.4225721784776903,0.23493975903614459,0.11746987951807229,0.31067709168815244,99.51333333333335,14.666666666666666,L,0.0,0.0,0.0,0.03,0.06,0.0,0,Tropicana Field,88.5,62.0,8.7,0.0,1.0,1.1107499011553836,0.08069862084118974,1139,,,,,,,,0.5,,,PASS
824733,2026-07-24 23:15:00+00:00,TOR,BOS,BOS,TOR,1,655316,Andruw Monasterio,confirmed,8.0,3.85,702056,0.03333333333333333,0.06666666666666667,0.04608294930875576,0.17333333333333334,0.3333333333333333,0.20666666666666667,0.08,0.31145164999999997,93.5874358974359,0.05172413793103448,0.10344827586206896,0.07894736842105263,0.1896551724137931,0.3103448275862069,0.1724137931034483,0.10344827586206896,0.3601186488888889,95.71266666666665,R,0.023880597014925373,0.03582089552238806,0.1880597014925373,0.571078431372549,0.23283582089552238,0.12238805970149254,0.2884100010897955,98.49133333333334,16.133333333333333,R,2.0,0.0,0.0,0.02857142857142857,0.05714285714285714,0.047619047619047616,1,Fenway Park,79.4,40.0,6.7,0.0,0.0,0.9056011949215832,0.08065003498810767,1140,,,,,,,,0.5,,,PASS
823352,2026-07-24 22:40:00+00:00,CHC,PIT,CHC,PIT,0,699393,Pedro Ramírez,confirmed,7.0,4.0,683003,0.017543859649122806,0.03508771929824561,0.02857142857142857,0.08771929824561403,0.2631578947368421,0.17543859649122806,0.07017543859649122,0.2688750178571428,95.67071428571428,0.017543859649122806,0.03508771929824561,0.02857142857142857,0.08771929824561403,0.2631578947368421,0.17543859649122806,0.07017543859649122,0.2688750178571428,95.67071428571428,L,0.03048780487804878,0.042682926829268296,0.14634146341463414,0.4973544973544973,0.2926829268292683,0.07317073170731707,0.2764073858732479,101.56222222222222,13.222222222222221,R,0.0,0.0,0.0,0.03,0.06,0.0,0,PNC Park,79.2,49.0,6.1,0.0,0.0,1.027632561613144,0.07867141410347107,1171,,,,,,,,0.5,,,PASS
824248,2026-07-24 22:40:00+00:00,KC,DET,DET,KC,1,701162,Ben Malgeri,confirmed,9.0,3.7,694360,0.0,0.03571428571428571,0.03225806451612903,0.14285714285714285,0.17857142857142858,0.25,0.0,0.2172291666666667,94.34875,0.0,0.03571428571428571,0.03225806451612903,0.14285714285714285,0.17857142857142858,0.25,0.0,0.2172291666666667,94.34875,R,,,,,,,,,,,0.0,0.0,0.0,0.03,0.06,0.0,0,Comerica Park,78.0,42.0,6.3,0.0,0.0,0.9067346131880684,0.07742316371862289,1192,,,,,,,,0.5,,,PASS
824573,2026-07-24 23:40:00+00:00,HOU,CWS,CWS,HOU,1,805367,Chase Meidroth,confirmed,8.0,3.85,681293,0.01984126984126984,0.027777777777777776,0.020958083832335328,0.1349206349206349,0.29365079365079366,0.23015873015873015,0.08333333333333333,0.27440644666666664,94.119,0.016666666666666666,0.016666666666666666,0.011111111111111112,0.16666666666666666,0.3,0.18333333333333332,0.08333333333333333,0.3071432877777777,95.53666666666665,R,0.03418803418803419,0.04843304843304843,0.16524216524216523,0.5375302663438256,0.21937321937321938,0.12535612535612536,0.34421642660117935,99.88733333333333,15.866666666666667,R,0.0,0.0,0.0,0.03,0.06,0.0,1,Rate Field,73.9,52.0,7.1,0.0,0.0,0.7707244212098581,0.0772876153620446,1194,,,,,,,,0.5,,,PASS
823843,2026-07-24 23:10:00+00:00,SD,MIA,SD,MIA,0,823550,Sung-Mun Song,confirmed,9.0,3.7,687473,0.010869565217391304,0.043478260869565216,0.03333333333333333,0.09782608695652174,0.2717391304347826,0.18478260869565216,0.13043478260869565,0.26649033333333333,92.60230769230769,0.018518518518518517,0.037037037037037035,0.028169014084507043,0.09259259259259259,0.25925925925925924,0.12962962962962962,0.12962962962962962,0.25610907777777775,93.648,L,0.0297029702970297,0.06930693069306931,0.22772277227722773,0.5107913669064749,0.1782178217821782,0.09900990099009901,0.34193570762108266,100.53666666666668,10.666666666666666,R,0.0,0.0,0.0,0.03,0.06,0.0,0,loanDepot park,85.6,71.0,5.2,0.0,0.5,0.8670649738610903,0.07601849441727272,1215,,,,,,,,0.5,,,PASS
823352,2026-07-24 22:40:00+00:00,CHC,PIT,PIT,CHC,1,669707,Jared Triolo,confirmed,8.0,3.85,571510,0.0045662100456621,0.0182648401826484,0.01568627450980392,0.0958904109589041,0.2237442922374429,0.2237442922374429,0.0821917808219178,0.2755042336206897,93.6417857142857,0.017241379310344827,0.05172413793103448,0.04285714285714286,0.1206896551724138,0.20689655172413793,0.13793103448275862,0.08620689655172414,0.3205444455555556,95.51866666666663,R,0.027649769585253458,0.06912442396313365,0.1889400921658986,0.5246478873239436,0.2350230414746544,0.06451612903225806,0.3320788791784113,103.19000000000001,15.4,L,0.0,0.0,0.0,0.03,0.06,0.0,0,PNC Park,79.2,49.0,6.1,0.0,0.0,1.027632561613144,0.07427793649624156,1246,,,,,,,,0.5,,,PASS
823031,2026-07-25 00:15:00+00:00,CIN,STL,CIN,STL,0,667472,Dane Myers,confirmed,8.0,3.85,669160,0.030927835051546393,0.030927835051546393,0.025,0.13402061855670103,0.2268041237113402,0.2268041237113402,0.16494845360824742,0.3145027423611111,93.41666666666667,0.017241379310344827,0.0,0.0,0.10344827586206896,0.20689655172413793,0.20689655172413793,0.15517241379310345,0.2719610455555556,92.42,R,0.015105740181268883,0.03927492447129909,0.1510574018126888,0.47540983606557374,0.24169184290030213,0.08459214501510574,0.3171871495868575,100.07733333333336,15.533333333333333,R,0.0,0.0,0.0,0.03,0.06,0.0,1,Busch Stadium,73.7,71.0,3.0,0.0,0.0,0.65,0.07384548693114423,1254,,,,,,,,0.5,,,PASS
824733,2026-07-24 23:15:00+00:00,TOR,BOS,TOR,BOS,0,649966,Luis Urías,confirmed,8.0,3.85,663776,0.06451612903225806,0.06451612903225806,0.03773584905660377,0.12903225806451613,0.1935483870967742,0.12903225806451613,0.0967741935483871,0.2873140462962963,93.11555555555555,0.06451612903225806,0.06451612903225806,0.03773584905660377,0.12903225806451613,0.1935483870967742,0.12903225806451613,0.0967741935483871,0.2873140462962963,93.11555555555555,R,0.023809523809523808,0.023809523809523808,0.19047619047619047,0.45098039215686275,0.23809523809523808,0.047619047619047616,0.31864304462242565,100.505,13.5,L,0.0,0.0,0.0,0.03,0.06,0.0,0,Fenway Park,79.4,40.0,6.7,0.0,0.0,0.9056011949215832,0.07326506188406487,1265,,,,,,,,0.5,,,PASS
824248,2026-07-24 22:40:00+00:00,KC,DET,KC,DET,0,679845,Nick Loftin,confirmed,6.0,4.15,669373,0.019138755980861243,0.03349282296650718,0.028225806451612902,0.1291866028708134,0.2583732057416268,0.13875598086124402,0.09090909090909091,0.27849690220125783,93.43830188679244,0.01639344262295082,0.0,0.0,0.09836065573770492,0.2786885245901639,0.11475409836065574,0.06557377049180328,0.2530426333333333,92.31866666666666,R,0.031055900621118012,0.043478260869565216,0.14906832298136646,0.5048309178743962,0.30434782608695654,0.034161490683229816,0.26800185645087315,98.9707142857143,17.642857142857142,L,0.0,0.0,0.0,0.03,0.06,0.0,0,Comerica Park,78.0,42.0,6.3,0.0,0.0,0.9067346131880684,0.07159062268950742,1297,,,,,,,,0.5,,,PASS
824573,2026-07-24 23:40:00+00:00,HOU,CWS,CWS,HOU,1,691011,Drew Romo,confirmed,9.0,3.7,681293,0.04,0.048,0.04225352112676056,0.128,0.2,0.264,0.088,0.2322123995238095,91.78800000000001,0.0,0.02040816326530612,0.017543859649122806,0.10204081632653061,0.1836734693877551,0.2857142857142857,0.061224489795918366,0.1431145722222222,87.302,L,0.03418803418803419,0.04843304843304843,0.16524216524216523,0.5375302663438256,0.21937321937321938,0.12535612535612536,0.34421642660117935,99.88733333333333,15.866666666666667,R,0.0,0.0,0.0,0.03,0.06,0.0,0,Rate Field,73.9,52.0,7.1,0.0,0.0,0.7707244212098581,0.07158557036098168,1297,,,,,,,,0.5,,,PASS
823843,2026-07-24 23:10:00+00:00,SD,MIA,MIA,SD,1,691594,Javier Sanoja,confirmed,8.0,3.85,608566,0.01293103448275862,0.008620689655172414,0.005797101449275362,0.1206896551724138,0.21120689655172414,0.07758620689655173,0.04741379310344827,0.2727358958333334,95.48733333333334,0.0,0.0,0.0,0.1,0.31666666666666665,0.016666666666666666,0.03333333333333333,0.29697823333333334,95.22933333333334,R,0.058823529411764705,0.06951871657754011,0.24598930481283424,0.5333333333333333,0.15508021390374332,0.10160427807486631,0.36158670502306334,102.33222222222223,13.333333333333334,R,0.0,0.0,0.0,0.03,0.06,0.0,1,loanDepot park,85.6,71.0,5.2,0.0,0.5,0.8670649738610903,0.06820677264159751,1366,,,,,,,,0.5,,,PASS
823434,2026-07-24 22:45:00+00:00,NYY,PHI,NYY,PHI,0,676609,José Caballero,confirmed,8.0,3.85,666200,0.03896103896103896,0.025974025974025976,0.01892744479495268,0.10822510822510822,0.29004329004329005,0.22077922077922077,0.05627705627705628,0.2704111386111111,90.79400000000001,0.03571428571428571,0.03571428571428571,0.022727272727272728,0.125,0.4107142857142857,0.30357142857142855,0.017857142857142856,0.21065622777777782,89.24133333333333,R,0.019337016574585635,0.03038674033149171,0.09944751381215469,0.4387254901960784,0.30386740331491713,0.07734806629834254,0.24691650408421478,99.43400000000001,17.333333333333332,L,0.0,0.0,0.0,0.03,0.06,0.0,0,Citizens Bank Park,80.4,44.0,6.0,0.0,0.0,1.3728528752800595,0.06396888153085013,1463,,,,,,,,0.5,,,PASS
822952,2026-07-24 23:10:00+00:00,CLE,TB,TB,CLE,1,810938,Ben Williamson,confirmed,8.0,3.85,676282,0.009478672985781991,0.014218009478672985,0.01090909090909091,0.11848341232227488,0.2890995260663507,0.1943127962085308,0.08530805687203792,0.2854638724242424,93.36018181818179,0.017543859649122806,0.017543859649122806,0.0125,0.07017543859649122,0.17543859649122806,0.17543859649122806,0.05263157894736842,0.2560711477777778,92.622,R,0.024096385542168676,0.04216867469879518,0.1355421686746988,0.4225721784776903,0.23493975903614459,0.11746987951807229,0.31067709168815244,99.51333333333335,14.666666666666666,L,0.0,0.0,0.0,0.03,0.06,0.0,0,Tropicana Field,88.5,62.0,8.7,0.0,1.0,1.1107499011553836,0.06364695895531032,1471,,,,,,,,0.5,,,PASS
822952,2026-07-24 23:10:00+00:00,CLE,TB,TB,CLE,1,663743,Nick Fortes,confirmed,9.0,3.7,676282,0.019704433497536946,0.024630541871921183,0.018115942028985508,0.1477832512315271,0.1921182266009852,0.13793103448275862,0.019704433497536946,0.29068178303030306,96.85527272727275,0.05454545454545454,0.05454545454545454,0.045454545454545456,0.09090909090909091,0.16363636363636364,0.12727272727272726,0.01818181818181818,0.29027545555555556,95.134,R,0.024096385542168676,0.04216867469879518,0.1355421686746988,0.4225721784776903,0.23493975903614459,0.11746987951807229,0.31067709168815244,99.51333333333335,14.666666666666666,L,0.0,0.0,0.0,0.03,0.06,0.0,0,Tropicana Field,88.5,62.0,8.7,0.0,1.0,1.1107499011553836,0.06253544499414229,1499,,,,,,,,0.5,,,PASS
824248,2026-07-24 22:40:00+00:00,KC,DET,DET,KC,1,656716,Zach McKinstry,confirmed,7.0,4.0,694360,0.012875536480686695,0.017167381974248927,0.012121212121212121,0.0944206008583691,0.3133047210300429,0.15879828326180256,0.10300429184549356,0.2788740680555556,91.87083333333334,0.01694915254237288,0.03389830508474576,0.02702702702702703,0.0847457627118644,0.3728813559322034,0.1864406779661017,0.06779661016949153,0.31965223888888883,92.08466666666666,L,,,,,,,,,,,0.0,0.0,0.0,0.03,0.06,0.0,0,Comerica Park,78.0,42.0,6.3,0.0,0.0,0.9067346131880684,0.059968010512219894,1568,,,,,,,,0.5,,,PASS
823434,2026-07-24 22:45:00+00:00,NYY,PHI,PHI,NYY,1,702222,Justin Crawford,confirmed,9.0,3.7,693645,0.00909090909090909,0.004545454545454545,0.0029850746268656717,0.12727272727272726,0.32727272727272727,0.18636363636363637,0.05909090909090909,0.27307879250000006,93.82474576271186,0.0,0.0,0.0,0.18181818181818182,0.21818181818181817,0.14545454545454545,0.01818181818181818,0.30462522777777773,94.80466666666666,L,0.03089887640449438,0.056179775280898875,0.15730337078651685,0.5887096774193549,0.29213483146067415,0.05898876404494382,0.2852568869223205,99.28733333333335,17.466666666666665,R,0.0,0.0,0.0,0.03,0.06,0.0,0,Citizens Bank Park,80.4,44.0,6.0,0.0,0.0,1.3728528752800595,0.05928589636887998,1587,,,,,,,,0.5,,,PASS
822872,2026-07-25 00:05:00+00:00,SEA,TEX,TEX,SEA,1,695508,Cam Cauley,confirmed,9.0,3.7,682243,0.03225806451612903,0.0,0.0,0.12903225806451613,0.16129032258064516,0.1935483870967742,0.0967741935483871,0.28165020185185186,90.93444444444444,0.03225806451612903,0.0,0.0,0.12903225806451613,0.16129032258064516,0.1935483870967742,0.0967741935483871,0.28165020185185186,90.93444444444444,R,0.03587443946188341,0.04484304932735426,0.16591928251121077,0.5623003194888179,0.3004484304932735,0.04484304932735426,0.23491195429960135,99.521,17.4,R,0.0,0.0,0.0,0.03,0.06,0.0,1,Globe Life Field,93.1,45.0,11.0,0.0,0.5,1.156086631814787,0.0555093393441021,1701,,,,,,,,0.5,,,PASS
822707,2026-07-24 22:45:00+00:00,ARI,WSH,WSH,ARI,1,683083,Nasim Nuñez,confirmed,9.0,3.7,593958,0.0045662100456621,0.0045662100456621,0.003355704697986577,0.0639269406392694,0.2968036529680365,0.2328767123287671,0.091324200913242,0.277705335,90.19816666666667,0.017543859649122806,0.017543859649122806,0.012345679012345678,0.10526315789473684,0.24561403508771928,0.15789473684210525,0.10526315789473684,0.28627668777777776,90.244,L,0.022284122562674095,0.07799442896935933,0.2116991643454039,0.5590062111801242,0.17827298050139276,0.0807799442896936,0.34819897924715326,100.30266666666668,17.666666666666668,L,2.0,0.0,0.0,0.02857142857142857,0.05714285714285714,0.047619047619047616,1,Nationals Park,79.8,39.0,5.4,0.0,0.0,1.3589088479226443,0.05350004388597397,1769,,,,,,,,0.5,,,PASS
824812,2026-07-24 23:05:00+00:00,ATL,BAL,BAL,ATL,1,644433,Chadwick Tromp,confirmed,9.0,3.7,656550,0.0,0.0,0.0,0.11538461538461539,0.3076923076923077,0.19230769230769232,0.0,0.19073958333333335,89.36749999999999,0.0,0.0,0.0,0.11538461538461539,0.3076923076923077,0.19230769230769232,0.0,0.19073958333333335,89.36749999999999,R,0.04113924050632911,0.06329113924050633,0.17721518987341772,0.4463840399002494,0.189873417721519,0.10443037974683544,0.3407417140560797,101.96399999999998,14.066666666666666,R,0.0,0.0,0.0,0.03,0.06,0.0,1,Oriole Park at Camden Yards,79.8,40.0,5.9,0.0,0.0,1.0533233756534728,0.0532457178364207,1778,,,,,,,,0.5,,,PASS
823352,2026-07-24 22:40:00+00:00,CHC,PIT,CHC,PIT,0,663538,Nico Hoerner,confirmed,6.0,4.15,683003,0.0,0.0,0.0,0.10526315789473684,0.24436090225563908,0.07894736842105263,0.07518796992481203,0.30975879666666667,94.27900000000001,0.0,0.0,0.0,0.07936507936507936,0.2857142857142857,0.1111111111111111,0.015873015873015872,0.30765411666666664,94.64,R,0.03048780487804878,0.042682926829268296,0.14634146341463414,0.4973544973544973,0.2926829268292683,0.07317073170731707,0.2764073858732479,101.56222222222222,13.222222222222221,R,0.0,0.0,0.0,0.03,0.06,0.0,1,PNC Park,79.2,49.0,6.1,0.0,0.0,1.027632561613144,0.05251903179003219,1804,,,,,,,,0.5,,,PASS
824733,2026-07-24 23:15:00+00:00,TOR,BOS,TOR,BOS,0,664702,Myles Straw,confirmed,9.0,3.7,663776,0.007751937984496124,0.023255813953488372,0.018072289156626505,0.11627906976744186,0.27906976744186046,0.10852713178294573,0.08527131782945736,0.3199842390350877,92.96473684210527,0.0,0.0196078431372549,0.013333333333333334,0.11764705882352941,0.3333333333333333,0.0784313725490196,0.0784313725490196,0.31377569999999994,92.56866666666666,R,0.023809523809523808,0.023809523809523808,0.19047619047619047,0.45098039215686275,0.23809523809523808,0.047619047619047616,0.31864304462242565,100.505,13.5,L,0.0,0.0,0.0,0.03,0.06,0.0,0,Fenway Park,79.4,40.0,6.7,0.0,0.0,0.9056011949215832,0.05059795831288345,1876,,,,,,,,0.5,,,PASS
824573,2026-07-24 23:40:00+00:00,HOU,CWS,HOU,CWS,0,543877,Christian Vázquez,confirmed,9.0,3.7,663436,0.026455026455026454,0.010582010582010581,0.007633587786259542,0.10052910052910052,0.2962962962962963,0.1746031746031746,0.06878306878306878,0.2352508858024691,91.63648148148147,0.02040816326530612,0.0,0.0,0.10204081632653061,0.3673469387755102,0.20408163265306123,0.061224489795918366,0.23574149999999996,89.79600000000002,R,0.011560693641618497,0.04046242774566474,0.16473988439306358,0.44175824175824174,0.2254335260115607,0.07803468208092486,0.3141665069569276,101.96466666666666,16.066666666666666,R,0.0,0.0,0.0,0.03,0.06,0.0,1,Rate Field,73.9,52.0,7.1,0.0,0.0,0.7707244212098581,0.04806533331925133,1981,,,,,,,,0.5,,,PASS
822872,2026-07-25 00:05:00+00:00,SEA,TEX,TEX,SEA,1,670032,Nicky Lopez,confirmed,7.0,4.0,682243,0.007575757575757576,0.0,0.0,0.03787878787878788,0.24242424242424243,0.13636363636363635,0.030303030303030304,0.2493353811403509,90.76684210526317,0.0,0.0,0.0,0.0,0.24489795918367346,0.12244897959183673,0.02040816326530612,0.2503858166666667,90.39933333333333,L,0.03587443946188341,0.04484304932735426,0.16591928251121077,0.5623003194888179,0.3004484304932735,0.04484304932735426,0.23491195429960135,99.521,17.4,R,0.0,0.0,0.0,0.03,0.06,0.0,0,Globe Life Field,93.1,45.0,11.0,0.0,0.5,1.156086631814787,0.044869301573538474,2129,,,,,,,,0.5,,,PASS
823031,2026-07-25 00:15:00+00:00,CIN,STL,CIN,STL,0,695490,Edwin Arroyo,confirmed,9.0,3.7,669160,0.0,0.008264462809917356,0.006211180124223602,0.1322314049586777,0.33884297520661155,0.2066115702479339,0.04132231404958678,0.3012739116161616,93.38696969696969,0.0,0.0196078431372549,0.016129032258064516,0.0784313725490196,0.3137254901960784,0.19607843137254902,0.0392156862745098,0.2915227166666667,93.27133333333335,L,0.015105740181268883,0.03927492447129909,0.1510574018126888,0.47540983606557374,0.24169184290030213,0.08459214501510574,0.3171871495868575,100.07733333333336,15.533333333333333,R,0.0,0.0,0.0,0.03,0.06,0.0,0,Busch Stadium,73.7,71.0,3.0,0.0,0.0,0.65,0.04450549814354755,2147,,,,,,,,0.5,,,PASS
824248,2026-07-24 22:40:00+00:00,KC,DET,KC,DET,0,686475,Tyler Tolbert,confirmed,9.0,3.7,669373,0.03389830508474576,0.03389830508474576,0.025974025974025976,0.15254237288135594,0.2711864406779661,0.11864406779661017,0.05084745762711865,0.3222326960784314,92.35352941176471,0.03773584905660377,0.03773584905660377,0.027777777777777776,0.16981132075471697,0.2830188679245283,0.11320754716981132,0.018867924528301886,0.3258188222222223,94.59666666666666,R,0.031055900621118012,0.043478260869565216,0.14906832298136646,0.5048309178743962,0.30434782608695654,0.034161490683229816,0.26800185645087315,98.9707142857143,17.642857142857142,L,0.0,0.0,0.0,0.03,0.06,0.0,0,Comerica Park,78.0,42.0,6.3,0.0,0.0,0.9067346131880684,0.04425533439095133,2160,,,,,,,,0.5,,,PASS
823434,2026-07-24 22:45:00+00:00,NYY,PHI,NYY,PHI,0,645305,Ali Sánchez,confirmed,9.0,3.7,666200,0.0,0.0,0.0,0.08108108108108109,0.24324324324324326,0.21621621621621623,0.02702702702702703,0.2993215448717949,89.51461538461537,0.0,0.0,0.0,0.08108108108108109,0.24324324324324326,0.21621621621621623,0.02702702702702703,0.2993215448717949,89.51461538461537,R,0.019337016574585635,0.03038674033149171,0.09944751381215469,0.4387254901960784,0.30386740331491713,0.07734806629834254,0.24691650408421478,99.43400000000001,17.333333333333332,L,0.0,0.0,0.0,0.03,0.06,0.0,0,Citizens Bank Park,80.4,44.0,6.0,0.0,0.0,1.3728528752800595,0.03917175867593342,2453,,,,,,,,0.5,,,PASS
822952,2026-07-24 23:10:00+00:00,CLE,TB,TB,CLE,1,802415,Chandler Simpson,confirmed,6.0,4.15,676282,0.0,0.0,0.0,0.02834008097165992,0.17813765182186234,0.09716599190283401,0.048582995951417005,0.2536796358333333,90.48733333333332,0.0,0.0,0.0,0.03389830508474576,0.2711864406779661,0.05084745762711865,0.03389830508474576,0.2858143166666667,89.78666666666666,L,0.024096385542168676,0.04216867469879518,0.1355421686746988,0.4225721784776903,0.23493975903614459,0.11746987951807229,0.31067709168815244,99.51333333333335,14.666666666666666,L,0.0,0.0,0.0,0.03,0.06,0.0,1,Tropicana Field,88.5,62.0,8.7,0.0,1.0,1.1107499011553836,0.03563993384497248,2706,,,,,,,,0.5,,,PASS
