game_pk,game_datetime,away_team,home_team,team,opponent,is_home,player_id,player_name,lineup_status,batting_order,expected_pa,opposing_starter_id,batter_hr_pa_long,batter_barrel_pa_long,batter_barrel_bbe_long,batter_hard_air_pa_long,batter_sweet_pa_long,batter_k_rate_long,batter_bb_rate_long,batter_xwoba_long,batter_ev90_long,batter_hr_pa_recent,batter_barrel_pa_recent,batter_barrel_bbe_recent,batter_hard_air_pa_recent,batter_sweet_pa_recent,batter_k_rate_recent,batter_bb_rate_recent,batter_xwoba_recent,batter_ev90_recent,batter_hand,pitcher_hr_bf,pitcher_barrel_bf,pitcher_hard_air_bf,pitcher_fly_rate,pitcher_k_rate,pitcher_bb_rate,pitcher_xwoba,pitcher_ev90,pitcher_outs,opposing_pitcher_hand,bvp_pa,bvp_hr,bvp_barrels,bvp_hr_shrunk,bvp_barrel_shrunk,bvp_reliability,same_hand,venue,temperature_f,humidity_pct,wind_speed_mph,precipitation_in,roof_control_factor,park_hr_factor,home_run_probability,fair_odds,point,over_odds,under_odds,over_no_vig_probability,under_no_vig_probability,over_book,under_book,line,market_edge,ev_per_unit,signal
824551,2026-09-08 23:40:00+00:00,PIT,CWS,CWS,PIT,1,808959,Munetaka Murakami,confirmed,3.0,4.55,696149,0.04814814814814815,0.07777777777777778,0.084,0.21481481481481482,0.15555555555555556,0.35555555555555557,0.16666666666666666,0.311360314484127,98.86983333333332,0.014705882352941176,0.029411764705882353,0.030303030303030304,0.17647058823529413,0.1323529411764706,0.4411764705882353,0.17647058823529413,0.20409402555555559,98.22333333333333,L,0.01488095238095238,0.023809523809523808,0.1636904761904762,0.5010799136069114,0.18452380952380953,0.09821428571428571,0.2999126360662237,100.19733333333332,15.533333333333333,R,0.0,0.0,0.0,0.03,0.06,0.0,0,Rate Field,78.8,43.0,6.7,0.0,0.0,1.3020594965675056,0.22630021834593594,342,,,,,,,,0.5,,,HR WATCH
823250,2026-09-09 01:40:00+00:00,WSH,SD,WSH,SD,0,691002,Yohandy Morales,confirmed,7.0,4.0,663554,0.1,0.2,0.16666666666666666,0.3,0.3,0.4,0.0,0.3954444444444445,100.45,0.1,0.2,0.16666666666666666,0.3,0.3,0.4,0.0,0.3954444444444445,100.45,R,0.034482758620689655,0.05956112852664577,0.21003134796238246,0.5694760820045558,0.19122257053291536,0.05329153605015674,0.29399356242022795,99.93133333333334,15.066666666666666,R,0.0,0.0,0.0,0.03,0.06,0.0,1,Petco Park,85.2,48.0,10.5,0.0,0.0,0.9579124579124578,0.2220611746159502,350,,,,,,,,0.5,,,HR WATCH
823092,2026-09-09 01:40:00+00:00,TEX,SEA,SEA,TEX,1,663728,Cal Raleigh,confirmed,4.0,4.45,615698,0.053061224489795916,0.09387755102040816,0.0744336569579288,0.27755102040816326,0.22857142857142856,0.3142857142857143,0.1469387755102041,0.3351535013888889,98.34933333333333,0.12903225806451613,0.1774193548387097,0.16176470588235295,0.3064516129032258,0.20967741935483872,0.27419354838709675,0.14516129032258066,0.48310467666666673,101.81533333333333,R,0.03187250996015936,0.05179282868525897,0.11553784860557768,0.543859649122807,0.21115537848605578,0.043824701195219126,0.2774684361500919,99.49166666666666,15.75,R,2.0,0.0,0.0,0.02857142857142857,0.05714285714285714,0.047619047619047616,1,T-Mobile Park,65.4,67.0,5.4,0.0,0.5,1.3743961352657004,0.20522815767810862,387,,,,,,,,0.5,,,HR WATCH
823250,2026-09-09 01:40:00+00:00,WSH,SD,WSH,SD,0,694673,Abimelec Ortiz,confirmed,2.0,4.65,663554,0.04,0.06,0.03870967741935484,0.32,0.32,0.25,0.05,0.28899770256410257,98.79807692307692,0.0,0.017543859649122806,0.011904761904761904,0.22807017543859648,0.2807017543859649,0.2631578947368421,0.05263157894736842,0.20356717333333332,97.31733333333334,L,0.034482758620689655,0.05956112852664577,0.21003134796238246,0.5694760820045558,0.19122257053291536,0.05329153605015674,0.29399356242022795,99.93133333333334,15.066666666666666,R,0.0,0.0,0.0,0.03,0.06,0.0,0,Petco Park,85.2,48.0,10.5,0.0,0.0,0.9579124579124578,0.2019262244999247,395,,,,,,,,0.5,,,HR WATCH
823250,2026-09-09 01:40:00+00:00,WSH,SD,SD,WSH,1,665487,Fernando Tatis Jr.,confirmed,1.0,4.75,683000,0.06296296296296296,0.1111111111111111,0.09584664536741214,0.2518518518518518,0.2111111111111111,0.16666666666666666,0.08518518518518518,0.39209716527777777,101.45983333333335,0.07575757575757576,0.13636363636363635,0.10714285714285714,0.3333333333333333,0.2878787878787879,0.18181818181818182,0.015151515151515152,0.39883901666666666,101.79133333333334,R,,,,,,,,,,,0.0,0.0,0.0,0.03,0.06,0.0,0,Petco Park,85.2,48.0,10.5,0.0,0.0,0.9579124579124578,0.2003529661949344,399,,,,,,,,0.5,,,HR WATCH
823250,2026-09-09 01:40:00+00:00,WSH,SD,WSH,SD,0,695578,James Wood,confirmed,1.0,4.75,663554,0.05338078291814947,0.09252669039145907,0.09154929577464789,0.19572953736654805,0.18149466192170818,0.27402135231316727,0.1601423487544484,0.3993367744444445,100.36166666666668,0.02857142857142857,0.08571428571428572,0.09090909090909091,0.14285714285714285,0.14285714285714285,0.2,0.18571428571428572,0.38673140666666667,102.0,L,0.034482758620689655,0.05956112852664577,0.21003134796238246,0.5694760820045558,0.19122257053291536,0.05329153605015674,0.29399356242022795,99.93133333333334,15.066666666666666,R,0.0,0.0,0.0,0.03,0.06,0.0,0,Petco Park,85.2,48.0,10.5,0.0,0.0,0.9579124579124578,0.2003182387019366,399,,,,,,,,0.5,,,HR WATCH
823414,2026-09-08 22:40:00+00:00,HOU,PHI,PHI,HOU,1,656941,Kyle Schwarber,confirmed,1.0,4.75,669713,0.05166051660516605,0.07011070110701106,0.06333333333333334,0.22509225092250923,0.18450184501845018,0.3062730627306273,0.14760147601476015,0.3362443755555556,98.35749999999999,0.08823529411764706,0.10294117647058823,0.08139534883720931,0.25,0.19117647058823528,0.22058823529411764,0.1323529411764706,0.4060978,98.39600000000003,L,0.012658227848101266,0.04430379746835443,0.189873417721519,0.47058823529411764,0.2088607594936709,0.08860759493670886,0.2973295582884748,101.11,17.0,R,0.0,0.0,0.0,0.03,0.06,0.0,0,Citizens Bank Park,78.8,50.0,4.8,0.0,0.0,0.9432130340058728,0.19609363775678934,410,,,,,,,,0.5,,,HR WATCH
824063,2026-09-08 23:40:00+00:00,ARI,KC,KC,ARI,1,695600,Carter Jensen,confirmed,1.0,4.75,669203,0.04814814814814815,0.08148148148148149,0.0672782874617737,0.2,0.2222222222222222,0.2814814814814815,0.12962962962962962,0.32416219571428573,97.65016666666666,0.08695652173913043,0.11594202898550725,0.10126582278481013,0.2318840579710145,0.2753623188405797,0.21739130434782608,0.15942028985507245,0.45278036666666666,102.45599999999999,L,,,,,,,,,,,0.0,0.0,0.0,0.03,0.06,0.0,0,Kauffman Stadium,97.3,30.0,8.1,0.0,0.0,1.0537037037037036,0.19460653275592227,414,,,,,,,,0.5,,,HR WATCH
823821,2026-09-08 22:40:00+00:00,NYM,MIA,MIA,NYM,1,681715,Heriberto Hernández,confirmed,1.0,4.75,640455,0.06589147286821706,0.10077519379844961,0.09154929577464789,0.1937984496124031,0.22093023255813954,0.29844961240310075,0.1124031007751938,0.34422738861111113,98.31500000000003,0.07462686567164178,0.11940298507462686,0.1111111111111111,0.208955223880597,0.22388059701492538,0.2537313432835821,0.11940298507462686,0.38532959000000006,97.14000000000001,R,0.0431266846361186,0.08355795148247978,0.20485175202156333,0.542910447761194,0.20754716981132076,0.0646900269541779,0.34615765021655853,101.914,16.8,L,0.0,0.0,0.0,0.03,0.06,0.0,0,loanDepot park,83.0,82.0,4.3,0.0,0.5,0.814456969046341,0.19189378977835492,421,,,,,,,,0.5,,,HR WATCH
824875,2026-09-08 23:15:00+00:00,TB,ATL,ATL,TB,1,621566,Matt Olson,confirmed,3.0,4.55,642547,0.06589147286821706,0.10077519379844961,0.07738095238095238,0.2596899224806202,0.2868217054263566,0.29844961240310075,0.09689922480620156,0.33198633555555557,98.41766666666668,0.015873015873015872,0.031746031746031744,0.02631578947368421,0.2857142857142857,0.2222222222222222,0.2857142857142857,0.06349206349206349,0.25796359333333335,98.11866666666667,L,0.041916167664670656,0.04491017964071856,0.17065868263473055,0.5773420479302832,0.19760479041916168,0.0718562874251497,0.302661365560062,99.05799999999999,14.8,R,5.0,1.0,1.0,0.04888888888888889,0.07555555555555556,0.1111111111111111,0,Truist Park,86.1,44.0,7.2,0.0,0.0,1.0995169082125604,0.18807528115326116,432,,,,,,,,0.5,,,HR WATCH
823500,2026-09-08 23:05:00+00:00,COL,NYY,NYY,COL,1,592450,Aaron Judge,confirmed,3.0,4.55,687312,0.06513409961685823,0.11877394636015326,0.10333333333333333,0.2260536398467433,0.24521072796934865,0.27586206896551724,0.16091954022988506,0.4116589559322034,99.24338983050849,0.014925373134328358,0.08955223880597014,0.07692307692307693,0.2537313432835821,0.22388059701492538,0.2537313432835821,0.11940298507462686,0.3549431700000001,99.77799999999999,R,0.022727272727272728,0.03636363636363636,0.1409090909090909,0.5066666666666667,0.18636363636363637,0.09090909090909091,0.2928965122693973,98.644,14.5,R,0.0,0.0,0.0,0.03,0.06,0.0,1,Yankee Stadium,78.0,41.0,2.3,0.0,0.0,1.1814984320705144,0.18484960408141596,441,,,,,,,,0.5,,,HR WATCH
823500,2026-09-08 23:05:00+00:00,COL,NYY,NYY,COL,1,700250,Ben Rice,confirmed,1.0,4.75,687312,0.05303030303030303,0.08712121212121213,0.07165109034267912,0.24621212121212122,0.2537878787878788,0.26515151515151514,0.11742424242424243,0.3640620300000001,98.55250000000001,0.029411764705882353,0.058823529411764705,0.05194805194805195,0.23529411764705882,0.25,0.22058823529411764,0.1323529411764706,0.4009131333333332,97.67333333333333,L,0.022727272727272728,0.03636363636363636,0.1409090909090909,0.5066666666666667,0.18636363636363637,0.09090909090909091,0.2928965122693973,98.644,14.5,R,0.0,0.0,0.0,0.03,0.06,0.0,0,Yankee Stadium,78.0,41.0,2.3,0.0,0.0,1.1814984320705144,0.1841546354289006,443,,,,,,,,0.5,,,HR WATCH
824551,2026-09-08 23:40:00+00:00,PIT,CWS,PIT,CWS,0,699013,Esmerlyn Valdez,confirmed,5.0,4.3,680732,0.051587301587301584,0.09126984126984126,0.09090909090909091,0.18253968253968253,0.20238095238095238,0.373015873015873,0.15079365079365079,0.32960878527777787,96.33474576271186,0.031746031746031744,0.06349206349206349,0.07017543859649122,0.15873015873015872,0.14285714285714285,0.47619047619047616,0.1111111111111111,0.26332309111111113,96.61200000000001,R,0.029154518950437316,0.04664723032069971,0.1749271137026239,0.5665236051502146,0.2857142857142857,0.09329446064139942,0.2849190562272135,100.33999999999997,16.4,R,0.0,0.0,0.0,0.03,0.06,0.0,1,Rate Field,78.8,43.0,6.7,0.0,0.0,1.3020594965675056,0.17755431592370483,463,,,,,,,,0.5,,,HR WATCH
823174,2026-09-09 01:45:00+00:00,STL,SF,SF,STL,1,646240,Rafael Devers,confirmed,2.0,4.65,687273,0.07662835249042145,0.08812260536398467,0.07232704402515723,0.23754789272030652,0.24904214559386972,0.20306513409961685,0.14942528735632185,0.37542544222222224,100.88350000000001,0.13043478260869565,0.17391304347826086,0.14457831325301204,0.3188405797101449,0.30434782608695654,0.2028985507246377,0.15942028985507245,0.48408039333333336,103.99666666666668,L,0.008928571428571428,0.008928571428571428,0.16071428571428573,0.5033112582781457,0.21428571428571427,0.10714285714285714,0.2811590786445013,101.676,14.8,L,0.0,0.0,0.0,0.03,0.06,0.0,1,Oracle Park,67.8,73.0,13.3,0.0,0.0,0.7957030256801424,0.17688825193266094,465,,,,,,,,0.5,,,HR WATCH
823901,2026-09-09 02:10:00+00:00,CIN,LAD,CIN,LAD,0,682829,Elly De La Cruz,confirmed,2.0,4.65,669373,0.04059040590405904,0.0959409594095941,0.08637873754152824,0.2066420664206642,0.19557195571955718,0.25830258302583026,0.12915129151291513,0.37004742999999996,100.94033898305085,0.057971014492753624,0.15942028985507245,0.12941176470588237,0.30434782608695654,0.18840579710144928,0.2753623188405797,0.10144927536231885,0.45025898333333336,104.15333333333334,L,0.028089887640449437,0.05056179775280899,0.15168539325842698,0.5472103004291845,0.3202247191011236,0.0449438202247191,0.2589464919338686,98.38799999999998,17.666666666666668,L,0.0,0.0,0.0,0.03,0.06,0.0,1,UNIQLO Field at Dodger Stadium,72.0,55.0,7.0,0.0,0.0,0.995939228453406,0.17638292143350537,467,,,,,,,,0.5,,,HR WATCH
823821,2026-09-08 22:40:00+00:00,NYM,MIA,NYM,MIA,0,596019,Francisco Lindor,confirmed,1.0,4.75,645261,0.052434456928838954,0.06367041198501873,0.04885057471264368,0.2846441947565543,0.2209737827715356,0.20599250936329588,0.10112359550561797,0.32909884527777783,98.19183333333334,0.058823529411764705,0.058823529411764705,0.046511627906976744,0.23529411764705882,0.14705882352941177,0.22058823529411764,0.058823529411764705,0.28149738333333324,98.12133333333334,L,0.01728395061728395,0.027160493827160494,0.13580246913580246,0.5530035335689046,0.17530864197530865,0.0691358024691358,0.2799739363632436,99.85733333333334,19.466666666666665,R,3.0,0.0,0.0,0.027906976744186046,0.05581395348837209,0.06976744186046512,0,loanDepot park,83.0,82.0,4.3,0.0,0.5,0.814456969046341,0.17544895256967805,470,,,,,,,,0.5,,,HR WATCH
824063,2026-09-08 23:40:00+00:00,ARI,KC,ARI,KC,0,663457,Lars Nootbaar,confirmed,1.0,4.75,608379,0.012345679012345678,0.05761316872427984,0.04912280701754386,0.2222222222222222,0.16049382716049382,0.19753086419753085,0.13168724279835392,0.3288582119444444,98.0475,0.01694915254237288,0.06779661016949153,0.0547945205479452,0.288135593220339,0.1864406779661017,0.15254237288135594,0.15254237288135594,0.3456863833333334,98.00866666666667,L,0.03896103896103896,0.05194805194805195,0.2051948051948052,0.5575868372943327,0.1974025974025974,0.046753246753246755,0.29404445695313997,99.66999999999999,18.866666666666667,R,0.0,0.0,0.0,0.03,0.06,0.0,0,Kauffman Stadium,97.3,30.0,8.1,0.0,0.0,1.0537037037037036,0.17541654676759788,470,,,,,,,,0.5,,,HR WATCH
824875,2026-09-08 23:15:00+00:00,TB,ATL,ATL,TB,1,660670,Ronald Acuña Jr.,confirmed,2.0,4.65,642547,0.05363984674329502,0.07662835249042145,0.05934718100890208,0.22988505747126436,0.25287356321839083,0.2413793103448276,0.1111111111111111,0.34422778611111116,97.33016666666666,0.04477611940298507,0.07462686567164178,0.053763440860215055,0.19402985074626866,0.29850746268656714,0.208955223880597,0.11940298507462686,0.35599662666666665,99.612,R,0.041916167664670656,0.04491017964071856,0.17065868263473055,0.5773420479302832,0.19760479041916168,0.0718562874251497,0.302661365560062,99.05799999999999,14.8,R,0.0,0.0,0.0,0.03,0.06,0.0,1,Truist Park,86.1,44.0,7.2,0.0,0.0,1.0995169082125604,0.17509135595937014,471,,,,,,,,0.5,,,HR WATCH
823500,2026-09-08 23:05:00+00:00,COL,NYY,NYY,COL,1,682987,Spencer Jones,confirmed,5.0,4.3,687312,0.04245283018867924,0.08490566037735849,0.06498194945848375,0.25943396226415094,0.2688679245283019,0.35377358490566035,0.09433962264150944,0.31752825536723167,97.67762711864405,0.06896551724137931,0.1206896551724138,0.08333333333333333,0.29310344827586204,0.27586206896551724,0.3103448275862069,0.08620689655172414,0.4057581677777778,98.80266666666668,L,0.022727272727272728,0.03636363636363636,0.1409090909090909,0.5066666666666667,0.18636363636363637,0.09090909090909091,0.2928965122693973,98.644,14.5,R,0.0,0.0,0.0,0.03,0.06,0.0,0,Yankee Stadium,78.0,41.0,2.3,0.0,0.0,1.1814984320705144,0.17182269750170498,482,,,,,,,,0.5,,,HR WATCH
823738,2026-09-08 23:40:00+00:00,CHC,MIL,CHC,MIL,0,691718,Pete Crow-Armstrong,confirmed,1.0,4.75,694819,0.08540925266903915,0.099644128113879,0.07446808510638298,0.2669039145907473,0.2918149466192171,0.2597864768683274,0.13167259786476868,0.3735606613888889,98.37016666666665,0.1267605633802817,0.15492957746478872,0.125,0.2676056338028169,0.2112676056338028,0.2112676056338028,0.08450704225352113,0.4747051488888889,103.17933333333332,L,0.028985507246376812,0.02608695652173913,0.12753623188405797,0.5419664268585132,0.3681159420289855,0.057971014492753624,0.21459944590483784,98.54599999999999,18.133333333333333,R,8.0,0.0,0.0,0.024999999999999998,0.049999999999999996,0.16666666666666666,0,American Family Field,74.9,65.0,4.2,0.0,0.5,0.9162640901771336,0.1707296133495907,486,,,,,,,,0.5,,,HR WATCH
824875,2026-09-08 23:15:00+00:00,TB,ATL,TB,ATL,0,691406,Junior Caminero,confirmed,3.0,4.55,700363,0.05343511450381679,0.08396946564885496,0.0707395498392283,0.1717557251908397,0.16412213740458015,0.1946564885496183,0.09541984732824428,0.3314248433333333,100.5005,0.045454545454545456,0.06060606060606061,0.047058823529411764,0.19696969696969696,0.19696969696969696,0.18181818181818182,0.09090909090909091,0.33313132333333334,102.81933333333332,R,0.023529411764705882,0.047058823529411764,0.18823529411764706,0.4690265486725664,0.17647058823529413,0.12941176470588237,0.316587210921325,103.1025,13.0,R,0.0,0.0,0.0,0.03,0.06,0.0,1,Truist Park,86.1,44.0,7.2,0.0,0.0,1.0995169082125604,0.1688966716921937,492,,,,,,,,0.5,,,HR WATCH
824551,2026-09-08 23:40:00+00:00,PIT,CWS,CWS,PIT,1,695657,Colson Montgomery,confirmed,5.0,4.3,696149,0.04230769230769231,0.057692307692307696,0.049019607843137254,0.20384615384615384,0.22692307692307692,0.3769230769230769,0.07692307692307693,0.27970629087301585,95.99637931034482,0.07692307692307693,0.09230769230769231,0.07317073170731707,0.2923076923076923,0.24615384615384617,0.4461538461538462,0.1076923076923077,0.3246497333333333,100.52933333333333,L,0.01488095238095238,0.023809523809523808,0.1636904761904762,0.5010799136069114,0.18452380952380953,0.09821428571428571,0.2999126360662237,100.19733333333332,15.533333333333333,R,0.0,0.0,0.0,0.03,0.06,0.0,0,Rate Field,78.8,43.0,6.7,0.0,0.0,1.3020594965675056,0.1686807205838158,493,,,,,,,,0.5,,,HR WATCH
824714,2026-09-08 22:45:00+00:00,LAA,BOS,BOS,LAA,1,701350,Roman Anthony,confirmed,1.0,4.75,672282,0.011494252873563218,0.06321839080459771,0.060109289617486336,0.1839080459770115,0.1781609195402299,0.25862068965517243,0.14367816091954022,0.34168444298245626,98.98631578947368,0.029411764705882353,0.08823529411764706,0.0759493670886076,0.25,0.23529411764705882,0.23529411764705882,0.10294117647058823,0.36826268,99.72533333333334,L,0.03216374269005848,0.05263157894736842,0.17543859649122806,0.5033112582781457,0.27485380116959063,0.05847953216374269,0.2923187646386136,101.89466666666665,17.6,L,0.0,0.0,0.0,0.03,0.06,0.0,1,Fenway Park,69.6,67.0,2.0,0.0,0.0,1.1739633655394526,0.1686479284123476,493,,,,,,,,0.5,,,HR WATCH
824551,2026-09-08 23:40:00+00:00,PIT,CWS,PIT,CWS,0,664040,Brandon Lowe,confirmed,2.0,4.65,680732,0.041044776119402986,0.06716417910447761,0.05572755417956656,0.17164179104477612,0.19402985074626866,0.3283582089552239,0.07835820895522388,0.2900170280555555,96.7555,0.045454545454545456,0.030303030303030304,0.023529411764705882,0.16666666666666666,0.16666666666666666,0.25757575757575757,0.13636363636363635,0.3068328144444444,96.69466666666666,L,0.029154518950437316,0.04664723032069971,0.1749271137026239,0.5665236051502146,0.2857142857142857,0.09329446064139942,0.2849190562272135,100.33999999999997,16.4,R,0.0,0.0,0.0,0.03,0.06,0.0,0,Rate Field,78.8,43.0,6.7,0.0,0.0,1.3020594965675056,0.1665045584940902,501,,,,,,,,0.5,,,HR WATCH
824228,2026-09-08 22:40:00+00:00,MIN,DET,DET,MIN,1,682985,Riley Greene,confirmed,4.0,4.45,665152,0.05078125,0.1171875,0.09146341463414634,0.27734375,0.28515625,0.2578125,0.11328125,0.3906033261111111,97.36610169491524,0.06153846153846154,0.09230769230769231,0.07692307692307693,0.2,0.35384615384615387,0.3076923076923077,0.07692307692307693,0.4001912755555556,95.07071428571429,L,0.05338078291814947,0.060498220640569395,0.22419928825622776,0.5285714285714286,0.23487544483985764,0.08540925266903915,0.3296962451310783,101.03846153846156,15.153846153846153,R,5.0,0.0,0.0,0.026666666666666665,0.05333333333333333,0.1111111111111111,0,Comerica Park,77.9,60.0,5.8,0.0,0.0,0.7940955448201825,0.16192140704601654,518,,,,,,,,0.5,,,HR WATCH
823250,2026-09-09 01:40:00+00:00,WSH,SD,WSH,SD,0,682928,CJ Abrams,confirmed,4.0,4.45,663554,0.048507462686567165,0.05970149253731343,0.04747774480712166,0.20522388059701493,0.2537313432835821,0.291044776119403,0.08582089552238806,0.2856206044444444,95.90900000000002,0.014925373134328358,0.05970149253731343,0.04597701149425287,0.208955223880597,0.26865671641791045,0.3582089552238806,0.08955223880597014,0.21478977666666668,97.372,L,0.034482758620689655,0.05956112852664577,0.21003134796238246,0.5694760820045558,0.19122257053291536,0.05329153605015674,0.29399356242022795,99.93133333333334,15.066666666666666,R,0.0,0.0,0.0,0.03,0.06,0.0,0,Petco Park,85.2,48.0,10.5,0.0,0.0,0.9579124579124578,0.16189971286235316,518,,,,,,,,0.5,,,HR WATCH
824714,2026-09-08 22:45:00+00:00,LAA,BOS,BOS,LAA,1,663330,Jahmai Jones,confirmed,2.0,4.65,672282,0.037037037037037035,0.07407407407407407,0.07407407407407407,0.2222222222222222,0.08641975308641975,0.2716049382716049,0.09876543209876543,0.37975817258064515,97.6993103448276,0.05,0.05,0.05405405405405406,0.225,0.1,0.3,0.075,0.39442339222222234,97.33714285714287,R,0.03216374269005848,0.05263157894736842,0.17543859649122806,0.5033112582781457,0.27485380116959063,0.05847953216374269,0.2923187646386136,101.89466666666665,17.6,L,0.0,0.0,0.0,0.03,0.06,0.0,0,Fenway Park,69.6,67.0,2.0,0.0,0.0,1.1739633655394526,0.1603241814167171,524,,,,,,,,0.5,,,HR WATCH
823414,2026-09-08 22:40:00+00:00,HOU,PHI,HOU,PHI,0,670541,Yordan Alvarez,confirmed,2.0,4.65,691725,0.04905660377358491,0.07924528301886792,0.06501547987616099,0.23773584905660378,0.23018867924528302,0.18490566037735848,0.1660377358490566,0.3980419716666666,100.16233333333331,0.030303030303030304,0.030303030303030304,0.021052631578947368,0.21212121212121213,0.24242424242424243,0.21212121212121213,0.18181818181818182,0.35492004666666666,97.50399999999999,L,0.043076923076923075,0.055384615384615386,0.15692307692307692,0.49764150943396224,0.20615384615384616,0.08615384615384615,0.3267754743645899,99.67933333333333,15.066666666666666,R,0.0,0.0,0.0,0.03,0.06,0.0,0,Citizens Bank Park,78.8,50.0,4.8,0.0,0.0,0.9432130340058728,0.15936969762442552,527,,,,,,,,0.5,,,PASS
824714,2026-09-08 22:45:00+00:00,LAA,BOS,LAA,BOS,0,687263,Zach Neto,confirmed,1.0,4.75,663776,0.022813688212927757,0.057034220532319393,0.043478260869565216,0.23574144486692014,0.20152091254752852,0.28517110266159695,0.060836501901140684,0.27998200888888897,96.74033333333334,0.029850746268656716,0.05970149253731343,0.043478260869565216,0.23880597014925373,0.2537313432835821,0.29850746268656714,0.04477611940298507,0.3444998933333333,97.42999999999999,R,0.02643171806167401,0.048458149779735685,0.14977973568281938,0.5357142857142857,0.22026431718061673,0.11013215859030837,0.34722485531300806,99.808,14.4,L,0.0,0.0,0.0,0.03,0.06,0.0,0,Fenway Park,69.6,67.0,2.0,0.0,0.0,1.1739633655394526,0.15844286143544123,531,,,,,,,,0.5,,,PASS
824551,2026-09-08 23:40:00+00:00,PIT,CWS,PIT,CWS,0,665833,Oneil Cruz,confirmed,4.0,4.45,680732,0.04411764705882353,0.08088235294117647,0.07885304659498207,0.15441176470588236,0.16911764705882354,0.3492647058823529,0.125,0.3439394516666667,97.74050000000001,0.029850746268656716,0.07462686567164178,0.07142857142857142,0.1044776119402985,0.14925373134328357,0.3283582089552239,0.16417910447761194,0.30538497333333336,93.91866666666667,L,0.029154518950437316,0.04664723032069971,0.1749271137026239,0.5665236051502146,0.2857142857142857,0.09329446064139942,0.2849190562272135,100.33999999999997,16.4,R,0.0,0.0,0.0,0.03,0.06,0.0,0,Rate Field,78.8,43.0,6.7,0.0,0.0,1.3020594965675056,0.15837088413199454,531,,,,,,,,0.5,,,PASS
824551,2026-09-08 23:40:00+00:00,PIT,CWS,CWS,PIT,1,678246,Miguel Vargas,confirmed,2.0,4.65,696149,0.04044117647058824,0.08455882352941177,0.06571428571428571,0.23161764705882354,0.2426470588235294,0.18382352941176472,0.13970588235294118,0.3587189006349207,97.33716666666668,0.014705882352941176,0.014705882352941176,0.011764705882352941,0.11764705882352941,0.22058823529411764,0.14705882352941177,0.20588235294117646,0.3572564511111111,94.06533333333333,R,0.01488095238095238,0.023809523809523808,0.1636904761904762,0.5010799136069114,0.18452380952380953,0.09821428571428571,0.2999126360662237,100.19733333333332,15.533333333333333,R,0.0,0.0,0.0,0.03,0.06,0.0,1,Rate Field,78.8,43.0,6.7,0.0,0.0,1.3020594965675056,0.15755518709373936,535,,,,,,,,0.5,,,PASS
823500,2026-09-08 23:05:00+00:00,COL,NYY,NYY,COL,1,671277,Luis García Jr.,confirmed,4.0,4.45,687312,0.07905138339920949,0.12648221343873517,0.08791208791208792,0.2608695652173913,0.22134387351778656,0.18181818181818182,0.05533596837944664,0.35911152305555555,99.06883333333333,0.06060606060606061,0.09090909090909091,0.06593406593406594,0.25757575757575757,0.21212121212121213,0.21212121212121213,0.07575757575757576,0.3701162666666667,100.11999999999999,L,0.022727272727272728,0.03636363636363636,0.1409090909090909,0.5066666666666667,0.18636363636363637,0.09090909090909091,0.2928965122693973,98.644,14.5,R,3.0,0.0,0.0,0.027906976744186046,0.05581395348837209,0.06976744186046512,0,Yankee Stadium,78.0,41.0,2.3,0.0,0.0,1.1814984320705144,0.1546938452883934,546,,,,,,,,0.5,,,PASS
824551,2026-09-08 23:40:00+00:00,PIT,CWS,PIT,CWS,0,804606,Konnor Griffin,confirmed,1.0,4.75,680732,0.01953125,0.05078125,0.040880503144654086,0.16796875,0.234375,0.26953125,0.0625,0.29345776249999994,96.07576271186441,0.029850746268656716,0.029850746268656716,0.02040816326530612,0.22388059701492538,0.29850746268656714,0.2835820895522388,0.04477611940298507,0.24885483555555557,98.34733333333334,R,0.029154518950437316,0.04664723032069971,0.1749271137026239,0.5665236051502146,0.2857142857142857,0.09329446064139942,0.2849190562272135,100.33999999999997,16.4,R,0.0,0.0,0.0,0.03,0.06,0.0,1,Rate Field,78.8,43.0,6.7,0.0,0.0,1.3020594965675056,0.15361927066051387,551,,,,,,,,0.5,,,PASS
824875,2026-09-08 23:15:00+00:00,TB,ATL,TB,ATL,0,666018,Jonathan Aranda,confirmed,2.0,4.65,700363,0.026217228464419477,0.06367041198501873,0.043037974683544304,0.2209737827715356,0.3146067415730337,0.23595505617977527,0.06741573033707865,0.3317252766666666,97.09183333333334,0.06153846153846154,0.06153846153846154,0.038834951456310676,0.26153846153846155,0.3076923076923077,0.24615384615384617,0.06153846153846154,0.34915777000000003,96.21733333333331,L,0.023529411764705882,0.047058823529411764,0.18823529411764706,0.4690265486725664,0.17647058823529413,0.12941176470588237,0.316587210921325,103.1025,13.0,R,0.0,0.0,0.0,0.03,0.06,0.0,0,Truist Park,86.1,44.0,7.2,0.0,0.0,1.0995169082125604,0.1516256668776878,560,,,,,,,,0.5,,,PASS
823821,2026-09-08 22:40:00+00:00,NYM,MIA,NYM,MIA,0,665742,Juan Soto,confirmed,2.0,4.65,645261,0.06666666666666667,0.08235294117647059,0.07142857142857142,0.21568627450980393,0.20392156862745098,0.11372549019607843,0.1843137254901961,0.44335388083333327,100.37457627118644,0.03076923076923077,0.06153846153846154,0.05970149253731343,0.18461538461538463,0.18461538461538463,0.13846153846153847,0.18461538461538463,0.35486461,100.64214285714286,L,0.01728395061728395,0.027160493827160494,0.13580246913580246,0.5530035335689046,0.17530864197530865,0.0691358024691358,0.2799739363632436,99.85733333333334,19.466666666666665,R,0.0,0.0,0.0,0.03,0.06,0.0,0,loanDepot park,83.0,82.0,4.3,0.0,0.5,0.814456969046341,0.1503756583268642,565,,,,,,,,0.5,,,PASS
824875,2026-09-08 23:15:00+00:00,TB,ATL,ATL,TB,1,671739,Michael Harris II,confirmed,1.0,4.75,642547,0.0392156862745098,0.047058823529411764,0.03389830508474576,0.19215686274509805,0.23137254901960785,0.19607843137254902,0.027450980392156862,0.29700646583333334,97.93033333333332,0.06557377049180328,0.06557377049180328,0.05263157894736842,0.21311475409836064,0.21311475409836064,0.22950819672131148,0.03278688524590164,0.31131940444444434,97.464,L,0.041916167664670656,0.04491017964071856,0.17065868263473055,0.5773420479302832,0.19760479041916168,0.0718562874251497,0.302661365560062,99.05799999999999,14.8,R,6.0,0.0,0.0,0.02608695652173913,0.05217391304347826,0.13043478260869565,0,Truist Park,86.1,44.0,7.2,0.0,0.0,1.0995169082125604,0.14849779958765053,573,,,,,,,,0.5,,,PASS
824875,2026-09-08 23:15:00+00:00,TB,ATL,ATL,TB,1,663586,Austin Riley,confirmed,7.0,4.0,642547,0.034482758620689655,0.09051724137931035,0.0695364238410596,0.22844827586206898,0.25,0.3577586206896552,0.0603448275862069,0.3074857052777778,96.981,0.017857142857142856,0.07142857142857142,0.05128205128205128,0.21428571428571427,0.35714285714285715,0.30357142857142855,0.07142857142857142,0.2846607166666667,95.31866666666666,R,0.041916167664670656,0.04491017964071856,0.17065868263473055,0.5773420479302832,0.19760479041916168,0.0718562874251497,0.302661365560062,99.05799999999999,14.8,R,4.0,0.0,0.0,0.02727272727272727,0.05454545454545454,0.09090909090909091,1,Truist Park,86.1,44.0,7.2,0.0,0.0,1.0995169082125604,0.14760813752186155,577,,,,,,,,0.5,,,PASS
823092,2026-09-09 01:40:00+00:00,TEX,SEA,SEA,TEX,1,677594,Julio Rodríguez,confirmed,3.0,4.55,615698,0.023166023166023165,0.05791505791505792,0.04716981132075472,0.17374517374517376,0.21235521235521235,0.25868725868725867,0.06563706563706563,0.32058588638888885,97.87083333333334,0.015151515151515152,0.045454545454545456,0.03896103896103896,0.12121212121212122,0.15151515151515152,0.3484848484848485,0.030303030303030304,0.20948284333333336,98.17866666666667,R,0.03187250996015936,0.05179282868525897,0.11553784860557768,0.543859649122807,0.21115537848605578,0.043824701195219126,0.2774684361500919,99.49166666666666,15.75,R,1.0,0.0,0.0,0.029268292682926828,0.058536585365853655,0.024390243902439025,1,T-Mobile Park,65.4,67.0,5.4,0.0,0.5,1.3743961352657004,0.14708669303940544,580,,,,,,,,0.5,,,PASS
824063,2026-09-08 23:40:00+00:00,ARI,KC,ARI,KC,0,606466,Ketel Marte,confirmed,2.0,4.65,608379,0.041666666666666664,0.06439393939393939,0.04927536231884058,0.17803030303030304,0.21212121212121213,0.14393939393939395,0.09090909090909091,0.32285455805555546,98.829,0.04838709677419355,0.06451612903225806,0.045454545454545456,0.14516129032258066,0.27419354838709675,0.12903225806451613,0.16129032258064516,0.3469389666666666,96.414,R,0.03896103896103896,0.05194805194805195,0.2051948051948052,0.5575868372943327,0.1974025974025974,0.046753246753246755,0.29404445695313997,99.66999999999999,18.866666666666667,R,0.0,0.0,0.0,0.03,0.06,0.0,1,Kauffman Stadium,97.3,30.0,8.1,0.0,0.0,1.0537037037037036,0.14620807448164871,584,,,,,,,,0.5,,,PASS
823250,2026-09-09 01:40:00+00:00,WSH,SD,SD,WSH,1,701538,Jackson Merrill,confirmed,5.0,4.3,683000,0.05533596837944664,0.10276679841897234,0.06896551724137931,0.2964426877470356,0.3557312252964427,0.22529644268774704,0.05533596837944664,0.3847959416666667,98.2925,0.046875,0.140625,0.0989010989010989,0.296875,0.28125,0.15625,0.078125,0.46502284666666666,101.06333333333332,L,,,,,,,,,,,0.0,0.0,0.0,0.03,0.06,0.0,0,Petco Park,85.2,48.0,10.5,0.0,0.0,0.9579124579124578,0.14500009562336336,590,,,,,,,,0.5,,,PASS
824714,2026-09-08 22:45:00+00:00,LAA,BOS,BOS,LAA,1,677800,Wilyer Abreu,confirmed,3.0,4.55,672282,0.04868913857677903,0.08614232209737828,0.06824925816023739,0.19850187265917604,0.3146067415730337,0.2247191011235955,0.1198501872659176,0.3624593098809524,96.84633333333333,0.015151515151515152,0.045454545454545456,0.03409090909090909,0.16666666666666666,0.3939393939393939,0.24242424242424243,0.09090909090909091,0.27821022333333334,95.32533333333332,L,0.03216374269005848,0.05263157894736842,0.17543859649122806,0.5033112582781457,0.27485380116959063,0.05847953216374269,0.2923187646386136,101.89466666666665,17.6,L,3.0,0.0,0.0,0.027906976744186046,0.05581395348837209,0.06976744186046512,1,Fenway Park,69.6,67.0,2.0,0.0,0.0,1.1739633655394526,0.14461009157949176,592,,,,,,,,0.5,,,PASS
824551,2026-09-08 23:40:00+00:00,PIT,CWS,PIT,CWS,0,668804,Bryan Reynolds,confirmed,3.0,4.55,680732,0.018867924528301886,0.07547169811320754,0.06172839506172839,0.2,0.2679245283018868,0.25660377358490566,0.1018867924528302,0.33922489861111116,97.49083333333333,0.014925373134328358,0.07462686567164178,0.06493506493506493,0.29850746268656714,0.31343283582089554,0.16417910447761194,0.1044776119402985,0.4681436877777777,100.77866666666667,L,0.029154518950437316,0.04664723032069971,0.1749271137026239,0.5665236051502146,0.2857142857142857,0.09329446064139942,0.2849190562272135,100.33999999999997,16.4,R,0.0,0.0,0.0,0.03,0.06,0.0,0,Rate Field,78.8,43.0,6.7,0.0,0.0,1.3020594965675056,0.14355126015371578,597,,,,,,,,0.5,,,PASS
824063,2026-09-08 23:40:00+00:00,ARI,KC,KC,ARI,1,677951,Bobby Witt Jr.,confirmed,2.0,4.65,669203,0.030303030303030304,0.07575757575757576,0.06097560975609756,0.20075757575757575,0.2878787878787879,0.1553030303030303,0.10984848484848485,0.3882831182539683,98.77616666666664,0.014705882352941176,0.10294117647058823,0.07777777777777778,0.22058823529411764,0.3088235294117647,0.16176470588235295,0.11764705882352941,0.39886749666666665,98.34333333333332,R,,,,,,,,,,,0.0,0.0,0.0,0.03,0.06,0.0,0,Kauffman Stadium,97.3,30.0,8.1,0.0,0.0,1.0537037037037036,0.1427663862635522,600,,,,,,,,0.5,,,PASS
824875,2026-09-08 23:15:00+00:00,TB,ATL,ATL,TB,1,686948,Drake Baldwin,confirmed,4.0,4.45,642547,0.03007518796992481,0.06390977443609022,0.04632152588555858,0.21804511278195488,0.2819548872180451,0.19172932330827067,0.09022556390977443,0.34633547305555556,98.6885,0.015151515151515152,0.045454545454545456,0.03529411764705882,0.15151515151515152,0.2878787878787879,0.2878787878787879,0.06060606060606061,0.2982981866666667,97.07933333333332,L,0.041916167664670656,0.04491017964071856,0.17065868263473055,0.5773420479302832,0.19760479041916168,0.0718562874251497,0.302661365560062,99.05799999999999,14.8,R,3.0,0.0,0.0,0.027906976744186046,0.05581395348837209,0.06976744186046512,0,Truist Park,86.1,44.0,7.2,0.0,0.0,1.0995169082125604,0.1417928020503391,605,,,,,,,,0.5,,,PASS
824063,2026-09-08 23:40:00+00:00,ARI,KC,KC,ARI,1,686469,Vinnie Pasquantino,confirmed,3.0,4.55,669203,0.023346303501945526,0.04669260700389105,0.032432432432432434,0.25680933852140075,0.2801556420233463,0.1245136186770428,0.12062256809338522,0.33110060277777775,97.35833333333332,0.06060606060606061,0.09090909090909091,0.06818181818181818,0.3181818181818182,0.30303030303030304,0.07575757575757576,0.13636363636363635,0.3470380888888889,98.946,L,,,,,,,,,,,0.0,0.0,0.0,0.03,0.06,0.0,0,Kauffman Stadium,97.3,30.0,8.1,0.0,0.0,1.0537037037037036,0.14171672051012052,606,,,,,,,,0.5,,,PASS
823250,2026-09-09 01:40:00+00:00,WSH,SD,WSH,SD,0,686611,Dylan Crews,confirmed,3.0,4.55,663554,0.022988505747126436,0.05363984674329502,0.04590163934426229,0.14942528735632185,0.24904214559386972,0.26436781609195403,0.09195402298850575,0.3000542327777778,96.62349999999999,0.015384615384615385,0.03076923076923077,0.023255813953488372,0.12307692307692308,0.2153846153846154,0.27692307692307694,0.07692307692307693,0.2841285733333334,97.44866666666667,R,0.034482758620689655,0.05956112852664577,0.21003134796238246,0.5694760820045558,0.19122257053291536,0.05329153605015674,0.29399356242022795,99.93133333333334,15.066666666666666,R,0.0,0.0,0.0,0.03,0.06,0.0,1,Petco Park,85.2,48.0,10.5,0.0,0.0,0.9579124579124578,0.14044172097092714,612,,,,,,,,0.5,,,PASS
823174,2026-09-09 01:45:00+00:00,STL,SF,SF,STL,1,805811,Bryce Eldridge,confirmed,3.0,4.55,687273,0.03474903474903475,0.06177606177606178,0.05263157894736842,0.21235521235521235,0.24324324324324326,0.2857142857142857,0.1274131274131274,0.3408111588888889,98.29483333333334,0.014492753623188406,0.043478260869565216,0.03529411764705882,0.2898550724637681,0.2898550724637681,0.2318840579710145,0.15942028985507245,0.3881757877777778,99.59333333333333,L,0.008928571428571428,0.008928571428571428,0.16071428571428573,0.5033112582781457,0.21428571428571427,0.10714285714285714,0.2811590786445013,101.676,14.8,L,0.0,0.0,0.0,0.03,0.06,0.0,1,Oracle Park,67.8,73.0,13.3,0.0,0.0,0.7957030256801424,0.13974206515802026,616,,,,,,,,0.5,,,PASS
823500,2026-09-08 23:05:00+00:00,COL,NYY,COL,NYY,0,696100,Hunter Goodman,confirmed,4.0,4.45,693645,0.07722007722007722,0.09652509652509653,0.08361204013377926,0.20077220077220076,0.1969111969111969,0.3127413127413127,0.0888030888030888,0.33207000861111113,96.05216666666665,0.046153846153846156,0.07692307692307693,0.05813953488372093,0.2,0.27692307692307694,0.24615384615384617,0.07692307692307693,0.33596349444444445,97.92333333333333,R,0.030555555555555555,0.05,0.14166666666666666,0.5684210526315789,0.33611111111111114,0.07777777777777778,0.2805684873514499,97.82933333333332,17.933333333333334,R,0.0,0.0,0.0,0.03,0.06,0.0,1,Yankee Stadium,78.0,41.0,2.3,0.0,0.0,1.1814984320705144,0.1395890771213724,616,,,,,,,,0.5,,,PASS
824875,2026-09-08 23:15:00+00:00,TB,ATL,TB,ATL,0,650490,Yandy Díaz,confirmed,1.0,4.75,700363,0.032846715328467155,0.05474452554744526,0.03676470588235294,0.18248175182481752,0.25547445255474455,0.15328467153284672,0.06569343065693431,0.33325975999999996,98.65783333333333,0.028985507246376812,0.07246376811594203,0.05,0.21739130434782608,0.2463768115942029,0.11594202898550725,0.08695652173913043,0.36887665999999997,100.80799999999999,R,0.023529411764705882,0.047058823529411764,0.18823529411764706,0.4690265486725664,0.17647058823529413,0.12941176470588237,0.316587210921325,103.1025,13.0,R,0.0,0.0,0.0,0.03,0.06,0.0,1,Truist Park,86.1,44.0,7.2,0.0,0.0,1.0995169082125604,0.13733873958815793,628,,,,,,,,0.5,,,PASS
823901,2026-09-09 02:10:00+00:00,CIN,LAD,LAD,CIN,1,669257,Will Smith,confirmed,3.0,4.55,666157,0.028169014084507043,0.0892018779342723,0.06506849315068493,0.25821596244131456,0.3427230046948357,0.1643192488262911,0.11267605633802817,0.38386012666666663,96.90360000000001,0.03225806451612903,0.04838709677419355,0.03571428571428571,0.24193548387096775,0.3709677419354839,0.12903225806451613,0.1774193548387097,0.42551057666666664,95.58933333333334,R,0.038011695906432746,0.05847953216374269,0.2134502923976608,0.525,0.1783625730994152,0.09064327485380116,0.36699620417007617,101.89800000000001,14.933333333333334,L,0.0,0.0,0.0,0.03,0.06,0.0,0,UNIQLO Field at Dodger Stadium,72.0,55.0,7.0,0.0,0.0,0.995939228453406,0.137156130368747,629,,,,,,,,0.5,,,PASS
824063,2026-09-08 23:40:00+00:00,ARI,KC,ARI,KC,0,694374,Tim Tawa,confirmed,7.0,4.0,608379,0.03765690376569038,0.07531380753138076,0.06,0.19665271966527198,0.2719665271966527,0.26359832635983266,0.06694560669456066,0.3008952652777778,97.21216666666666,0.03508771929824561,0.08771929824561403,0.07575757575757576,0.19298245614035087,0.24561403508771928,0.3684210526315789,0.10526315789473684,0.27146206666666667,95.10133333333333,R,0.03896103896103896,0.05194805194805195,0.2051948051948052,0.5575868372943327,0.1974025974025974,0.046753246753246755,0.29404445695313997,99.66999999999999,18.866666666666667,R,0.0,0.0,0.0,0.03,0.06,0.0,1,Kauffman Stadium,97.3,30.0,8.1,0.0,0.0,1.0537037037037036,0.13676077167071846,631,,,,,,,,0.5,,,PASS
824957,2026-09-09 01:40:00+00:00,TOR,ATH,ATH,TOR,1,680869,Zack Gelof,confirmed,3.0,4.55,667755,0.043478260869565216,0.05928853754940711,0.04966887417218543,0.18181818181818182,0.1857707509881423,0.25691699604743085,0.07905138339920949,0.29236421527777784,95.13016666666665,0.04477611940298507,0.1044776119402985,0.08860759493670886,0.22388059701492538,0.26865671641791045,0.2537313432835821,0.07462686567164178,0.34485956888888897,98.262,R,0.020588235294117647,0.04411764705882353,0.12058823529411765,0.35362997658079626,0.19411764705882353,0.09411764705882353,0.3314063922752612,101.46933333333335,15.6,R,6.0,0.0,0.0,0.02608695652173913,0.05217391304347826,0.13043478260869565,1,Sutter Health Park,87.9,22.0,4.8,0.0,0.0,1.3020594965675056,0.13639515034761274,633,,,,,,,,0.5,,,PASS
823250,2026-09-09 01:40:00+00:00,WSH,SD,WSH,SD,0,695734,Daylen Lile,confirmed,6.0,4.15,663554,0.04743083003952569,0.08300395256916997,0.05289672544080604,0.2648221343873518,0.3794466403162055,0.22529644268774704,0.05533596837944664,0.33006072111111107,95.68966666666665,0.078125,0.109375,0.07291666666666667,0.390625,0.390625,0.15625,0.140625,0.4226645300000001,97.74400000000001,L,0.034482758620689655,0.05956112852664577,0.21003134796238246,0.5694760820045558,0.19122257053291536,0.05329153605015674,0.29399356242022795,99.93133333333334,15.066666666666666,R,0.0,0.0,0.0,0.03,0.06,0.0,0,Petco Park,85.2,48.0,10.5,0.0,0.0,0.9579124579124578,0.13624618150186513,634,,,,,,,,0.5,,,PASS
823250,2026-09-09 01:40:00+00:00,WSH,SD,WSH,SD,0,691781,Brady House,confirmed,5.0,4.3,663554,0.027777777777777776,0.06349206349206349,0.05177993527508091,0.17063492063492064,0.26587301587301587,0.26587301587301587,0.06349206349206349,0.3118056169444445,97.80933333333333,0.01639344262295082,0.04918032786885246,0.03614457831325301,0.18032786885245902,0.4098360655737705,0.19672131147540983,0.09836065573770492,0.33366820888888893,97.84466666666668,R,0.034482758620689655,0.05956112852664577,0.21003134796238246,0.5694760820045558,0.19122257053291536,0.05329153605015674,0.29399356242022795,99.93133333333334,15.066666666666666,R,0.0,0.0,0.0,0.03,0.06,0.0,1,Petco Park,85.2,48.0,10.5,0.0,0.0,0.9579124579124578,0.13579924048445238,636,,,,,,,,0.5,,,PASS
824714,2026-09-08 22:45:00+00:00,LAA,BOS,LAA,BOS,0,642350,Jose Siri,confirmed,3.0,4.55,663776,0.03225806451612903,0.08387096774193549,0.07303370786516854,0.18064516129032257,0.2129032258064516,0.2903225806451613,0.05161290322580645,0.2979687755555555,95.05822222222221,0.018518518518518517,0.1111111111111111,0.1,0.16666666666666666,0.2222222222222222,0.3888888888888889,0.05555555555555555,0.29283136666666665,97.58200000000002,R,0.02643171806167401,0.048458149779735685,0.14977973568281938,0.5357142857142857,0.22026431718061673,0.11013215859030837,0.34722485531300806,99.808,14.4,L,0.0,0.0,0.0,0.03,0.06,0.0,0,Fenway Park,69.6,67.0,2.0,0.0,0.0,1.1739633655394526,0.13479976160553736,642,,,,,,,,0.5,,,PASS
824228,2026-09-08 22:40:00+00:00,MIN,DET,MIN,DET,0,665019,Kody Clemens,confirmed,3.0,4.55,623454,0.051587301587301584,0.07539682539682539,0.054285714285714284,0.25396825396825395,0.25793650793650796,0.23809523809523808,0.07142857142857142,0.34193342944444444,97.73700000000001,0.04838709677419355,0.06451612903225806,0.047058823529411764,0.25806451612903225,0.24193548387096775,0.22580645161290322,0.11290322580645161,0.3916622588888889,97.78333333333336,L,0.027210884353741496,0.04081632653061224,0.1360544217687075,0.47282608695652173,0.23809523809523808,0.11564625850340136,0.3092441582004597,99.42875,13.0,R,3.0,0.0,0.0,0.027906976744186046,0.05581395348837209,0.06976744186046512,0,Comerica Park,77.9,60.0,5.8,0.0,0.0,0.7940955448201825,0.13317568933634352,651,,,,,,,,0.5,,,PASS
823500,2026-09-08 23:05:00+00:00,COL,NYY,COL,NYY,0,666160,Mickey Moniak,confirmed,5.0,4.3,693645,0.04435483870967742,0.06048387096774194,0.04411764705882353,0.21774193548387097,0.20967741935483872,0.25806451612903225,0.04435483870967742,0.2534803452777778,96.95400000000001,0.046875,0.03125,0.022222222222222223,0.21875,0.171875,0.28125,0.03125,0.2483512833333333,97.53466666666665,L,0.030555555555555555,0.05,0.14166666666666666,0.5684210526315789,0.33611111111111114,0.07777777777777778,0.2805684873514499,97.82933333333332,17.933333333333334,R,0.0,0.0,0.0,0.03,0.06,0.0,0,Yankee Stadium,78.0,41.0,2.3,0.0,0.0,1.1814984320705144,0.13226421269516409,656,,,,,,,,0.5,,,PASS
823092,2026-09-09 01:40:00+00:00,TEX,SEA,SEA,TEX,1,668227,Randy Arozarena,confirmed,1.0,4.75,615698,0.052434456928838954,0.052434456928838954,0.042682926829268296,0.149812734082397,0.23220973782771537,0.20973782771535582,0.10861423220973783,0.3417997816666667,96.88283333333334,0.07352941176470588,0.07352941176470588,0.06756756756756757,0.14705882352941177,0.19117647058823528,0.25,0.16176470588235295,0.36670076999999995,95.38466666666666,R,0.03187250996015936,0.05179282868525897,0.11553784860557768,0.543859649122807,0.21115537848605578,0.043824701195219126,0.2774684361500919,99.49166666666666,15.75,R,1.0,0.0,0.0,0.029268292682926828,0.058536585365853655,0.024390243902439025,1,T-Mobile Park,65.4,67.0,5.4,0.0,0.5,1.3743961352657004,0.13133940657817578,661,,,,,,,,0.5,,,PASS
823500,2026-09-08 23:05:00+00:00,COL,NYY,NYY,COL,1,665862,Jazz Chisholm Jr.,confirmed,6.0,4.15,687312,0.039473684210526314,0.04824561403508772,0.03985507246376811,0.2236842105263158,0.17982456140350878,0.31140350877192985,0.09649122807017543,0.2811326116666667,97.13830508474578,0.03389830508474576,0.01694915254237288,0.014925373134328358,0.2033898305084746,0.2033898305084746,0.1864406779661017,0.15254237288135594,0.33774829888888896,95.82333333333332,L,0.022727272727272728,0.03636363636363636,0.1409090909090909,0.5066666666666667,0.18636363636363637,0.09090909090909091,0.2928965122693973,98.644,14.5,R,0.0,0.0,0.0,0.03,0.06,0.0,0,Yankee Stadium,78.0,41.0,2.3,0.0,0.0,1.1814984320705144,0.1312449176830184,662,,,,,,,,0.5,,,PASS
823174,2026-09-09 01:45:00+00:00,STL,SF,SF,STL,1,813841,Jonah Cox,confirmed,1.0,4.75,687273,0.039473684210526314,0.05263157894736842,0.05128205128205128,0.18421052631578946,0.21052631578947367,0.35526315789473684,0.06578947368421052,0.25083164015151516,92.68571428571428,0.05084745762711865,0.06779661016949153,0.05970149253731343,0.2033898305084746,0.22033898305084745,0.2711864406779661,0.0847457627118644,0.3116086277777778,94.99066666666667,R,0.008928571428571428,0.008928571428571428,0.16071428571428573,0.5033112582781457,0.21428571428571427,0.10714285714285714,0.2811590786445013,101.676,14.8,L,0.0,0.0,0.0,0.03,0.06,0.0,0,Oracle Park,67.8,73.0,13.3,0.0,0.0,0.7957030256801424,0.13107428671252896,663,,,,,,,,0.5,,,PASS
823250,2026-09-09 01:40:00+00:00,WSH,SD,SD,WSH,1,592518,Manny Machado,confirmed,3.0,4.55,683000,0.04182509505703422,0.06463878326996197,0.052795031055900624,0.21292775665399238,0.23574144486692014,0.20152091254752852,0.12547528517110265,0.3590998313888889,97.15333333333334,0.030303030303030304,0.07575757575757576,0.05952380952380952,0.19696969696969696,0.18181818181818182,0.15151515151515152,0.16666666666666666,0.40493877666666667,96.67466666666665,R,,,,,,,,,,,0.0,0.0,0.0,0.03,0.06,0.0,0,Petco Park,85.2,48.0,10.5,0.0,0.0,0.9579124579124578,0.13039033280833912,667,,,,,,,,0.5,,,PASS
823901,2026-09-09 02:10:00+00:00,CIN,LAD,CIN,LAD,0,553993,Eugenio Suárez,confirmed,5.0,4.3,669373,0.061224489795918366,0.07346938775510205,0.06691449814126393,0.20408163265306123,0.17551020408163265,0.3510204081632653,0.1306122448979592,0.31143674694444445,95.71316666666665,0.06349206349206349,0.06349206349206349,0.06153846153846154,0.15873015873015872,0.1111111111111111,0.2857142857142857,0.19047619047619047,0.3675117166666667,94.054,R,0.028089887640449437,0.05056179775280899,0.15168539325842698,0.5472103004291845,0.3202247191011236,0.0449438202247191,0.2589464919338686,98.38799999999998,17.666666666666668,L,0.0,0.0,0.0,0.03,0.06,0.0,0,UNIQLO Field at Dodger Stadium,72.0,55.0,7.0,0.0,0.0,0.995939228453406,0.12883316917722493,676,,,,,,,,0.5,,,PASS
824063,2026-09-08 23:40:00+00:00,ARI,KC,KC,ARI,1,521692,Salvador Perez,confirmed,4.0,4.45,669203,0.03614457831325301,0.08433734939759036,0.05722070844686648,0.1927710843373494,0.27710843373493976,0.1927710843373494,0.03614457831325301,0.33020607305555555,96.17833333333334,0.046153846153846156,0.12307692307692308,0.08333333333333333,0.24615384615384617,0.23076923076923078,0.18461538461538463,0.03076923076923077,0.3974844666666666,98.58066666666667,R,,,,,,,,,,,0.0,0.0,0.0,0.03,0.06,0.0,0,Kauffman Stadium,97.3,30.0,8.1,0.0,0.0,1.0537037037037036,0.12799681716564903,681,,,,,,,,0.5,,,PASS
823092,2026-09-09 01:40:00+00:00,TEX,SEA,SEA,TEX,1,686527,Dominic Canzone,confirmed,2.0,4.65,615698,0.03816793893129771,0.061068702290076333,0.0486322188449848,0.1717557251908397,0.20610687022900764,0.22900763358778625,0.08778625954198473,0.3237357744444445,96.88450000000002,0.029850746268656716,0.05970149253731343,0.04597701149425287,0.1791044776119403,0.22388059701492538,0.23880597014925373,0.05970149253731343,0.3198664466666667,98.24533333333333,L,0.03187250996015936,0.05179282868525897,0.11553784860557768,0.543859649122807,0.21115537848605578,0.043824701195219126,0.2774684361500919,99.49166666666666,15.75,R,1.0,0.0,1.0,0.029268292682926828,0.08292682926829269,0.024390243902439025,0,T-Mobile Park,65.4,67.0,5.4,0.0,0.5,1.3743961352657004,0.12717730896817306,686,,,,,,,,0.5,,,PASS
824063,2026-09-08 23:40:00+00:00,ARI,KC,ARI,KC,0,571448,Nolan Arenado,confirmed,5.0,4.3,608379,0.056910569105691054,0.04878048780487805,0.03669724770642202,0.17479674796747968,0.24390243902439024,0.2032520325203252,0.08943089430894309,0.2606986513888889,94.45249999999997,0.03333333333333333,0.016666666666666666,0.012345679012345678,0.16666666666666666,0.18333333333333332,0.18333333333333332,0.05,0.18443820333333333,94.73133333333334,R,0.03896103896103896,0.05194805194805195,0.2051948051948052,0.5575868372943327,0.1974025974025974,0.046753246753246755,0.29404445695313997,99.66999999999999,18.866666666666667,R,0.0,0.0,0.0,0.03,0.06,0.0,1,Kauffman Stadium,97.3,30.0,8.1,0.0,0.0,1.0537037037037036,0.12699220120481106,687,,,,,,,,0.5,,,PASS
823901,2026-09-09 02:10:00+00:00,CIN,LAD,CIN,LAD,0,701398,Sal Stewart,confirmed,3.0,4.55,669373,0.060836501901140684,0.07604562737642585,0.05649717514124294,0.22813688212927757,0.2813688212927757,0.20912547528517111,0.06844106463878327,0.3267800338888888,96.85266666666666,0.058823529411764705,0.10294117647058823,0.06796116504854369,0.3235294117647059,0.4117647058823529,0.16176470588235295,0.07352941176470588,0.3770307255555556,98.23266666666667,R,0.028089887640449437,0.05056179775280899,0.15168539325842698,0.5472103004291845,0.3202247191011236,0.0449438202247191,0.2589464919338686,98.38799999999998,17.666666666666668,L,0.0,0.0,0.0,0.03,0.06,0.0,0,UNIQLO Field at Dodger Stadium,72.0,55.0,7.0,0.0,0.0,0.995939228453406,0.12649191189638934,691,,,,,,,,0.5,,,PASS
823901,2026-09-09 02:10:00+00:00,CIN,LAD,CIN,LAD,0,663886,Tyler Stephenson,confirmed,4.0,4.45,669373,0.04132231404958678,0.0743801652892562,0.059602649006622516,0.2024793388429752,0.2066115702479339,0.2809917355371901,0.09504132231404959,0.32456723000000004,95.27583333333332,0.04411764705882353,0.058823529411764705,0.05,0.1323529411764706,0.16176470588235295,0.35294117647058826,0.10294117647058823,0.24245706333333333,93.97999999999999,R,0.028089887640449437,0.05056179775280899,0.15168539325842698,0.5472103004291845,0.3202247191011236,0.0449438202247191,0.2589464919338686,98.38799999999998,17.666666666666668,L,0.0,0.0,0.0,0.03,0.06,0.0,0,UNIQLO Field at Dodger Stadium,72.0,55.0,7.0,0.0,0.0,0.995939228453406,0.12539071881604044,698,,,,,,,,0.5,,,PASS
823250,2026-09-09 01:40:00+00:00,WSH,SD,SD,WSH,1,664034,Ty France,confirmed,4.0,4.45,683000,0.04633204633204633,0.05791505791505792,0.04054054054054054,0.22393822393822393,0.3281853281853282,0.18532818532818532,0.09652509652509653,0.35148958500000005,98.36333333333336,0.03125,0.03125,0.022727272727272728,0.1875,0.328125,0.1875,0.1875,0.3251363944444445,95.79266666666666,R,,,,,,,,,,,0.0,0.0,0.0,0.03,0.06,0.0,0,Petco Park,85.2,48.0,10.5,0.0,0.0,0.9579124579124578,0.12488733103054005,701,,,,,,,,0.5,,,PASS
824714,2026-09-08 22:45:00+00:00,LAA,BOS,LAA,BOS,0,545361,Mike Trout,confirmed,2.0,4.65,663776,0.022727272727272728,0.056818181818181816,0.04643962848297214,0.14772727272727273,0.24621212121212122,0.2803030303030303,0.10984848484848485,0.32529028666666665,96.42833333333333,0.0,0.07575757575757576,0.06578947368421052,0.15151515151515152,0.2727272727272727,0.2727272727272727,0.06060606060606061,0.31276847333333335,97.53999999999999,R,0.02643171806167401,0.048458149779735685,0.14977973568281938,0.5357142857142857,0.22026431718061673,0.11013215859030837,0.34722485531300806,99.808,14.4,L,0.0,0.0,0.0,0.03,0.06,0.0,0,Fenway Park,69.6,67.0,2.0,0.0,0.0,1.1739633655394526,0.12435638611020752,704,,,,,,,,0.5,,,PASS
823414,2026-09-08 22:40:00+00:00,HOU,PHI,HOU,PHI,0,665161,Jeremy Peña,confirmed,1.0,4.75,691725,0.052830188679245285,0.04905660377358491,0.03987730061349693,0.16226415094339622,0.19245283018867926,0.2679245283018868,0.03773584905660377,0.2954026916666666,97.1105,0.045454545454545456,0.07575757575757576,0.06172839506172839,0.12121212121212122,0.18181818181818182,0.3333333333333333,0.030303030303030304,0.28077810000000003,94.268,R,0.043076923076923075,0.055384615384615386,0.15692307692307692,0.49764150943396224,0.20615384615384616,0.08615384615384615,0.3267754743645899,99.67933333333333,15.066666666666666,R,0.0,0.0,0.0,0.03,0.06,0.0,1,Citizens Bank Park,78.8,50.0,4.8,0.0,0.0,0.9432130340058728,0.12279547136573996,714,,,,,,,,0.5,,,PASS
823821,2026-09-08 22:40:00+00:00,NYM,MIA,MIA,NYM,1,682663,Agustín Ramírez,confirmed,3.0,4.55,640455,0.015463917525773196,0.02577319587628866,0.01968503937007874,0.12886597938144329,0.2268041237113402,0.22164948453608246,0.10824742268041238,0.2736511280141844,97.66468085106385,0.016666666666666666,0.016666666666666666,0.011764705882352941,0.11666666666666667,0.18333333333333332,0.23333333333333334,0.1,0.2504937977777778,97.03133333333334,R,0.0431266846361186,0.08355795148247978,0.20485175202156333,0.542910447761194,0.20754716981132076,0.0646900269541779,0.34615765021655853,101.914,16.8,L,0.0,0.0,0.0,0.03,0.06,0.0,0,loanDepot park,83.0,82.0,4.3,0.0,0.5,0.814456969046341,0.12277954709792864,714,,,,,,,,0.5,,,PASS
824714,2026-09-08 22:45:00+00:00,LAA,BOS,LAA,BOS,0,677347,Kyren Paris,confirmed,7.0,4.0,663776,0.0,0.0,0.0,0.0,0.0,1.0,0.0,0.0,85.0,0.0,0.0,0.0,0.0,0.0,1.0,0.0,0.0,85.0,R,0.02643171806167401,0.048458149779735685,0.14977973568281938,0.5357142857142857,0.22026431718061673,0.11013215859030837,0.34722485531300806,99.808,14.4,L,0.0,0.0,0.0,0.03,0.06,0.0,0,Fenway Park,69.6,67.0,2.0,0.0,0.0,1.1739633655394526,0.1227160907579217,715,,,,,,,,0.5,,,PASS
823901,2026-09-09 02:10:00+00:00,CIN,LAD,LAD,CIN,1,606192,Teoscar Hernández,confirmed,5.0,4.3,666157,0.029661016949152543,0.06779661016949153,0.05423728813559322,0.15677966101694915,0.23728813559322035,0.2669491525423729,0.07627118644067797,0.3155683511111111,97.13150000000002,0.03125,0.125,0.10126582278481013,0.171875,0.203125,0.28125,0.109375,0.38394458,99.70466666666668,R,0.038011695906432746,0.05847953216374269,0.2134502923976608,0.525,0.1783625730994152,0.09064327485380116,0.36699620417007617,101.89800000000001,14.933333333333334,L,0.0,0.0,0.0,0.03,0.06,0.0,0,UNIQLO Field at Dodger Stadium,72.0,55.0,7.0,0.0,0.0,0.995939228453406,0.12236922306789504,717,,,,,,,,0.5,,,PASS
823738,2026-09-08 23:40:00+00:00,CHC,MIL,MIL,CHC,1,694192,Jackson Chourio,confirmed,1.0,4.75,656849,0.032846715328467155,0.06934306569343066,0.05277777777777778,0.1897810218978102,0.22992700729927007,0.23722627737226276,0.08759124087591241,0.32321808861111107,96.43166666666667,0.056338028169014086,0.056338028169014086,0.041666666666666664,0.19718309859154928,0.2112676056338028,0.18309859154929578,0.04225352112676056,0.27955287999999995,98.62066666666666,R,0.02616279069767442,0.040697674418604654,0.15988372093023256,0.4113636363636364,0.19186046511627908,0.10465116279069768,0.34422381115004236,100.32866666666668,14.933333333333334,L,6.0,2.0,2.0,0.06956521739130435,0.09565217391304348,0.13043478260869565,0,American Family Field,74.9,65.0,4.2,0.0,0.5,0.9162640901771336,0.12156222852171975,723,,,,,,,,0.5,,,PASS
823901,2026-09-09 02:10:00+00:00,CIN,LAD,LAD,CIN,1,571970,Max Muncy,confirmed,8.0,3.85,666157,0.044534412955465584,0.05668016194331984,0.04590163934426229,0.2834008097165992,0.21052631578947367,0.24696356275303644,0.12955465587044535,0.31004037916666666,96.61650000000002,0.047619047619047616,0.06349206349206349,0.047058823529411764,0.3333333333333333,0.25396825396825395,0.20634920634920634,0.19047619047619047,0.3982807622222222,98.03466666666668,L,0.038011695906432746,0.05847953216374269,0.2134502923976608,0.525,0.1783625730994152,0.09064327485380116,0.36699620417007617,101.89800000000001,14.933333333333334,L,0.0,0.0,0.0,0.03,0.06,0.0,1,UNIQLO Field at Dodger Stadium,72.0,55.0,7.0,0.0,0.0,0.995939228453406,0.12116447271652972,725,,,,,,,,0.5,,,PASS
824957,2026-09-09 01:40:00+00:00,TOR,ATH,ATH,TOR,1,703607,Henry Bolte,confirmed,1.0,4.75,667755,0.028,0.052,0.04406779661016949,0.1,0.212,0.276,0.08,0.3051803769444444,97.35733333333334,0.041666666666666664,0.05555555555555555,0.046511627906976744,0.1111111111111111,0.18055555555555555,0.2777777777777778,0.125,0.3677893311111112,99.78266666666669,R,0.020588235294117647,0.04411764705882353,0.12058823529411765,0.35362997658079626,0.19411764705882353,0.09411764705882353,0.3314063922752612,101.46933333333335,15.6,R,2.0,0.0,0.0,0.02857142857142857,0.05714285714285714,0.047619047619047616,1,Sutter Health Park,87.9,22.0,4.8,0.0,0.0,1.3020594965675056,0.12055747181584124,729,,,,,,,,0.5,,,PASS
824551,2026-09-08 23:40:00+00:00,PIT,CWS,CWS,PIT,1,643217,Andrew Benintendi,confirmed,4.0,4.45,696149,0.03636363636363636,0.05,0.037162162162162164,0.21818181818181817,0.22727272727272727,0.19090909090909092,0.10909090909090909,0.3103553063888888,93.47661016949151,0.019230769230769232,0.057692307692307696,0.036585365853658534,0.25,0.34615384615384615,0.17307692307692307,0.09615384615384616,0.3237377277777778,95.30133333333333,L,0.01488095238095238,0.023809523809523808,0.1636904761904762,0.5010799136069114,0.18452380952380953,0.09821428571428571,0.2999126360662237,100.19733333333332,15.533333333333333,R,0.0,0.0,0.0,0.03,0.06,0.0,0,Rate Field,78.8,43.0,6.7,0.0,0.0,1.3020594965675056,0.12005642394145975,733,,,,,,,,0.5,,,PASS
823901,2026-09-09 02:10:00+00:00,CIN,LAD,LAD,CIN,1,605141,Mookie Betts,confirmed,2.0,4.65,666157,0.038461538461538464,0.057692307692307696,0.04437869822485207,0.2076923076923077,0.23846153846153847,0.1,0.07692307692307693,0.32358933,96.82566666666666,0.02857142857142857,0.04285714285714286,0.03529411764705882,0.18571428571428572,0.14285714285714285,0.1,0.12857142857142856,0.34183726,96.49800000000002,R,0.038011695906432746,0.05847953216374269,0.2134502923976608,0.525,0.1783625730994152,0.09064327485380116,0.36699620417007617,101.89800000000001,14.933333333333334,L,0.0,0.0,0.0,0.03,0.06,0.0,0,UNIQLO Field at Dodger Stadium,72.0,55.0,7.0,0.0,0.0,0.995939228453406,0.11910477886622577,740,,,,,,,,0.5,,,PASS
824551,2026-09-08 23:40:00+00:00,PIT,CWS,PIT,CWS,0,804668,Rafael Flores Jr.,confirmed,7.0,4.0,680732,0.05,0.07,0.06306306306306306,0.17,0.21,0.31,0.1,0.3045373769230769,95.5084,0.01639344262295082,0.03278688524590164,0.02857142857142857,0.14754098360655737,0.18032786885245902,0.36065573770491804,0.08196721311475409,0.2453232588888889,94.45200000000001,R,0.029154518950437316,0.04664723032069971,0.1749271137026239,0.5665236051502146,0.2857142857142857,0.09329446064139942,0.2849190562272135,100.33999999999997,16.4,R,0.0,0.0,0.0,0.03,0.06,0.0,1,Rate Field,78.8,43.0,6.7,0.0,0.0,1.3020594965675056,0.11811136403179141,747,,,,,,,,0.5,,,PASS
823414,2026-09-08 22:40:00+00:00,HOU,PHI,PHI,HOU,1,607208,Trea Turner,confirmed,2.0,4.65,669713,0.03690036900369004,0.06273062730627306,0.04941860465116279,0.18081180811808117,0.22878228782287824,0.19557195571955718,0.07011070110701106,0.30881184916666665,96.42683333333333,0.0,0.05970149253731343,0.0449438202247191,0.1791044776119403,0.1791044776119403,0.1791044776119403,0.05970149253731343,0.25745519999999994,93.99133333333334,R,0.012658227848101266,0.04430379746835443,0.189873417721519,0.47058823529411764,0.2088607594936709,0.08860759493670886,0.2973295582884748,101.11,17.0,R,0.0,0.0,0.0,0.03,0.06,0.0,1,Citizens Bank Park,78.8,50.0,4.8,0.0,0.0,0.9432130340058728,0.1180758738372811,747,,,,,,,,0.5,,,PASS
824714,2026-09-08 22:45:00+00:00,LAA,BOS,BOS,LAA,1,596115,Trevor Story,confirmed,4.0,4.45,672282,0.014354066985645933,0.028708133971291867,0.02158273381294964,0.15311004784688995,0.20574162679425836,0.31100478468899523,0.03827751196172249,0.24580063843537414,95.27020408163267,0.016666666666666666,0.05,0.03614457831325301,0.11666666666666667,0.2,0.3333333333333333,0.016666666666666666,0.23070411666666668,92.60933333333332,R,0.03216374269005848,0.05263157894736842,0.17543859649122806,0.5033112582781457,0.27485380116959063,0.05847953216374269,0.2923187646386136,101.89466666666665,17.6,L,0.0,0.0,0.0,0.03,0.06,0.0,0,Fenway Park,69.6,67.0,2.0,0.0,0.0,1.1739633655394526,0.11755519765658415,751,,,,,,,,0.5,,,PASS
823901,2026-09-09 02:10:00+00:00,CIN,LAD,LAD,CIN,1,669242,Tommy Edman,confirmed,1.0,4.75,666157,0.01953125,0.03515625,0.027607361963190184,0.1484375,0.19921875,0.20703125,0.05859375,0.3109816408333333,95.41830508474577,0.028985507246376812,0.028985507246376812,0.025974025974025976,0.2028985507246377,0.18840579710144928,0.18840579710144928,0.057971014492753624,0.3163028277777778,95.36500000000001,L,0.038011695906432746,0.05847953216374269,0.2134502923976608,0.525,0.1783625730994152,0.09064327485380116,0.36699620417007617,101.89800000000001,14.933333333333334,L,0.0,0.0,0.0,0.03,0.06,0.0,1,UNIQLO Field at Dodger Stadium,72.0,55.0,7.0,0.0,0.0,0.995939228453406,0.116760168341007,756,,,,,,,,0.5,,,PASS
824714,2026-09-08 22:45:00+00:00,LAA,BOS,LAA,BOS,0,694208,Moisés Ballesteros,confirmed,5.0,4.3,663776,0.021645021645021644,0.05194805194805195,0.037267080745341616,0.15584415584415584,0.23809523809523808,0.23809523809523808,0.08225108225108226,0.27267926750000004,95.31216666666667,0.03125,0.078125,0.052083333333333336,0.1875,0.28125,0.28125,0.03125,0.26627528333333333,95.56733333333334,L,0.02643171806167401,0.048458149779735685,0.14977973568281938,0.5357142857142857,0.22026431718061673,0.11013215859030837,0.34722485531300806,99.808,14.4,L,0.0,0.0,0.0,0.03,0.06,0.0,1,Fenway Park,69.6,67.0,2.0,0.0,0.0,1.1739633655394526,0.11629413330179163,760,,,,,,,,0.5,,,PASS
824551,2026-09-08 23:40:00+00:00,PIT,CWS,CWS,PIT,1,691019,Kyle Teel,confirmed,9.0,3.7,696149,0.04054054054054054,0.06756756756756757,0.05555555555555555,0.21621621621621623,0.2702702702702703,0.35135135135135137,0.08108108108108109,0.2819215111111111,95.22444444444446,0.03389830508474576,0.06779661016949153,0.05405405405405406,0.2542372881355932,0.23728813559322035,0.3728813559322034,0.06779661016949153,0.2625563755555555,94.85866666666669,L,0.01488095238095238,0.023809523809523808,0.1636904761904762,0.5010799136069114,0.18452380952380953,0.09821428571428571,0.2999126360662237,100.19733333333332,15.533333333333333,R,0.0,0.0,0.0,0.03,0.06,0.0,0,Rate Field,78.8,43.0,6.7,0.0,0.0,1.3020594965675056,0.11610233042367146,761,,,,,,,,0.5,,,PASS
823738,2026-09-08 23:40:00+00:00,CHC,MIL,MIL,CHC,1,661388,William Contreras,confirmed,4.0,4.45,656849,0.026119402985074626,0.06343283582089553,0.048295454545454544,0.2126865671641791,0.2462686567164179,0.16044776119402984,0.09701492537313433,0.3196178691666667,97.72249999999998,0.029411764705882353,0.058823529411764705,0.041237113402061855,0.23529411764705882,0.2647058823529412,0.19117647058823528,0.07352941176470588,0.31690579444444444,98.17266666666666,R,0.02616279069767442,0.040697674418604654,0.15988372093023256,0.4113636363636364,0.19186046511627908,0.10465116279069768,0.34422381115004236,100.32866666666668,14.933333333333334,L,5.0,0.0,0.0,0.026666666666666665,0.05333333333333333,0.1111111111111111,0,American Family Field,74.9,65.0,4.2,0.0,0.5,0.9162640901771336,0.11599114787737967,762,,,,,,,,0.5,,,PASS
824063,2026-09-08 23:40:00+00:00,ARI,KC,ARI,KC,0,672515,Gabriel Moreno,confirmed,3.0,4.55,608379,0.02247191011235955,0.052434456928838954,0.035623409669211195,0.17228464419475656,0.30337078651685395,0.1348314606741573,0.11235955056179775,0.3636417991666667,96.13600000000001,0.03076923076923077,0.09230769230769231,0.06741573033707865,0.16923076923076924,0.24615384615384617,0.12307692307692308,0.1076923076923077,0.3354381,96.51066666666665,R,0.03896103896103896,0.05194805194805195,0.2051948051948052,0.5575868372943327,0.1974025974025974,0.046753246753246755,0.29404445695313997,99.66999999999999,18.866666666666667,R,0.0,0.0,0.0,0.03,0.06,0.0,1,Kauffman Stadium,97.3,30.0,8.1,0.0,0.0,1.0537037037037036,0.11592665979608245,763,,,,,,,,0.5,,,PASS
824228,2026-09-08 22:40:00+00:00,MIN,DET,DET,MIN,1,805808,Kevin McGonigle,confirmed,1.0,4.75,665152,0.03225806451612903,0.043010752688172046,0.032171581769437,0.21505376344086022,0.2831541218637993,0.13978494623655913,0.12544802867383512,0.3290719617857143,95.92699999999999,0.030303030303030304,0.07575757575757576,0.05263157894736842,0.22727272727272727,0.30303030303030304,0.10606060606060606,0.10606060606060606,0.36006024825396826,96.03066666666668,L,0.05338078291814947,0.060498220640569395,0.22419928825622776,0.5285714285714286,0.23487544483985764,0.08540925266903915,0.3296962451310783,101.03846153846156,15.153846153846153,R,6.0,0.0,0.0,0.02608695652173913,0.05217391304347826,0.13043478260869565,0,Comerica Park,77.9,60.0,5.8,0.0,0.0,0.7940955448201825,0.11499736758747782,770,,,,,,,,0.5,,,PASS
824228,2026-09-08 22:40:00+00:00,MIN,DET,MIN,DET,0,680777,Ryan Jeffers,confirmed,4.0,4.45,623454,0.04597701149425287,0.08045977011494253,0.05898876404494382,0.19540229885057472,0.28735632183908044,0.15708812260536398,0.1111111111111111,0.3560797761111111,98.43083333333333,0.06153846153846154,0.12307692307692308,0.0975609756097561,0.2,0.3076923076923077,0.16923076923076924,0.07692307692307693,0.3907185166666666,98.61666666666666,R,0.027210884353741496,0.04081632653061224,0.1360544217687075,0.47282608695652173,0.23809523809523808,0.11564625850340136,0.3092441582004597,99.42875,13.0,R,3.0,0.0,0.0,0.027906976744186046,0.05581395348837209,0.06976744186046512,1,Comerica Park,77.9,60.0,5.8,0.0,0.0,0.7940955448201825,0.11492824758560226,770,,,,,,,,0.5,,,PASS
824228,2026-09-08 22:40:00+00:00,MIN,DET,MIN,DET,0,686797,Brooks Lee,confirmed,2.0,4.65,623454,0.040160642570281124,0.028112449799196786,0.017721518987341773,0.24096385542168675,0.24096385542168675,0.1606425702811245,0.04819277108433735,0.2726503433333333,96.34216666666666,0.078125,0.078125,0.045871559633027525,0.359375,0.296875,0.125,0.015625,0.32274556444444447,98.92533333333333,L,0.027210884353741496,0.04081632653061224,0.1360544217687075,0.47282608695652173,0.23809523809523808,0.11564625850340136,0.3092441582004597,99.42875,13.0,R,6.0,0.0,0.0,0.02608695652173913,0.05217391304347826,0.13043478260869565,0,Comerica Park,77.9,60.0,5.8,0.0,0.0,0.7940955448201825,0.11387639516361146,778,,,,,,,,0.5,,,PASS
824875,2026-09-08 23:15:00+00:00,TB,ATL,TB,ATL,0,683748,Victor Mesa Jr.,confirmed,7.0,4.0,700363,0.05263157894736842,0.07894736842105263,0.05905511811023622,0.22631578947368422,0.26842105263157895,0.20526315789473684,0.07894736842105263,0.306901016,94.9918,0.03389830508474576,0.1016949152542373,0.08450704225352113,0.23728813559322035,0.22033898305084745,0.11864406779661017,0.01694915254237288,0.3211809911111111,95.388,L,0.023529411764705882,0.047058823529411764,0.18823529411764706,0.4690265486725664,0.17647058823529413,0.12941176470588237,0.316587210921325,103.1025,13.0,R,0.0,0.0,0.0,0.03,0.06,0.0,0,Truist Park,86.1,44.0,7.2,0.0,0.0,1.0995169082125604,0.11350388606810441,781,,,,,,,,0.5,,,PASS
823414,2026-09-08 22:40:00+00:00,HOU,PHI,PHI,HOU,1,547180,Bryce Harper,confirmed,3.0,4.55,669713,0.030303030303030304,0.04924242424242424,0.0391566265060241,0.1553030303030303,0.26136363636363635,0.23863636363636365,0.19318181818181818,0.3705633877777778,96.52749999999999,0.031746031746031744,0.07936507936507936,0.05952380952380952,0.25396825396825395,0.2857142857142857,0.25396825396825395,0.14285714285714285,0.4211137277777777,99.08200000000002,L,0.012658227848101266,0.04430379746835443,0.189873417721519,0.47058823529411764,0.2088607594936709,0.08860759493670886,0.2973295582884748,101.11,17.0,R,0.0,0.0,0.0,0.03,0.06,0.0,0,Citizens Bank Park,78.8,50.0,4.8,0.0,0.0,0.9432130340058728,0.11215299175314111,792,,,,,,,,0.5,,,PASS
824228,2026-09-08 22:40:00+00:00,MIN,DET,DET,MIN,1,690993,Colt Keith,confirmed,3.0,4.55,665152,0.04245283018867924,0.06132075471698113,0.04961832061068702,0.2028301886792453,0.27358490566037735,0.18867924528301888,0.08962264150943396,0.3569887858333333,95.68203389830506,0.019230769230769232,0.038461538461538464,0.03508771929824561,0.1346153846153846,0.1346153846153846,0.25,0.09615384615384616,0.3251247888888889,96.63071428571428,L,0.05338078291814947,0.060498220640569395,0.22419928825622776,0.5285714285714286,0.23487544483985764,0.08540925266903915,0.3296962451310783,101.03846153846156,15.153846153846153,R,5.0,0.0,0.0,0.026666666666666665,0.05333333333333333,0.1111111111111111,0,Comerica Park,77.9,60.0,5.8,0.0,0.0,0.7940955448201825,0.11204908486735633,792,,,,,,,,0.5,,,PASS
823250,2026-09-09 01:40:00+00:00,WSH,SD,SD,WSH,1,669134,Luis Campusano,confirmed,6.0,4.15,683000,0.03804347826086957,0.07065217391304347,0.05752212389380531,0.20108695652173914,0.20652173913043478,0.22826086956521738,0.13043478260869565,0.3360524071895425,94.08,0.05084745762711865,0.1016949152542373,0.0821917808219178,0.15254237288135594,0.2542372881355932,0.22033898305084745,0.13559322033898305,0.3374535233333333,92.318,R,,,,,,,,,,,0.0,0.0,0.0,0.03,0.06,0.0,0,Petco Park,85.2,48.0,10.5,0.0,0.0,0.9579124579124578,0.11137343113865225,798,,,,,,,,0.5,,,PASS
824551,2026-09-08 23:40:00+00:00,PIT,CWS,CWS,PIT,1,671976,Tristan Peters,confirmed,7.0,4.0,696149,0.04072398190045249,0.05429864253393665,0.042105263157894736,0.2579185520361991,0.2986425339366516,0.167420814479638,0.07239819004524888,0.3422533311111112,95.03766666666667,0.08928571428571429,0.08928571428571429,0.07575757575757576,0.35714285714285715,0.375,0.14285714285714285,0.08928571428571429,0.40794295777777784,97.11200000000001,L,0.01488095238095238,0.023809523809523808,0.1636904761904762,0.5010799136069114,0.18452380952380953,0.09821428571428571,0.2999126360662237,100.19733333333332,15.533333333333333,R,0.0,0.0,0.0,0.03,0.06,0.0,0,Rate Field,78.8,43.0,6.7,0.0,0.0,1.3020594965675056,0.11121163179378105,799,,,,,,,,0.5,,,PASS
824875,2026-09-08 23:15:00+00:00,TB,ATL,ATL,TB,1,573262,Mike Yastrzemski,confirmed,8.0,3.85,642547,0.025906735751295335,0.046632124352331605,0.03643724696356275,0.23834196891191708,0.22797927461139897,0.23834196891191708,0.11398963730569948,0.31970412722222213,96.69716666666665,0.0,0.0,0.0,0.14583333333333334,0.14583333333333334,0.2708333333333333,0.10416666666666667,0.30801420555555553,96.72800000000002,L,0.041916167664670656,0.04491017964071856,0.17065868263473055,0.5773420479302832,0.19760479041916168,0.0718562874251497,0.302661365560062,99.05799999999999,14.8,R,4.0,0.0,0.0,0.02727272727272727,0.05454545454545454,0.09090909090909091,0,Truist Park,86.1,44.0,7.2,0.0,0.0,1.0995169082125604,0.11120767532529342,799,,,,,,,,0.5,,,PASS
823821,2026-09-08 22:40:00+00:00,NYM,MIA,MIA,NYM,1,665923,Esteury Ruiz,confirmed,5.0,4.3,640455,0.03389830508474576,0.04519774011299435,0.039603960396039604,0.1864406779661017,0.23728813559322035,0.3333333333333333,0.1016949152542373,0.28833745576923075,90.37803921568627,0.019230769230769232,0.019230769230769232,0.01694915254237288,0.23076923076923078,0.23076923076923078,0.40384615384615385,0.07692307692307693,0.23916515333333335,92.06642857142857,R,0.0431266846361186,0.08355795148247978,0.20485175202156333,0.542910447761194,0.20754716981132076,0.0646900269541779,0.34615765021655853,101.914,16.8,L,1.0,0.0,0.0,0.029268292682926828,0.058536585365853655,0.024390243902439025,0,loanDepot park,83.0,82.0,4.3,0.0,0.5,0.814456969046341,0.1110677258179801,800,,,,,,,,0.5,,,PASS
823821,2026-09-08 22:40:00+00:00,NYM,MIA,MIA,NYM,1,672640,Otto Lopez,confirmed,2.0,4.65,640455,0.01486988847583643,0.040892193308550186,0.03283582089552239,0.15985130111524162,0.1895910780669145,0.11524163568773234,0.05947955390334572,0.29660114083333333,96.74783333333335,0.015151515151515152,0.045454545454545456,0.04,0.15151515151515152,0.21212121212121213,0.15151515151515152,0.06060606060606061,0.3129827333333334,98.00933333333334,R,0.0431266846361186,0.08355795148247978,0.20485175202156333,0.542910447761194,0.20754716981132076,0.0646900269541779,0.34615765021655853,101.914,16.8,L,0.0,0.0,0.0,0.03,0.06,0.0,0,loanDepot park,83.0,82.0,4.3,0.0,0.5,0.814456969046341,0.11029531578696386,807,,,,,,,,0.5,,,PASS
824063,2026-09-08 23:40:00+00:00,ARI,KC,ARI,KC,0,694371,Tommy Troy,confirmed,6.0,4.15,608379,0.028985507246376812,0.06521739130434782,0.05325443786982249,0.16666666666666666,0.21739130434782608,0.2318840579710145,0.09420289855072464,0.30380537631578947,93.51736842105262,0.018867924528301886,0.03773584905660377,0.02631578947368421,0.1509433962264151,0.22641509433962265,0.2830188679245283,0.07547169811320754,0.26170775999999996,90.64066666666666,R,0.03896103896103896,0.05194805194805195,0.2051948051948052,0.5575868372943327,0.1974025974025974,0.046753246753246755,0.29404445695313997,99.66999999999999,18.866666666666667,R,0.0,0.0,0.0,0.03,0.06,0.0,1,Kauffman Stadium,97.3,30.0,8.1,0.0,0.0,1.0537037037037036,0.10967504203770487,812,,,,,,,,0.5,,,PASS
824063,2026-09-08 23:40:00+00:00,ARI,KC,KC,ARI,1,686681,Michael Massey,confirmed,5.0,4.3,669203,0.017167381974248927,0.034334763948497854,0.0243161094224924,0.21888412017167383,0.2918454935622318,0.15021459227467812,0.060085836909871244,0.31853083055555564,96.4785,0.03508771929824561,0.05263157894736842,0.036585365853658534,0.24561403508771928,0.3333333333333333,0.10526315789473684,0.07017543859649122,0.3730810055555556,97.96266666666665,L,,,,,,,,,,,0.0,0.0,0.0,0.03,0.06,0.0,0,Kauffman Stadium,97.3,30.0,8.1,0.0,0.0,1.0537037037037036,0.10912789758883432,816,,,,,,,,0.5,,,PASS
823901,2026-09-09 02:10:00+00:00,CIN,LAD,CIN,LAD,0,668709,JJ Bleday,confirmed,6.0,4.15,669373,0.03571428571428571,0.05952380952380952,0.04716981132075472,0.21825396825396826,0.1984126984126984,0.23412698412698413,0.1349206349206349,0.3194407438888888,96.41033333333333,0.03125,0.09375,0.075,0.21875,0.203125,0.1875,0.109375,0.3398469866666666,97.58666666666667,L,0.028089887640449437,0.05056179775280899,0.15168539325842698,0.5472103004291845,0.3202247191011236,0.0449438202247191,0.2589464919338686,98.38799999999998,17.666666666666668,L,0.0,0.0,0.0,0.03,0.06,0.0,1,UNIQLO Field at Dodger Stadium,72.0,55.0,7.0,0.0,0.0,0.995939228453406,0.1089464363941126,818,,,,,,,,0.5,,,PASS
824228,2026-09-08 22:40:00+00:00,MIN,DET,DET,MIN,1,814430,Brett Callahan,confirmed,6.0,4.15,665152,0.029411764705882353,0.029411764705882353,0.023255813953488372,0.23529411764705882,0.2647058823529412,0.38235294117647056,0.029411764705882353,0.26633542424242423,91.52545454545454,0.029411764705882353,0.029411764705882353,0.023255813953488372,0.23529411764705882,0.2647058823529412,0.38235294117647056,0.029411764705882353,0.26633542424242423,91.52545454545454,L,0.05338078291814947,0.060498220640569395,0.22419928825622776,0.5285714285714286,0.23487544483985764,0.08540925266903915,0.3296962451310783,101.03846153846156,15.153846153846153,R,2.0,0.0,0.0,0.02857142857142857,0.05714285714285714,0.047619047619047616,0,Comerica Park,77.9,60.0,5.8,0.0,0.0,0.7940955448201825,0.10783147322855789,827,,,,,,,,0.5,,,PASS
824228,2026-09-08 22:40:00+00:00,MIN,DET,DET,MIN,1,680664,Eduardo Valencia,confirmed,5.0,4.3,665152,0.06578947368421052,0.09210526315789473,0.07142857142857142,0.23684210526315788,0.34210526315789475,0.2894736842105263,0.013157894736842105,0.2742158596491228,94.6263157894737,0.03278688524590164,0.08196721311475409,0.06666666666666667,0.22950819672131148,0.3114754098360656,0.29508196721311475,0.01639344262295082,0.2534700888888889,94.32666666666664,R,0.05338078291814947,0.060498220640569395,0.22419928825622776,0.5285714285714286,0.23487544483985764,0.08540925266903915,0.3296962451310783,101.03846153846156,15.153846153846153,R,4.0,1.0,2.0,0.05,0.1,0.09090909090909091,1,Comerica Park,77.9,60.0,5.8,0.0,0.0,0.7940955448201825,0.10680414077044424,836,,,,,,,,0.5,,,PASS
824714,2026-09-08 22:45:00+00:00,LAA,BOS,LAA,BOS,0,695681,Christian Moore,confirmed,6.0,4.15,663776,0.012195121951219513,0.04878048780487805,0.037383177570093455,0.17073170731707318,0.34146341463414637,0.3048780487804878,0.06097560975609756,0.24668549416666666,93.46,0.01639344262295082,0.04918032786885246,0.0379746835443038,0.16393442622950818,0.3442622950819672,0.2459016393442623,0.06557377049180328,0.2540260322222222,93.29666666666667,R,0.02643171806167401,0.048458149779735685,0.14977973568281938,0.5357142857142857,0.22026431718061673,0.11013215859030837,0.34722485531300806,99.808,14.4,L,0.0,0.0,0.0,0.03,0.06,0.0,0,Fenway Park,69.6,67.0,2.0,0.0,0.0,1.1739633655394526,0.10555337061749617,847,,,,,,,,0.5,,,PASS
824875,2026-09-08 23:15:00+00:00,TB,ATL,ATL,TB,1,645277,Ozzie Albies,confirmed,6.0,4.15,642547,0.03515625,0.03125,0.018561484918793503,0.19140625,0.328125,0.1875,0.06640625,0.2612931530555555,94.61033333333334,0.015625,0.015625,0.008547008547008548,0.203125,0.3125,0.171875,0.046875,0.2692181144444445,96.62666666666668,R,0.041916167664670656,0.04491017964071856,0.17065868263473055,0.5773420479302832,0.19760479041916168,0.0718562874251497,0.302661365560062,99.05799999999999,14.8,R,5.0,0.0,0.0,0.026666666666666665,0.05333333333333333,0.1111111111111111,1,Truist Park,86.1,44.0,7.2,0.0,0.0,1.0995169082125604,0.10407864021656503,861,,,,,,,,0.5,,,PASS
823414,2026-09-08 22:40:00+00:00,HOU,PHI,PHI,HOU,1,664761,Alec Bohm,confirmed,5.0,4.3,669713,0.023346303501945526,0.0622568093385214,0.04371584699453552,0.19844357976653695,0.30739299610894943,0.1517509727626459,0.07392996108949416,0.35639487194444447,97.70533333333333,0.016129032258064516,0.06451612903225806,0.047058823529411764,0.1774193548387097,0.3064516129032258,0.1935483870967742,0.11290322580645161,0.34541060777777777,97.38200000000002,R,0.012658227848101266,0.04430379746835443,0.189873417721519,0.47058823529411764,0.2088607594936709,0.08860759493670886,0.2973295582884748,101.11,17.0,R,0.0,0.0,0.0,0.03,0.06,0.0,1,Citizens Bank Park,78.8,50.0,4.8,0.0,0.0,0.9432130340058728,0.10258029079513457,875,,,,,,,,0.5,,,PASS
823901,2026-09-09 02:10:00+00:00,CIN,LAD,LAD,CIN,1,518692,Freddie Freeman,confirmed,4.0,4.45,666157,0.01195219123505976,0.027888446215139442,0.018421052631578946,0.20717131474103587,0.2868525896414343,0.16334661354581673,0.09163346613545817,0.3540073058333333,95.77483333333333,0.015625,0.015625,0.011235955056179775,0.203125,0.28125,0.1875,0.15625,0.3417216788888889,94.99533333333333,L,0.038011695906432746,0.05847953216374269,0.2134502923976608,0.525,0.1783625730994152,0.09064327485380116,0.36699620417007617,101.89800000000001,14.933333333333334,L,0.0,0.0,0.0,0.03,0.06,0.0,1,UNIQLO Field at Dodger Stadium,72.0,55.0,7.0,0.0,0.0,0.995939228453406,0.10193461319295931,881,,,,,,,,0.5,,,PASS
823092,2026-09-09 01:40:00+00:00,TEX,SEA,SEA,TEX,1,703155,Lazaro Montes,confirmed,8.0,3.85,615698,0.08333333333333333,0.08333333333333333,0.07692307692307693,0.16666666666666666,0.25,0.3333333333333333,0.08333333333333333,0.29537260000000004,94.20666666666666,0.08333333333333333,0.08333333333333333,0.07692307692307693,0.16666666666666666,0.25,0.3333333333333333,0.08333333333333333,0.29537260000000004,94.20666666666666,L,0.03187250996015936,0.05179282868525897,0.11553784860557768,0.543859649122807,0.21115537848605578,0.043824701195219126,0.2774684361500919,99.49166666666666,15.75,R,0.0,0.0,0.0,0.03,0.06,0.0,0,T-Mobile Park,65.4,67.0,5.4,0.0,0.5,1.3743961352657004,0.10163179271894887,884,,,,,,,,0.5,,,PASS
823174,2026-09-09 01:45:00+00:00,STL,SF,SF,STL,1,694376,Shay Whitcomb,confirmed,7.0,4.0,687273,0.05357142857142857,0.10714285714285714,0.08955223880597014,0.17857142857142858,0.17857142857142858,0.2857142857142857,0.03571428571428571,0.27519724444444443,94.76071428571429,0.05357142857142857,0.10714285714285714,0.08955223880597014,0.17857142857142858,0.17857142857142858,0.2857142857142857,0.03571428571428571,0.27519724444444443,94.76071428571429,R,0.008928571428571428,0.008928571428571428,0.16071428571428573,0.5033112582781457,0.21428571428571427,0.10714285714285714,0.2811590786445013,101.676,14.8,L,0.0,0.0,0.0,0.03,0.06,0.0,0,Oracle Park,67.8,73.0,13.3,0.0,0.0,0.7957030256801424,0.10145309695923156,886,,,,,,,,0.5,,,PASS
823414,2026-09-08 22:40:00+00:00,HOU,PHI,HOU,PHI,0,666211,Taylor Trammell,confirmed,8.0,3.85,691725,0.03286384976525822,0.07511737089201878,0.06808510638297872,0.16901408450704225,0.24413145539906103,0.27699530516431925,0.09389671361502347,0.3024563841666667,95.13762711864406,0.0,0.057692307692307696,0.04918032786885246,0.15384615384615385,0.25,0.34615384615384615,0.07692307692307693,0.17106537222222223,93.68714285714286,L,0.043076923076923075,0.055384615384615386,0.15692307692307692,0.49764150943396224,0.20615384615384616,0.08615384615384615,0.3267754743645899,99.67933333333333,15.066666666666666,R,0.0,0.0,0.0,0.03,0.06,0.0,0,Citizens Bank Park,78.8,50.0,4.8,0.0,0.0,0.9432130340058728,0.10142118923604228,886,,,,,,,,0.5,,,PASS
823250,2026-09-09 01:40:00+00:00,WSH,SD,SD,WSH,1,630105,Jake Cronenworth,confirmed,2.0,4.65,683000,0.01606425702811245,0.012048192771084338,0.008571428571428572,0.15261044176706828,0.23694779116465864,0.24096385542168675,0.07630522088353414,0.25396085138888885,93.38283333333334,0.016129032258064516,0.0,0.0,0.14516129032258066,0.20967741935483872,0.2903225806451613,0.0967741935483871,0.21979695555555556,90.584,L,,,,,,,,,,,0.0,0.0,0.0,0.03,0.06,0.0,0,Petco Park,85.2,48.0,10.5,0.0,0.0,0.9579124579124578,0.10140271025453504,886,,,,,,,,0.5,,,PASS
823500,2026-09-08 23:05:00+00:00,COL,NYY,NYY,COL,1,669224,Austin Wells,confirmed,9.0,3.7,687312,0.02564102564102564,0.041025641025641026,0.03389830508474576,0.2358974358974359,0.22564102564102564,0.28717948717948716,0.08205128205128205,0.26682000111111115,95.04383333333334,0.0,0.018867924528301886,0.015151515151515152,0.2641509433962264,0.18867924528301888,0.3584905660377358,0.11320754716981132,0.23386200555555553,96.63666666666667,L,0.022727272727272728,0.03636363636363636,0.1409090909090909,0.5066666666666667,0.18636363636363637,0.09090909090909091,0.2928965122693973,98.644,14.5,R,0.0,0.0,0.0,0.03,0.06,0.0,0,Yankee Stadium,78.0,41.0,2.3,0.0,0.0,1.1814984320705144,0.10132635017692931,887,,,,,,,,0.5,,,PASS
823821,2026-09-08 22:40:00+00:00,NYM,MIA,NYM,MIA,0,666182,Bo Bichette,confirmed,3.0,4.55,645261,0.023076923076923078,0.04230769230769231,0.02743142144638404,0.15384615384615385,0.39615384615384613,0.18846153846153846,0.07307692307692308,0.31019983138888896,94.9285,0.06349206349206349,0.07936507936507936,0.04950495049504951,0.25396825396825395,0.47619047619047616,0.1746031746031746,0.07936507936507936,0.35011453777777773,96.63066666666667,R,0.01728395061728395,0.027160493827160494,0.13580246913580246,0.5530035335689046,0.17530864197530865,0.0691358024691358,0.2799739363632436,99.85733333333334,19.466666666666665,R,3.0,0.0,0.0,0.027906976744186046,0.05581395348837209,0.06976744186046512,1,loanDepot park,83.0,82.0,4.3,0.0,0.5,0.814456969046341,0.10101986120240163,890,,,,,,,,0.5,,,PASS
823821,2026-09-08 22:40:00+00:00,NYM,MIA,NYM,MIA,0,682626,Francisco Alvarez,confirmed,9.0,3.7,645261,0.046218487394957986,0.08403361344537816,0.07751937984496124,0.20168067226890757,0.24369747899159663,0.3487394957983193,0.1092436974789916,0.3189694161111111,95.83033898305085,0.03389830508474576,0.05084745762711865,0.04477611940298507,0.15254237288135594,0.2542372881355932,0.4576271186440678,0.06779661016949153,0.23630128666666664,94.54333333333332,R,0.01728395061728395,0.027160493827160494,0.13580246913580246,0.5530035335689046,0.17530864197530865,0.0691358024691358,0.2799739363632436,99.85733333333334,19.466666666666665,R,2.0,0.0,1.0,0.02857142857142857,0.08095238095238096,0.047619047619047616,1,loanDepot park,83.0,82.0,4.3,0.0,0.5,0.814456969046341,0.10065162082674121,894,,,,,,,,0.5,,,PASS
823500,2026-09-08 23:05:00+00:00,COL,NYY,COL,NYY,0,694249,Cole Carrigg,confirmed,2.0,4.65,693645,0.018796992481203006,0.03383458646616541,0.025069637883008356,0.17293233082706766,0.2781954887218045,0.21052631578947367,0.09398496240601503,0.3240003205555556,94.56816666666667,0.029411764705882353,0.058823529411764705,0.038834951456310676,0.20588235294117646,0.29411764705882354,0.27941176470588236,0.04411764705882353,0.28170779888888886,95.62333333333335,L,0.030555555555555555,0.05,0.14166666666666666,0.5684210526315789,0.33611111111111114,0.07777777777777778,0.2805684873514499,97.82933333333332,17.933333333333334,R,0.0,0.0,0.0,0.03,0.06,0.0,0,Yankee Stadium,78.0,41.0,2.3,0.0,0.0,1.1814984320705144,0.1003997074720007,896,,,,,,,,0.5,,,PASS
824714,2026-09-08 22:45:00+00:00,LAA,BOS,LAA,BOS,0,687093,Vaughn Grissom,confirmed,4.0,4.45,663776,0.027888446215139442,0.055776892430278883,0.04093567251461988,0.13147410358565736,0.26294820717131473,0.2350597609561753,0.043824701195219126,0.29261789194444443,94.56049999999999,0.046875,0.09375,0.06451612903225806,0.171875,0.3125,0.1875,0.03125,0.318795,94.02533333333332,R,0.02643171806167401,0.048458149779735685,0.14977973568281938,0.5357142857142857,0.22026431718061673,0.11013215859030837,0.34722485531300806,99.808,14.4,L,0.0,0.0,0.0,0.03,0.06,0.0,0,Fenway Park,69.6,67.0,2.0,0.0,0.0,1.1739633655394526,0.10006268858116092,899,,,,,,,,0.5,,,PASS
823414,2026-09-08 22:40:00+00:00,HOU,PHI,HOU,PHI,0,701358,Cam Smith,confirmed,9.0,3.7,691725,0.04700854700854701,0.0641025641025641,0.04335260115606936,0.23931623931623933,0.26495726495726496,0.2264957264957265,0.042735042735042736,0.29612508916666674,98.40525423728812,0.019230769230769232,0.038461538461538464,0.02564102564102564,0.23076923076923078,0.36538461538461536,0.3076923076923077,0.038461538461538464,0.2300836888888889,94.7157142857143,R,0.043076923076923075,0.055384615384615386,0.15692307692307692,0.49764150943396224,0.20615384615384616,0.08615384615384615,0.3267754743645899,99.67933333333333,15.066666666666666,R,0.0,0.0,0.0,0.03,0.06,0.0,1,Citizens Bank Park,78.8,50.0,4.8,0.0,0.0,0.9432130340058728,0.0998182176100424,902,,,,,,,,0.5,,,PASS
824551,2026-09-08 23:40:00+00:00,PIT,CWS,PIT,CWS,0,687462,Spencer Horwitz,confirmed,6.0,4.15,680732,0.026022304832713755,0.055762081784386616,0.04087193460490463,0.16356877323420074,0.20817843866171004,0.17472118959107807,0.10037174721189591,0.30272141999999996,95.03866666666666,0.0,0.0,0.0,0.11764705882352941,0.17647058823529413,0.25,0.07352941176470588,0.23187548333333335,94.33866666666667,L,0.029154518950437316,0.04664723032069971,0.1749271137026239,0.5665236051502146,0.2857142857142857,0.09329446064139942,0.2849190562272135,100.33999999999997,16.4,R,0.0,0.0,0.0,0.03,0.06,0.0,0,Rate Field,78.8,43.0,6.7,0.0,0.0,1.3020594965675056,0.09964144060499557,904,,,,,,,,0.5,,,PASS
824228,2026-09-08 22:40:00+00:00,MIN,DET,DET,MIN,1,650402,Gleyber Torres,confirmed,2.0,4.65,665152,0.02631578947368421,0.045112781954887216,0.03409090909090909,0.14661654135338345,0.2518796992481203,0.20300751879699247,0.11654135338345864,0.31474099055555554,93.45533333333333,0.0,0.03125,0.02127659574468085,0.125,0.1875,0.234375,0.0625,0.27739735,94.94933333333331,R,0.05338078291814947,0.060498220640569395,0.22419928825622776,0.5285714285714286,0.23487544483985764,0.08540925266903915,0.3296962451310783,101.03846153846156,15.153846153846153,R,3.0,1.0,0.0,0.051162790697674425,0.05581395348837209,0.06976744186046512,1,Comerica Park,77.9,60.0,5.8,0.0,0.0,0.7940955448201825,0.09962278120197327,904,,,,,,,,0.5,,,PASS
824957,2026-09-09 01:40:00+00:00,TOR,ATH,ATH,TOR,1,671732,Lawrence Butler,confirmed,4.0,4.45,667755,0.036885245901639344,0.05327868852459016,0.03869047619047619,0.13934426229508196,0.2581967213114754,0.26639344262295084,0.12704918032786885,0.3198623188888889,95.73816666666667,0.03076923076923077,0.046153846153846156,0.03488372093023256,0.1076923076923077,0.23076923076923078,0.36923076923076925,0.13846153846153847,0.3446457522222222,97.498,L,0.020588235294117647,0.04411764705882353,0.12058823529411765,0.35362997658079626,0.19411764705882353,0.09411764705882353,0.3314063922752612,101.46933333333335,15.6,R,4.0,1.0,1.0,0.05,0.07727272727272727,0.09090909090909091,0,Sutter Health Park,87.9,22.0,4.8,0.0,0.0,1.3020594965675056,0.09929299884392224,907,,,,,,,,0.5,,,PASS
824714,2026-09-08 22:45:00+00:00,LAA,BOS,BOS,LAA,1,686765,Nick Sogard,confirmed,5.0,4.3,672282,0.018867924528301886,0.0330188679245283,0.028,0.16981132075471697,0.21226415094339623,0.18396226415094338,0.1320754716981132,0.3041136581845238,93.88125000000001,0.046875,0.046875,0.0410958904109589,0.203125,0.21875,0.21875,0.078125,0.29671636444444444,93.65133333333333,L,0.03216374269005848,0.05263157894736842,0.17543859649122806,0.5033112582781457,0.27485380116959063,0.05847953216374269,0.2923187646386136,101.89466666666665,17.6,L,0.0,0.0,0.0,0.03,0.06,0.0,1,Fenway Park,69.6,67.0,2.0,0.0,0.0,1.1739633655394526,0.09892688507584572,911,,,,,,,,0.5,,,PASS
823500,2026-09-08 23:05:00+00:00,COL,NYY,NYY,COL,1,641355,Cody Bellinger,confirmed,2.0,4.65,687312,0.015625,0.02734375,0.02023121387283237,0.13671875,0.22265625,0.1875,0.0859375,0.3079141355555556,95.31983333333332,0.015151515151515152,0.030303030303030304,0.019801980198019802,0.12121212121212122,0.21212121212121213,0.15151515151515152,0.030303030303030304,0.27394159999999995,94.798,L,0.022727272727272728,0.03636363636363636,0.1409090909090909,0.5066666666666667,0.18636363636363637,0.09090909090909091,0.2928965122693973,98.644,14.5,R,0.0,0.0,0.0,0.03,0.06,0.0,0,Yankee Stadium,78.0,41.0,2.3,0.0,0.0,1.1814984320705144,0.09847604594215925,915,,,,,,,,0.5,,,PASS
823414,2026-09-08 22:40:00+00:00,HOU,PHI,HOU,PHI,0,662139,Daulton Varsho,confirmed,5.0,4.3,691725,0.016666666666666666,0.04583333333333333,0.03170028818443804,0.1875,0.2791666666666667,0.2,0.06666666666666667,0.2671162497222222,95.11899999999999,0.03225806451612903,0.08064516129032258,0.06097560975609756,0.16129032258064516,0.22580645161290322,0.20967741935483872,0.06451612903225806,0.31044569888888884,93.142,L,0.043076923076923075,0.055384615384615386,0.15692307692307692,0.49764150943396224,0.20615384615384616,0.08615384615384615,0.3267754743645899,99.67933333333333,15.066666666666666,R,0.0,0.0,0.0,0.03,0.06,0.0,0,Citizens Bank Park,78.8,50.0,4.8,0.0,0.0,0.9432130340058728,0.09838560459748281,916,,,,,,,,0.5,,,PASS
824228,2026-09-08 22:40:00+00:00,MIN,DET,MIN,DET,0,668904,Royce Lewis,confirmed,6.0,4.15,623454,0.027888446215139442,0.06374501992031872,0.0486322188449848,0.20318725099601595,0.21912350597609562,0.22310756972111553,0.07171314741035857,0.3094270786111112,97.99283333333334,0.01639344262295082,0.06557377049180328,0.0449438202247191,0.18032786885245902,0.29508196721311475,0.18032786885245902,0.04918032786885246,0.27544506999999996,96.52466666666666,R,0.027210884353741496,0.04081632653061224,0.1360544217687075,0.47282608695652173,0.23809523809523808,0.11564625850340136,0.3092441582004597,99.42875,13.0,R,4.0,0.0,0.0,0.02727272727272727,0.05454545454545454,0.09090909090909091,1,Comerica Park,77.9,60.0,5.8,0.0,0.0,0.7940955448201825,0.09828362025410782,917,,,,,,,,0.5,,,PASS
823821,2026-09-08 22:40:00+00:00,NYM,MIA,NYM,MIA,0,683146,Brett Baty,confirmed,8.0,3.85,645261,0.023696682464454975,0.07582938388625593,0.058823529411764705,0.21800947867298578,0.21800947867298578,0.26540284360189575,0.0947867298578199,0.31956783027777785,96.39864406779662,0.020833333333333332,0.125,0.10909090909090909,0.2916666666666667,0.25,0.22916666666666666,0.14583333333333334,0.3647056588888889,97.54357142857144,L,0.01728395061728395,0.027160493827160494,0.13580246913580246,0.5530035335689046,0.17530864197530865,0.0691358024691358,0.2799739363632436,99.85733333333334,19.466666666666665,R,0.0,0.0,0.0,0.03,0.06,0.0,0,loanDepot park,83.0,82.0,4.3,0.0,0.5,0.814456969046341,0.09801700153225733,920,,,,,,,,0.5,,,PASS
824228,2026-09-08 22:40:00+00:00,MIN,DET,MIN,DET,0,605137,Josh Bell,confirmed,5.0,4.3,623454,0.03501945525291829,0.06614785992217899,0.046831955922865015,0.19844357976653695,0.26459143968871596,0.17509727626459143,0.08949416342412451,0.3414887586111111,98.36949999999999,0.015625,0.046875,0.034482758620689655,0.140625,0.28125,0.15625,0.078125,0.3372412811111111,96.98266666666667,L,0.027210884353741496,0.04081632653061224,0.1360544217687075,0.47282608695652173,0.23809523809523808,0.11564625850340136,0.3092441582004597,99.42875,13.0,R,4.0,0.0,0.0,0.02727272727272727,0.05454545454545454,0.09090909090909091,0,Comerica Park,77.9,60.0,5.8,0.0,0.0,0.7940955448201825,0.09791795989098834,921,,,,,,,,0.5,,,PASS
823738,2026-09-08 23:40:00+00:00,CHC,MIL,CHC,MIL,0,683737,Michael Busch,confirmed,4.0,4.45,694819,0.03296703296703297,0.04395604395604396,0.03498542274052478,0.17582417582417584,0.2454212454212454,0.24175824175824176,0.08058608058608059,0.2873061519444445,94.942,0.04411764705882353,0.058823529411764705,0.05405405405405406,0.19117647058823528,0.17647058823529413,0.29411764705882354,0.1323529411764706,0.2854810288888888,95.80066666666666,L,0.028985507246376812,0.02608695652173913,0.12753623188405797,0.5419664268585132,0.3681159420289855,0.057971014492753624,0.21459944590483784,98.54599999999999,18.133333333333333,R,8.0,0.0,0.0,0.024999999999999998,0.049999999999999996,0.16666666666666666,0,American Family Field,74.9,65.0,4.2,0.0,0.5,0.9162640901771336,0.09648794691731243,936,,,,,,,,0.5,,,PASS
824875,2026-09-08 23:15:00+00:00,TB,ATL,ATL,TB,1,669221,Sean Murphy,confirmed,9.0,3.7,642547,0.04054054054054054,0.04054054054054054,0.036585365853658534,0.10810810810810811,0.16216216216216217,0.35135135135135137,0.08108108108108109,0.25638041583333326,95.297,0.05357142857142857,0.05357142857142857,0.046875,0.125,0.17857142857142858,0.32142857142857145,0.10714285714285714,0.2959516655555555,95.60866666666666,R,0.041916167664670656,0.04491017964071856,0.17065868263473055,0.5773420479302832,0.19760479041916168,0.0718562874251497,0.302661365560062,99.05799999999999,14.8,R,0.0,0.0,0.0,0.03,0.06,0.0,1,Truist Park,86.1,44.0,7.2,0.0,0.0,1.0995169082125604,0.09631971824103781,938,,,,,,,,0.5,,,PASS
823738,2026-09-08 23:40:00+00:00,CHC,MIL,CHC,MIL,0,673548,Seiya Suzuki,confirmed,2.0,4.65,694819,0.04285714285714286,0.07142857142857142,0.05747126436781609,0.16071428571428573,0.24285714285714285,0.22142857142857142,0.15,0.33581960805555566,94.74366666666667,0.027777777777777776,0.041666666666666664,0.03409090909090909,0.1527777777777778,0.2777777777777778,0.125,0.2222222222222222,0.3640441644444445,95.94199999999998,R,0.028985507246376812,0.02608695652173913,0.12753623188405797,0.5419664268585132,0.3681159420289855,0.057971014492753624,0.21459944590483784,98.54599999999999,18.133333333333333,R,8.0,1.0,1.0,0.04583333333333334,0.07083333333333333,0.16666666666666666,1,American Family Field,74.9,65.0,4.2,0.0,0.5,0.9162640901771336,0.09484175721962307,954,,,,,,,,0.5,,,PASS
824957,2026-09-09 01:40:00+00:00,TOR,ATH,ATH,TOR,1,643446,Jeff McNeil,confirmed,2.0,4.65,667755,0.02531645569620253,0.02109704641350211,0.012594458438287154,0.1940928270042194,0.3670886075949367,0.08860759493670886,0.03375527426160337,0.29323419888888896,93.81266666666669,0.02857142857142857,0.014285714285714285,0.008264462809917356,0.11428571428571428,0.38571428571428573,0.11428571428571428,0.02857142857142857,0.2922273733333333,94.854,L,0.020588235294117647,0.04411764705882353,0.12058823529411765,0.35362997658079626,0.19411764705882353,0.09411764705882353,0.3314063922752612,101.46933333333335,15.6,R,5.0,0.0,0.0,0.026666666666666665,0.05333333333333333,0.1111111111111111,0,Sutter Health Park,87.9,22.0,4.8,0.0,0.0,1.3020594965675056,0.09477894292051567,955,,,,,,,,0.5,,,PASS
823500,2026-09-08 23:05:00+00:00,COL,NYY,NYY,COL,1,641857,Ryan McMahon,confirmed,8.0,3.85,687312,0.03286384976525822,0.051643192488262914,0.041666666666666664,0.1784037558685446,0.2300469483568075,0.28169014084507044,0.07042253521126761,0.2950960558333333,96.09733333333334,0.0,0.0,0.0,0.11764705882352941,0.23529411764705882,0.2549019607843137,0.1568627450980392,0.2643664866666666,92.352,L,0.022727272727272728,0.03636363636363636,0.1409090909090909,0.5066666666666667,0.18636363636363637,0.09090909090909091,0.2928965122693973,98.644,14.5,R,0.0,0.0,0.0,0.03,0.06,0.0,0,Yankee Stadium,78.0,41.0,2.3,0.0,0.0,1.1814984320705144,0.09465339692870706,956,,,,,,,,0.5,,,PASS
824551,2026-09-08 23:40:00+00:00,PIT,CWS,CWS,PIT,1,803011,Sam Antonacci,confirmed,1.0,4.75,696149,0.01937984496124031,0.023255813953488372,0.016666666666666666,0.12015503875968993,0.35271317829457366,0.1511627906976744,0.10465116279069768,0.3081359066666666,94.86116666666666,0.0,0.015625,0.011904761904761904,0.0625,0.453125,0.15625,0.140625,0.29842616666666666,92.81533333333333,L,0.01488095238095238,0.023809523809523808,0.1636904761904762,0.5010799136069114,0.18452380952380953,0.09821428571428571,0.2999126360662237,100.19733333333332,15.533333333333333,R,0.0,0.0,0.0,0.03,0.06,0.0,0,Rate Field,78.8,43.0,6.7,0.0,0.0,1.3020594965675056,0.0941846660272682,962,,,,,,,,0.5,,,PASS
823414,2026-09-08 22:40:00+00:00,HOU,PHI,HOU,PHI,0,673237,Yainer Diaz,confirmed,6.0,4.15,691725,0.04564315352697095,0.058091286307053944,0.042682926829268296,0.16597510373443983,0.2074688796680498,0.16182572614107885,0.02074688796680498,0.3138165308333333,97.40983333333334,0.05172413793103448,0.06896551724137931,0.047058823529411764,0.1896551724137931,0.20689655172413793,0.1724137931034483,0.034482758620689655,0.2858167455555556,96.42933333333333,R,0.043076923076923075,0.055384615384615386,0.15692307692307692,0.49764150943396224,0.20615384615384616,0.08615384615384615,0.3267754743645899,99.67933333333333,15.066666666666666,R,0.0,0.0,0.0,0.03,0.06,0.0,1,Citizens Bank Park,78.8,50.0,4.8,0.0,0.0,0.9432130340058728,0.09348634390426576,970,,,,,,,,0.5,,,PASS
823738,2026-09-08 23:40:00+00:00,CHC,MIL,MIL,CHC,1,683734,Andrew Vaughn,confirmed,3.0,4.55,656849,0.021551724137931036,0.03879310344827586,0.032490974729241874,0.15948275862068967,0.21982758620689655,0.17672413793103448,0.10775862068965517,0.31855816138888887,96.19500000000001,0.01818181818181818,0.03636363636363636,0.03225806451612903,0.14545454545454545,0.18181818181818182,0.18181818181818182,0.07272727272727272,0.31846790444444445,98.43533333333332,R,0.02616279069767442,0.040697674418604654,0.15988372093023256,0.4113636363636364,0.19186046511627908,0.10465116279069768,0.34422381115004236,100.32866666666668,14.933333333333334,L,5.0,0.0,0.0,0.026666666666666665,0.05333333333333333,0.1111111111111111,0,American Family Field,74.9,65.0,4.2,0.0,0.5,0.9162640901771336,0.09321462599248777,973,,,,,,,,0.5,,,PASS
823174,2026-09-09 01:45:00+00:00,STL,SF,SF,STL,1,678545,Osleivis Basabe,confirmed,4.0,4.45,687273,0.04424778761061947,0.061946902654867256,0.050359712230215826,0.12389380530973451,0.30973451327433627,0.19469026548672566,0.035398230088495575,0.2821285896551724,96.03034482758622,0.03389830508474576,0.05084745762711865,0.043478260869565216,0.11864406779661017,0.3559322033898305,0.23728813559322035,0.06779661016949153,0.28289264,94.67733333333335,R,0.008928571428571428,0.008928571428571428,0.16071428571428573,0.5033112582781457,0.21428571428571427,0.10714285714285714,0.2811590786445013,101.676,14.8,L,0.0,0.0,0.0,0.03,0.06,0.0,0,Oracle Park,67.8,73.0,13.3,0.0,0.0,0.7957030256801424,0.0921858095579754,985,,,,,,,,0.5,,,PASS
823901,2026-09-09 02:10:00+00:00,CIN,LAD,CIN,LAD,0,667472,Dane Myers,confirmed,1.0,4.75,669373,0.021739130434782608,0.021739130434782608,0.016129032258064516,0.13043478260869565,0.20434782608695654,0.23478260869565218,0.12608695652173912,0.28448911181818176,94.01236363636363,0.029411764705882353,0.029411764705882353,0.017857142857142856,0.10294117647058823,0.22058823529411764,0.17647058823529413,0.10294117647058823,0.30865949777777774,95.66466666666665,R,0.028089887640449437,0.05056179775280899,0.15168539325842698,0.5472103004291845,0.3202247191011236,0.0449438202247191,0.2589464919338686,98.38799999999998,17.666666666666668,L,0.0,0.0,0.0,0.03,0.06,0.0,0,UNIQLO Field at Dodger Stadium,72.0,55.0,7.0,0.0,0.0,0.995939228453406,0.09192896078109877,988,,,,,,,,0.5,,,PASS
824063,2026-09-08 23:40:00+00:00,ARI,KC,KC,ARI,1,686555,Isaac Collins,confirmed,7.0,4.0,669203,0.013043478260869565,0.021739130434782608,0.0165016501650165,0.14347826086956522,0.21304347826086956,0.1826086956521739,0.10434782608695652,0.2910982725,97.139,0.0,0.0,0.0,0.05,0.25,0.23333333333333334,0.15,0.25246039555555555,96.76733333333331,L,,,,,,,,,,,0.0,0.0,0.0,0.03,0.06,0.0,0,Kauffman Stadium,97.3,30.0,8.1,0.0,0.0,1.0537037037037036,0.09177364185958348,990,,,,,,,,0.5,,,PASS
823500,2026-09-08 23:05:00+00:00,COL,NYY,COL,NYY,0,664983,Jake McCarthy,confirmed,1.0,4.75,693645,0.03272727272727273,0.04,0.02849740932642487,0.18181818181818182,0.26181818181818184,0.14181818181818182,0.05090909090909091,0.3272093886111111,94.58016666666667,0.028169014084507043,0.07042253521126761,0.044642857142857144,0.2112676056338028,0.352112676056338,0.11267605633802817,0.07042253521126761,0.3637106633333333,95.808,L,0.030555555555555555,0.05,0.14166666666666666,0.5684210526315789,0.33611111111111114,0.07777777777777778,0.2805684873514499,97.82933333333332,17.933333333333334,R,0.0,0.0,0.0,0.03,0.06,0.0,0,Yankee Stadium,78.0,41.0,2.3,0.0,0.0,1.1814984320705144,0.0909396069833207,1000,,,,,,,,0.5,,,PASS
823738,2026-09-08 23:40:00+00:00,CHC,MIL,MIL,CHC,1,687401,Joey Ortiz,confirmed,7.0,4.0,656849,0.03153153153153153,0.036036036036036036,0.026755852842809364,0.18468468468468469,0.22522522522522523,0.1891891891891892,0.06306306306306306,0.28737103750000004,97.58406779661017,0.034482758620689655,0.034482758620689655,0.025,0.20689655172413793,0.1724137931034483,0.1724137931034483,0.06896551724137931,0.27900358555555554,97.17466666666665,R,0.02616279069767442,0.040697674418604654,0.15988372093023256,0.4113636363636364,0.19186046511627908,0.10465116279069768,0.34422381115004236,100.32866666666668,14.933333333333334,L,4.0,0.0,0.0,0.02727272727272727,0.05454545454545454,0.09090909090909091,0,American Family Field,74.9,65.0,4.2,0.0,0.5,0.9162640901771336,0.09093543218461676,1000,,,,,,,,0.5,,,PASS
823500,2026-09-08 23:05:00+00:00,COL,NYY,NYY,COL,1,806146,George Lombard Jr.,confirmed,7.0,4.0,687312,0.020202020202020204,0.04040404040404041,0.03389830508474576,0.15151515151515152,0.23232323232323232,0.29292929292929293,0.0707070707070707,0.2843380076923077,93.98615384615384,0.0,0.017543859649122806,0.015151515151515152,0.12280701754385964,0.15789473684210525,0.3508771929824561,0.03508771929824561,0.23929566666666666,93.42533333333331,R,0.022727272727272728,0.03636363636363636,0.1409090909090909,0.5066666666666667,0.18636363636363637,0.09090909090909091,0.2928965122693973,98.644,14.5,R,0.0,0.0,0.0,0.03,0.06,0.0,1,Yankee Stadium,78.0,41.0,2.3,0.0,0.0,1.1814984320705144,0.0905442472141441,1004,,,,,,,,0.5,,,PASS
823821,2026-09-08 22:40:00+00:00,NYM,MIA,MIA,NYM,1,691858,Jared Serna,confirmed,8.0,3.85,640455,0.0,0.0,0.0,0.16666666666666666,0.0,0.0,0.16666666666666666,0.2716865,100.51,0.0,0.0,0.0,0.16666666666666666,0.0,0.0,0.16666666666666666,0.2716865,100.51,R,0.0431266846361186,0.08355795148247978,0.20485175202156333,0.542910447761194,0.20754716981132076,0.0646900269541779,0.34615765021655853,101.914,16.8,L,0.0,0.0,0.0,0.03,0.06,0.0,0,loanDepot park,83.0,82.0,4.3,0.0,0.5,0.814456969046341,0.09032528267403504,1007,,,,,,,,0.5,,,PASS
823901,2026-09-09 02:10:00+00:00,CIN,LAD,LAD,CIN,1,571771,Enrique Hernández,confirmed,9.0,3.7,666157,0.043478260869565216,0.06521739130434782,0.04477611940298507,0.21739130434782608,0.30434782608695654,0.34782608695652173,0.043478260869565216,0.2822057708333333,91.054375,0.045454545454545456,0.06818181818181818,0.046153846153846156,0.22727272727272727,0.3181818181818182,0.36363636363636365,0.045454545454545456,0.2753194888888889,90.7,R,0.038011695906432746,0.05847953216374269,0.2134502923976608,0.525,0.1783625730994152,0.09064327485380116,0.36699620417007617,101.89800000000001,14.933333333333334,L,0.0,0.0,0.0,0.03,0.06,0.0,0,UNIQLO Field at Dodger Stadium,72.0,55.0,7.0,0.0,0.0,0.995939228453406,0.09029754903050101,1007,,,,,,,,0.5,,,PASS
824228,2026-09-08 22:40:00+00:00,MIN,DET,DET,MIN,1,701678,Hao-Yu Lee,confirmed,8.0,3.85,665152,0.03286384976525822,0.06103286384976526,0.05019305019305019,0.20657276995305165,0.22535211267605634,0.215962441314554,0.07042253521126761,0.2987247327777778,94.95610169491523,0.03389830508474576,0.06779661016949153,0.056338028169014086,0.2033898305084746,0.2033898305084746,0.288135593220339,0.11864406779661017,0.32627197555555554,94.06733333333335,R,0.05338078291814947,0.060498220640569395,0.22419928825622776,0.5285714285714286,0.23487544483985764,0.08540925266903915,0.3296962451310783,101.03846153846156,15.153846153846153,R,3.0,0.0,0.0,0.027906976744186046,0.05581395348837209,0.06976744186046512,1,Comerica Park,77.9,60.0,5.8,0.0,0.0,0.7940955448201825,0.09023704017303075,1008,,,,,,,,0.5,,,PASS
823414,2026-09-08 22:40:00+00:00,HOU,PHI,PHI,HOU,1,669016,Brandon Marsh,confirmed,7.0,4.0,669713,0.032,0.056,0.04154302670623145,0.168,0.28,0.26,0.076,0.2717465491666667,93.89533333333333,0.01818181818181818,0.03636363636363636,0.028169014084507043,0.10909090909090909,0.32727272727272727,0.18181818181818182,0.10909090909090909,0.26698224444444446,91.80066666666669,L,0.012658227848101266,0.04430379746835443,0.189873417721519,0.47058823529411764,0.2088607594936709,0.08860759493670886,0.2973295582884748,101.11,17.0,R,0.0,0.0,0.0,0.03,0.06,0.0,0,Citizens Bank Park,78.8,50.0,4.8,0.0,0.0,0.9432130340058728,0.0901177793858439,1010,,,,,,,,0.5,,,PASS
823738,2026-09-08 23:40:00+00:00,CHC,MIL,MIL,CHC,1,668930,Brice Turang,confirmed,2.0,4.65,656849,0.021739130434782608,0.03260869565217391,0.023195876288659795,0.18115942028985507,0.31521739130434784,0.2391304347826087,0.10507246376811594,0.31202290194444443,94.1585,0.014492753623188406,0.014492753623188406,0.011494252873563218,0.14492753623188406,0.21739130434782608,0.2753623188405797,0.13043478260869565,0.2861992933333333,90.42666666666668,L,0.02616279069767442,0.040697674418604654,0.15988372093023256,0.4113636363636364,0.19186046511627908,0.10465116279069768,0.34422381115004236,100.32866666666668,14.933333333333334,L,6.0,0.0,0.0,0.02608695652173913,0.05217391304347826,0.13043478260869565,1,American Family Field,74.9,65.0,4.2,0.0,0.5,0.9162640901771336,0.08976839058229606,1014,,,,,,,,0.5,,,PASS
823738,2026-09-08 23:40:00+00:00,CHC,MIL,MIL,CHC,1,669003,Garrett Mitchell,confirmed,8.0,3.85,656849,0.02100840336134454,0.06302521008403361,0.05725190839694656,0.15966386554621848,0.19747899159663865,0.2857142857142857,0.09243697478991597,0.36384450055555556,98.95883333333335,0.018867924528301886,0.03773584905660377,0.031746031746031744,0.1509433962264151,0.09433962264150944,0.2830188679245283,0.03773584905660377,0.39447889333333347,100.02733333333332,L,0.02616279069767442,0.040697674418604654,0.15988372093023256,0.4113636363636364,0.19186046511627908,0.10465116279069768,0.34422381115004236,100.32866666666668,14.933333333333334,L,0.0,0.0,0.0,0.03,0.06,0.0,1,American Family Field,74.9,65.0,4.2,0.0,0.5,0.9162640901771336,0.08965971984300215,1015,,,,,,,,0.5,,,PASS
823414,2026-09-08 22:40:00+00:00,HOU,PHI,HOU,PHI,0,670623,Isaac Paredes,confirmed,3.0,4.55,691725,0.03018867924528302,0.022641509433962263,0.014285714285714285,0.21509433962264152,0.26037735849056604,0.08679245283018867,0.11320754716981132,0.31664361888888887,95.36483333333331,0.03076923076923077,0.0,0.0,0.1076923076923077,0.2,0.1076923076923077,0.16923076923076924,0.2725190766666667,94.79333333333332,R,0.043076923076923075,0.055384615384615386,0.15692307692307692,0.49764150943396224,0.20615384615384616,0.08615384615384615,0.3267754743645899,99.67933333333333,15.066666666666666,R,0.0,0.0,0.0,0.03,0.06,0.0,1,Citizens Bank Park,78.8,50.0,4.8,0.0,0.0,0.9432130340058728,0.08965622229680882,1015,,,,,,,,0.5,,,PASS
823414,2026-09-08 22:40:00+00:00,HOU,PHI,HOU,PHI,0,514888,Jose Altuve,confirmed,4.0,4.45,691725,0.027559055118110236,0.015748031496062992,0.011594202898550725,0.15748031496062992,0.2125984251968504,0.18110236220472442,0.06299212598425197,0.2566621372222222,93.08566666666667,0.03125,0.015625,0.011627906976744186,0.21875,0.234375,0.203125,0.0625,0.26688516,96.90533333333335,R,0.043076923076923075,0.055384615384615386,0.15692307692307692,0.49764150943396224,0.20615384615384616,0.08615384615384615,0.3267754743645899,99.67933333333333,15.066666666666666,R,0.0,0.0,0.0,0.03,0.06,0.0,1,Citizens Bank Park,78.8,50.0,4.8,0.0,0.0,0.9432130340058728,0.08960497104142212,1016,,,,,,,,0.5,,,PASS
823250,2026-09-09 01:40:00+00:00,WSH,SD,SD,WSH,1,593428,Xander Bogaerts,confirmed,8.0,3.85,683000,0.012552301255230125,0.03765690376569038,0.033582089552238806,0.13389121338912133,0.1589958158995816,0.17154811715481172,0.13807531380753138,0.3191181347222222,98.05966666666667,0.0,0.016666666666666666,0.014925373134328358,0.16666666666666666,0.16666666666666666,0.18333333333333332,0.13333333333333333,0.2931840733333333,97.70933333333332,R,,,,,,,,,,,0.0,0.0,0.0,0.03,0.06,0.0,0,Petco Park,85.2,48.0,10.5,0.0,0.0,0.9579124579124578,0.08912230285540577,1022,,,,,,,,0.5,,,PASS
824875,2026-09-08 23:15:00+00:00,TB,ATL,TB,ATL,0,622761,Jorge Mateo,confirmed,9.0,3.7,700363,0.024539877300613498,0.049079754601226995,0.0365296803652968,0.17177914110429449,0.25766871165644173,0.25153374233128833,0.06134969325153374,0.2876118666666667,93.00102040816327,0.019230769230769232,0.019230769230769232,0.015384615384615385,0.1346153846153846,0.17307692307692307,0.23076923076923078,0.057692307692307696,0.2514800266666667,90.526,R,0.023529411764705882,0.047058823529411764,0.18823529411764706,0.4690265486725664,0.17647058823529413,0.12941176470588237,0.316587210921325,103.1025,13.0,R,0.0,0.0,0.0,0.03,0.06,0.0,1,Truist Park,86.1,44.0,7.2,0.0,0.0,1.0995169082125604,0.08889572005754531,1025,,,,,,,,0.5,,,PASS
823821,2026-09-08 22:40:00+00:00,NYM,MIA,MIA,NYM,1,691594,Javier Sanoja,confirmed,4.0,4.45,640455,0.025,0.025,0.016713091922005572,0.1625,0.2625,0.05,0.04583333333333333,0.307986865,96.051,0.031746031746031744,0.015873015873015872,0.010101010101010102,0.19047619047619047,0.25396825396825395,0.047619047619047616,0.07936507936507936,0.37183697333333326,97.15066666666668,R,0.0431266846361186,0.08355795148247978,0.20485175202156333,0.542910447761194,0.20754716981132076,0.0646900269541779,0.34615765021655853,101.914,16.8,L,2.0,0.0,0.0,0.02857142857142857,0.05714285714285714,0.047619047619047616,0,loanDepot park,83.0,82.0,4.3,0.0,0.5,0.814456969046341,0.08878701249872019,1026,,,,,,,,0.5,,,PASS
823738,2026-09-08 23:40:00+00:00,CHC,MIL,CHC,MIL,0,608324,Alex Bregman,confirmed,3.0,4.55,694819,0.06593406593406594,0.054945054945054944,0.03937007874015748,0.21611721611721613,0.26373626373626374,0.13553113553113552,0.10256410256410256,0.32328139694444447,95.60183333333333,0.07352941176470588,0.07352941176470588,0.054945054945054944,0.1323529411764706,0.25,0.08823529411764706,0.10294117647058823,0.3378798244444445,93.766,R,0.028985507246376812,0.02608695652173913,0.12753623188405797,0.5419664268585132,0.3681159420289855,0.057971014492753624,0.21459944590483784,98.54599999999999,18.133333333333333,R,9.0,1.0,1.0,0.04489795918367347,0.06938775510204082,0.1836734693877551,1,American Family Field,74.9,65.0,4.2,0.0,0.5,0.9162640901771336,0.0886057407255009,1029,,,,,,,,0.5,,,PASS
823414,2026-09-08 22:40:00+00:00,HOU,PHI,HOU,PHI,0,572233,Christian Walker,confirmed,7.0,4.0,691725,0.024193548387096774,0.036290322580645164,0.027522935779816515,0.13709677419354838,0.23790322580645162,0.2620967741935484,0.07661290322580645,0.27472475749999997,96.20783333333333,0.01639344262295082,0.03278688524590164,0.025974025974025976,0.09836065573770492,0.2459016393442623,0.19672131147540983,0.04918032786885246,0.28011979444444446,96.40933333333332,R,0.043076923076923075,0.055384615384615386,0.15692307692307692,0.49764150943396224,0.20615384615384616,0.08615384615384615,0.3267754743645899,99.67933333333333,15.066666666666666,R,0.0,0.0,0.0,0.03,0.06,0.0,1,Citizens Bank Park,78.8,50.0,4.8,0.0,0.0,0.9432130340058728,0.08840824682584919,1031,,,,,,,,0.5,,,PASS
824875,2026-09-08 23:15:00+00:00,TB,ATL,TB,ATL,0,676356,Jonny DeLuca,confirmed,6.0,4.15,700363,0.028455284552845527,0.02032520325203252,0.014792899408284023,0.13008130081300814,0.23577235772357724,0.18699186991869918,0.04878048780487805,0.2514291158333333,94.45083333333334,0.01639344262295082,0.0,0.0,0.08196721311475409,0.18032786885245902,0.19672131147540983,0.04918032786885246,0.21307935000000003,94.788,R,0.023529411764705882,0.047058823529411764,0.18823529411764706,0.4690265486725664,0.17647058823529413,0.12941176470588237,0.316587210921325,103.1025,13.0,R,0.0,0.0,0.0,0.03,0.06,0.0,1,Truist Park,86.1,44.0,7.2,0.0,0.0,1.0995169082125604,0.0882130537355119,1034,,,,,,,,0.5,,,PASS
824957,2026-09-09 01:40:00+00:00,TOR,ATH,ATH,TOR,1,695720,Tommy White,confirmed,6.0,4.15,667755,0.013071895424836602,0.06535947712418301,0.04739336492890995,0.1568627450980392,0.3006535947712418,0.16993464052287582,0.026143790849673203,0.29327205701754383,94.73973684210527,0.03278688524590164,0.11475409836065574,0.08139534883720931,0.18032786885245902,0.3442622950819672,0.18032786885245902,0.03278688524590164,0.3294321611111112,95.09933333333333,R,0.020588235294117647,0.04411764705882353,0.12058823529411765,0.35362997658079626,0.19411764705882353,0.09411764705882353,0.3314063922752612,101.46933333333335,15.6,R,0.0,0.0,0.0,0.03,0.06,0.0,1,Sutter Health Park,87.9,22.0,4.8,0.0,0.0,1.3020594965675056,0.08820118325993856,1034,,,,,,,,0.5,,,PASS
823821,2026-09-08 22:40:00+00:00,NYM,MIA,NYM,MIA,0,805999,A.J. Ewing,confirmed,7.0,4.0,645261,0.015151515151515152,0.045454545454545456,0.03625377643504532,0.14772727272727273,0.2537878787878788,0.25,0.08333333333333333,0.29560078888888885,95.7065,0.015625,0.015625,0.012195121951219513,0.171875,0.203125,0.203125,0.0625,0.27773963333333335,93.32333333333334,L,0.01728395061728395,0.027160493827160494,0.13580246913580246,0.5530035335689046,0.17530864197530865,0.0691358024691358,0.2799739363632436,99.85733333333334,19.466666666666665,R,3.0,0.0,0.0,0.027906976744186046,0.05581395348837209,0.06976744186046512,0,loanDepot park,83.0,82.0,4.3,0.0,0.5,0.814456969046341,0.0874988546068777,1043,,,,,,,,0.5,,,PASS
823821,2026-09-08 22:40:00+00:00,NYM,MIA,NYM,MIA,0,701807,Carson Benge,confirmed,4.0,4.45,645261,0.027450980392156862,0.03529411764705882,0.025495750708215296,0.13333333333333333,0.2823529411764706,0.2196078431372549,0.07058823529411765,0.3203160291666666,95.60333333333337,0.015625,0.03125,0.022988505747126436,0.09375,0.28125,0.25,0.0625,0.28629063000000005,93.18399999999998,L,0.01728395061728395,0.027160493827160494,0.13580246913580246,0.5530035335689046,0.17530864197530865,0.0691358024691358,0.2799739363632436,99.85733333333334,19.466666666666665,R,3.0,0.0,0.0,0.027906976744186046,0.05581395348837209,0.06976744186046512,0,loanDepot park,83.0,82.0,4.3,0.0,0.5,0.814456969046341,0.0872748415012701,1046,,,,,,,,0.5,,,PASS
823414,2026-09-08 22:40:00+00:00,HOU,PHI,PHI,HOU,1,681082,Bryson Stott,confirmed,6.0,4.15,669713,0.012244897959183673,0.0326530612244898,0.024922118380062305,0.17142857142857143,0.24489795918367346,0.17142857142857143,0.12653061224489795,0.33972808138888894,95.29666666666667,0.017241379310344827,0.05172413793103448,0.04285714285714286,0.1724137931034483,0.27586206896551724,0.22413793103448276,0.05172413793103448,0.29381684222222226,94.56133333333335,L,0.012658227848101266,0.04430379746835443,0.189873417721519,0.47058823529411764,0.2088607594936709,0.08860759493670886,0.2973295582884748,101.11,17.0,R,0.0,0.0,0.0,0.03,0.06,0.0,0,Citizens Bank Park,78.8,50.0,4.8,0.0,0.0,0.9432130340058728,0.08695243516721445,1050,,,,,,,,0.5,,,PASS
823738,2026-09-08 23:40:00+00:00,CHC,MIL,CHC,MIL,0,664023,Ian Happ,confirmed,6.0,4.15,694819,0.02734375,0.05078125,0.03927492447129909,0.16796875,0.25390625,0.29296875,0.10546875,0.27821933583333336,93.26933333333335,0.046153846153846156,0.09230769230769231,0.06521739130434782,0.16923076923076924,0.24615384615384617,0.26153846153846155,0.09230769230769231,0.33565955,95.02466666666668,L,0.028985507246376812,0.02608695652173913,0.12753623188405797,0.5419664268585132,0.3681159420289855,0.057971014492753624,0.21459944590483784,98.54599999999999,18.133333333333333,R,8.0,0.0,0.0,0.024999999999999998,0.049999999999999996,0.16666666666666666,0,American Family Field,74.9,65.0,4.2,0.0,0.5,0.9162640901771336,0.0868649590716591,1051,,,,,,,,0.5,,,PASS
823901,2026-09-09 02:10:00+00:00,CIN,LAD,CIN,LAD,0,680574,Matt McLain,confirmed,8.0,3.85,669373,0.04484304932735426,0.07174887892376682,0.06274509803921569,0.16591928251121077,0.2825112107623318,0.31390134529147984,0.09417040358744394,0.29896997722222224,91.58233333333334,0.04838709677419355,0.03225806451612903,0.025974025974025976,0.14516129032258066,0.24193548387096775,0.3064516129032258,0.06451612903225806,0.1929649466666667,95.68666666666668,R,0.028089887640449437,0.05056179775280899,0.15168539325842698,0.5472103004291845,0.3202247191011236,0.0449438202247191,0.2589464919338686,98.38799999999998,17.666666666666668,L,0.0,0.0,0.0,0.03,0.06,0.0,0,UNIQLO Field at Dodger Stadium,72.0,55.0,7.0,0.0,0.0,0.995939228453406,0.08634940849162467,1058,,,,,,,,0.5,,,PASS
824957,2026-09-09 01:40:00+00:00,TOR,ATH,ATH,TOR,1,666126,Carlos Cortes,confirmed,5.0,4.3,667755,0.01762114537444934,0.02643171806167401,0.020066889632107024,0.14537444933920704,0.28193832599118945,0.1762114537444934,0.08370044052863436,0.2730055866666667,95.09433333333332,0.018867924528301886,0.018867924528301886,0.013333333333333334,0.1320754716981132,0.22641509433962265,0.22641509433962265,0.03773584905660377,0.2534793722222222,92.81133333333332,L,0.020588235294117647,0.04411764705882353,0.12058823529411765,0.35362997658079626,0.19411764705882353,0.09411764705882353,0.3314063922752612,101.46933333333335,15.6,R,6.0,0.0,0.0,0.02608695652173913,0.05217391304347826,0.13043478260869565,0,Sutter Health Park,87.9,22.0,4.8,0.0,0.0,1.3020594965675056,0.08616236192089197,1061,,,,,,,,0.5,,,PASS
823821,2026-09-08 22:40:00+00:00,NYM,MIA,MIA,NYM,1,805300,Jakob Marsee,confirmed,7.0,4.0,640455,0.02390438247011952,0.027888446215139442,0.023728813559322035,0.1553784860557769,0.26693227091633465,0.1752988047808765,0.11952191235059761,0.3126887602777778,94.60283333333334,0.03076923076923077,0.03076923076923077,0.02702702702702703,0.2,0.3230769230769231,0.15384615384615385,0.15384615384615385,0.3463230766666667,95.45,L,0.0431266846361186,0.08355795148247978,0.20485175202156333,0.542910447761194,0.20754716981132076,0.0646900269541779,0.34615765021655853,101.914,16.8,L,1.0,0.0,0.0,0.029268292682926828,0.058536585365853655,0.024390243902439025,1,loanDepot park,83.0,82.0,4.3,0.0,0.5,0.814456969046341,0.0852851565296217,1073,,,,,,,,0.5,,,PASS
823821,2026-09-08 22:40:00+00:00,NYM,MIA,NYM,MIA,0,676724,Jared Young,confirmed,5.0,4.3,645261,0.017316017316017316,0.030303030303030304,0.022653721682847898,0.15584415584415584,0.2554112554112554,0.18614718614718614,0.047619047619047616,0.2724949066666666,95.28066666666668,0.0,0.0,0.0,0.11666666666666667,0.2833333333333333,0.21666666666666667,0.016666666666666666,0.22687481666666667,92.61600000000001,L,0.01728395061728395,0.027160493827160494,0.13580246913580246,0.5530035335689046,0.17530864197530865,0.0691358024691358,0.2799739363632436,99.85733333333334,19.466666666666665,R,3.0,0.0,0.0,0.027906976744186046,0.05581395348837209,0.06976744186046512,0,loanDepot park,83.0,82.0,4.3,0.0,0.5,0.814456969046341,0.08508006458534623,1075,,,,,,,,0.5,,,PASS
823414,2026-09-08 22:40:00+00:00,HOU,PHI,PHI,HOU,1,592663,J.T. Realmuto,confirmed,8.0,3.85,669713,0.029535864978902954,0.0379746835443038,0.028481012658227847,0.16877637130801687,0.23628691983122363,0.22362869198312235,0.08016877637130802,0.31342139361111115,97.11083333333335,0.03508771929824561,0.05263157894736842,0.03896103896103896,0.19298245614035087,0.3157894736842105,0.19298245614035087,0.14035087719298245,0.34721782222222225,95.22399999999999,R,0.012658227848101266,0.04430379746835443,0.189873417721519,0.47058823529411764,0.2088607594936709,0.08860759493670886,0.2973295582884748,101.11,17.0,R,0.0,0.0,0.0,0.03,0.06,0.0,1,Citizens Bank Park,78.8,50.0,4.8,0.0,0.0,0.9432130340058728,0.08504342752396188,1076,,,,,,,,0.5,,,PASS
824063,2026-09-08 23:40:00+00:00,ARI,KC,KC,ARI,1,679845,Nick Loftin,confirmed,6.0,4.15,669203,0.024390243902439025,0.028455284552845527,0.023728813559322035,0.13414634146341464,0.27235772357723576,0.17073170731707318,0.09349593495934959,0.27651357249999997,93.47999999999999,0.03125,0.046875,0.04,0.125,0.328125,0.1875,0.109375,0.2817951722222222,93.74733333333333,R,,,,,,,,,,,0.0,0.0,0.0,0.03,0.06,0.0,0,Kauffman Stadium,97.3,30.0,8.1,0.0,0.0,1.0537037037037036,0.08474387816072484,1080,,,,,,,,0.5,,,PASS
823738,2026-09-08 23:40:00+00:00,CHC,MIL,MIL,CHC,1,596142,Gary Sánchez,confirmed,5.0,4.3,656849,0.04405286343612335,0.05286343612334802,0.05309734513274336,0.13656387665198239,0.21145374449339208,0.19383259911894274,0.1762114537444934,0.3678642274853801,94.79859649122807,0.05,0.05,0.047619047619047616,0.1,0.21666666666666667,0.25,0.11666666666666667,0.3335061077777778,95.51533333333332,R,0.02616279069767442,0.040697674418604654,0.15988372093023256,0.4113636363636364,0.19186046511627908,0.10465116279069768,0.34422381115004236,100.32866666666668,14.933333333333334,L,4.0,0.0,0.0,0.02727272727272727,0.05454545454545454,0.09090909090909091,0,American Family Field,74.9,65.0,4.2,0.0,0.5,0.9162640901771336,0.08430698070692952,1086,,,,,,,,0.5,,,PASS
824063,2026-09-08 23:40:00+00:00,ARI,KC,ARI,KC,0,672695,Geraldo Perdomo,confirmed,4.0,4.45,608379,0.015037593984962405,0.015037593984962405,0.010666666666666666,0.15037593984962405,0.3007518796992481,0.12406015037593984,0.12781954887218044,0.3212216290079366,94.82649999999998,0.0,0.0,0.0,0.15,0.35,0.11666666666666667,0.13333333333333333,0.3794318844444444,95.05000000000001,R,0.03896103896103896,0.05194805194805195,0.2051948051948052,0.5575868372943327,0.1974025974025974,0.046753246753246755,0.29404445695313997,99.66999999999999,18.866666666666667,R,0.0,0.0,0.0,0.03,0.06,0.0,1,Kauffman Stadium,97.3,30.0,8.1,0.0,0.0,1.0537037037037036,0.08378942789857961,1093,,,,,,,,0.5,,,PASS
823821,2026-09-08 22:40:00+00:00,NYM,MIA,MIA,NYM,1,691277,Deyvison De Los Santos,confirmed,6.0,4.15,640455,0.0,0.09090909090909091,0.05555555555555555,0.18181818181818182,0.09090909090909091,0.2727272727272727,0.0,0.2657333333333333,85.91999999999999,0.0,0.09090909090909091,0.05555555555555555,0.18181818181818182,0.09090909090909091,0.2727272727272727,0.0,0.2657333333333333,85.91999999999999,R,0.0431266846361186,0.08355795148247978,0.20485175202156333,0.542910447761194,0.20754716981132076,0.0646900269541779,0.34615765021655853,101.914,16.8,L,0.0,0.0,0.0,0.03,0.06,0.0,0,loanDepot park,83.0,82.0,4.3,0.0,0.5,0.814456969046341,0.08338993924078592,1099,,,,,,,,0.5,,,PASS
824228,2026-09-08 22:40:00+00:00,MIN,DET,MIN,DET,0,663616,Trevor Larnach,confirmed,7.0,4.0,623454,0.03896103896103896,0.06493506493506493,0.05338078291814947,0.2077922077922078,0.24675324675324675,0.1645021645021645,0.07792207792207792,0.31251827611111105,96.96933333333332,0.0392156862745098,0.0392156862745098,0.0392156862745098,0.11764705882352941,0.17647058823529413,0.21568627450980393,0.058823529411764705,0.27606143888888884,95.22266666666668,L,0.027210884353741496,0.04081632653061224,0.1360544217687075,0.47282608695652173,0.23809523809523808,0.11564625850340136,0.3092441582004597,99.42875,13.0,R,4.0,0.0,1.0,0.02727272727272727,0.07727272727272727,0.09090909090909091,0,Comerica Park,77.9,60.0,5.8,0.0,0.0,0.7940955448201825,0.08312975133686158,1103,,,,,,,,0.5,,,PASS
824551,2026-09-08 23:40:00+00:00,PIT,CWS,CWS,PIT,1,695731,Braden Montgomery,confirmed,6.0,4.15,696149,0.015748031496062992,0.023622047244094488,0.018575851393188854,0.13385826771653545,0.2283464566929134,0.18503937007874016,0.11811023622047244,0.33222607583333336,95.15233333333336,0.031746031746031744,0.047619047619047616,0.03488372093023256,0.12698412698412698,0.20634920634920634,0.1111111111111111,0.12698412698412698,0.40451715,94.116,L,0.01488095238095238,0.023809523809523808,0.1636904761904762,0.5010799136069114,0.18452380952380953,0.09821428571428571,0.2999126360662237,100.19733333333332,15.533333333333333,R,0.0,0.0,0.0,0.03,0.06,0.0,0,Rate Field,78.8,43.0,6.7,0.0,0.0,1.3020594965675056,0.08196602323478475,1120,,,,,,,,0.5,,,PASS
824551,2026-09-08 23:40:00+00:00,PIT,CWS,PIT,CWS,0,694378,Jacob Gonzalez,confirmed,8.0,3.85,680732,0.03333333333333333,0.03333333333333333,0.020338983050847456,0.20555555555555555,0.3,0.17222222222222222,0.05555555555555555,0.2997440012820513,94.44730769230772,0.02040816326530612,0.04081632653061224,0.024691358024691357,0.12244897959183673,0.20408163265306123,0.14285714285714285,0.04081632653061224,0.29339803,92.10533333333333,L,0.029154518950437316,0.04664723032069971,0.1749271137026239,0.5665236051502146,0.2857142857142857,0.09329446064139942,0.2849190562272135,100.33999999999997,16.4,R,0.0,0.0,0.0,0.03,0.06,0.0,0,Rate Field,78.8,43.0,6.7,0.0,0.0,1.3020594965675056,0.08193495716527281,1120,,,,,,,,0.5,,,PASS
823092,2026-09-09 01:40:00+00:00,TEX,SEA,SEA,TEX,1,801126,Brock Rodden,confirmed,9.0,3.7,615698,0.0,0.017241379310344827,0.017857142857142856,0.1206896551724138,0.25862068965517243,0.29310344827586204,0.13793103448275862,0.21851737916666666,93.66875,0.0,0.018867924528301886,0.02040816326530612,0.11320754716981132,0.22641509433962265,0.2830188679245283,0.1509433962264151,0.2262452044444445,93.92133333333335,L,0.03187250996015936,0.05179282868525897,0.11553784860557768,0.543859649122807,0.21115537848605578,0.043824701195219126,0.2774684361500919,99.49166666666666,15.75,R,0.0,0.0,0.0,0.03,0.06,0.0,0,T-Mobile Park,65.4,67.0,5.4,0.0,0.5,1.3743961352657004,0.0809656098852134,1135,,,,,,,,0.5,,,PASS
823901,2026-09-09 02:10:00+00:00,CIN,LAD,CIN,LAD,0,699302,Héctor Rodríguez,confirmed,9.0,3.7,669373,0.05154639175257732,0.05154639175257732,0.038461538461538464,0.15463917525773196,0.20618556701030927,0.26804123711340205,0.07216494845360824,0.2815164868055555,96.35625,0.07692307692307693,0.06153846153846154,0.047619047619047616,0.18461538461538463,0.16923076923076924,0.2923076923076923,0.06153846153846154,0.30449127333333337,96.63199999999999,L,0.028089887640449437,0.05056179775280899,0.15168539325842698,0.5472103004291845,0.3202247191011236,0.0449438202247191,0.2589464919338686,98.38799999999998,17.666666666666668,L,0.0,0.0,0.0,0.03,0.06,0.0,1,UNIQLO Field at Dodger Stadium,72.0,55.0,7.0,0.0,0.0,0.995939228453406,0.08070442126760662,1139,,,,,,,,0.5,,,PASS
823250,2026-09-09 01:40:00+00:00,WSH,SD,WSH,SD,0,695670,Harry Ford,confirmed,9.0,3.7,663554,0.03409090909090909,0.06818181818181818,0.05454545454545454,0.10227272727272728,0.2840909090909091,0.23863636363636365,0.125,0.29382446136363644,92.09318181818182,0.03333333333333333,0.08333333333333333,0.06172839506172839,0.13333333333333333,0.31666666666666665,0.23333333333333334,0.11666666666666667,0.31513334333333337,93.92133333333332,R,0.034482758620689655,0.05956112852664577,0.21003134796238246,0.5694760820045558,0.19122257053291536,0.05329153605015674,0.29399356242022795,99.93133333333334,15.066666666666666,R,0.0,0.0,0.0,0.03,0.06,0.0,1,Petco Park,85.2,48.0,10.5,0.0,0.0,0.9579124579124578,0.08070259107978901,1139,,,,,,,,0.5,,,PASS
824875,2026-09-08 23:15:00+00:00,TB,ATL,TB,ATL,0,680700,Richie Palacios,confirmed,8.0,3.85,700363,0.02727272727272727,0.02727272727272727,0.019867549668874173,0.15,0.25,0.13636363636363635,0.10909090909090909,0.2990212477777778,93.38033333333334,0.05263157894736842,0.03508771929824561,0.024390243902439025,0.17543859649122806,0.19298245614035087,0.08771929824561403,0.05263157894736842,0.2693691366666666,96.51133333333334,L,0.023529411764705882,0.047058823529411764,0.18823529411764706,0.4690265486725664,0.17647058823529413,0.12941176470588237,0.316587210921325,103.1025,13.0,R,0.0,0.0,0.0,0.03,0.06,0.0,0,Truist Park,86.1,44.0,7.2,0.0,0.0,1.0995169082125604,0.08031097728162992,1145,,,,,,,,0.5,,,PASS
823821,2026-09-08 22:40:00+00:00,NYM,MIA,MIA,NYM,1,640459,Brian Navarreto,confirmed,9.0,3.7,640455,0.02127659574468085,0.0425531914893617,0.03278688524590164,0.14893617021276595,0.10638297872340426,0.3404255319148936,0.0425531914893617,0.16299956111111108,86.40928571428572,0.02127659574468085,0.0425531914893617,0.03278688524590164,0.14893617021276595,0.10638297872340426,0.3404255319148936,0.0425531914893617,0.16299956111111108,86.40928571428572,R,0.0431266846361186,0.08355795148247978,0.20485175202156333,0.542910447761194,0.20754716981132076,0.0646900269541779,0.34615765021655853,101.914,16.8,L,0.0,0.0,0.0,0.03,0.06,0.0,0,loanDepot park,83.0,82.0,4.3,0.0,0.5,0.814456969046341,0.07999504269903547,1150,,,,,,,,0.5,,,PASS
823821,2026-09-08 22:40:00+00:00,NYM,MIA,NYM,MIA,0,543760,Marcus Semien,confirmed,6.0,4.15,645261,0.03319502074688797,0.029045643153526972,0.0220125786163522,0.15767634854771784,0.22406639004149378,0.2033195020746888,0.0912863070539419,0.28984031972222224,94.50483333333332,0.0,0.01639344262295082,0.0125,0.14754098360655737,0.22950819672131148,0.09836065573770492,0.09836065573770492,0.32076769111111114,94.48933333333335,R,0.01728395061728395,0.027160493827160494,0.13580246913580246,0.5530035335689046,0.17530864197530865,0.0691358024691358,0.2799739363632436,99.85733333333334,19.466666666666665,R,2.0,0.0,0.0,0.02857142857142857,0.05714285714285714,0.047619047619047616,1,loanDepot park,83.0,82.0,4.3,0.0,0.5,0.814456969046341,0.07981586602257705,1153,,,,,,,,0.5,,,PASS
824957,2026-09-09 01:40:00+00:00,TOR,ATH,ATH,TOR,1,641680,Jonah Heim,confirmed,9.0,3.7,667755,0.028112449799196786,0.04417670682730924,0.030303030303030304,0.1646586345381526,0.30522088353413657,0.1927710843373494,0.06827309236947791,0.28636877749999995,95.82216666666666,0.03225806451612903,0.03225806451612903,0.019230769230769232,0.1774193548387097,0.3225806451612903,0.1774193548387097,0.06451612903225806,0.24975029444444447,96.236,L,0.020588235294117647,0.04411764705882353,0.12058823529411765,0.35362997658079626,0.19411764705882353,0.09411764705882353,0.3314063922752612,101.46933333333335,15.6,R,0.0,0.0,0.0,0.03,0.06,0.0,0,Sutter Health Park,87.9,22.0,4.8,0.0,0.0,1.3020594965675056,0.07977160190972978,1154,,,,,,,,0.5,,,PASS
823500,2026-09-08 23:05:00+00:00,COL,NYY,COL,NYY,0,691720,Kyle Karros,confirmed,6.0,4.15,693645,0.03333333333333333,0.0625,0.046875,0.14583333333333334,0.2708333333333333,0.17916666666666667,0.10833333333333334,0.3316699011111111,96.08483333333334,0.015873015873015872,0.031746031746031744,0.021739130434782608,0.09523809523809523,0.36507936507936506,0.19047619047619047,0.09523809523809523,0.32238811777777787,93.38733333333334,R,0.030555555555555555,0.05,0.14166666666666666,0.5684210526315789,0.33611111111111114,0.07777777777777778,0.2805684873514499,97.82933333333332,17.933333333333334,R,0.0,0.0,0.0,0.03,0.06,0.0,1,Yankee Stadium,78.0,41.0,2.3,0.0,0.0,1.1814984320705144,0.0796462655145426,1156,,,,,,,,0.5,,,PASS
823174,2026-09-09 01:45:00+00:00,STL,SF,SF,STL,1,668800,Andrew Knizner,confirmed,6.0,4.15,687273,0.02857142857142857,0.05714285714285714,0.05263157894736842,0.11428571428571428,0.11428571428571428,0.22857142857142856,0.05714285714285714,0.2582929696969697,93.34818181818183,0.02857142857142857,0.05714285714285714,0.05263157894736842,0.11428571428571428,0.11428571428571428,0.22857142857142856,0.05714285714285714,0.2582929696969697,93.34818181818183,R,0.008928571428571428,0.008928571428571428,0.16071428571428573,0.5033112582781457,0.21428571428571427,0.10714285714285714,0.2811590786445013,101.676,14.8,L,0.0,0.0,0.0,0.03,0.06,0.0,0,Oracle Park,67.8,73.0,13.3,0.0,0.0,0.7957030256801424,0.07942610498550257,1159,,,,,,,,0.5,,,PASS
824228,2026-09-08 22:40:00+00:00,MIN,DET,MIN,DET,0,807712,Luke Keaschall,confirmed,1.0,4.75,623454,0.028225806451612902,0.028225806451612902,0.022950819672131147,0.14516129032258066,0.2661290322580645,0.14112903225806453,0.0967741935483871,0.3325651594444445,94.59457627118644,0.02857142857142857,0.05714285714285714,0.039603960396039604,0.17142857142857143,0.2857142857142857,0.11428571428571428,0.07142857142857142,0.349322118888889,96.56866666666664,R,0.027210884353741496,0.04081632653061224,0.1360544217687075,0.47282608695652173,0.23809523809523808,0.11564625850340136,0.3092441582004597,99.42875,13.0,R,4.0,0.0,0.0,0.02727272727272727,0.05454545454545454,0.09090909090909091,1,Comerica Park,77.9,60.0,5.8,0.0,0.0,0.7940955448201825,0.0793814861943082,1160,,,,,,,,0.5,,,PASS
823901,2026-09-09 02:10:00+00:00,CIN,LAD,LAD,CIN,1,500743,Miguel Rojas,confirmed,6.0,4.15,666157,0.011976047904191617,0.04790419161676647,0.03571428571428571,0.1497005988023952,0.24550898203592814,0.12574850299401197,0.04790419161676647,0.31749808605442176,94.43755102040815,0.0,0.0,0.0,0.10204081632653061,0.2857142857142857,0.16326530612244897,0.061224489795918366,0.26218318888888886,93.06600000000002,R,0.038011695906432746,0.05847953216374269,0.2134502923976608,0.525,0.1783625730994152,0.09064327485380116,0.36699620417007617,101.89800000000001,14.933333333333334,L,0.0,0.0,0.0,0.03,0.06,0.0,0,UNIQLO Field at Dodger Stadium,72.0,55.0,7.0,0.0,0.0,0.995939228453406,0.0786534103264941,1171,,,,,,,,0.5,,,PASS
824714,2026-09-08 22:45:00+00:00,LAA,BOS,BOS,LAA,1,657136,Connor Wong,confirmed,9.0,3.7,672282,0.013888888888888888,0.027777777777777776,0.02247191011235955,0.14814814814814814,0.19444444444444445,0.23148148148148148,0.0787037037037037,0.26807951694444443,95.154,0.03508771929824561,0.03508771929824561,0.030303030303030304,0.10526315789473684,0.19298245614035087,0.2631578947368421,0.017543859649122806,0.2606222933333333,96.02866666666665,R,0.03216374269005848,0.05263157894736842,0.17543859649122806,0.5033112582781457,0.27485380116959063,0.05847953216374269,0.2923187646386136,101.89466666666665,17.6,L,0.0,0.0,0.0,0.03,0.06,0.0,0,Fenway Park,69.6,67.0,2.0,0.0,0.0,1.1739633655394526,0.07844470589732745,1175,,,,,,,,0.5,,,PASS
824063,2026-09-08 23:40:00+00:00,ARI,KC,ARI,KC,0,545121,Ildemaro Vargas,confirmed,8.0,3.85,608379,0.004081632653061225,0.0163265306122449,0.011428571428571429,0.1306122448979592,0.23265306122448978,0.11020408163265306,0.05714285714285714,0.26565129305555557,96.42616666666666,0.0,0.0,0.0,0.08333333333333333,0.3,0.11666666666666667,0.016666666666666666,0.23137166666666664,95.57066666666668,R,0.03896103896103896,0.05194805194805195,0.2051948051948052,0.5575868372943327,0.1974025974025974,0.046753246753246755,0.29404445695313997,99.66999999999999,18.866666666666667,R,0.0,0.0,0.0,0.03,0.06,0.0,1,Kauffman Stadium,97.3,30.0,8.1,0.0,0.0,1.0537037037037036,0.07837894921532165,1176,,,,,,,,0.5,,,PASS
824714,2026-09-08 22:45:00+00:00,LAA,BOS,BOS,LAA,1,655316,Andruw Monasterio,confirmed,7.0,4.0,672282,0.02109704641350211,0.05063291139240506,0.03560830860534125,0.16455696202531644,0.29535864978902954,0.18143459915611815,0.0759493670886076,0.29125263888888886,93.43433333333334,0.0,0.016129032258064516,0.010309278350515464,0.16129032258064516,0.20967741935483872,0.12903225806451613,0.04838709677419355,0.22572370000000003,93.26733333333335,R,0.03216374269005848,0.05263157894736842,0.17543859649122806,0.5033112582781457,0.27485380116959063,0.05847953216374269,0.2923187646386136,101.89466666666665,17.6,L,3.0,0.0,1.0,0.027906976744186046,0.07906976744186046,0.06976744186046512,0,Fenway Park,69.6,67.0,2.0,0.0,0.0,1.1739633655394526,0.07801704467518004,1182,,,,,,,,0.5,,,PASS
823092,2026-09-09 01:40:00+00:00,TEX,SEA,SEA,TEX,1,647304,Josh Naylor,confirmed,6.0,4.15,615698,0.007905138339920948,0.02766798418972332,0.020114942528735632,0.1225296442687747,0.2134387351778656,0.1225296442687747,0.06719367588932806,0.30339528055555554,95.92500000000001,0.0,0.015873015873015872,0.01,0.1111111111111111,0.20634920634920634,0.14285714285714285,0.031746031746031744,0.2460223377777778,93.57066666666667,L,0.03187250996015936,0.05179282868525897,0.11553784860557768,0.543859649122807,0.21115537848605578,0.043824701195219126,0.2774684361500919,99.49166666666666,15.75,R,1.0,0.0,0.0,0.029268292682926828,0.058536585365853655,0.024390243902439025,0,T-Mobile Park,65.4,67.0,5.4,0.0,0.5,1.3743961352657004,0.07778916756778385,1186,,,,,,,,0.5,,,PASS
824063,2026-09-08 23:40:00+00:00,ARI,KC,KC,ARI,1,683090,Matthew Lugo,confirmed,8.0,3.85,669203,0.0,0.0,0.0,0.0,0.0,0.4,0.0,0.08283333333333333,92.075,0.0,0.0,0.0,0.0,0.0,0.4,0.0,0.08283333333333333,92.075,R,,,,,,,,,,,0.0,0.0,0.0,0.03,0.06,0.0,0,Kauffman Stadium,97.3,30.0,8.1,0.0,0.0,1.0537037037037036,0.07775857541122655,1186,,,,,,,,0.5,,,PASS
824714,2026-09-08 22:45:00+00:00,LAA,BOS,BOS,LAA,1,642201,Eli White,confirmed,8.0,3.85,672282,0.040268456375838924,0.04697986577181208,0.03125,0.16778523489932887,0.28187919463087246,0.22818791946308725,0.04697986577181208,0.2673408804964539,92.89680851063831,0.018867924528301886,0.03773584905660377,0.021505376344086023,0.1509433962264151,0.33962264150943394,0.22641509433962265,0.05660377358490566,0.2591837322222222,93.08333333333333,R,0.03216374269005848,0.05263157894736842,0.17543859649122806,0.5033112582781457,0.27485380116959063,0.05847953216374269,0.2923187646386136,101.89466666666665,17.6,L,0.0,0.0,0.0,0.03,0.06,0.0,0,Fenway Park,69.6,67.0,2.0,0.0,0.0,1.1739633655394526,0.07770833805847852,1187,,,,,,,,0.5,,,PASS
823092,2026-09-09 01:40:00+00:00,TEX,SEA,SEA,TEX,1,641487,J.P. Crawford,confirmed,5.0,4.3,615698,0.01968503937007874,0.027559055118110236,0.02147239263803681,0.11811023622047244,0.23228346456692914,0.23228346456692914,0.12598425196850394,0.30249765972222226,94.15116666666667,0.0,0.0,0.0,0.1016949152542373,0.2033898305084746,0.22033898305084745,0.1694915254237288,0.2586835388888889,92.682,L,0.03187250996015936,0.05179282868525897,0.11553784860557768,0.543859649122807,0.21115537848605578,0.043824701195219126,0.2774684361500919,99.49166666666666,15.75,R,2.0,0.0,1.0,0.02857142857142857,0.08095238095238096,0.047619047619047616,0,T-Mobile Park,65.4,67.0,5.4,0.0,0.5,1.3743961352657004,0.07675081595659125,1203,,,,,,,,0.5,,,PASS
823738,2026-09-08 23:40:00+00:00,CHC,MIL,MIL,CHC,1,800325,Luis Lara,confirmed,6.0,4.15,656849,0.006756756756756757,0.033783783783783786,0.02577319587628866,0.14189189189189189,0.2635135135135135,0.20945945945945946,0.10135135135135136,0.30530276805555556,94.93916666666668,0.015151515151515152,0.030303030303030304,0.02127659574468085,0.13636363636363635,0.24242424242424243,0.22727272727272727,0.07575757575757576,0.2981221333333333,96.88066666666667,R,0.02616279069767442,0.040697674418604654,0.15988372093023256,0.4113636363636364,0.19186046511627908,0.10465116279069768,0.34422381115004236,100.32866666666668,14.933333333333334,L,2.0,0.0,0.0,0.02857142857142857,0.05714285714285714,0.047619047619047616,0,American Family Field,74.9,65.0,4.2,0.0,0.5,0.9162640901771336,0.07655143460219302,1206,,,,,,,,0.5,,,PASS
823092,2026-09-09 01:40:00+00:00,TEX,SEA,SEA,TEX,1,702284,Cole Young,confirmed,7.0,4.0,615698,0.036290322580645164,0.03225806451612903,0.0226628895184136,0.14516129032258066,0.25,0.1693548387096774,0.06451612903225806,0.29875441500000005,95.10266666666666,0.015873015873015872,0.031746031746031744,0.025,0.1111111111111111,0.19047619047619047,0.20634920634920634,0.09523809523809523,0.2643156477777778,90.12133333333334,L,0.03187250996015936,0.05179282868525897,0.11553784860557768,0.543859649122807,0.21115537848605578,0.043824701195219126,0.2774684361500919,99.49166666666666,15.75,R,2.0,0.0,0.0,0.02857142857142857,0.05714285714285714,0.047619047619047616,0,T-Mobile Park,65.4,67.0,5.4,0.0,0.5,1.3743961352657004,0.07588323946023455,1218,,,,,,,,0.5,,,PASS
824714,2026-09-08 22:45:00+00:00,LAA,BOS,LAA,BOS,0,694203,Denzer Guzman,confirmed,8.0,3.85,663776,0.021929824561403508,0.03508771929824561,0.026755852842809364,0.11842105263157894,0.2675438596491228,0.2543859649122807,0.05263157894736842,0.2682875891812866,94.01157894736842,0.0,0.03508771929824561,0.02857142857142857,0.14035087719298245,0.21052631578947367,0.2982456140350877,0.03508771929824561,0.22682017777777777,93.026,R,0.02643171806167401,0.048458149779735685,0.14977973568281938,0.5357142857142857,0.22026431718061673,0.11013215859030837,0.34722485531300806,99.808,14.4,L,0.0,0.0,0.0,0.03,0.06,0.0,0,Fenway Park,69.6,67.0,2.0,0.0,0.0,1.1739633655394526,0.0758454436802249,1218,,,,,,,,0.5,,,PASS
823500,2026-09-08 23:05:00+00:00,COL,NYY,COL,NYY,0,691182,Adael Amador,confirmed,7.0,4.0,693645,0.0625,0.0625,0.0425531914893617,0.125,0.34375,0.125,0.125,0.28084071875000005,94.9025,0.0625,0.0625,0.0425531914893617,0.125,0.34375,0.125,0.125,0.28084071875000005,94.9025,L,0.030555555555555555,0.05,0.14166666666666666,0.5684210526315789,0.33611111111111114,0.07777777777777778,0.2805684873514499,97.82933333333332,17.933333333333334,R,0.0,0.0,0.0,0.03,0.06,0.0,0,Yankee Stadium,78.0,41.0,2.3,0.0,0.0,1.1814984320705144,0.07567709690956433,1221,,,,,,,,0.5,,,PASS
823174,2026-09-09 01:45:00+00:00,STL,SF,SF,STL,1,806367,Turner Hill,confirmed,5.0,4.3,687273,0.0,0.030303030303030304,0.02564102564102564,0.15151515151515152,0.22727272727272727,0.13636363636363635,0.12121212121212122,0.3187218770833333,95.174375,0.0,0.03225806451612903,0.02702702702702703,0.14516129032258066,0.22580645161290322,0.12903225806451613,0.12903225806451613,0.32995333555555556,95.17933333333333,L,0.008928571428571428,0.008928571428571428,0.16071428571428573,0.5033112582781457,0.21428571428571427,0.10714285714285714,0.2811590786445013,101.676,14.8,L,0.0,0.0,0.0,0.03,0.06,0.0,1,Oracle Park,67.8,73.0,13.3,0.0,0.0,0.7957030256801424,0.07543854979980436,1226,,,,,,,,0.5,,,PASS
824957,2026-09-09 01:40:00+00:00,TOR,ATH,ATH,TOR,1,622268,Donovan Walton,confirmed,7.0,4.0,667755,0.021052631578947368,0.031578947368421054,0.023166023166023165,0.17894736842105263,0.25263157894736843,0.1631578947368421,0.11052631578947368,0.3148610006535948,92.82352941176471,0.017857142857142856,0.03571428571428571,0.029411764705882353,0.16071428571428573,0.23214285714285715,0.14285714285714285,0.14285714285714285,0.3321031888888889,93.07666666666667,L,0.020588235294117647,0.04411764705882353,0.12058823529411765,0.35362997658079626,0.19411764705882353,0.09411764705882353,0.3314063922752612,101.46933333333335,15.6,R,0.0,0.0,0.0,0.03,0.06,0.0,0,Sutter Health Park,87.9,22.0,4.8,0.0,0.0,1.3020594965675056,0.07481274020809692,1237,,,,,,,,0.5,,,PASS
823500,2026-09-08 23:05:00+00:00,COL,NYY,COL,NYY,0,691728,Zac Veen,confirmed,8.0,3.85,693645,0.0625,0.09375,0.08333333333333333,0.125,0.25,0.34375,0.125,0.3301906439393939,91.30454545454546,0.0625,0.09375,0.08333333333333333,0.125,0.25,0.34375,0.125,0.3301906439393939,91.30454545454546,L,0.030555555555555555,0.05,0.14166666666666666,0.5684210526315789,0.33611111111111114,0.07777777777777778,0.2805684873514499,97.82933333333332,17.933333333333334,R,0.0,0.0,0.0,0.03,0.06,0.0,0,Yankee Stadium,78.0,41.0,2.3,0.0,0.0,1.1814984320705144,0.0745932046269825,1241,,,,,,,,0.5,,,PASS
824228,2026-09-08 22:40:00+00:00,MIN,DET,MIN,DET,0,805805,Walker Jenkins,confirmed,9.0,3.7,623454,0.02857142857142857,0.02857142857142857,0.025,0.2,0.14285714285714285,0.22857142857142856,0.14285714285714285,0.2664851981481482,93.72888888888889,0.02857142857142857,0.02857142857142857,0.025,0.2,0.14285714285714285,0.22857142857142856,0.14285714285714285,0.2664851981481482,93.72888888888889,L,0.027210884353741496,0.04081632653061224,0.1360544217687075,0.47282608695652173,0.23809523809523808,0.11564625850340136,0.3092441582004597,99.42875,13.0,R,2.0,0.0,0.0,0.02857142857142857,0.05714285714285714,0.047619047619047616,0,Comerica Park,77.9,60.0,5.8,0.0,0.0,0.7940955448201825,0.07417548800447957,1248,,,,,,,,0.5,,,PASS
824551,2026-09-08 23:40:00+00:00,PIT,CWS,CWS,PIT,1,805367,Chase Meidroth,confirmed,8.0,3.85,696149,0.02390438247011952,0.02390438247011952,0.018575851393188854,0.14741035856573706,0.2549800796812749,0.18326693227091634,0.11155378486055777,0.29768904587301587,94.01366666666665,0.0,0.0,0.0,0.14285714285714285,0.20634920634920634,0.15873015873015872,0.09523809523809523,0.27362577555555556,90.878,R,0.01488095238095238,0.023809523809523808,0.1636904761904762,0.5010799136069114,0.18452380952380953,0.09821428571428571,0.2999126360662237,100.19733333333332,15.533333333333333,R,0.0,0.0,0.0,0.03,0.06,0.0,1,Rate Field,78.8,43.0,6.7,0.0,0.0,1.3020594965675056,0.07330904481510937,1264,,,,,,,,0.5,,,PASS
823738,2026-09-08 23:40:00+00:00,CHC,MIL,CHC,MIL,0,807713,Matt Shaw,confirmed,7.0,4.0,694819,0.036231884057971016,0.036231884057971016,0.02564102564102564,0.17391304347826086,0.34782608695652173,0.18115942028985507,0.09420289855072464,0.2994266878378379,94.20351351351353,0.03278688524590164,0.03278688524590164,0.024691358024691357,0.16393442622950818,0.3442622950819672,0.18032786885245902,0.13114754098360656,0.30251054111111114,94.54266666666668,R,0.028985507246376812,0.02608695652173913,0.12753623188405797,0.5419664268585132,0.3681159420289855,0.057971014492753624,0.21459944590483784,98.54599999999999,18.133333333333333,R,4.0,0.0,0.0,0.02727272727272727,0.05454545454545454,0.09090909090909091,1,American Family Field,74.9,65.0,4.2,0.0,0.5,0.9162640901771336,0.07318562083568898,1266,,,,,,,,0.5,,,PASS
824063,2026-09-08 23:40:00+00:00,ARI,KC,ARI,KC,0,814439,Ryan Waldschmidt,confirmed,9.0,3.7,608379,0.009009009009009009,0.02702702702702703,0.02586206896551724,0.11711711711711711,0.21171171171171171,0.3063063063063063,0.07207207207207207,0.2801887488888889,92.48966101694914,0.0,0.019230769230769232,0.018518518518518517,0.09615384615384616,0.15384615384615385,0.2692307692307692,0.11538461538461539,0.2694262333333333,89.55999999999999,R,0.03896103896103896,0.05194805194805195,0.2051948051948052,0.5575868372943327,0.1974025974025974,0.046753246753246755,0.29404445695313997,99.66999999999999,18.866666666666667,R,0.0,0.0,0.0,0.03,0.06,0.0,1,Kauffman Stadium,97.3,30.0,8.1,0.0,0.0,1.0537037037037036,0.0731006450882184,1268,,,,,,,,0.5,,,PASS
824228,2026-09-08 22:40:00+00:00,MIN,DET,DET,MIN,1,703601,Max Clark,confirmed,7.0,4.0,665152,0.015037593984962405,0.007518796992481203,0.005263157894736842,0.17293233082706766,0.2857142857142857,0.23308270676691728,0.07518796992481203,0.3054541833333333,94.73515151515153,0.01818181818181818,0.0,0.0,0.16363636363636364,0.21818181818181817,0.2545454545454545,0.09090909090909091,0.3238504833333334,93.46733333333333,L,0.05338078291814947,0.060498220640569395,0.22419928825622776,0.5285714285714286,0.23487544483985764,0.08540925266903915,0.3296962451310783,101.03846153846156,15.153846153846153,R,2.0,0.0,0.0,0.02857142857142857,0.05714285714285714,0.047619047619047616,0,Comerica Park,77.9,60.0,5.8,0.0,0.0,0.7940955448201825,0.07259895931768395,1277,,,,,,,,0.5,,,PASS
824228,2026-09-08 22:40:00+00:00,MIN,DET,MIN,DET,0,701785,Kaelen Culpepper,confirmed,8.0,3.85,623454,0.028846153846153848,0.028846153846153848,0.02040816326530612,0.20192307692307693,0.23076923076923078,0.19230769230769232,0.057692307692307696,0.3244523333333334,95.76923076923077,0.03278688524590164,0.03278688524590164,0.021052631578947368,0.22950819672131148,0.2786885245901639,0.11475409836065574,0.06557377049180328,0.32556632222222226,96.15133333333333,R,0.027210884353741496,0.04081632653061224,0.1360544217687075,0.47282608695652173,0.23809523809523808,0.11564625850340136,0.3092441582004597,99.42875,13.0,R,2.0,0.0,0.0,0.02857142857142857,0.05714285714285714,0.047619047619047616,1,Comerica Park,77.9,60.0,5.8,0.0,0.0,0.7940955448201825,0.07189576654059604,1291,,,,,,,,0.5,,,PASS
823500,2026-09-08 23:05:00+00:00,COL,NYY,COL,NYY,0,681198,TJ Rumfield,confirmed,3.0,4.55,693645,0.01532567049808429,0.02681992337164751,0.019390581717451522,0.10727969348659004,0.2681992337164751,0.13409961685823754,0.1417624521072797,0.33122254138888885,92.32016666666667,0.030303030303030304,0.06060606060606061,0.042105263157894736,0.16666666666666666,0.24242424242424243,0.09090909090909091,0.25757575757575757,0.40987906555555553,95.26466666666668,L,0.030555555555555555,0.05,0.14166666666666666,0.5684210526315789,0.33611111111111114,0.07777777777777778,0.2805684873514499,97.82933333333332,17.933333333333334,R,0.0,0.0,0.0,0.03,0.06,0.0,0,Yankee Stadium,78.0,41.0,2.3,0.0,0.0,1.1814984320705144,0.07140650326639063,1300,,,,,,,,0.5,,,PASS
824714,2026-09-08 22:45:00+00:00,LAA,BOS,LAA,BOS,0,518595,Travis d'Arnaud,confirmed,9.0,3.7,663776,0.015384615384615385,0.06153846153846154,0.04938271604938271,0.07692307692307693,0.16923076923076924,0.27692307692307694,0.07692307692307693,0.23863202028985506,91.16869565217392,0.027777777777777776,0.05555555555555555,0.041666666666666664,0.05555555555555555,0.16666666666666666,0.3611111111111111,0.05555555555555555,0.19680191111111112,90.92133333333332,R,0.02643171806167401,0.048458149779735685,0.14977973568281938,0.5357142857142857,0.22026431718061673,0.11013215859030837,0.34722485531300806,99.808,14.4,L,0.0,0.0,0.0,0.03,0.06,0.0,0,Fenway Park,69.6,67.0,2.0,0.0,0.0,1.1739633655394526,0.07132177193806975,1302,,,,,,,,0.5,,,PASS
824875,2026-09-08 23:15:00+00:00,TB,ATL,TB,ATL,0,689414,Liam Hicks,confirmed,4.0,4.45,700363,0.019305019305019305,0.023166023166023165,0.018461538461538463,0.09266409266409266,0.17374517374517376,0.09266409266409266,0.09652509652509653,0.3121270627777778,92.70166666666665,0.018867924528301886,0.018867924528301886,0.014492753623188406,0.11320754716981132,0.16981132075471697,0.11320754716981132,0.07547169811320754,0.31837893888888885,92.68933333333332,L,0.023529411764705882,0.047058823529411764,0.18823529411764706,0.4690265486725664,0.17647058823529413,0.12941176470588237,0.316587210921325,103.1025,13.0,R,0.0,0.0,0.0,0.03,0.06,0.0,0,Truist Park,86.1,44.0,7.2,0.0,0.0,1.0995169082125604,0.0711238505087527,1306,,,,,,,,0.5,,,PASS
823738,2026-09-08 23:40:00+00:00,CHC,MIL,CHC,MIL,0,665804,Miguel Amaya,confirmed,9.0,3.7,694819,0.018604651162790697,0.037209302325581395,0.029411764705882353,0.1813953488372093,0.20930232558139536,0.26976744186046514,0.09302325581395349,0.2873701297222223,92.88474576271187,0.038461538461538464,0.038461538461538464,0.03333333333333333,0.15384615384615385,0.25,0.34615384615384615,0.09615384615384616,0.24738282888888882,90.98533333333333,R,0.028985507246376812,0.02608695652173913,0.12753623188405797,0.5419664268585132,0.3681159420289855,0.057971014492753624,0.21459944590483784,98.54599999999999,18.133333333333333,R,4.0,0.0,0.0,0.02727272727272727,0.05454545454545454,0.09090909090909091,1,American Family Field,74.9,65.0,4.2,0.0,0.5,0.9162640901771336,0.0681789561617935,1367,,,,,,,,0.5,,,PASS
824875,2026-09-08 23:15:00+00:00,TB,ATL,ATL,TB,1,643289,Mauricio Dubón,confirmed,5.0,4.3,642547,0.012244897959183673,0.0163265306122449,0.009900990099009901,0.08571428571428572,0.3346938775510204,0.08571428571428572,0.04897959183673469,0.2849478441666667,93.71249999999999,0.01694915254237288,0.01694915254237288,0.009708737864077669,0.1016949152542373,0.3050847457627119,0.06779661016949153,0.03389830508474576,0.25514645555555554,91.35533333333333,R,0.041916167664670656,0.04491017964071856,0.17065868263473055,0.5773420479302832,0.19760479041916168,0.0718562874251497,0.302661365560062,99.05799999999999,14.8,R,6.0,0.0,0.0,0.02608695652173913,0.05217391304347826,0.13043478260869565,1,Truist Park,86.1,44.0,7.2,0.0,0.0,1.0995169082125604,0.06780396707238909,1375,,,,,,,,0.5,,,PASS
823901,2026-09-09 02:10:00+00:00,CIN,LAD,CIN,LAD,0,624431,Jose Trevino,confirmed,7.0,4.0,669373,0.03787878787878788,0.022727272727272728,0.01818181818181818,0.08333333333333333,0.20454545454545456,0.1893939393939394,0.007575757575757576,0.21338023684210528,93.1392105263158,0.038461538461538464,0.019230769230769232,0.013333333333333334,0.11538461538461539,0.28846153846153844,0.21153846153846154,0.0,0.19864777777777778,94.14200000000001,R,0.028089887640449437,0.05056179775280899,0.15168539325842698,0.5472103004291845,0.3202247191011236,0.0449438202247191,0.2589464919338686,98.38799999999998,17.666666666666668,L,0.0,0.0,0.0,0.03,0.06,0.0,0,UNIQLO Field at Dodger Stadium,72.0,55.0,7.0,0.0,0.0,0.995939228453406,0.06650724954645354,1404,,,,,,,,0.5,,,PASS
823250,2026-09-09 01:40:00+00:00,WSH,SD,SD,WSH,1,666023,Freddy Fermin,confirmed,9.0,3.7,683000,0.019230769230769232,0.03365384615384615,0.024822695035460994,0.17307692307692307,0.21153846153846154,0.20192307692307693,0.07211538461538461,0.27611961777777777,91.71796610169491,0.0,0.02040816326530612,0.017241379310344827,0.20408163265306123,0.1836734693877551,0.2857142857142857,0.02040816326530612,0.2782082666666667,91.5992857142857,R,,,,,,,,,,,0.0,0.0,0.0,0.03,0.06,0.0,0,Petco Park,85.2,48.0,10.5,0.0,0.0,0.9579124579124578,0.06629490663579661,1408,,,,,,,,0.5,,,PASS
823500,2026-09-08 23:05:00+00:00,COL,NYY,COL,NYY,0,678662,Ezequiel Tovar,confirmed,9.0,3.7,693645,0.02843601895734597,0.02843601895734597,0.018404907975460124,0.13270142180094788,0.3127962085308057,0.2559241706161137,0.05687203791469194,0.23717919388888886,92.28474576271185,0.02127659574468085,0.0425531914893617,0.027777777777777776,0.14893617021276595,0.2765957446808511,0.3191489361702128,0.06382978723404255,0.2792932822222222,90.52333333333334,R,0.030555555555555555,0.05,0.14166666666666666,0.5684210526315789,0.33611111111111114,0.07777777777777778,0.2805684873514499,97.82933333333332,17.933333333333334,R,0.0,0.0,0.0,0.03,0.06,0.0,1,Yankee Stadium,78.0,41.0,2.3,0.0,0.0,1.1814984320705144,0.06413310706622276,1459,,,,,,,,0.5,,,PASS
823174,2026-09-09 01:45:00+00:00,STL,SF,SF,STL,1,687529,Grant McCray,confirmed,8.0,3.85,687273,0.029850746268656716,0.07462686567164178,0.06666666666666667,0.1044776119402985,0.13432835820895522,0.26865671641791045,0.1044776119402985,0.2887817850877193,88.2578947368421,0.018518518518518517,0.07407407407407407,0.06451612903225806,0.1111111111111111,0.1111111111111111,0.25925925925925924,0.1111111111111111,0.2883709944444445,91.70933333333332,L,0.008928571428571428,0.008928571428571428,0.16071428571428573,0.5033112582781457,0.21428571428571427,0.10714285714285714,0.2811590786445013,101.676,14.8,L,0.0,0.0,0.0,0.03,0.06,0.0,1,Oracle Park,67.8,73.0,13.3,0.0,0.0,0.7957030256801424,0.06224622877012316,1507,,,,,,,,0.5,,,PASS
824063,2026-09-08 23:40:00+00:00,ARI,KC,KC,ARI,1,664728,Kyle Isbel,confirmed,9.0,3.7,669203,0.018691588785046728,0.014018691588785047,0.010752688172043012,0.11214953271028037,0.21495327102803738,0.20093457943925233,0.0514018691588785,0.26320209,93.93966666666668,0.03571428571428571,0.017857142857142856,0.014705882352941176,0.08928571428571429,0.14285714285714285,0.21428571428571427,0.05357142857142857,0.2783858,93.87733333333334,L,,,,,,,,,,,0.0,0.0,0.0,0.03,0.06,0.0,0,Kauffman Stadium,97.3,30.0,8.1,0.0,0.0,1.0537037037037036,0.061902318091956815,1515,,,,,,,,0.5,,,PASS
823901,2026-09-09 02:10:00+00:00,CIN,LAD,LAD,CIN,1,669743,Alex Call,confirmed,7.0,4.0,666157,0.007462686567164179,0.014925373134328358,0.011299435028248588,0.09701492537313433,0.23134328358208955,0.20149253731343283,0.13432835820895522,0.2765113533333333,91.1202857142857,0.019230769230769232,0.019230769230769232,0.014492753623188406,0.057692307692307696,0.28846153846153844,0.2692307692307692,0.11538461538461539,0.24990257777777777,90.17333333333333,R,0.038011695906432746,0.05847953216374269,0.2134502923976608,0.525,0.1783625730994152,0.09064327485380116,0.36699620417007617,101.89800000000001,14.933333333333334,L,0.0,0.0,0.0,0.03,0.06,0.0,0,UNIQLO Field at Dodger Stadium,72.0,55.0,7.0,0.0,0.0,0.995939228453406,0.06187730551161579,1516,,,,,,,,0.5,,,PASS
823738,2026-09-08 23:40:00+00:00,CHC,MIL,CHC,MIL,0,621438,Tyrone Taylor,confirmed,8.0,3.85,694819,0.04819277108433735,0.07228915662650602,0.05357142857142857,0.18674698795180722,0.2891566265060241,0.16265060240963855,0.06626506024096386,0.31356267857142855,94.2487755102041,0.02,0.04,0.02631578947368421,0.2,0.34,0.12,0.08,0.34637296111111116,91.81400000000001,R,0.028985507246376812,0.02608695652173913,0.12753623188405797,0.5419664268585132,0.3681159420289855,0.057971014492753624,0.21459944590483784,98.54599999999999,18.133333333333333,R,2.0,0.0,0.0,0.02857142857142857,0.05714285714285714,0.047619047619047616,1,American Family Field,74.9,65.0,4.2,0.0,0.5,0.9162640901771336,0.05990209624885631,1569,,,,,,,,0.5,,,PASS
824551,2026-09-08 23:40:00+00:00,PIT,CWS,PIT,CWS,0,663968,Jake Mangum,confirmed,9.0,3.7,680732,0.011406844106463879,0.019011406844106463,0.013089005235602094,0.08745247148288973,0.27756653992395436,0.21292775665399238,0.049429657794676805,0.2887709494444444,93.84333333333333,0.0,0.017543859649122806,0.013333333333333334,0.07017543859649122,0.19298245614035087,0.24561403508771928,0.07017543859649122,0.2861928166666666,90.99066666666666,R,0.029154518950437316,0.04664723032069971,0.1749271137026239,0.5665236051502146,0.2857142857142857,0.09329446064139942,0.2849190562272135,100.33999999999997,16.4,R,0.0,0.0,0.0,0.03,0.06,0.0,1,Rate Field,78.8,43.0,6.7,0.0,0.0,1.3020594965675056,0.058861981387547495,1599,,,,,,,,0.5,,,PASS
823414,2026-09-08 22:40:00+00:00,HOU,PHI,PHI,HOU,1,702222,Justin Crawford,confirmed,9.0,3.7,669713,0.0,0.009615384615384616,0.006472491909385114,0.1346153846153846,0.2548076923076923,0.15384615384615385,0.052884615384615384,0.28243819388888886,94.99593220338983,0.0,0.0,0.0,0.14285714285714285,0.24489795918367346,0.12244897959183673,0.061224489795918366,0.24736814444444447,95.64533333333335,L,0.012658227848101266,0.04430379746835443,0.189873417721519,0.47058823529411764,0.2088607594936709,0.08860759493670886,0.2973295582884748,101.11,17.0,R,0.0,0.0,0.0,0.03,0.06,0.0,0,Citizens Bank Park,78.8,50.0,4.8,0.0,0.0,0.9432130340058728,0.05763781714665801,1635,,,,,,,,0.5,,,PASS
823250,2026-09-09 01:40:00+00:00,WSH,SD,WSH,SD,0,678391,Jorbit Vivas,confirmed,8.0,3.85,663554,0.013574660633484163,0.027149321266968326,0.021352313167259787,0.11312217194570136,0.3031674208144796,0.11312217194570136,0.14027149321266968,0.3155499675,91.46666666666668,0.0,0.03571428571428571,0.0273972602739726,0.05357142857142857,0.2857142857142857,0.07142857142857142,0.16071428571428573,0.32784218888888894,90.66066666666666,L,0.034482758620689655,0.05956112852664577,0.21003134796238246,0.5694760820045558,0.19122257053291536,0.05329153605015674,0.29399356242022795,99.93133333333334,15.066666666666666,R,0.0,0.0,0.0,0.03,0.06,0.0,0,Petco Park,85.2,48.0,10.5,0.0,0.0,0.9579124579124578,0.055562227662432476,1700,,,,,,,,0.5,,,PASS
823738,2026-09-08 23:40:00+00:00,CHC,MIL,CHC,MIL,0,663538,Nico Hoerner,confirmed,5.0,4.3,694819,0.01593625498007968,0.01593625498007968,0.010958904109589041,0.11155378486055777,0.30677290836653387,0.11553784860557768,0.027888446215139442,0.31902964583333326,93.9395,0.01639344262295082,0.03278688524590164,0.019801980198019802,0.14754098360655737,0.32786885245901637,0.14754098360655737,0.01639344262295082,0.2881404222222222,93.97133333333333,R,0.028985507246376812,0.02608695652173913,0.12753623188405797,0.5419664268585132,0.3681159420289855,0.057971014492753624,0.21459944590483784,98.54599999999999,18.133333333333333,R,7.0,0.0,0.0,0.02553191489361702,0.05106382978723404,0.14893617021276595,1,American Family Field,74.9,65.0,4.2,0.0,0.5,0.9162640901771336,0.055171009505146126,1713,,,,,,,,0.5,,,PASS
823414,2026-09-08 22:40:00+00:00,HOU,PHI,PHI,HOU,1,650333,Luis Arraez,confirmed,4.0,4.45,669713,0.011538461538461539,0.019230769230769232,0.011904761904761904,0.10384615384615385,0.36538461538461536,0.05,0.038461538461538464,0.30783683916666665,92.48700000000002,0.016666666666666666,0.03333333333333333,0.018867924528301886,0.08333333333333333,0.36666666666666664,0.03333333333333333,0.016666666666666666,0.3125334088888889,92.33866666666667,L,0.012658227848101266,0.04430379746835443,0.189873417721519,0.47058823529411764,0.2088607594936709,0.08860759493670886,0.2973295582884748,101.11,17.0,R,0.0,0.0,0.0,0.03,0.06,0.0,0,Citizens Bank Park,78.8,50.0,4.8,0.0,0.0,0.9432130340058728,0.05511250057999279,1714,,,,,,,,0.5,,,PASS
824957,2026-09-09 01:40:00+00:00,TOR,ATH,ATH,TOR,1,675961,Alika Williams,confirmed,8.0,3.85,667755,0.023809523809523808,0.0,0.0,0.11904761904761904,0.30952380952380953,0.22023809523809523,0.041666666666666664,0.25360191972789115,90.99469387755101,0.03773584905660377,0.0,0.0,0.1509433962264151,0.2641509433962264,0.20754716981132076,0.03773584905660377,0.23692053222222223,91.72399999999999,R,0.020588235294117647,0.04411764705882353,0.12058823529411765,0.35362997658079626,0.19411764705882353,0.09411764705882353,0.3314063922752612,101.46933333333335,15.6,R,0.0,0.0,0.0,0.03,0.06,0.0,1,Sutter Health Park,87.9,22.0,4.8,0.0,0.0,1.3020594965675056,0.05329769031976418,1776,,,,,,,,0.5,,,PASS
824714,2026-09-08 22:45:00+00:00,LAA,BOS,BOS,LAA,1,702332,Caleb Durbin,confirmed,6.0,4.15,672282,0.023346303501945526,0.019455252918287938,0.014367816091954023,0.11284046692607004,0.23346303501945526,0.13229571984435798,0.10505836575875487,0.2911010696296296,90.73633333333332,0.0,0.016666666666666666,0.015625,0.06666666666666667,0.16666666666666666,0.18333333333333332,0.15,0.29552287666666666,89.39266666666667,R,0.03216374269005848,0.05263157894736842,0.17543859649122806,0.5033112582781457,0.27485380116959063,0.05847953216374269,0.2923187646386136,101.89466666666665,17.6,L,3.0,1.0,1.0,0.051162790697674425,0.07906976744186046,0.06976744186046512,0,Fenway Park,69.6,67.0,2.0,0.0,0.0,1.1739633655394526,0.05282891562999934,1793,,,,,,,,0.5,,,PASS
823174,2026-09-09 01:45:00+00:00,STL,SF,SF,STL,1,683766,Christian Koss,confirmed,9.0,3.7,687273,0.019867549668874173,0.039735099337748346,0.03225806451612903,0.11258278145695365,0.25165562913907286,0.23841059602649006,0.039735099337748346,0.23246240674603177,90.32476190476189,0.05357142857142857,0.03571428571428571,0.028169014084507043,0.10714285714285714,0.2857142857142857,0.23214285714285715,0.05357142857142857,0.24905906111111112,88.72200000000002,R,0.008928571428571428,0.008928571428571428,0.16071428571428573,0.5033112582781457,0.21428571428571427,0.10714285714285714,0.2811590786445013,101.676,14.8,L,0.0,0.0,0.0,0.03,0.06,0.0,0,Oracle Park,67.8,73.0,13.3,0.0,0.0,0.7957030256801424,0.05211770558990138,1819,,,,,,,,0.5,,,PASS
823250,2026-09-09 01:40:00+00:00,WSH,SD,SD,WSH,1,687957,Dustin Harris,confirmed,7.0,4.0,683000,0.0,0.0,0.0,0.14492753623188406,0.2318840579710145,0.14492753623188406,0.057971014492753624,0.29757872499999993,90.63250000000001,0.0,0.0,0.0,0.15384615384615385,0.28846153846153844,0.17307692307692307,0.019230769230769232,0.2920130055555555,90.634,L,,,,,,,,,,,0.0,0.0,0.0,0.03,0.06,0.0,0,Petco Park,85.2,48.0,10.5,0.0,0.0,0.9579124579124578,0.04920586346556667,1932,,,,,,,,0.5,,,PASS
824228,2026-09-08 22:40:00+00:00,MIN,DET,DET,MIN,1,656716,Zach McKinstry,confirmed,9.0,3.7,665152,0.01293103448275862,0.017241379310344827,0.011940298507462687,0.11637931034482758,0.3146551724137931,0.15086206896551724,0.09051724137931035,0.3032747877777778,91.9985,0.0,0.0,0.0,0.05357142857142857,0.23214285714285715,0.23214285714285715,0.07142857142857142,0.2151959811111111,89.93466666666664,L,0.05338078291814947,0.060498220640569395,0.22419928825622776,0.5285714285714286,0.23487544483985764,0.08540925266903915,0.3296962451310783,101.03846153846156,15.153846153846153,R,4.0,0.0,0.0,0.02727272727272727,0.05454545454545454,0.09090909090909091,0,Comerica Park,77.9,60.0,5.8,0.0,0.0,0.7940955448201825,0.04462587441880096,2141,,,,,,,,0.5,,,PASS
823738,2026-09-08 23:40:00+00:00,CHC,MIL,MIL,CHC,1,806198,Cooper Pratt,confirmed,9.0,3.7,656849,0.014354066985645933,0.023923444976076555,0.01773049645390071,0.09569377990430622,0.3062200956937799,0.17703349282296652,0.10047846889952153,0.3016096718181818,92.47636363636363,0.017543859649122806,0.017543859649122806,0.010752688172043012,0.08771929824561403,0.40350877192982454,0.17543859649122806,0.05263157894736842,0.2597763022222222,94.252,R,0.02616279069767442,0.040697674418604654,0.15988372093023256,0.4113636363636364,0.19186046511627908,0.10465116279069768,0.34422381115004236,100.32866666666668,14.933333333333334,L,4.0,0.0,0.0,0.02727272727272727,0.05454545454545454,0.09090909090909091,0,American Family Field,74.9,65.0,4.2,0.0,0.5,0.9162640901771336,0.043897605356710744,2178,,,,,,,,0.5,,,PASS
824875,2026-09-08 23:15:00+00:00,TB,ATL,TB,ATL,0,802415,Chandler Simpson,confirmed,5.0,4.3,700363,0.0,0.0,0.0,0.011904761904761904,0.23412698412698413,0.05555555555555555,0.027777777777777776,0.26391398777777775,90.22716666666669,0.0,0.0,0.0,0.0,0.15625,0.046875,0.046875,0.26365075,89.23333333333333,L,0.023529411764705882,0.047058823529411764,0.18823529411764706,0.4690265486725664,0.17647058823529413,0.12941176470588237,0.316587210921325,103.1025,13.0,R,0.0,0.0,0.0,0.03,0.06,0.0,0,Truist Park,86.1,44.0,7.2,0.0,0.0,1.0995169082125604,0.02924447983466501,3319,,,,,,,,0.5,,,PASS
