game_pk,game_datetime,away_team,home_team,team,opponent,is_home,player_id,player_name,lineup_status,batting_order,expected_pa,opposing_starter_id,batter_hr_pa_long,batter_barrel_pa_long,batter_barrel_bbe_long,batter_hard_air_pa_long,batter_sweet_pa_long,batter_k_rate_long,batter_bb_rate_long,batter_xwoba_long,batter_ev90_long,batter_hr_pa_recent,batter_barrel_pa_recent,batter_barrel_bbe_recent,batter_hard_air_pa_recent,batter_sweet_pa_recent,batter_k_rate_recent,batter_bb_rate_recent,batter_xwoba_recent,batter_ev90_recent,batter_hand,pitcher_hr_bf,pitcher_barrel_bf,pitcher_hard_air_bf,pitcher_fly_rate,pitcher_k_rate,pitcher_bb_rate,pitcher_xwoba,pitcher_ev90,pitcher_outs,opposing_pitcher_hand,bvp_pa,bvp_hr,bvp_barrels,bvp_hr_shrunk,bvp_barrel_shrunk,bvp_reliability,same_hand,venue,temperature_f,humidity_pct,wind_speed_mph,precipitation_in,roof_control_factor,park_hr_factor,home_run_probability,fair_odds,point,over_odds,under_odds,over_no_vig_probability,under_no_vig_probability,over_book,under_book,line,market_edge,ev_per_unit,signal
824877,2026-08-28 23:15:00+00:00,COL,ATL,ATL,COL,1,621566,Matt Olson,confirmed,3.0,4.55,608372,0.06614785992217899,0.10894941634241245,0.08163265306122448,0.25680933852140075,0.311284046692607,0.2840466926070039,0.10116731517509728,0.348482585,98.63983333333336,0.04918032786885246,0.11475409836065574,0.08433734939759036,0.26229508196721313,0.4262295081967213,0.2459016393442623,0.09836065573770492,0.3731128822222223,98.54466666666666,L,0.04956268221574344,0.09620991253644315,0.24489795918367346,0.5,0.13702623906705538,0.04664723032069971,0.38907171137681157,102.70133333333335,15.6,R,0.0,0.0,0.0,0.03,0.06,0.0,0,Truist Park,78.3,70.0,5.3,0.0,0.0,1.3451698588005032,0.1920303337161203,421,,,,,,,,0.5,,,HR WATCH
822691,2026-08-28 22:45:00+00:00,MIA,WSH,WSH,MIA,1,694673,Abimelec Ortiz,confirmed,2.0,4.65,691587,0.05714285714285714,0.07142857142857142,0.04424778761061947,0.34285714285714286,0.34285714285714286,0.24285714285714285,0.05714285714285714,0.33370373703703704,100.10444444444447,0.05,0.06666666666666667,0.041237113402061855,0.3333333333333333,0.3333333333333333,0.25,0.06666666666666667,0.30849559555555556,100.21066666666667,L,0.01791044776119403,0.041791044776119404,0.13134328358208955,0.6021505376344086,0.2746268656716418,0.09253731343283582,0.2658498135171489,98.39733333333334,16.933333333333334,R,2.0,0.0,0.0,0.02857142857142857,0.05714285714285714,0.047619047619047616,0,Nationals Park,81.7,72.0,2.7,0.0,0.0,1.3080787781350482,0.1695277005465921,490,,,,,,,,0.5,,,HR WATCH
822935,2026-08-28 23:10:00+00:00,SD,TB,SD,TB,0,665487,Fernando Tatis Jr.,confirmed,1.0,4.75,663556,0.05474452554744526,0.10948905109489052,0.09554140127388536,0.2591240875912409,0.19343065693430658,0.16058394160583941,0.08759124087591241,0.40058344694444437,101.61300000000001,0.1044776119402985,0.1791044776119403,0.14285714285714285,0.3880597014925373,0.29850746268656714,0.13432835820895522,0.07462686567164178,0.5155269966666667,103.05866666666664,R,0.023178807947019868,0.059602649006622516,0.17880794701986755,0.4636118598382749,0.2152317880794702,0.0728476821192053,0.32007963828751507,101.64200000000001,14.4,L,0.0,0.0,0.0,0.03,0.06,0.0,0,Tropicana Field,81.4,85.0,4.0,0.0,1.0,1.0521503215434085,0.1637717343205043,511,,,,,,,,0.5,,,HR WATCH
823744,2026-08-28 23:40:00+00:00,TEX,MIL,MIL,TEX,1,641343,Jake Bauers,confirmed,3.0,4.55,674003,0.05078125,0.0859375,0.08058608058608059,0.234375,0.19140625,0.27734375,0.17578125,0.3786654255555556,98.61066666666667,0.045454545454545456,0.07575757575757576,0.05813953488372093,0.22727272727272727,0.21212121212121213,0.25757575757575757,0.19696969696969696,0.3903079666666667,97.644,L,0.011494252873563218,0.09195402298850575,0.2413793103448276,0.6017699115044248,0.14942528735632185,0.04597701149425287,0.3429149843117409,101.53999999999999,15.0,L,0.0,0.0,0.0,0.03,0.06,0.0,1,American Family Field,76.3,51.0,7.7,0.0,0.5,0.8686056708564748,0.16295485883404484,514,,,,,,,,0.5,,,HR WATCH
824877,2026-08-28 23:15:00+00:00,COL,ATL,ATL,COL,1,686948,Drake Baldwin,confirmed,1.0,4.75,608372,0.030418250950570342,0.060836501901140684,0.043835616438356165,0.20912547528517111,0.2623574144486692,0.20152091254752852,0.09505703422053231,0.33730640805555556,97.95416666666665,0.031746031746031744,0.06349206349206349,0.047619047619047616,0.30158730158730157,0.19047619047619047,0.20634920634920634,0.07936507936507936,0.35163799333333334,99.56866666666666,L,0.04956268221574344,0.09620991253644315,0.24489795918367346,0.5,0.13702623906705538,0.04664723032069971,0.38907171137681157,102.70133333333335,15.6,R,0.0,0.0,0.0,0.03,0.06,0.0,0,Truist Park,78.3,70.0,5.3,0.0,0.0,1.3451698588005032,0.15707081893728608,537,,,,,,,,0.5,,,PASS
823666,2026-08-29 00:10:00+00:00,CWS,MIN,CWS,MIN,0,808959,Munetaka Murakami,confirmed,2.0,4.65,665152,0.055970149253731345,0.08955223880597014,0.09486166007905138,0.22014925373134328,0.16044776119402984,0.332089552238806,0.17164179104477612,0.3412681322619048,98.36683333333332,0.043478260869565216,0.07246376811594203,0.08196721311475409,0.18840579710144928,0.11594202898550725,0.3333333333333333,0.17391304347826086,0.3372971399999999,100.54933333333334,L,0.058333333333333334,0.05,0.22083333333333333,0.5284280936454849,0.24166666666666667,0.07916666666666666,0.3190903061505817,100.38909090909092,15.727272727272727,R,0.0,0.0,0.0,0.03,0.06,0.0,0,Target Field,82.0,26.0,2.1,0.0,0.0,0.65,0.1565396651972979,539,,,,,,,,0.5,,,PASS
822691,2026-08-28 22:45:00+00:00,MIA,WSH,MIA,WSH,0,669065,Kyle Stowers,confirmed,6.0,4.15,800600,0.049429657794676805,0.07984790874524715,0.07191780821917808,0.27756653992395436,0.23574144486692014,0.33079847908745247,0.10266159695817491,0.3434777230555555,100.2585,0.046153846153846156,0.06153846153846154,0.056338028169014086,0.38461538461538464,0.2,0.26153846153846155,0.15384615384615385,0.37215987333333334,100.02399999999999,L,0.01639344262295082,0.04918032786885246,0.13114754098360656,0.4939759036144578,0.22950819672131148,0.18032786885245902,0.37023353660287084,101.26666666666667,12.333333333333334,L,0.0,0.0,0.0,0.03,0.06,0.0,1,Nationals Park,81.7,72.0,2.7,0.0,0.0,1.3080787781350482,0.15524249024658796,544,,,,,,,,0.5,,,PASS
822935,2026-08-28 23:10:00+00:00,SD,TB,TB,SD,1,691406,Junior Caminero,confirmed,3.0,4.55,663554,0.07692307692307693,0.1,0.08333333333333333,0.2,0.18076923076923077,0.19615384615384615,0.09615384615384616,0.3550292583333334,101.20700000000001,0.015873015873015872,0.047619047619047616,0.04054054054054054,0.12698412698412698,0.07936507936507936,0.1746031746031746,0.06349206349206349,0.30167541888888894,102.34333333333332,R,0.026143790849673203,0.06209150326797386,0.1895424836601307,0.5539568345323741,0.20588235294117646,0.05228758169934641,0.29377831326339643,99.6,14.933333333333334,R,0.0,0.0,0.0,0.03,0.06,0.0,1,Tropicana Field,81.4,85.0,4.0,0.0,1.0,1.0521503215434085,0.15323127641386253,553,,,,,,,,0.5,,,PASS
824877,2026-08-28 23:15:00+00:00,COL,ATL,COL,ATL,0,696100,Hunter Goodman,confirmed,3.0,4.55,656550,0.09195402298850575,0.11494252873563218,0.10204081632653061,0.21839080459770116,0.20306513409961685,0.2950191570881226,0.09961685823754789,0.3632487755555555,96.54616666666668,0.078125,0.09375,0.07894736842105263,0.21875,0.25,0.34375,0.046875,0.3008900277777778,96.41933333333333,R,0.0380952380952381,0.06984126984126984,0.19682539682539682,0.45646437994722955,0.18412698412698414,0.10158730158730159,0.3495090477756929,102.12466666666666,14.4,R,3.0,0.0,1.0,0.027906976744186046,0.07906976744186046,0.06976744186046512,1,Truist Park,78.3,70.0,5.3,0.0,0.0,1.3451698588005032,0.15210067213321118,557,,,,,,,,0.5,,,PASS
824877,2026-08-28 23:15:00+00:00,COL,ATL,ATL,COL,1,660670,Ronald Acuña Jr.,confirmed,4.0,4.45,608372,0.04580152671755725,0.0648854961832061,0.052307692307692305,0.1984732824427481,0.23282442748091603,0.25572519083969464,0.1183206106870229,0.3317546688888889,96.51,0.015384615384615385,0.015384615384615385,0.011764705882352941,0.15384615384615385,0.23076923076923078,0.3076923076923077,0.07692307692307693,0.2571942466666667,95.15266666666666,R,0.04956268221574344,0.09620991253644315,0.24489795918367346,0.5,0.13702623906705538,0.04664723032069971,0.38907171137681157,102.70133333333335,15.6,R,0.0,0.0,0.0,0.03,0.06,0.0,1,Truist Park,78.3,70.0,5.3,0.0,0.0,1.3451698588005032,0.15098062427479564,562,,,,,,,,0.5,,,PASS
823504,2026-08-28 23:15:00+00:00,BOS,NYY,NYY,BOS,1,700250,Ben Rice,confirmed,2.0,4.65,663776,0.057034220532319393,0.09125475285171103,0.07250755287009064,0.23574144486692014,0.2585551330798479,0.2661596958174905,0.11406844106463879,0.3582269958333334,98.49899999999998,0.04477611940298507,0.05970149253731343,0.046511627906976744,0.2537313432835821,0.26865671641791045,0.22388059701492538,0.14925373134328357,0.3769045366666666,97.42333333333333,L,0.02717391304347826,0.043478260869565216,0.15760869565217392,0.5109170305676856,0.22282608695652173,0.09782608695652174,0.33636527892386875,99.84,14.5,L,0.0,0.0,0.0,0.03,0.06,0.0,1,Yankee Stadium,79.1,66.0,6.0,0.0,0.0,1.1049609554432704,0.1499502533262584,567,,,,,,,,0.5,,,PASS
823583,2026-08-28 23:10:00+00:00,HOU,NYM,HOU,NYM,0,670541,Yordan Alvarez,confirmed,2.0,4.65,681035,0.045112781954887216,0.09774436090225563,0.08360128617363344,0.24436090225563908,0.22932330827067668,0.18045112781954886,0.16917293233082706,0.4045470163888888,100.261,0.015873015873015872,0.06349206349206349,0.058823529411764705,0.20634920634920634,0.25396825396825395,0.19047619047619047,0.14285714285714285,0.3619937333333333,98.82866666666669,L,0.028125,0.05,0.190625,0.5697940503432495,0.284375,0.09375,0.3065839533387909,100.78533333333333,14.533333333333333,R,0.0,0.0,0.0,0.03,0.06,0.0,0,Citi Field,77.1,82.0,7.2,0.0,0.0,0.909967845659164,0.1469452833423995,581,,,,,,,,0.5,,,PASS
824396,2026-08-28 23:10:00+00:00,KC,CLE,KC,CLE,0,695506,Jac Caglianone,confirmed,3.0,4.55,676440,0.05976095617529881,0.099601593625498,0.07267441860465117,0.23904382470119523,0.20717131474103587,0.2350597609561753,0.035856573705179286,0.3622847758333333,101.88149999999997,0.08196721311475409,0.14754098360655737,0.10714285714285714,0.29508196721311475,0.22950819672131148,0.21311475409836064,0.03278688524590164,0.4322369000000001,101.45333333333335,L,0.03773584905660377,0.05121293800539083,0.20754716981132076,0.5225409836065574,0.18328840970350405,0.06199460916442048,0.31375885433938966,100.76466666666667,18.4,R,4.0,0.0,0.0,0.02727272727272727,0.05454545454545454,0.09090909090909091,0,Progressive Field,73.5,42.0,7.1,0.0,0.0,1.053646979184295,0.14287621929977123,600,,,,,,,,0.5,,,PASS
823744,2026-08-28 23:40:00+00:00,TEX,MIL,TEX,MIL,0,592626,Joc Pederson,confirmed,1.0,4.75,701656,0.0847457627118644,0.09322033898305085,0.07333333333333333,0.25,0.25,0.21610169491525424,0.1016949152542373,0.370622825,98.49966666666667,0.07692307692307693,0.07692307692307693,0.05970149253731343,0.25,0.21153846153846154,0.23076923076923078,0.17307692307692307,0.3469132333333333,98.26733333333333,L,0.03773584905660377,0.04905660377358491,0.19622641509433963,0.6223404255319149,0.2981132075471698,0.052830188679245285,0.2558755370829587,100.2823076923077,15.76923076923077,R,0.0,0.0,0.0,0.03,0.06,0.0,0,American Family Field,76.3,51.0,7.7,0.0,0.5,0.8686056708564748,0.14204893475309863,604,,,,,,,,0.5,,,PASS
824231,2026-08-28 22:40:00+00:00,LAD,DET,LAD,DET,0,660271,Shohei Ohtani,confirmed,1.0,4.75,623454,0.06296296296296296,0.1037037037037037,0.09180327868852459,0.21851851851851853,0.23703703703703705,0.24444444444444444,0.1111111111111111,0.37874301611111105,100.05183333333333,0.058823529411764705,0.08823529411764706,0.06818181818181818,0.20588235294117646,0.20588235294117646,0.27941176470588236,0.10294117647058823,0.37285878999999994,100.38199999999999,L,0.0392156862745098,0.049019607843137254,0.13725490196078433,0.5,0.24509803921568626,0.09803921568627451,0.291932365695851,98.915,12.333333333333334,R,0.0,0.0,0.0,0.03,0.06,0.0,0,Comerica Park,75.5,48.0,4.6,0.0,0.0,0.909967845659164,0.13810737353606142,624,,,,,,,,0.5,,,PASS
823744,2026-08-28 23:40:00+00:00,TEX,MIL,TEX,MIL,0,608369,Corey Seager,confirmed,2.0,4.65,701656,0.03488372093023256,0.08527131782945736,0.0707395498392283,0.2248062015503876,0.2248062015503876,0.24031007751937986,0.11627906976744186,0.34082316972222226,97.89383333333336,0.03125,0.09375,0.07228915662650602,0.34375,0.25,0.203125,0.09375,0.37039931555555555,98.65199999999999,L,0.03773584905660377,0.04905660377358491,0.19622641509433963,0.6223404255319149,0.2981132075471698,0.052830188679245285,0.2558755370829587,100.2823076923077,15.76923076923077,R,0.0,0.0,0.0,0.03,0.06,0.0,0,American Family Field,76.3,51.0,7.7,0.0,0.5,0.8686056708564748,0.13675119937222113,631,,,,,,,,0.5,,,PASS
822935,2026-08-28 23:10:00+00:00,SD,TB,SD,TB,0,701538,Jackson Merrill,confirmed,5.0,4.3,663556,0.050980392156862744,0.0784313725490196,0.05249343832020997,0.26666666666666666,0.34509803921568627,0.2549019607843137,0.047058823529411764,0.34031697583333337,97.00883333333334,0.04838709677419355,0.04838709677419355,0.033707865168539325,0.3225806451612903,0.3225806451612903,0.3064516129032258,0.06451612903225806,0.3538921911111111,98.304,L,0.023178807947019868,0.059602649006622516,0.17880794701986755,0.4636118598382749,0.2152317880794702,0.0728476821192053,0.32007963828751507,101.64200000000001,14.4,L,0.0,0.0,0.0,0.03,0.06,0.0,1,Tropicana Field,81.4,85.0,4.0,0.0,1.0,1.0521503215434085,0.13651994207985998,632,,,,,,,,0.5,,,PASS
823013,2026-08-29 00:15:00+00:00,PIT,STL,STL,PIT,1,695491,Joshua Báez,confirmed,7.0,4.0,683003,0.0851063829787234,0.10638297872340426,0.09615384615384616,0.2553191489361702,0.23404255319148937,0.40425531914893614,0.0425531914893617,0.2738519272727273,97.85363636363635,0.0851063829787234,0.10638297872340426,0.09615384615384616,0.2553191489361702,0.23404255319148937,0.40425531914893614,0.0425531914893617,0.2738519272727273,97.85363636363635,R,0.03793103448275862,0.05172413793103448,0.16896551724137931,0.5526315789473685,0.2655172413793103,0.0896551724137931,0.2932750621588694,102.01266666666666,13.466666666666667,R,0.0,0.0,0.0,0.03,0.06,0.0,1,Busch Stadium,83.1,34.0,3.8,0.0,0.0,0.7226215244940419,0.13437552941565475,644,,,,,,,,0.5,,,PASS
822691,2026-08-28 22:45:00+00:00,MIA,WSH,MIA,WSH,0,681715,Heriberto Hernández,confirmed,1.0,4.75,800600,0.0625,0.09375,0.08333333333333333,0.1953125,0.20703125,0.30859375,0.09765625,0.33852516027777774,98.81383333333333,0.06060606060606061,0.10606060606060606,0.08536585365853659,0.19696969696969696,0.22727272727272727,0.2878787878787879,0.13636363636363635,0.3760943466666667,99.34066666666666,R,0.01639344262295082,0.04918032786885246,0.13114754098360656,0.4939759036144578,0.22950819672131148,0.18032786885245902,0.37023353660287084,101.26666666666667,12.333333333333334,L,2.0,0.0,2.0,0.02857142857142857,0.10476190476190476,0.047619047619047616,0,Nationals Park,81.7,72.0,2.7,0.0,0.0,1.3080787781350482,0.13426263371957955,645,,,,,,,,0.5,,,PASS
824396,2026-08-28 23:10:00+00:00,KC,CLE,KC,CLE,0,695600,Carter Jensen,confirmed,1.0,4.75,676440,0.03717472118959108,0.07063197026022305,0.05621301775147929,0.20074349442379183,0.20074349442379183,0.26394052044609667,0.12267657992565056,0.3136130382142857,97.47283333333334,0.04477611940298507,0.07462686567164178,0.06756756756756757,0.1791044776119403,0.1791044776119403,0.208955223880597,0.208955223880597,0.36700588333333334,97.52266666666665,L,0.03773584905660377,0.05121293800539083,0.20754716981132076,0.5225409836065574,0.18328840970350405,0.06199460916442048,0.31375885433938966,100.76466666666667,18.4,R,4.0,0.0,0.0,0.02727272727272727,0.05454545454545454,0.09090909090909091,0,Progressive Field,73.5,42.0,7.1,0.0,0.0,1.053646979184295,0.13296970534507646,652,,,,,,,,0.5,,,PASS
823013,2026-08-29 00:15:00+00:00,PIT,STL,PIT,STL,0,699013,Esmerlyn Valdez,confirmed,2.0,4.65,687273,0.05714285714285714,0.09795918367346938,0.0963855421686747,0.2,0.21224489795918366,0.37142857142857144,0.15510204081632653,0.3325289483050847,96.79344827586208,0.015873015873015872,0.06349206349206349,0.05970149253731343,0.19047619047619047,0.15873015873015872,0.4126984126984127,0.12698412698412698,0.2998423944444444,96.45066666666666,R,0.015151515151515152,0.015151515151515152,0.12121212121212122,0.4897959183673469,0.19696969696969696,0.10606060606060606,0.2717593774509804,99.81666666666666,14.0,L,0.0,0.0,0.0,0.03,0.06,0.0,0,Busch Stadium,83.1,34.0,3.8,0.0,0.0,0.7226215244940419,0.13201615660025315,657,,,,,,,,0.5,,,PASS
823583,2026-08-28 23:10:00+00:00,HOU,NYM,HOU,NYM,0,665161,Jeremy Peña,confirmed,1.0,4.75,681035,0.04887218045112782,0.045112781954887216,0.03669724770642202,0.16917293233082706,0.18045112781954886,0.24812030075187969,0.06015037593984962,0.3071300036111111,97.83333333333333,0.047619047619047616,0.06349206349206349,0.058823529411764705,0.09523809523809523,0.14285714285714285,0.38095238095238093,0.0,0.18962306666666667,95.60666666666667,R,0.028125,0.05,0.190625,0.5697940503432495,0.284375,0.09375,0.3065839533387909,100.78533333333333,14.533333333333333,R,0.0,0.0,0.0,0.03,0.06,0.0,1,Citi Field,77.1,82.0,7.2,0.0,0.0,0.909967845659164,0.131265309268261,662,,,,,,,,0.5,,,PASS
824877,2026-08-28 23:15:00+00:00,COL,ATL,COL,ATL,0,666160,Mickey Moniak,confirmed,6.0,4.15,656550,0.052,0.064,0.0469208211143695,0.236,0.216,0.268,0.052,0.2568391977777778,97.11366666666666,0.03125,0.015625,0.010309278350515464,0.234375,0.140625,0.3125,0.078125,0.20249214111111108,97.12800000000001,L,0.0380952380952381,0.06984126984126984,0.19682539682539682,0.45646437994722955,0.18412698412698414,0.10158730158730159,0.3495090477756929,102.12466666666666,14.4,R,3.0,1.0,1.0,0.051162790697674425,0.07906976744186046,0.06976744186046512,0,Truist Park,78.3,70.0,5.3,0.0,0.0,1.3451698588005032,0.12922234229845347,674,,,,,,,,0.5,,,PASS
822691,2026-08-28 22:45:00+00:00,MIA,WSH,WSH,MIA,1,682928,CJ Abrams,confirmed,1.0,4.75,691587,0.056818181818181816,0.056818181818181816,0.043859649122807015,0.20833333333333334,0.2537878787878788,0.26515151515151514,0.07196969696969698,0.2952724869444444,95.92899999999996,0.014492753623188406,0.014492753623188406,0.01020408163265306,0.18840579710144928,0.2898550724637681,0.2753623188405797,0.08695652173913043,0.25719522666666667,94.38733333333334,L,0.01791044776119403,0.041791044776119404,0.13134328358208955,0.6021505376344086,0.2746268656716418,0.09253731343283582,0.2658498135171489,98.39733333333334,16.933333333333334,R,0.0,0.0,0.0,0.03,0.06,0.0,0,Nationals Park,81.7,72.0,2.7,0.0,0.0,1.3080787781350482,0.1290684567873378,675,,,,,,,,0.5,,,PASS
822935,2026-08-28 23:10:00+00:00,SD,TB,SD,TB,0,592518,Manny Machado,confirmed,3.0,4.55,663556,0.045454545454545456,0.06818181818181818,0.05572755417956656,0.22348484848484848,0.22348484848484848,0.21212121212121213,0.125,0.3527681813888889,96.7075,0.014925373134328358,0.014925373134328358,0.011235955056179775,0.13432835820895522,0.1044776119402985,0.16417910447761194,0.11940298507462686,0.30988024999999997,95.48133333333332,R,0.023178807947019868,0.059602649006622516,0.17880794701986755,0.4636118598382749,0.2152317880794702,0.0728476821192053,0.32007963828751507,101.64200000000001,14.4,L,0.0,0.0,0.0,0.03,0.06,0.0,0,Tropicana Field,81.4,85.0,4.0,0.0,1.0,1.0521503215434085,0.12789197119858256,682,,,,,,,,0.5,,,PASS
823744,2026-08-28 23:40:00+00:00,TEX,MIL,MIL,TEX,1,694192,Jackson Chourio,confirmed,2.0,4.65,674003,0.03308823529411765,0.07352941176470588,0.05698005698005698,0.17647058823529413,0.22794117647058823,0.2426470588235294,0.08823529411764706,0.3239744586111111,96.41116666666666,0.030303030303030304,0.06060606060606061,0.04878048780487805,0.19696969696969696,0.21212121212121213,0.22727272727272727,0.07575757575757576,0.33495666888888886,96.21,R,0.011494252873563218,0.09195402298850575,0.2413793103448276,0.6017699115044248,0.14942528735632185,0.04597701149425287,0.3429149843117409,101.53999999999999,15.0,L,0.0,0.0,0.0,0.03,0.06,0.0,0,American Family Field,76.3,51.0,7.7,0.0,0.5,0.8686056708564748,0.1257624495533786,695,,,,,,,,0.5,,,PASS
824877,2026-08-28 23:15:00+00:00,COL,ATL,ATL,COL,1,573262,Mike Yastrzemski,confirmed,7.0,4.0,608372,0.03684210526315789,0.05789473684210526,0.044897959183673466,0.23684210526315788,0.2578947368421053,0.23157894736842105,0.12105263157894737,0.33007597027777774,96.8045,0.0,0.023809523809523808,0.0196078431372549,0.14285714285714285,0.16666666666666666,0.2619047619047619,0.14285714285714285,0.3263833277777778,94.37066666666665,L,0.04956268221574344,0.09620991253644315,0.24489795918367346,0.5,0.13702623906705538,0.04664723032069971,0.38907171137681157,102.70133333333335,15.6,R,0.0,0.0,0.0,0.03,0.06,0.0,0,Truist Park,78.3,70.0,5.3,0.0,0.0,1.3451698588005032,0.12535115015250178,698,,,,,,,,0.5,,,PASS
823013,2026-08-29 00:15:00+00:00,PIT,STL,PIT,STL,0,665833,Oneil Cruz,confirmed,4.0,4.45,687273,0.047619047619047616,0.09157509157509157,0.08680555555555555,0.17216117216117216,0.16483516483516483,0.34798534798534797,0.12087912087912088,0.3571063208333333,99.93016666666668,0.09230769230769231,0.12307692307692308,0.12903225806451613,0.13846153846153847,0.2,0.3230769230769231,0.24615384615384617,0.47418656111111107,97.61933333333333,L,0.015151515151515152,0.015151515151515152,0.12121212121212122,0.4897959183673469,0.19696969696969696,0.10606060606060606,0.2717593774509804,99.81666666666666,14.0,L,0.0,0.0,0.0,0.03,0.06,0.0,1,Busch Stadium,83.1,34.0,3.8,0.0,0.0,0.7226215244940419,0.12515408030768174,699,,,,,,,,0.5,,,PASS
822935,2026-08-28 23:10:00+00:00,SD,TB,TB,SD,1,666018,Jonathan Aranda,confirmed,2.0,4.65,663554,0.018796992481203006,0.04887218045112782,0.03430079155672823,0.19924812030075187,0.2894736842105263,0.22556390977443608,0.06766917293233082,0.31590846166666675,97.03949999999999,0.014925373134328358,0.04477611940298507,0.03260869565217391,0.22388059701492538,0.2835820895522388,0.2537313432835821,0.05970149253731343,0.29257640999999995,97.27333333333334,L,0.026143790849673203,0.06209150326797386,0.1895424836601307,0.5539568345323741,0.20588235294117646,0.05228758169934641,0.29377831326339643,99.6,14.933333333333334,R,0.0,0.0,0.0,0.03,0.06,0.0,0,Tropicana Field,81.4,85.0,4.0,0.0,1.0,1.0521503215434085,0.12392305222226785,707,,,,,,,,0.5,,,PASS
824877,2026-08-28 23:15:00+00:00,COL,ATL,ATL,COL,1,671739,Michael Harris II,confirmed,5.0,4.3,608372,0.027559055118110236,0.051181102362204724,0.03561643835616438,0.1889763779527559,0.22440944881889763,0.1889763779527559,0.027559055118110236,0.30158332833333323,97.87083333333334,0.016666666666666666,0.05,0.03529411764705882,0.11666666666666667,0.18333333333333332,0.21666666666666667,0.03333333333333333,0.2711833711111112,93.32133333333334,L,0.04956268221574344,0.09620991253644315,0.24489795918367346,0.5,0.13702623906705538,0.04664723032069971,0.38907171137681157,102.70133333333335,15.6,R,0.0,0.0,0.0,0.03,0.06,0.0,0,Truist Park,78.3,70.0,5.3,0.0,0.0,1.3451698588005032,0.12302968962182054,713,,,,,,,,0.5,,,PASS
823013,2026-08-29 00:15:00+00:00,PIT,STL,STL,PIT,1,676475,Alec Burleson,confirmed,3.0,4.55,683003,0.03137254901960784,0.0784313725490196,0.05012531328320802,0.27450980392156865,0.27058823529411763,0.17647058823529413,0.07450980392156863,0.37522471666666657,100.41983333333333,0.03225806451612903,0.06451612903225806,0.04081632653061224,0.1935483870967742,0.22580645161290322,0.20967741935483872,0.03225806451612903,0.36716757777777775,98.74933333333335,L,0.03793103448275862,0.05172413793103448,0.16896551724137931,0.5526315789473685,0.2655172413793103,0.0896551724137931,0.2932750621588694,102.01266666666666,13.466666666666667,R,0.0,0.0,0.0,0.03,0.06,0.0,0,Busch Stadium,83.1,34.0,3.8,0.0,0.0,0.7226215244940419,0.12271686230367118,715,,,,,,,,0.5,,,PASS
824231,2026-08-28 22:40:00+00:00,LAD,DET,LAD,DET,0,571970,Max Muncy,confirmed,4.0,4.45,623454,0.044715447154471545,0.06097560975609756,0.050335570469798654,0.27235772357723576,0.2073170731707317,0.23983739837398374,0.11382113821138211,0.3153501169444445,97.06450000000001,0.04918032786885246,0.04918032786885246,0.0379746835443038,0.32786885245901637,0.19672131147540983,0.26229508196721313,0.13114754098360656,0.34379691111111116,98.30533333333334,L,0.0392156862745098,0.049019607843137254,0.13725490196078433,0.5,0.24509803921568626,0.09803921568627451,0.291932365695851,98.915,12.333333333333334,R,0.0,0.0,0.0,0.03,0.06,0.0,0,Comerica Park,75.5,48.0,4.6,0.0,0.0,0.909967845659164,0.12252623170641241,716,,,,,,,,0.5,,,PASS
824877,2026-08-28 23:15:00+00:00,COL,ATL,ATL,COL,1,645277,Ozzie Albies,confirmed,2.0,4.65,608372,0.0392156862745098,0.027450980392156862,0.0171990171990172,0.19607843137254902,0.30980392156862746,0.16862745098039217,0.06666666666666667,0.26034546555555554,94.73849999999999,0.016666666666666666,0.016666666666666666,0.010526315789473684,0.18333333333333332,0.3,0.13333333333333333,0.06666666666666667,0.2920906988888889,95.05733333333335,L,0.04956268221574344,0.09620991253644315,0.24489795918367346,0.5,0.13702623906705538,0.04664723032069971,0.38907171137681157,102.70133333333335,15.6,R,0.0,0.0,0.0,0.03,0.06,0.0,0,Truist Park,78.3,70.0,5.3,0.0,0.0,1.3451698588005032,0.1215247885999904,723,,,,,,,,0.5,,,PASS
824396,2026-08-28 23:10:00+00:00,KC,CLE,CLE,KC,1,666176,Jo Adell,confirmed,4.0,4.45,608379,0.03875968992248062,0.06976744186046512,0.05232558139534884,0.1821705426356589,0.2558139534883721,0.2441860465116279,0.06589147286821706,0.3205487672222223,98.06083333333335,0.05714285714285714,0.1,0.07777777777777778,0.18571428571428572,0.2,0.2571428571428571,0.08571428571428572,0.35744691777777776,103.90399999999998,R,0.03664921465968586,0.049738219895287955,0.20157068062827224,0.5394495412844037,0.17277486910994763,0.05235602094240838,0.31416478625716926,99.76266666666668,18.2,R,0.0,0.0,0.0,0.03,0.06,0.0,1,Progressive Field,73.5,42.0,7.1,0.0,0.0,1.053646979184295,0.12105358986022988,726,,,,,,,,0.5,,,PASS
822935,2026-08-28 23:10:00+00:00,SD,TB,TB,SD,1,650490,Yandy Díaz,confirmed,1.0,4.75,663554,0.026119402985074626,0.041044776119402986,0.02736318407960199,0.1791044776119403,0.23880597014925373,0.14925373134328357,0.07462686567164178,0.33354394499999995,98.56166666666667,0.04411764705882353,0.04411764705882353,0.02912621359223301,0.10294117647058823,0.22058823529411764,0.08823529411764706,0.07352941176470588,0.3263465033333333,98.41666666666667,R,0.026143790849673203,0.06209150326797386,0.1895424836601307,0.5539568345323741,0.20588235294117646,0.05228758169934641,0.29377831326339643,99.6,14.933333333333334,R,0.0,0.0,0.0,0.03,0.06,0.0,1,Tropicana Field,81.4,85.0,4.0,0.0,1.0,1.0521503215434085,0.12066653158625593,729,,,,,,,,0.5,,,PASS
823504,2026-08-28 23:15:00+00:00,BOS,NYY,NYY,BOS,1,671218,Heliot Ramos,confirmed,4.0,4.45,663776,0.023715415019762844,0.08300395256916997,0.06481481481481481,0.18972332015810275,0.2648221343873518,0.2490118577075099,0.05928853754940711,0.3146343088888888,97.52216666666666,0.0,0.06666666666666667,0.057971014492753624,0.2,0.23333333333333334,0.3,0.08333333333333333,0.2994469577777778,98.39733333333334,R,0.02717391304347826,0.043478260869565216,0.15760869565217392,0.5109170305676856,0.22282608695652173,0.09782608695652174,0.33636527892386875,99.84,14.5,L,0.0,0.0,0.0,0.03,0.06,0.0,0,Yankee Stadium,79.1,66.0,6.0,0.0,0.0,1.1049609554432704,0.11958266615380299,736,,,,,,,,0.5,,,PASS
823744,2026-08-28 23:40:00+00:00,TEX,MIL,MIL,TEX,1,669003,Garrett Mitchell,confirmed,7.0,4.0,674003,0.024390243902439025,0.07723577235772358,0.07196969696969698,0.16260162601626016,0.2032520325203252,0.2886178861788618,0.08943089430894309,0.3575212647222222,98.54133333333334,0.015873015873015872,0.015873015873015872,0.015151515151515152,0.1746031746031746,0.12698412698412698,0.31746031746031744,0.07936507936507936,0.30301933,97.98066666666665,L,0.011494252873563218,0.09195402298850575,0.2413793103448276,0.6017699115044248,0.14942528735632185,0.04597701149425287,0.3429149843117409,101.53999999999999,15.0,L,0.0,0.0,0.0,0.03,0.06,0.0,1,American Family Field,76.3,51.0,7.7,0.0,0.5,0.8686056708564748,0.11907756904519529,740,,,,,,,,0.5,,,PASS
824231,2026-08-28 22:40:00+00:00,LAD,DET,DET,LAD,1,680664,Eduardo Valencia,confirmed,5.0,4.3,669373,0.0847457627118644,0.1016949152542373,0.07894736842105263,0.2711864406779661,0.3389830508474576,0.3050847457627119,0.01694915254237288,0.2644912,95.11599999999999,0.0847457627118644,0.1016949152542373,0.07894736842105263,0.2711864406779661,0.3389830508474576,0.3050847457627119,0.01694915254237288,0.2644912,95.11599999999999,R,0.03089887640449438,0.047752808988764044,0.15730337078651685,0.5524625267665952,0.31741573033707865,0.042134831460674156,0.2564670058421825,98.42466666666665,18.0,L,0.0,0.0,0.0,0.03,0.06,0.0,0,Comerica Park,75.5,48.0,4.6,0.0,0.0,0.909967845659164,0.11870219801243884,742,,,,,,,,0.5,,,PASS
823583,2026-08-28 23:10:00+00:00,HOU,NYM,NYM,HOU,1,596019,Francisco Lindor,confirmed,2.0,4.65,686613,0.05019305019305019,0.0694980694980695,0.05142857142857143,0.28185328185328185,0.23938223938223938,0.19305019305019305,0.09652509652509653,0.3397209663888889,98.22250000000003,0.046875,0.078125,0.06578947368421052,0.25,0.15625,0.15625,0.109375,0.3224067711111111,96.56933333333332,L,0.031545741324921134,0.03785488958990536,0.1167192429022082,0.4385026737967914,0.23974763406940064,0.13564668769716087,0.29891408917171003,99.14999999999999,15.428571428571429,R,0.0,0.0,0.0,0.03,0.06,0.0,0,Citi Field,77.1,82.0,7.2,0.0,0.0,0.909967845659164,0.11847027498083124,744,,,,,,,,0.5,,,PASS
822935,2026-08-28 23:10:00+00:00,SD,TB,SD,TB,0,664034,Ty France,confirmed,4.0,4.45,663556,0.046511627906976744,0.05813953488372093,0.04,0.22093023255813954,0.3449612403100775,0.19767441860465115,0.07751937984496124,0.33964157666666667,98.02683333333334,0.03076923076923077,0.03076923076923077,0.021505376344086023,0.2,0.3384615384615385,0.15384615384615385,0.16923076923076924,0.34870455333333333,97.02466666666666,R,0.023178807947019868,0.059602649006622516,0.17880794701986755,0.4636118598382749,0.2152317880794702,0.0728476821192053,0.32007963828751507,101.64200000000001,14.4,L,0.0,0.0,0.0,0.03,0.06,0.0,0,Tropicana Field,81.4,85.0,4.0,0.0,1.0,1.0521503215434085,0.11632182281225714,760,,,,,,,,0.5,,,PASS
823504,2026-08-28 23:15:00+00:00,BOS,NYY,NYY,BOS,1,663757,Trent Grisham,confirmed,5.0,4.3,663776,0.045283018867924525,0.04905660377358491,0.036414565826330535,0.2490566037735849,0.22641509433962265,0.17735849056603772,0.09433962264150944,0.3388164512301587,97.97800000000001,0.07462686567164178,0.04477611940298507,0.03409090909090909,0.34328358208955223,0.2537313432835821,0.23880597014925373,0.13432835820895522,0.33865345999999996,95.21066666666665,L,0.02717391304347826,0.043478260869565216,0.15760869565217392,0.5109170305676856,0.22282608695652173,0.09782608695652174,0.33636527892386875,99.84,14.5,L,0.0,0.0,0.0,0.03,0.06,0.0,1,Yankee Stadium,79.1,66.0,6.0,0.0,0.0,1.1049609554432704,0.11596135348723294,762,,,,,,,,0.5,,,PASS
823504,2026-08-28 23:15:00+00:00,BOS,NYY,NYY,BOS,1,665862,Jazz Chisholm Jr.,confirmed,7.0,4.0,663776,0.04680851063829787,0.06808510638297872,0.05776173285198556,0.22127659574468084,0.17446808510638298,0.3191489361702128,0.10212765957446808,0.2913060141666667,97.44966101694915,0.017241379310344827,0.05172413793103448,0.043478260869565216,0.22413793103448276,0.25862068965517243,0.2413793103448276,0.13793103448275862,0.3121958733333333,94.48533333333334,L,0.02717391304347826,0.043478260869565216,0.15760869565217392,0.5109170305676856,0.22282608695652173,0.09782608695652174,0.33636527892386875,99.84,14.5,L,0.0,0.0,0.0,0.03,0.06,0.0,1,Yankee Stadium,79.1,66.0,6.0,0.0,0.0,1.1049609554432704,0.11576895630569158,764,,,,,,,,0.5,,,PASS
822691,2026-08-28 22:45:00+00:00,MIA,WSH,WSH,MIA,1,686611,Dylan Crews,confirmed,3.0,4.55,691587,0.03088803088803089,0.06563706563706563,0.056105610561056105,0.16602316602316602,0.2548262548262548,0.2471042471042471,0.08494208494208494,0.3226447916666667,96.92266666666666,0.015873015873015872,0.047619047619047616,0.04,0.19047619047619047,0.23809523809523808,0.25396825396825395,0.06349206349206349,0.30513087555555557,98.26466666666666,R,0.01791044776119403,0.041791044776119404,0.13134328358208955,0.6021505376344086,0.2746268656716418,0.09253731343283582,0.2658498135171489,98.39733333333334,16.933333333333334,R,3.0,0.0,0.0,0.027906976744186046,0.05581395348837209,0.06976744186046512,1,Nationals Park,81.7,72.0,2.7,0.0,0.0,1.3080787781350482,0.11531376407829057,767,,,,,,,,0.5,,,PASS
823744,2026-08-28 23:40:00+00:00,TEX,MIL,MIL,TEX,1,661388,William Contreras,confirmed,4.0,4.45,674003,0.022304832713754646,0.06319702602230483,0.049707602339181284,0.21933085501858737,0.241635687732342,0.1449814126394052,0.10037174721189591,0.3298361212698413,97.96900000000001,0.014492753623188406,0.08695652173913043,0.061855670103092786,0.2463768115942029,0.21739130434782608,0.10144927536231885,0.15942028985507245,0.3936421244444445,99.37133333333331,R,0.011494252873563218,0.09195402298850575,0.2413793103448276,0.6017699115044248,0.14942528735632185,0.04597701149425287,0.3429149843117409,101.53999999999999,15.0,L,0.0,0.0,0.0,0.03,0.06,0.0,0,American Family Field,76.3,51.0,7.7,0.0,0.5,0.8686056708564748,0.11488504667806035,770,,,,,,,,0.5,,,PASS
823744,2026-08-28 23:40:00+00:00,TEX,MIL,MIL,TEX,1,668930,Brice Turang,confirmed,1.0,4.75,674003,0.025547445255474453,0.04744525547445255,0.034482758620689655,0.1678832116788321,0.33211678832116787,0.2518248175182482,0.09124087591240876,0.31228156777777777,95.00016666666667,0.014285714285714285,0.02857142857142857,0.020618556701030927,0.14285714285714285,0.34285714285714286,0.2571428571428571,0.12857142857142856,0.30306687555555556,94.11933333333333,L,0.011494252873563218,0.09195402298850575,0.2413793103448276,0.6017699115044248,0.14942528735632185,0.04597701149425287,0.3429149843117409,101.53999999999999,15.0,L,0.0,0.0,0.0,0.03,0.06,0.0,1,American Family Field,76.3,51.0,7.7,0.0,0.5,0.8686056708564748,0.11482996028165741,771,,,,,,,,0.5,,,PASS
824877,2026-08-28 23:15:00+00:00,COL,ATL,COL,ATL,0,650489,Willi Castro,confirmed,5.0,4.3,656550,0.045454545454545456,0.06439393939393939,0.048295454545454544,0.17803030303030304,0.2689393939393939,0.24242424242424243,0.09090909090909091,0.3306557328174603,96.23049999999999,0.03125,0.03125,0.023809523809523808,0.1875,0.265625,0.21875,0.125,0.3146087066666667,97.44866666666667,L,0.0380952380952381,0.06984126984126984,0.19682539682539682,0.45646437994722955,0.18412698412698414,0.10158730158730159,0.3495090477756929,102.12466666666666,14.4,R,3.0,0.0,0.0,0.027906976744186046,0.05581395348837209,0.06976744186046512,0,Truist Park,78.3,70.0,5.3,0.0,0.0,1.3451698588005032,0.11424738689957077,775,,,,,,,,0.5,,,PASS
823013,2026-08-29 00:15:00+00:00,PIT,STL,STL,PIT,1,691023,Jordan Walker,confirmed,4.0,4.45,683003,0.03529411764705882,0.08627450980392157,0.0718954248366013,0.13725490196078433,0.21568627450980393,0.23137254901960785,0.08627450980392157,0.33259457861111114,98.54450000000001,0.06153846153846154,0.1076923076923077,0.08333333333333333,0.2153846153846154,0.3230769230769231,0.2153846153846154,0.07692307692307693,0.3408846222222222,99.494,R,0.03793103448275862,0.05172413793103448,0.16896551724137931,0.5526315789473685,0.2655172413793103,0.0896551724137931,0.2932750621588694,102.01266666666666,13.466666666666667,R,0.0,0.0,0.0,0.03,0.06,0.0,1,Busch Stadium,83.1,34.0,3.8,0.0,0.0,0.7226215244940419,0.11406099106191334,777,,,,,,,,0.5,,,PASS
823744,2026-08-28 23:40:00+00:00,TEX,MIL,TEX,MIL,0,607043,Brandon Nimmo,confirmed,4.0,4.45,701656,0.023809523809523808,0.06349206349206349,0.043478260869565216,0.20634920634920634,0.30952380952380953,0.21825396825396826,0.07539682539682539,0.3375545425,97.71450000000002,0.0,0.015151515151515152,0.010638297872340425,0.15151515151515152,0.24242424242424243,0.19696969696969696,0.06060606060606061,0.22015554444444443,97.20333333333333,L,0.03773584905660377,0.04905660377358491,0.19622641509433963,0.6223404255319149,0.2981132075471698,0.052830188679245285,0.2558755370829587,100.2823076923077,15.76923076923077,R,0.0,0.0,0.0,0.03,0.06,0.0,0,American Family Field,76.3,51.0,7.7,0.0,0.5,0.8686056708564748,0.11383931405367406,778,,,,,,,,0.5,,,PASS
822691,2026-08-28 22:45:00+00:00,MIA,WSH,WSH,MIA,1,691781,Brady House,confirmed,5.0,4.3,691587,0.028112449799196786,0.06827309236947791,0.0576271186440678,0.17269076305220885,0.24899598393574296,0.27309236947791166,0.07630522088353414,0.31412624999999994,98.01379310344826,0.016129032258064516,0.03225806451612903,0.02857142857142857,0.16129032258064516,0.2903225806451613,0.24193548387096775,0.11290322580645161,0.3234679288888888,96.93933333333334,R,0.01791044776119403,0.041791044776119404,0.13134328358208955,0.6021505376344086,0.2746268656716418,0.09253731343283582,0.2658498135171489,98.39733333333334,16.933333333333334,R,3.0,0.0,0.0,0.027906976744186046,0.05581395348837209,0.06976744186046512,1,Nationals Park,81.7,72.0,2.7,0.0,0.0,1.3080787781350482,0.11296947200443802,785,,,,,,,,0.5,,,PASS
824877,2026-08-28 23:15:00+00:00,COL,ATL,COL,ATL,0,694249,Cole Carrigg,confirmed,2.0,4.65,656550,0.023529411764705882,0.03529411764705882,0.025714285714285714,0.17647058823529413,0.2823529411764706,0.21568627450980393,0.10196078431372549,0.31889881005747134,94.30827586206897,0.014492753623188406,0.028985507246376812,0.021739130434782608,0.13043478260869565,0.2608695652173913,0.2753623188405797,0.08695652173913043,0.2673879744444444,92.89066666666666,L,0.0380952380952381,0.06984126984126984,0.19682539682539682,0.45646437994722955,0.18412698412698414,0.10158730158730159,0.3495090477756929,102.12466666666666,14.4,R,0.0,0.0,0.0,0.03,0.06,0.0,0,Truist Park,78.3,70.0,5.3,0.0,0.0,1.3451698588005032,0.11246237332550106,789,,,,,,,,0.5,,,PASS
822769,2026-08-28 23:15:00+00:00,SEA,TOR,SEA,TOR,0,663728,Cal Raleigh,confirmed,5.0,4.3,656302,0.045081967213114756,0.0778688524590164,0.06031746031746032,0.26229508196721313,0.23770491803278687,0.3155737704918033,0.1557377049180328,0.3132225555555556,97.25133333333333,0.1,0.1,0.08450704225352113,0.3,0.18333333333333332,0.2833333333333333,0.2,0.36167629444444443,97.52066666666668,R,0.02197802197802198,0.024725274725274724,0.11813186813186813,0.5501165501165501,0.36813186813186816,0.11813186813186813,0.24555040930375593,97.87200000000001,18.2,R,3.0,0.0,0.0,0.027906976744186046,0.05581395348837209,0.06976744186046512,1,Rogers Centre,67.3,64.0,2.1,0.0,0.5,0.65,0.1121818910432053,791,,,,,,,,0.5,,,PASS
823666,2026-08-29 00:10:00+00:00,CWS,MIN,CWS,MIN,0,678246,Miguel Vargas,confirmed,3.0,4.55,665152,0.04797047970479705,0.1033210332103321,0.08115942028985507,0.24723247232472326,0.25092250922509224,0.1881918819188192,0.13653136531365315,0.3834473417460318,97.88966666666667,0.07246376811594203,0.11594202898550725,0.08791208791208792,0.2318840579710145,0.30434782608695654,0.13043478260869565,0.2318840579710145,0.4677432899999999,96.334,R,0.058333333333333334,0.05,0.22083333333333333,0.5284280936454849,0.24166666666666667,0.07916666666666666,0.3190903061505817,100.38909090909092,15.727272727272727,R,3.0,0.0,1.0,0.027906976744186046,0.07906976744186046,0.06976744186046512,1,Target Field,82.0,26.0,2.1,0.0,0.0,0.65,0.11153352316932941,797,,,,,,,,0.5,,,PASS
823744,2026-08-28 23:40:00+00:00,TEX,MIL,MIL,TEX,1,592885,Christian Yelich,confirmed,5.0,4.3,674003,0.017857142857142856,0.07142857142857142,0.05813953488372093,0.15714285714285714,0.30714285714285716,0.24642857142857144,0.09642857142857143,0.3153232641666667,96.50316666666667,0.03225806451612903,0.08064516129032258,0.06493506493506493,0.1774193548387097,0.2903225806451613,0.24193548387096775,0.06451612903225806,0.34355268888888885,97.454,L,0.011494252873563218,0.09195402298850575,0.2413793103448276,0.6017699115044248,0.14942528735632185,0.04597701149425287,0.3429149843117409,101.53999999999999,15.0,L,0.0,0.0,0.0,0.03,0.06,0.0,1,American Family Field,76.3,51.0,7.7,0.0,0.5,0.8686056708564748,0.11141087054502286,798,,,,,,,,0.5,,,PASS
823504,2026-08-28 23:15:00+00:00,BOS,NYY,BOS,NYY,0,575929,Willson Contreras,confirmed,4.0,4.45,693645,0.05241935483870968,0.06854838709677419,0.056666666666666664,0.22983870967741934,0.1935483870967742,0.24596774193548387,0.12096774193548387,0.3742852716666667,97.51728813559323,0.045454545454545456,0.06060606060606061,0.045454545454545456,0.18181818181818182,0.13636363636363635,0.19696969696969696,0.12121212121212122,0.33611983333333334,93.64466666666665,R,0.03125,0.05113636363636364,0.1590909090909091,0.5769230769230769,0.3181818181818182,0.06818181818181818,0.2819269367492743,98.46066666666667,17.2,R,9.0,0.0,1.0,0.024489795918367346,0.06938775510204082,0.1836734693877551,1,Yankee Stadium,79.1,66.0,6.0,0.0,0.0,1.1049609554432704,0.10923656626367888,815,,,,,,,,0.5,,,PASS
824877,2026-08-28 23:15:00+00:00,COL,ATL,ATL,COL,1,669221,Sean Murphy,confirmed,8.0,3.85,608372,0.02040816326530612,0.02040816326530612,0.017241379310344827,0.08163265306122448,0.20408163265306123,0.3673469387755102,0.02040816326530612,0.1943344761904762,94.65428571428572,0.02040816326530612,0.02040816326530612,0.017241379310344827,0.08163265306122448,0.20408163265306123,0.3673469387755102,0.02040816326530612,0.1943344761904762,94.65428571428572,R,0.04956268221574344,0.09620991253644315,0.24489795918367346,0.5,0.13702623906705538,0.04664723032069971,0.38907171137681157,102.70133333333335,15.6,R,0.0,0.0,0.0,0.03,0.06,0.0,1,Truist Park,78.3,70.0,5.3,0.0,0.0,1.3451698588005032,0.10715166124787956,833,,,,,,,,0.5,,,PASS
823744,2026-08-28 23:40:00+00:00,TEX,MIL,MIL,TEX,1,687401,Joey Ortiz,confirmed,6.0,4.15,674003,0.026905829596412557,0.03587443946188341,0.027210884353741496,0.17488789237668162,0.22869955156950672,0.17488789237668162,0.09417040358744394,0.30277887249999996,97.81491525423728,0.03389830508474576,0.05084745762711865,0.0375,0.1864406779661017,0.1694915254237288,0.22033898305084745,0.1016949152542373,0.2633254188888889,98.92571428571428,R,0.011494252873563218,0.09195402298850575,0.2413793103448276,0.6017699115044248,0.14942528735632185,0.04597701149425287,0.3429149843117409,101.53999999999999,15.0,L,0.0,0.0,0.0,0.03,0.06,0.0,0,American Family Field,76.3,51.0,7.7,0.0,0.5,0.8686056708564748,0.10670354282795565,837,,,,,,,,0.5,,,PASS
824396,2026-08-28 23:10:00+00:00,KC,CLE,CLE,KC,1,800050,Chase DeLauter,confirmed,2.0,4.65,608379,0.022900763358778626,0.04580152671755725,0.03418803418803419,0.17938931297709923,0.22900763358778625,0.16412213740458015,0.09923664122137404,0.3370015477777778,98.93016666666668,0.014705882352941176,0.029411764705882353,0.022727272727272728,0.1323529411764706,0.25,0.14705882352941177,0.16176470588235295,0.3338766433333334,98.54933333333332,L,0.03664921465968586,0.049738219895287955,0.20157068062827224,0.5394495412844037,0.17277486910994763,0.05235602094240838,0.31416478625716926,99.76266666666668,18.2,R,3.0,0.0,0.0,0.027906976744186046,0.05581395348837209,0.06976744186046512,0,Progressive Field,73.5,42.0,7.1,0.0,0.0,1.053646979184295,0.1066668198753023,837,,,,,,,,0.5,,,PASS
823504,2026-08-28 23:15:00+00:00,BOS,NYY,BOS,NYY,0,677800,Wilyer Abreu,confirmed,3.0,4.55,693645,0.052830188679245285,0.09433962264150944,0.07352941176470588,0.20754716981132076,0.32452830188679244,0.21132075471698114,0.1320754716981132,0.37712871238095247,97.21116666666668,0.029411764705882353,0.07352941176470588,0.05813953488372093,0.19117647058823528,0.3235294117647059,0.20588235294117646,0.14705882352941177,0.3591143266666667,97.32666666666664,L,0.03125,0.05113636363636364,0.1590909090909091,0.5769230769230769,0.3181818181818182,0.06818181818181818,0.2819269367492743,98.46066666666667,17.2,R,9.0,0.0,1.0,0.024489795918367346,0.06938775510204082,0.1836734693877551,0,Yankee Stadium,79.1,66.0,6.0,0.0,0.0,1.1049609554432704,0.10648529234459087,839,,,,,,,,0.5,,,PASS
824396,2026-08-28 23:10:00+00:00,KC,CLE,KC,CLE,0,521692,Salvador Perez,confirmed,4.0,4.45,676440,0.0321285140562249,0.08433734939759036,0.057534246575342465,0.20883534136546184,0.2891566265060241,0.20883534136546184,0.0321285140562249,0.3067111886111111,96.05883333333333,0.016129032258064516,0.08064516129032258,0.053763440860215055,0.22580645161290322,0.22580645161290322,0.1774193548387097,0.03225806451612903,0.34136816777777773,96.276,R,0.03773584905660377,0.05121293800539083,0.20754716981132076,0.5225409836065574,0.18328840970350405,0.06199460916442048,0.31375885433938966,100.76466666666667,18.4,R,4.0,0.0,0.0,0.02727272727272727,0.05454545454545454,0.09090909090909091,1,Progressive Field,73.5,42.0,7.1,0.0,0.0,1.053646979184295,0.10623332764035971,841,,,,,,,,0.5,,,PASS
823666,2026-08-29 00:10:00+00:00,CWS,MIN,MIN,CWS,1,680777,Ryan Jeffers,confirmed,3.0,4.55,622491,0.038314176245210725,0.07662835249042145,0.055401662049861494,0.18773946360153257,0.27586206896551724,0.15708812260536398,0.12643678160919541,0.3549773733333333,98.04866666666666,0.0,0.07246376811594203,0.04854368932038835,0.2028985507246377,0.30434782608695654,0.17391304347826086,0.11594202898550725,0.31366284222222224,99.67733333333332,R,0.04985337243401759,0.07038123167155426,0.2316715542521994,0.562874251497006,0.19941348973607037,0.06451612903225806,0.33982581396924666,101.07533333333332,15.466666666666667,R,3.0,0.0,0.0,0.027906976744186046,0.05581395348837209,0.06976744186046512,1,Target Field,82.0,26.0,2.1,0.0,0.0,0.65,0.10616593744759467,842,,,,,,,,0.5,,,PASS
823666,2026-08-29 00:10:00+00:00,CWS,MIN,MIN,CWS,1,668904,Royce Lewis,confirmed,6.0,4.15,622491,0.027559055118110236,0.06692913385826772,0.0529595015576324,0.20866141732283464,0.20078740157480315,0.2283464566929134,0.07480314960629922,0.3169034736111111,98.06400000000004,0.0,0.03278688524590164,0.023529411764705882,0.13114754098360656,0.19672131147540983,0.19672131147540983,0.04918032786885246,0.29245041777777775,97.02600000000001,R,0.04985337243401759,0.07038123167155426,0.2316715542521994,0.562874251497006,0.19941348973607037,0.06451612903225806,0.33982581396924666,101.07533333333332,15.466666666666667,R,0.0,0.0,0.0,0.03,0.06,0.0,1,Target Field,82.0,26.0,2.1,0.0,0.0,0.65,0.1060164707620896,843,,,,,,,,0.5,,,PASS
824877,2026-08-28 23:15:00+00:00,COL,ATL,COL,ATL,0,691728,Zac Veen,confirmed,8.0,3.85,656550,0.08695652173913043,0.08695652173913043,0.09090909090909091,0.13043478260869565,0.17391304347826086,0.43478260869565216,0.08695652173913043,0.25458020833333334,91.30875,0.08695652173913043,0.08695652173913043,0.09090909090909091,0.13043478260869565,0.17391304347826086,0.43478260869565216,0.08695652173913043,0.25458020833333334,91.30875,L,0.0380952380952381,0.06984126984126984,0.19682539682539682,0.45646437994722955,0.18412698412698414,0.10158730158730159,0.3495090477756929,102.12466666666666,14.4,R,0.0,0.0,0.0,0.03,0.06,0.0,0,Truist Park,78.3,70.0,5.3,0.0,0.0,1.3451698588005032,0.10503577942354289,852,,,,,,,,0.5,,,PASS
822691,2026-08-28 22:45:00+00:00,MIA,WSH,WSH,MIA,1,695734,Daylen Lile,confirmed,4.0,4.45,691587,0.04,0.068,0.042821158690176324,0.22,0.376,0.212,0.036,0.3102329466666668,94.93083333333335,0.046153846153846156,0.07692307692307693,0.044642857142857144,0.26153846153846155,0.46153846153846156,0.2153846153846154,0.06153846153846154,0.37365099333333335,95.528,L,0.01791044776119403,0.041791044776119404,0.13134328358208955,0.6021505376344086,0.2746268656716418,0.09253731343283582,0.2658498135171489,98.39733333333334,16.933333333333334,R,3.0,0.0,0.0,0.027906976744186046,0.05581395348837209,0.06976744186046512,0,Nationals Park,81.7,72.0,2.7,0.0,0.0,1.3080787781350482,0.10496627061352357,853,,,,,,,,0.5,,,PASS
823583,2026-08-28 23:10:00+00:00,HOU,NYM,HOU,NYM,0,662139,Daulton Varsho,confirmed,5.0,4.3,681035,0.02092050209205021,0.0502092050209205,0.03389830508474576,0.19665271966527198,0.29707112970711297,0.20502092050209206,0.06694560669456066,0.25982973000000004,95.71399999999998,0.047619047619047616,0.06349206349206349,0.04878048780487805,0.23809523809523808,0.36507936507936506,0.25396825396825395,0.047619047619047616,0.27200365111111113,98.02933333333334,L,0.028125,0.05,0.190625,0.5697940503432495,0.284375,0.09375,0.3065839533387909,100.78533333333333,14.533333333333333,R,0.0,0.0,0.0,0.03,0.06,0.0,0,Citi Field,77.1,82.0,7.2,0.0,0.0,0.909967845659164,0.1047183704549315,855,,,,,,,,0.5,,,PASS
823666,2026-08-29 00:10:00+00:00,CWS,MIN,CWS,MIN,0,695657,Colson Montgomery,confirmed,6.0,4.15,665152,0.043478260869565216,0.05928853754940711,0.05244755244755245,0.18181818181818182,0.22134387351778656,0.3794466403162055,0.06719367588932806,0.2719914744841269,95.13105263157895,0.031746031746031744,0.06349206349206349,0.05128205128205128,0.23809523809523808,0.23809523809523808,0.42857142857142855,0.06349206349206349,0.2795224844444445,99.54428571428572,L,0.058333333333333334,0.05,0.22083333333333333,0.5284280936454849,0.24166666666666667,0.07916666666666666,0.3190903061505817,100.38909090909092,15.727272727272727,R,0.0,0.0,0.0,0.03,0.06,0.0,0,Target Field,82.0,26.0,2.1,0.0,0.0,0.65,0.10456231513365419,856,,,,,,,,0.5,,,PASS
823744,2026-08-28 23:40:00+00:00,TEX,MIL,TEX,MIL,0,694671,Wyatt Langford,confirmed,3.0,4.55,701656,0.053231939163498096,0.049429657794676805,0.036211699164345405,0.20532319391634982,0.20912547528517111,0.20532319391634982,0.11026615969581749,0.33109806388888885,97.69066666666666,0.029411764705882353,0.014705882352941176,0.010638297872340425,0.16176470588235295,0.17647058823529413,0.14705882352941177,0.20588235294117646,0.3864603022222222,97.20866666666667,R,0.03773584905660377,0.04905660377358491,0.19622641509433963,0.6223404255319149,0.2981132075471698,0.052830188679245285,0.2558755370829587,100.2823076923077,15.76923076923077,R,0.0,0.0,0.0,0.03,0.06,0.0,1,American Family Field,76.3,51.0,7.7,0.0,0.5,0.8686056708564748,0.10422653208439164,859,,,,,,,,0.5,,,PASS
824877,2026-08-28 23:15:00+00:00,COL,ATL,COL,ATL,0,681393,Connor Norby,confirmed,7.0,4.0,656550,0.017241379310344827,0.03879310344827586,0.03214285714285714,0.1853448275862069,0.27155172413793105,0.3146551724137931,0.11206896551724138,0.28618557694444446,92.70700000000001,0.01694915254237288,0.03389830508474576,0.02702702702702703,0.1864406779661017,0.3050847457627119,0.288135593220339,0.13559322033898305,0.3332434544444444,94.562,R,0.0380952380952381,0.06984126984126984,0.19682539682539682,0.45646437994722955,0.18412698412698414,0.10158730158730159,0.3495090477756929,102.12466666666666,14.4,R,2.0,0.0,0.0,0.02857142857142857,0.05714285714285714,0.047619047619047616,1,Truist Park,78.3,70.0,5.3,0.0,0.0,1.3451698588005032,0.10373164555668908,864,,,,,,,,0.5,,,PASS
823666,2026-08-29 00:10:00+00:00,CWS,MIN,MIN,CWS,1,665019,Kody Clemens,confirmed,4.0,4.45,622491,0.047058823529411764,0.07058823529411765,0.05341246290801187,0.2196078431372549,0.24705882352941178,0.23137254901960785,0.058823529411764705,0.3252580008333333,97.49966666666666,0.03278688524590164,0.08196721311475409,0.07352941176470588,0.21311475409836064,0.32786885245901637,0.2786885245901639,0.08196721311475409,0.36586534000000004,97.32666666666667,L,0.04985337243401759,0.07038123167155426,0.2316715542521994,0.562874251497006,0.19941348973607037,0.06451612903225806,0.33982581396924666,101.07533333333332,15.466666666666667,R,3.0,1.0,1.0,0.051162790697674425,0.07906976744186046,0.06976744186046512,0,Target Field,82.0,26.0,2.1,0.0,0.0,0.65,0.10351014594080474,866,,,,,,,,0.5,,,PASS
823504,2026-08-28 23:15:00+00:00,BOS,NYY,NYY,BOS,1,502671,Paul Goldschmidt,confirmed,1.0,4.75,663776,0.05343511450381679,0.0648854961832061,0.05089820359281437,0.16030534351145037,0.2480916030534351,0.25572519083969464,0.0648854961832061,0.28224507166666674,94.0993333333333,0.015625,0.03125,0.02857142857142857,0.078125,0.25,0.296875,0.09375,0.26740304,92.79733333333333,R,0.02717391304347826,0.043478260869565216,0.15760869565217392,0.5109170305676856,0.22282608695652173,0.09782608695652174,0.33636527892386875,99.84,14.5,L,0.0,0.0,0.0,0.03,0.06,0.0,0,Yankee Stadium,79.1,66.0,6.0,0.0,0.0,1.1049609554432704,0.10313921070991135,870,,,,,,,,0.5,,,PASS
823013,2026-08-29 00:15:00+00:00,PIT,STL,STL,PIT,1,669357,Nolan Gorman,confirmed,8.0,3.85,683003,0.030973451327433628,0.05309734513274336,0.0449438202247191,0.22123893805309736,0.17256637168141592,0.3274336283185841,0.10619469026548672,0.27334719672619046,95.42236363636363,0.037037037037037035,0.037037037037037035,0.037037037037037035,0.12962962962962962,0.1111111111111111,0.5,0.07407407407407407,0.15888919888888886,92.41357142857143,L,0.03793103448275862,0.05172413793103448,0.16896551724137931,0.5526315789473685,0.2655172413793103,0.0896551724137931,0.2932750621588694,102.01266666666666,13.466666666666667,R,0.0,0.0,0.0,0.03,0.06,0.0,0,Busch Stadium,83.1,34.0,3.8,0.0,0.0,0.7226215244940419,0.10301401317270835,871,,,,,,,,0.5,,,PASS
823583,2026-08-28 23:10:00+00:00,HOU,NYM,HOU,NYM,0,676369,Nelson Velázquez,confirmed,9.0,3.7,681035,0.056338028169014086,0.08450704225352113,0.07142857142857142,0.30985915492957744,0.16901408450704225,0.23943661971830985,0.08450704225352113,0.36090913809523806,97.38666666666667,0.041666666666666664,0.0625,0.04918032786885246,0.2916666666666667,0.16666666666666666,0.2708333333333333,0.10416666666666667,0.31287553777777777,95.63466666666667,R,0.028125,0.05,0.190625,0.5697940503432495,0.284375,0.09375,0.3065839533387909,100.78533333333333,14.533333333333333,R,0.0,0.0,0.0,0.03,0.06,0.0,1,Citi Field,77.1,82.0,7.2,0.0,0.0,0.909967845659164,0.10277677656105152,873,,,,,,,,0.5,,,PASS
823744,2026-08-28 23:40:00+00:00,TEX,MIL,TEX,MIL,0,669394,Jake Burger,confirmed,7.0,4.0,701656,0.04979253112033195,0.07883817427385892,0.06597222222222222,0.1908713692946058,0.17012448132780084,0.27800829875518673,0.0912863070539419,0.3104916922222222,97.54400000000001,0.06779661016949153,0.06779661016949153,0.056338028169014086,0.2033898305084746,0.1694915254237288,0.2542372881355932,0.13559322033898305,0.39152444777777784,96.97399999999999,R,0.03773584905660377,0.04905660377358491,0.19622641509433963,0.6223404255319149,0.2981132075471698,0.052830188679245285,0.2558755370829587,100.2823076923077,15.76923076923077,R,0.0,0.0,0.0,0.03,0.06,0.0,1,American Family Field,76.3,51.0,7.7,0.0,0.5,0.8686056708564748,0.10197947091109265,881,,,,,,,,0.5,,,PASS
823013,2026-08-29 00:15:00+00:00,PIT,STL,PIT,STL,0,668804,Bryan Reynolds,confirmed,3.0,4.55,687273,0.018726591760299626,0.0749063670411985,0.06116207951070336,0.1760299625468165,0.26217228464419473,0.2696629213483146,0.10486891385767791,0.32009064083333333,96.86466666666666,0.0,0.07692307692307693,0.058823529411764705,0.18461538461538463,0.2153846153846154,0.18461538461538463,0.07692307692307693,0.34893223,99.33066666666666,L,0.015151515151515152,0.015151515151515152,0.12121212121212122,0.4897959183673469,0.19696969696969696,0.10606060606060606,0.2717593774509804,99.81666666666666,14.0,L,0.0,0.0,0.0,0.03,0.06,0.0,1,Busch Stadium,83.1,34.0,3.8,0.0,0.0,0.7226215244940419,0.10055694773957485,894,,,,,,,,0.5,,,PASS
822691,2026-08-28 22:45:00+00:00,MIA,WSH,MIA,WSH,0,682663,Agustín Ramírez,confirmed,2.0,4.65,800600,0.011764705882352941,0.023529411764705882,0.018518518518518517,0.12941176470588237,0.22941176470588234,0.22941176470588234,0.11764705882352941,0.2773343601626016,97.17439024390244,0.0,0.0,0.0,0.06896551724137931,0.20689655172413793,0.27586206896551724,0.1896551724137931,0.2755290477777778,93.42133333333335,R,0.01639344262295082,0.04918032786885246,0.13114754098360656,0.4939759036144578,0.22950819672131148,0.18032786885245902,0.37023353660287084,101.26666666666667,12.333333333333334,L,3.0,0.0,0.0,0.027906976744186046,0.05581395348837209,0.06976744186046512,0,Nationals Park,81.7,72.0,2.7,0.0,0.0,1.3080787781350482,0.10035186585614572,896,,,,,,,,0.5,,,PASS
824396,2026-08-28 23:10:00+00:00,KC,CLE,KC,CLE,0,677951,Bobby Witt Jr.,confirmed,2.0,4.65,676440,0.026217228464419477,0.06741573033707865,0.05572755417956656,0.18352059925093633,0.2958801498127341,0.17228464419475656,0.1198501872659176,0.37055930825396827,98.00083333333333,0.04285714285714286,0.04285714285714286,0.03296703296703297,0.1,0.2714285714285714,0.18571428571428572,0.14285714285714285,0.35143792444444444,97.24266666666668,R,0.03773584905660377,0.05121293800539083,0.20754716981132076,0.5225409836065574,0.18328840970350405,0.06199460916442048,0.31375885433938966,100.76466666666667,18.4,R,5.0,1.0,2.0,0.04888888888888889,0.09777777777777778,0.1111111111111111,1,Progressive Field,73.5,42.0,7.1,0.0,0.0,1.053646979184295,0.10032830178758094,897,,,,,,,,0.5,,,PASS
823666,2026-08-29 00:10:00+00:00,CWS,MIN,MIN,CWS,1,605137,Josh Bell,confirmed,5.0,4.3,622491,0.03861003861003861,0.0694980694980695,0.04891304347826087,0.20077220077220076,0.23938223938223938,0.16602316602316602,0.09266409266409266,0.3546533388888889,98.46016666666667,0.030303030303030304,0.06060606060606061,0.0449438202247191,0.15151515151515152,0.2727272727272727,0.13636363636363635,0.09090909090909091,0.36131422666666674,98.25399999999999,L,0.04985337243401759,0.07038123167155426,0.2316715542521994,0.562874251497006,0.19941348973607037,0.06451612903225806,0.33982581396924666,101.07533333333332,15.466666666666667,R,3.0,0.0,0.0,0.027906976744186046,0.05581395348837209,0.06976744186046512,0,Target Field,82.0,26.0,2.1,0.0,0.0,0.65,0.09909935578723619,909,,,,,,,,0.5,,,PASS
823013,2026-08-29 00:15:00+00:00,PIT,STL,STL,PIT,1,802139,JJ Wetherholt,confirmed,1.0,4.75,683003,0.025735294117647058,0.05514705882352941,0.04643962848297214,0.21691176470588236,0.27205882352941174,0.15808823529411764,0.11029411764705882,0.3585195963888889,96.83633333333333,0.014492753623188406,0.057971014492753624,0.047619047619047616,0.2318840579710145,0.2753623188405797,0.2318840579710145,0.08695652173913043,0.36211996,97.76533333333333,L,0.03793103448275862,0.05172413793103448,0.16896551724137931,0.5526315789473685,0.2655172413793103,0.0896551724137931,0.2932750621588694,102.01266666666666,13.466666666666667,R,0.0,0.0,0.0,0.03,0.06,0.0,0,Busch Stadium,83.1,34.0,3.8,0.0,0.0,0.7226215244940419,0.09873329563019415,913,,,,,,,,0.5,,,PASS
824877,2026-08-28 23:15:00+00:00,COL,ATL,COL,ATL,0,664983,Jake McCarthy,confirmed,1.0,4.75,656550,0.03296703296703297,0.03663003663003663,0.026385224274406333,0.16483516483516483,0.2454212454212454,0.15018315018315018,0.04395604395604396,0.3161742319444445,94.35316666666668,0.0,0.029411764705882353,0.018691588785046728,0.11764705882352941,0.27941176470588236,0.16176470588235295,0.07352941176470588,0.2903979211111112,94.21400000000001,L,0.0380952380952381,0.06984126984126984,0.19682539682539682,0.45646437994722955,0.18412698412698414,0.10158730158730159,0.3495090477756929,102.12466666666666,14.4,R,2.0,0.0,0.0,0.02857142857142857,0.05714285714285714,0.047619047619047616,0,Truist Park,78.3,70.0,5.3,0.0,0.0,1.3451698588005032,0.09835126230740852,917,,,,,,,,0.5,,,PASS
824231,2026-08-28 22:40:00+00:00,LAD,DET,DET,LAD,1,701678,Hao-Yu Lee,confirmed,2.0,4.65,669373,0.028985507246376812,0.06763285024154589,0.055776892430278883,0.21739130434782608,0.26570048309178745,0.21256038647342995,0.05314009661835749,0.29073813694444445,95.44932203389831,0.018867924528301886,0.07547169811320754,0.06060606060606061,0.22641509433962265,0.22641509433962265,0.16981132075471697,0.07547169811320754,0.3182544511111111,95.17933333333332,R,0.03089887640449438,0.047752808988764044,0.15730337078651685,0.5524625267665952,0.31741573033707865,0.042134831460674156,0.2564670058421825,98.42466666666665,18.0,L,0.0,0.0,0.0,0.03,0.06,0.0,0,Comerica Park,75.5,48.0,4.6,0.0,0.0,0.909967845659164,0.09786811407610774,922,,,,,,,,0.5,,,PASS
824396,2026-08-28 23:10:00+00:00,KC,CLE,KC,CLE,0,686469,Vinnie Pasquantino,confirmed,5.0,4.3,676440,0.023255813953488372,0.05813953488372093,0.04054054054054054,0.24806201550387597,0.3062015503875969,0.1434108527131783,0.10465116279069768,0.3371090502777777,97.74049999999998,0.046153846153846156,0.07692307692307693,0.052083333333333336,0.27692307692307694,0.3230769230769231,0.09230769230769231,0.1076923076923077,0.37046145444444445,98.66066666666667,L,0.03773584905660377,0.05121293800539083,0.20754716981132076,0.5225409836065574,0.18328840970350405,0.06199460916442048,0.31375885433938966,100.76466666666667,18.4,R,4.0,0.0,1.0,0.02727272727272727,0.07727272727272727,0.09090909090909091,0,Progressive Field,73.5,42.0,7.1,0.0,0.0,1.053646979184295,0.09779513117206995,923,,,,,,,,0.5,,,PASS
824396,2026-08-28 23:10:00+00:00,KC,CLE,CLE,KC,1,672275,Patrick Bailey,confirmed,7.0,4.0,608379,0.03271028037383177,0.0514018691588785,0.03859649122807018,0.17757009345794392,0.2616822429906542,0.2570093457943925,0.09345794392523364,0.2997398141666666,96.61983050847459,0.03278688524590164,0.03278688524590164,0.02666666666666667,0.16393442622950818,0.2459016393442623,0.22950819672131148,0.16393442622950818,0.33291572111111106,96.39599999999999,L,0.03664921465968586,0.049738219895287955,0.20157068062827224,0.5394495412844037,0.17277486910994763,0.05235602094240838,0.31416478625716926,99.76266666666668,18.2,R,0.0,0.0,0.0,0.03,0.06,0.0,0,Progressive Field,73.5,42.0,7.1,0.0,0.0,1.053646979184295,0.09749895725844168,926,,,,,,,,0.5,,,PASS
823583,2026-08-28 23:10:00+00:00,HOU,NYM,HOU,NYM,0,572233,Christian Walker,confirmed,6.0,4.15,681035,0.03187250996015936,0.035856573705179286,0.02694610778443114,0.14741035856573706,0.21912350597609562,0.2589641434262948,0.0796812749003984,0.26924482944444444,96.94783333333335,0.03278688524590164,0.03278688524590164,0.02631578947368421,0.09836065573770492,0.16393442622950818,0.19672131147540983,0.04918032786885246,0.26416500555555555,96.78466666666665,R,0.028125,0.05,0.190625,0.5697940503432495,0.284375,0.09375,0.3065839533387909,100.78533333333333,14.533333333333333,R,0.0,0.0,0.0,0.03,0.06,0.0,1,Citi Field,77.1,82.0,7.2,0.0,0.0,0.909967845659164,0.09749693851297378,926,,,,,,,,0.5,,,PASS
823666,2026-08-29 00:10:00+00:00,CWS,MIN,MIN,CWS,1,686797,Brooks Lee,confirmed,2.0,4.65,622491,0.040160642570281124,0.024096385542168676,0.015873015873015872,0.1927710843373494,0.23293172690763053,0.15261044176706828,0.060240963855421686,0.26996640222222223,95.53550000000001,0.06779661016949153,0.05084745762711865,0.03,0.2711864406779661,0.288135593220339,0.13559322033898305,0.01694915254237288,0.3069730844444445,96.92866666666667,L,0.04985337243401759,0.07038123167155426,0.2316715542521994,0.562874251497006,0.19941348973607037,0.06451612903225806,0.33982581396924666,101.07533333333332,15.466666666666667,R,3.0,0.0,0.0,0.027906976744186046,0.05581395348837209,0.06976744186046512,0,Target Field,82.0,26.0,2.1,0.0,0.0,0.65,0.09722427243763936,929,,,,,,,,0.5,,,PASS
824396,2026-08-28 23:10:00+00:00,KC,CLE,CLE,KC,1,663993,Nathaniel Lowe,confirmed,5.0,4.3,608379,0.03333333333333333,0.05,0.034482758620689655,0.17083333333333334,0.2791666666666667,0.22083333333333333,0.07916666666666666,0.31950452527777784,96.04283333333333,0.031746031746031744,0.047619047619047616,0.03333333333333333,0.15873015873015872,0.31746031746031744,0.15873015873015872,0.06349206349206349,0.3070185144444445,97.46066666666667,L,0.03664921465968586,0.049738219895287955,0.20157068062827224,0.5394495412844037,0.17277486910994763,0.05235602094240838,0.31416478625716926,99.76266666666668,18.2,R,0.0,0.0,0.0,0.03,0.06,0.0,0,Progressive Field,73.5,42.0,7.1,0.0,0.0,1.053646979184295,0.09677772751091894,933,,,,,,,,0.5,,,PASS
823013,2026-08-29 00:15:00+00:00,PIT,STL,PIT,STL,0,804668,Rafael Flores Jr.,confirmed,6.0,4.15,687273,0.05405405405405406,0.08108108108108109,0.07894736842105263,0.16216216216216217,0.21621621621621623,0.3108108108108108,0.10810810810810811,0.2969211,94.91578947368421,0.05357142857142857,0.07142857142857142,0.07272727272727272,0.16071428571428573,0.17857142857142858,0.375,0.08928571428571429,0.23865868333333337,94.5657142857143,R,0.015151515151515152,0.015151515151515152,0.12121212121212122,0.4897959183673469,0.19696969696969696,0.10606060606060606,0.2717593774509804,99.81666666666666,14.0,L,0.0,0.0,0.0,0.03,0.06,0.0,0,Busch Stadium,83.1,34.0,3.8,0.0,0.0,0.7226215244940419,0.09631222800429007,938,,,,,,,,0.5,,,PASS
823504,2026-08-28 23:15:00+00:00,BOS,NYY,NYY,BOS,1,641355,Cody Bellinger,confirmed,3.0,4.55,663776,0.027777777777777776,0.03968253968253968,0.029069767441860465,0.18253968253968253,0.24603174603174602,0.18253968253968253,0.0992063492063492,0.32921500083333327,95.97183333333332,0.01639344262295082,0.03278688524590164,0.02127659574468085,0.18032786885245902,0.29508196721311475,0.19672131147540983,0.09836065573770492,0.3681653933333333,95.80933333333334,L,0.02717391304347826,0.043478260869565216,0.15760869565217392,0.5109170305676856,0.22282608695652173,0.09782608695652174,0.33636527892386875,99.84,14.5,L,0.0,0.0,0.0,0.03,0.06,0.0,1,Yankee Stadium,79.1,66.0,6.0,0.0,0.0,1.1049609554432704,0.0945861764939549,957,,,,,,,,0.5,,,PASS
822691,2026-08-28 22:45:00+00:00,MIA,WSH,MIA,WSH,0,691788,Joe Mack,confirmed,9.0,3.7,800600,0.05188679245283019,0.0660377358490566,0.05166051660516605,0.19811320754716982,0.2169811320754717,0.24056603773584906,0.0660377358490566,0.2955949427777778,94.53850000000001,0.04,0.04,0.03076923076923077,0.14,0.2,0.3,0.06,0.20798517777777778,91.15466666666667,L,0.01639344262295082,0.04918032786885246,0.13114754098360656,0.4939759036144578,0.22950819672131148,0.18032786885245902,0.37023353660287084,101.26666666666667,12.333333333333334,L,0.0,0.0,0.0,0.03,0.06,0.0,1,Nationals Park,81.7,72.0,2.7,0.0,0.0,1.3080787781350482,0.09425894874692228,961,,,,,,,,0.5,,,PASS
822935,2026-08-28 23:10:00+00:00,SD,TB,SD,TB,0,669720,Austin Hays,confirmed,7.0,4.0,663556,0.017241379310344827,0.017241379310344827,0.0136986301369863,0.1896551724137931,0.25862068965517243,0.3103448275862069,0.017241379310344827,0.26389222222222225,94.304,0.017241379310344827,0.017241379310344827,0.0136986301369863,0.1896551724137931,0.25862068965517243,0.3103448275862069,0.017241379310344827,0.26389222222222225,94.304,R,0.023178807947019868,0.059602649006622516,0.17880794701986755,0.4636118598382749,0.2152317880794702,0.0728476821192053,0.32007963828751507,101.64200000000001,14.4,L,0.0,0.0,0.0,0.03,0.06,0.0,0,Tropicana Field,81.4,85.0,4.0,0.0,1.0,1.0521503215434085,0.0939638556814835,964,,,,,,,,0.5,,,PASS
822935,2026-08-28 23:10:00+00:00,SD,TB,SD,TB,0,593428,Xander Bogaerts,confirmed,6.0,4.15,663556,0.0125,0.0375,0.03409090909090909,0.12083333333333333,0.15,0.1625,0.15,0.3244998430555555,97.82699999999998,0.034482758620689655,0.08620689655172414,0.078125,0.15517241379310345,0.1896551724137931,0.1206896551724138,0.15517241379310345,0.3576519311111111,99.18133333333334,R,0.023178807947019868,0.059602649006622516,0.17880794701986755,0.4636118598382749,0.2152317880794702,0.0728476821192053,0.32007963828751507,101.64200000000001,14.4,L,0.0,0.0,0.0,0.03,0.06,0.0,0,Tropicana Field,81.4,85.0,4.0,0.0,1.0,1.0521503215434085,0.09312965965846105,974,,,,,,,,0.5,,,PASS
823583,2026-08-28 23:10:00+00:00,HOU,NYM,NYM,HOU,1,673357,Luis Robert Jr.,confirmed,5.0,4.3,686613,0.04926108374384237,0.059113300492610835,0.04597701149425287,0.16748768472906403,0.22167487684729065,0.22660098522167488,0.10344827586206896,0.3264653142361111,98.41520833333333,0.09375,0.125,0.09411764705882353,0.171875,0.3125,0.1875,0.09375,0.4052120177777778,97.30533333333332,R,0.031545741324921134,0.03785488958990536,0.1167192429022082,0.4385026737967914,0.23974763406940064,0.13564668769716087,0.29891408917171003,99.14999999999999,15.428571428571429,R,0.0,0.0,0.0,0.03,0.06,0.0,1,Citi Field,77.1,82.0,7.2,0.0,0.0,0.909967845659164,0.09275361095181094,978,,,,,,,,0.5,,,PASS
823504,2026-08-28 23:15:00+00:00,BOS,NYY,NYY,BOS,1,669224,Austin Wells,confirmed,9.0,3.7,663776,0.025510204081632654,0.04081632653061224,0.03375527426160337,0.23469387755102042,0.22448979591836735,0.3112244897959184,0.07142857142857142,0.2574018261111111,94.83633333333336,0.0,0.0,0.0,0.2857142857142857,0.16326530612244897,0.2857142857142857,0.08163265306122448,0.2337228111111111,95.92933333333333,L,0.02717391304347826,0.043478260869565216,0.15760869565217392,0.5109170305676856,0.22282608695652173,0.09782608695652174,0.33636527892386875,99.84,14.5,L,0.0,0.0,0.0,0.03,0.06,0.0,1,Yankee Stadium,79.1,66.0,6.0,0.0,0.0,1.1049609554432704,0.09230579027477426,983,,,,,,,,0.5,,,PASS
823013,2026-08-29 00:15:00+00:00,PIT,STL,STL,PIT,1,671056,Iván Herrera,confirmed,2.0,4.65,683003,0.019083969465648856,0.026717557251908396,0.01837270341207349,0.16030534351145037,0.24427480916030533,0.22519083969465647,0.08015267175572519,0.27261766361111117,96.05666666666666,0.014492753623188406,0.028985507246376812,0.022222222222222223,0.13043478260869565,0.18840579710144928,0.2608695652173913,0.18840579710144928,0.30425537999999996,94.33933333333334,R,0.03793103448275862,0.05172413793103448,0.16896551724137931,0.5526315789473685,0.2655172413793103,0.0896551724137931,0.2932750621588694,102.01266666666666,13.466666666666667,R,0.0,0.0,0.0,0.03,0.06,0.0,1,Busch Stadium,83.1,34.0,3.8,0.0,0.0,0.7226215244940419,0.0922827389232609,984,,,,,,,,0.5,,,PASS
824396,2026-08-28 23:10:00+00:00,KC,CLE,CLE,KC,1,608070,José Ramírez,confirmed,3.0,4.55,608379,0.014925373134328358,0.014925373134328358,0.010362694300518135,0.21641791044776118,0.22761194029850745,0.13432835820895522,0.10820895522388059,0.3293753913888889,98.34750000000001,0.0,0.0,0.0,0.21739130434782608,0.2608695652173913,0.17391304347826086,0.11594202898550725,0.32941274000000004,99.24,L,0.03664921465968586,0.049738219895287955,0.20157068062827224,0.5394495412844037,0.17277486910994763,0.05235602094240838,0.31416478625716926,99.76266666666668,18.2,R,6.0,0.0,0.0,0.02608695652173913,0.05217391304347826,0.13043478260869565,0,Progressive Field,73.5,42.0,7.1,0.0,0.0,1.053646979184295,0.0917538376424901,990,,,,,,,,0.5,,,PASS
823744,2026-08-28 23:40:00+00:00,TEX,MIL,TEX,MIL,0,677649,Ezequiel Duran,confirmed,5.0,4.3,701656,0.04081632653061224,0.04081632653061224,0.027548209366391185,0.16326530612244897,0.32653061224489793,0.22448979591836735,0.07755102040816327,0.28760861444444447,95.335,0.015873015873015872,0.031746031746031744,0.02197802197802198,0.19047619047619047,0.31746031746031744,0.2857142857142857,0.1111111111111111,0.2691191511111111,96.40400000000001,R,0.03773584905660377,0.04905660377358491,0.19622641509433963,0.6223404255319149,0.2981132075471698,0.052830188679245285,0.2558755370829587,100.2823076923077,15.76923076923077,R,0.0,0.0,0.0,0.03,0.06,0.0,1,American Family Field,76.3,51.0,7.7,0.0,0.5,0.8686056708564748,0.09157177234421911,992,,,,,,,,0.5,,,PASS
823013,2026-08-29 00:15:00+00:00,PIT,STL,STL,PIT,1,699625,Jimmy Crooks,confirmed,9.0,3.7,683003,0.015748031496062992,0.047244094488188976,0.04081632653061224,0.23622047244094488,0.2204724409448819,0.31496062992125984,0.07086614173228346,0.2553322617117117,95.75594594594592,0.01818181818181818,0.07272727272727272,0.05970149253731343,0.2727272727272727,0.2727272727272727,0.3090909090909091,0.03636363636363636,0.2210234533333333,96.57533333333335,L,0.03793103448275862,0.05172413793103448,0.16896551724137931,0.5526315789473685,0.2655172413793103,0.0896551724137931,0.2932750621588694,102.01266666666666,13.466666666666667,R,0.0,0.0,0.0,0.03,0.06,0.0,0,Busch Stadium,83.1,34.0,3.8,0.0,0.0,0.7226215244940419,0.09098528411784153,999,,,,,,,,0.5,,,PASS
822935,2026-08-28 23:10:00+00:00,SD,TB,TB,SD,1,622761,Jorge Mateo,confirmed,8.0,3.85,663554,0.028169014084507043,0.056338028169014086,0.04040404040404041,0.176056338028169,0.28169014084507044,0.2605633802816901,0.06338028169014084,0.3009643196969697,93.03568181818183,0.022222222222222223,0.044444444444444446,0.030303030303030304,0.2,0.2222222222222222,0.26666666666666666,0.06666666666666667,0.28122875555555554,91.84000000000002,R,0.026143790849673203,0.06209150326797386,0.1895424836601307,0.5539568345323741,0.20588235294117646,0.05228758169934641,0.29377831326339643,99.6,14.933333333333334,R,0.0,0.0,0.0,0.03,0.06,0.0,1,Tropicana Field,81.4,85.0,4.0,0.0,1.0,1.0521503215434085,0.09095626176562292,999,,,,,,,,0.5,,,PASS
823504,2026-08-28 23:15:00+00:00,BOS,NYY,BOS,NYY,0,686765,Nick Sogard,confirmed,1.0,4.75,693645,0.012048192771084338,0.030120481927710843,0.025252525252525252,0.15060240963855423,0.21084337349397592,0.1746987951807229,0.15060240963855423,0.30681706692406685,93.76108108108109,0.02857142857142857,0.05714285714285714,0.047058823529411764,0.17142857142857143,0.21428571428571427,0.17142857142857143,0.15714285714285714,0.32981088999999997,94.85133333333333,L,0.03125,0.05113636363636364,0.1590909090909091,0.5769230769230769,0.3181818181818182,0.06818181818181818,0.2819269367492743,98.46066666666667,17.2,R,0.0,0.0,0.0,0.03,0.06,0.0,0,Yankee Stadium,79.1,66.0,6.0,0.0,0.0,1.1049609554432704,0.09088505173318012,1000,,,,,,,,0.5,,,PASS
822935,2026-08-28 23:10:00+00:00,SD,TB,TB,SD,1,656775,Cedric Mullins,confirmed,7.0,4.0,663554,0.040983606557377046,0.045081967213114756,0.03470031545741325,0.19262295081967212,0.18032786885245902,0.21721311475409835,0.09836065573770492,0.28402932833333333,93.516,0.0,0.04918032786885246,0.037037037037037035,0.22950819672131148,0.22950819672131148,0.14754098360655737,0.13114754098360656,0.3267891188888889,95.98933333333333,L,0.026143790849673203,0.06209150326797386,0.1895424836601307,0.5539568345323741,0.20588235294117646,0.05228758169934641,0.29377831326339643,99.6,14.933333333333334,R,0.0,0.0,0.0,0.03,0.06,0.0,0,Tropicana Field,81.4,85.0,4.0,0.0,1.0,1.0521503215434085,0.09072247222282548,1002,,,,,,,,0.5,,,PASS
824231,2026-08-28 22:40:00+00:00,LAD,DET,DET,LAD,1,693307,Dillon Dingler,confirmed,4.0,4.45,669373,0.03717472118959108,0.048327137546468404,0.03735632183908046,0.16728624535315986,0.2527881040892193,0.24535315985130113,0.03345724907063197,0.3064057022222223,95.98683333333334,0.0,0.0,0.0,0.13636363636363635,0.24242424242424243,0.22727272727272727,0.045454545454545456,0.21026503000000002,94.05599999999998,R,0.03089887640449438,0.047752808988764044,0.15730337078651685,0.5524625267665952,0.31741573033707865,0.042134831460674156,0.2564670058421825,98.42466666666665,18.0,L,0.0,0.0,0.0,0.03,0.06,0.0,0,Comerica Park,75.5,48.0,4.6,0.0,0.0,0.909967845659164,0.09048321247008695,1005,,,,,,,,0.5,,,PASS
823583,2026-08-28 23:10:00+00:00,HOU,NYM,HOU,NYM,0,666211,Taylor Trammell,confirmed,8.0,3.85,681035,0.034653465346534656,0.07920792079207921,0.07272727272727272,0.16336633663366337,0.2376237623762376,0.2871287128712871,0.09405940594059406,0.31340191428571423,95.54018181818182,0.03773584905660377,0.11320754716981132,0.0967741935483871,0.16981132075471697,0.22641509433962265,0.32075471698113206,0.09433962264150944,0.30446917333333334,97.01928571428572,L,0.028125,0.05,0.190625,0.5697940503432495,0.284375,0.09375,0.3065839533387909,100.78533333333333,14.533333333333333,R,0.0,0.0,0.0,0.03,0.06,0.0,0,Citi Field,77.1,82.0,7.2,0.0,0.0,0.909967845659164,0.09018986404406545,1009,,,,,,,,0.5,,,PASS
822769,2026-08-28 23:15:00+00:00,SEA,TOR,TOR,SEA,1,660821,Jesús Sánchez,confirmed,5.0,4.3,676106,0.02912621359223301,0.08737864077669903,0.06741573033707865,0.19902912621359223,0.2669902912621359,0.2524271844660194,0.06796116504854369,0.3307032525,94.88898305084746,0.02127659574468085,0.06382978723404255,0.07894736842105263,0.1276595744680851,0.23404255319148937,0.2978723404255319,0.14893617021276595,0.30374421111111105,93.00714285714287,L,0.02976190476190476,0.047619047619047616,0.15773809523809523,0.5324675324675324,0.20535714285714285,0.06547619047619048,0.29940292700688204,100.62133333333333,15.866666666666667,R,0.0,0.0,0.0,0.03,0.06,0.0,0,Rogers Centre,67.3,64.0,2.1,0.0,0.5,0.65,0.08899457717735978,1024,,,,,,,,0.5,,,PASS
824231,2026-08-28 22:40:00+00:00,LAD,DET,DET,LAD,1,805808,Kevin McGonigle,confirmed,3.0,4.55,669373,0.032490974729241874,0.039711191335740074,0.029177718832891247,0.22382671480144403,0.259927797833935,0.1444043321299639,0.1263537906137184,0.3293429863888889,96.148,0.030303030303030304,0.07575757575757576,0.05,0.2727272727272727,0.3181818181818182,0.15151515151515152,0.09090909090909091,0.34360629333333326,97.35,L,0.03089887640449438,0.047752808988764044,0.15730337078651685,0.5524625267665952,0.31741573033707865,0.042134831460674156,0.2564670058421825,98.42466666666665,18.0,L,0.0,0.0,0.0,0.03,0.06,0.0,1,Comerica Park,75.5,48.0,4.6,0.0,0.0,0.909967845659164,0.08891973768677507,1025,,,,,,,,0.5,,,PASS
823583,2026-08-28 23:10:00+00:00,HOU,NYM,HOU,NYM,0,670623,Isaac Paredes,confirmed,3.0,4.55,681035,0.03007518796992481,0.02631578947368421,0.016908212560386472,0.21804511278195488,0.2631578947368421,0.09398496240601503,0.10526315789473684,0.32276766222222214,95.30766666666668,0.029850746268656716,0.014925373134328358,0.010309278350515464,0.1791044776119403,0.14925373134328357,0.029850746268656716,0.14925373134328357,0.3323868488888888,95.368,R,0.028125,0.05,0.190625,0.5697940503432495,0.284375,0.09375,0.3065839533387909,100.78533333333333,14.533333333333333,R,0.0,0.0,0.0,0.03,0.06,0.0,1,Citi Field,77.1,82.0,7.2,0.0,0.0,0.909967845659164,0.0885562611786361,1029,,,,,,,,0.5,,,PASS
823504,2026-08-28 23:15:00+00:00,BOS,NYY,NYY,BOS,1,806146,George Lombard Jr.,confirmed,6.0,4.15,663776,0.02531645569620253,0.05063291139240506,0.04395604395604396,0.1518987341772152,0.24050632911392406,0.27848101265822783,0.0759493670886076,0.29307640999999995,94.68150000000001,0.0,0.03389830508474576,0.028985507246376812,0.13559322033898305,0.23728813559322035,0.288135593220339,0.05084745762711865,0.2699983777777778,94.26733333333335,R,0.02717391304347826,0.043478260869565216,0.15760869565217392,0.5109170305676856,0.22282608695652173,0.09782608695652174,0.33636527892386875,99.84,14.5,L,0.0,0.0,0.0,0.03,0.06,0.0,0,Yankee Stadium,79.1,66.0,6.0,0.0,0.0,1.1049609554432704,0.08832761096981759,1032,,,,,,,,0.5,,,PASS
824231,2026-08-28 22:40:00+00:00,LAD,DET,LAD,DET,0,677950,Alek Thomas,confirmed,7.0,4.0,623454,0.017241379310344827,0.05172413793103448,0.04054054054054054,0.21551724137931033,0.27586206896551724,0.23275862068965517,0.034482758620689655,0.28095219010416667,96.78125,0.0392156862745098,0.0784313725490196,0.05555555555555555,0.21568627450980393,0.2549019607843137,0.23529411764705882,0.0392156862745098,0.2976797055555556,95.308,L,0.0392156862745098,0.049019607843137254,0.13725490196078433,0.5,0.24509803921568626,0.09803921568627451,0.291932365695851,98.915,12.333333333333334,R,1.0,0.0,0.0,0.029268292682926828,0.058536585365853655,0.024390243902439025,0,Comerica Park,75.5,48.0,4.6,0.0,0.0,0.909967845659164,0.08823965983139395,1033,,,,,,,,0.5,,,PASS
824396,2026-08-28 23:10:00+00:00,KC,CLE,CLE,KC,1,683953,Travis Bazzana,confirmed,6.0,4.15,608379,0.01937984496124031,0.031007751937984496,0.02359882005899705,0.1821705426356589,0.2558139534883721,0.22093023255813954,0.1124031007751938,0.2862247130555556,95.40516666666666,0.0,0.04918032786885246,0.038461538461538464,0.21311475409836064,0.32786885245901637,0.11475409836065574,0.08196721311475409,0.2982322011111111,95.89933333333333,L,0.03664921465968586,0.049738219895287955,0.20157068062827224,0.5394495412844037,0.17277486910994763,0.05235602094240838,0.31416478625716926,99.76266666666668,18.2,R,3.0,0.0,0.0,0.027906976744186046,0.05581395348837209,0.06976744186046512,0,Progressive Field,73.5,42.0,7.1,0.0,0.0,1.053646979184295,0.08815902052140338,1034,,,,,,,,0.5,,,PASS
824231,2026-08-28 22:40:00+00:00,LAD,DET,DET,LAD,1,679529,Spencer Torkelson,confirmed,7.0,4.0,669373,0.032520325203252036,0.06097560975609756,0.05190311418685121,0.16666666666666666,0.2073170731707317,0.3008130081300813,0.10975609756097561,0.2920403541666667,95.70083333333332,0.0,0.01818181818181818,0.017857142857142856,0.16363636363636364,0.2,0.34545454545454546,0.14545454545454545,0.23511950555555558,91.64533333333333,R,0.03089887640449438,0.047752808988764044,0.15730337078651685,0.5524625267665952,0.31741573033707865,0.042134831460674156,0.2564670058421825,98.42466666666665,18.0,L,0.0,0.0,0.0,0.03,0.06,0.0,0,Comerica Park,75.5,48.0,4.6,0.0,0.0,0.909967845659164,0.08789044341732251,1038,,,,,,,,0.5,,,PASS
824231,2026-08-28 22:40:00+00:00,LAD,DET,LAD,DET,0,518692,Freddie Freeman,confirmed,2.0,4.65,623454,0.015873015873015872,0.031746031746031744,0.02099737532808399,0.21825396825396826,0.2976190476190476,0.15873015873015872,0.08333333333333333,0.36186616749999995,96.85533333333333,0.0,0.015151515151515152,0.010752688172043012,0.19696969696969696,0.2727272727272727,0.19696969696969696,0.09090909090909091,0.31001573111111114,95.37466666666666,L,0.0392156862745098,0.049019607843137254,0.13725490196078433,0.5,0.24509803921568626,0.09803921568627451,0.291932365695851,98.915,12.333333333333334,R,0.0,0.0,0.0,0.03,0.06,0.0,0,Comerica Park,75.5,48.0,4.6,0.0,0.0,0.909967845659164,0.08695177658680772,1050,,,,,,,,0.5,,,PASS
822935,2026-08-28 23:10:00+00:00,SD,TB,SD,TB,0,650859,Luis Rengifo,confirmed,2.0,4.65,663556,0.012145748987854251,0.024291497975708502,0.01749271137026239,0.10931174089068826,0.2631578947368421,0.13765182186234817,0.10526315789473684,0.30976369222222216,94.68616666666667,0.03508771929824561,0.03508771929824561,0.02531645569620253,0.17543859649122806,0.2631578947368421,0.19298245614035087,0.08771929824561403,0.3047110577777778,94.10400000000001,L,0.023178807947019868,0.059602649006622516,0.17880794701986755,0.4636118598382749,0.2152317880794702,0.0728476821192053,0.32007963828751507,101.64200000000001,14.4,L,2.0,0.0,0.0,0.02857142857142857,0.05714285714285714,0.047619047619047616,1,Tropicana Field,81.4,85.0,4.0,0.0,1.0,1.0521503215434085,0.08677560828544267,1052,,,,,,,,0.5,,,PASS
824231,2026-08-28 22:40:00+00:00,LAD,DET,LAD,DET,0,605141,Mookie Betts,confirmed,3.0,4.55,623454,0.0392156862745098,0.054901960784313725,0.04294478527607362,0.2,0.2549019607843137,0.10588235294117647,0.07058823529411765,0.3231493038888889,96.87616666666666,0.045454545454545456,0.06060606060606061,0.05063291139240506,0.15151515151515152,0.21212121212121213,0.07575757575757576,0.07575757575757576,0.33435684,97.10266666666666,R,0.0392156862745098,0.049019607843137254,0.13725490196078433,0.5,0.24509803921568626,0.09803921568627451,0.291932365695851,98.915,12.333333333333334,R,0.0,0.0,0.0,0.03,0.06,0.0,1,Comerica Park,75.5,48.0,4.6,0.0,0.0,0.909967845659164,0.08675468097227948,1053,,,,,,,,0.5,,,PASS
823666,2026-08-29 00:10:00+00:00,CWS,MIN,MIN,CWS,1,663616,Trevor Larnach,confirmed,7.0,4.0,622491,0.037815126050420166,0.06302521008403361,0.05,0.2184873949579832,0.27310924369747897,0.17647058823529413,0.07563025210084033,0.31731109138888886,97.08166666666666,0.05084745762711865,0.06779661016949153,0.05714285714285714,0.2542372881355932,0.22033898305084745,0.2033898305084746,0.06779661016949153,0.27381057555555555,98.53866666666667,L,0.04985337243401759,0.07038123167155426,0.2316715542521994,0.562874251497006,0.19941348973607037,0.06451612903225806,0.33982581396924666,101.07533333333332,15.466666666666667,R,3.0,0.0,1.0,0.027906976744186046,0.07906976744186046,0.06976744186046512,0,Target Field,82.0,26.0,2.1,0.0,0.0,0.65,0.08617626339299518,1060,,,,,,,,0.5,,,PASS
822769,2026-08-28 23:15:00+00:00,SEA,TOR,SEA,TOR,0,686527,Dominic Canzone,confirmed,2.0,4.65,656302,0.04743083003952569,0.07114624505928854,0.05660377358490566,0.17786561264822134,0.22134387351778656,0.20948616600790515,0.09486166007905138,0.35618297805555554,97.21483333333335,0.014925373134328358,0.029850746268656716,0.024096385542168676,0.16417910447761194,0.14925373134328357,0.2537313432835821,0.08955223880597014,0.30683170000000004,97.80133333333333,L,0.02197802197802198,0.024725274725274724,0.11813186813186813,0.5501165501165501,0.36813186813186816,0.11813186813186813,0.24555040930375593,97.87200000000001,18.2,R,3.0,0.0,0.0,0.027906976744186046,0.05581395348837209,0.06976744186046512,0,Rogers Centre,67.3,64.0,2.1,0.0,0.5,0.65,0.08577874177752158,1066,,,,,,,,0.5,,,PASS
822691,2026-08-28 22:45:00+00:00,MIA,WSH,MIA,WSH,0,672640,Otto Lopez,confirmed,3.0,4.55,800600,0.01486988847583643,0.04460966542750929,0.034482758620689655,0.15613382899628253,0.1895910780669145,0.09665427509293681,0.07063197026022305,0.3043187827777778,96.66433333333335,0.0,0.06060606060606061,0.043010752688172046,0.15151515151515152,0.24242424242424243,0.07575757575757576,0.09090909090909091,0.32286679888888886,97.31666666666666,R,0.01639344262295082,0.04918032786885246,0.13114754098360656,0.4939759036144578,0.22950819672131148,0.18032786885245902,0.37023353660287084,101.26666666666667,12.333333333333334,L,3.0,0.0,0.0,0.027906976744186046,0.05581395348837209,0.06976744186046512,0,Nationals Park,81.7,72.0,2.7,0.0,0.0,1.3080787781350482,0.08575231915154195,1066,,,,,,,,0.5,,,PASS
822691,2026-08-28 22:45:00+00:00,MIA,WSH,WSH,MIA,1,665953,Andrés Chaparro,confirmed,8.0,3.85,691587,0.05555555555555555,0.09523809523809523,0.07407407407407407,0.23015873015873015,0.2222222222222222,0.19047619047619047,0.09523809523809523,0.3718230679824561,96.31315789473686,0.05454545454545454,0.09090909090909091,0.06944444444444445,0.23636363636363636,0.16363636363636364,0.16363636363636364,0.09090909090909091,0.32917088333333333,96.22733333333332,R,0.01791044776119403,0.041791044776119404,0.13134328358208955,0.6021505376344086,0.2746268656716418,0.09253731343283582,0.2658498135171489,98.39733333333334,16.933333333333334,R,0.0,0.0,0.0,0.03,0.06,0.0,1,Nationals Park,81.7,72.0,2.7,0.0,0.0,1.3080787781350482,0.085738181152857,1066,,,,,,,,0.5,,,PASS
822769,2026-08-28 23:15:00+00:00,SEA,TOR,SEA,TOR,0,677594,Julio Rodríguez,confirmed,3.0,4.55,656302,0.023076923076923078,0.057692307692307696,0.047021943573667714,0.18846153846153846,0.21153846153846154,0.23846153846153847,0.08461538461538462,0.3422503897222223,98.10683333333334,0.029411764705882353,0.08823529411764706,0.08108108108108109,0.17647058823529413,0.17647058823529413,0.3382352941176471,0.058823529411764705,0.2840494066666667,96.01066666666665,R,0.02197802197802198,0.024725274725274724,0.11813186813186813,0.5501165501165501,0.36813186813186816,0.11813186813186813,0.24555040930375593,97.87200000000001,18.2,R,0.0,0.0,0.0,0.03,0.06,0.0,1,Rogers Centre,67.3,64.0,2.1,0.0,0.5,0.65,0.08557113857928442,1069,,,,,,,,0.5,,,PASS
823666,2026-08-29 00:10:00+00:00,CWS,MIN,MIN,CWS,1,807712,Luke Keaschall,confirmed,1.0,4.75,622491,0.028688524590163935,0.03278688524590164,0.027874564459930314,0.1557377049180328,0.26639344262295084,0.15163934426229508,0.10655737704918032,0.33693492166666666,94.53152542372881,0.029850746268656716,0.04477611940298507,0.04477611940298507,0.2537313432835821,0.3283582089552239,0.1791044776119403,0.07462686567164178,0.3611801344444444,96.18733333333334,R,0.04985337243401759,0.07038123167155426,0.2316715542521994,0.562874251497006,0.19941348973607037,0.06451612903225806,0.33982581396924666,101.07533333333332,15.466666666666667,R,3.0,0.0,0.0,0.027906976744186046,0.05581395348837209,0.06976744186046512,1,Target Field,82.0,26.0,2.1,0.0,0.0,0.65,0.08518810403040421,1074,,,,,,,,0.5,,,PASS
823666,2026-08-29 00:10:00+00:00,CWS,MIN,CWS,MIN,0,643217,Andrew Benintendi,confirmed,4.0,4.45,665152,0.035555555555555556,0.04,0.030927835051546393,0.2,0.2222222222222222,0.2,0.09777777777777778,0.2968670161111111,93.75593220338983,0.03773584905660377,0.03773584905660377,0.030303030303030304,0.20754716981132076,0.24528301886792453,0.20754716981132076,0.09433962264150944,0.31121636888888893,95.07071428571429,L,0.058333333333333334,0.05,0.22083333333333333,0.5284280936454849,0.24166666666666667,0.07916666666666666,0.3190903061505817,100.38909090909092,15.727272727272727,R,3.0,0.0,0.0,0.027906976744186046,0.05581395348837209,0.06976744186046512,0,Target Field,82.0,26.0,2.1,0.0,0.0,0.65,0.08517655827972509,1074,,,,,,,,0.5,,,PASS
823504,2026-08-28 23:15:00+00:00,BOS,NYY,BOS,NYY,0,681508,Mickey Gasper,confirmed,7.0,4.0,693645,0.03496503496503497,0.06993006993006994,0.058823529411764705,0.23776223776223776,0.22377622377622378,0.11888111888111888,0.11188811188811189,0.3730879676190476,97.778,0.08620689655172414,0.1206896551724138,0.11290322580645161,0.22413793103448276,0.22413793103448276,0.017241379310344827,0.1724137931034483,0.48565528777777783,97.18066666666667,L,0.03125,0.05113636363636364,0.1590909090909091,0.5769230769230769,0.3181818181818182,0.06818181818181818,0.2819269367492743,98.46066666666667,17.2,R,2.0,0.0,0.0,0.02857142857142857,0.05714285714285714,0.047619047619047616,0,Yankee Stadium,79.1,66.0,6.0,0.0,0.0,1.1049609554432704,0.08425008393327652,1087,,,,,,,,0.5,,,PASS
823583,2026-08-28 23:10:00+00:00,HOU,NYM,NYM,HOU,1,805999,A.J. Ewing,confirmed,1.0,4.75,686613,0.01893939393939394,0.045454545454545456,0.03614457831325301,0.14393939393939395,0.26136363636363635,0.25,0.08712121212121213,0.3034207258333333,95.34783333333334,0.0,0.03125,0.02531645569620253,0.140625,0.265625,0.328125,0.078125,0.27888356999999997,92.874,L,0.031545741324921134,0.03785488958990536,0.1167192429022082,0.4385026737967914,0.23974763406940064,0.13564668769716087,0.29891408917171003,99.14999999999999,15.428571428571429,R,0.0,0.0,0.0,0.03,0.06,0.0,0,Citi Field,77.1,82.0,7.2,0.0,0.0,0.909967845659164,0.08424096450319962,1087,,,,,,,,0.5,,,PASS
822935,2026-08-28 23:10:00+00:00,SD,TB,TB,SD,1,676356,Jonny DeLuca,confirmed,6.0,4.15,663554,0.029045643153526972,0.024896265560165973,0.017699115044247787,0.14107883817427386,0.24066390041493776,0.1908713692946058,0.04564315352697095,0.27369569916666664,94.55299999999998,0.03278688524590164,0.03278688524590164,0.022727272727272728,0.16393442622950818,0.19672131147540983,0.16393442622950818,0.01639344262295082,0.2636988088888889,95.92533333333333,R,0.026143790849673203,0.06209150326797386,0.1895424836601307,0.5539568345323741,0.20588235294117646,0.05228758169934641,0.29377831326339643,99.6,14.933333333333334,R,0.0,0.0,0.0,0.03,0.06,0.0,1,Tropicana Field,81.4,85.0,4.0,0.0,1.0,1.0521503215434085,0.08414154883497005,1088,,,,,,,,0.5,,,PASS
822769,2026-08-28 23:15:00+00:00,SEA,TOR,TOR,SEA,1,672960,Kazuma Okamoto,confirmed,6.0,4.15,676106,0.048,0.068,0.05029585798816568,0.212,0.24,0.268,0.076,0.3021338169444444,95.71200000000002,0.03278688524590164,0.09836065573770492,0.07317073170731707,0.22950819672131148,0.3114754098360656,0.19672131147540983,0.09836065573770492,0.3782762711111111,95.286,R,0.02976190476190476,0.047619047619047616,0.15773809523809523,0.5324675324675324,0.20535714285714285,0.06547619047619048,0.29940292700688204,100.62133333333333,15.866666666666667,R,3.0,0.0,0.0,0.027906976744186046,0.05581395348837209,0.06976744186046512,1,Rogers Centre,67.3,64.0,2.1,0.0,0.5,0.65,0.08407693823226578,1089,,,,,,,,0.5,,,PASS
822769,2026-08-28 23:15:00+00:00,SEA,TOR,SEA,TOR,0,668227,Randy Arozarena,confirmed,1.0,4.75,656302,0.05343511450381679,0.04961832061068702,0.039755351681957186,0.16412213740458015,0.25190839694656486,0.1984732824427481,0.10305343511450382,0.3345562019444445,97.32083333333331,0.08571428571428572,0.02857142857142857,0.024096385542168676,0.15714285714285714,0.22857142857142856,0.24285714285714285,0.12857142857142856,0.3122817400000001,97.628,R,0.02197802197802198,0.024725274725274724,0.11813186813186813,0.5501165501165501,0.36813186813186816,0.11813186813186813,0.24555040930375593,97.87200000000001,18.2,R,3.0,0.0,0.0,0.027906976744186046,0.05581395348837209,0.06976744186046512,1,Rogers Centre,67.3,64.0,2.1,0.0,0.5,0.65,0.08270019218641042,1109,,,,,,,,0.5,,,PASS
822691,2026-08-28 22:45:00+00:00,MIA,WSH,MIA,WSH,0,665923,Esteury Ruiz,confirmed,8.0,3.85,800600,0.03773584905660377,0.050314465408805034,0.045454545454545456,0.18238993710691823,0.22012578616352202,0.3270440251572327,0.10062893081761007,0.3010862063829787,90.50173913043479,0.02,0.04,0.043478260869565216,0.22,0.14,0.36,0.1,0.2771462144444444,91.215,R,0.01639344262295082,0.04918032786885246,0.13114754098360656,0.4939759036144578,0.22950819672131148,0.18032786885245902,0.37023353660287084,101.26666666666667,12.333333333333334,L,2.0,0.0,0.0,0.02857142857142857,0.05714285714285714,0.047619047619047616,0,Nationals Park,81.7,72.0,2.7,0.0,0.0,1.3080787781350482,0.08160075031338782,1125,,,,,,,,0.5,,,PASS
823583,2026-08-28 23:10:00+00:00,HOU,NYM,HOU,NYM,0,673237,Yainer Diaz,confirmed,7.0,4.0,681035,0.04065040650406504,0.04878048780487805,0.03508771929824561,0.15447154471544716,0.2032520325203252,0.14634146341463414,0.028455284552845527,0.30904326694444445,97.12000000000002,0.06451612903225806,0.06451612903225806,0.0425531914893617,0.16129032258064516,0.1935483870967742,0.14516129032258066,0.03225806451612903,0.30746127333333334,97.08333333333331,R,0.028125,0.05,0.190625,0.5697940503432495,0.284375,0.09375,0.3065839533387909,100.78533333333333,14.533333333333333,R,0.0,0.0,0.0,0.03,0.06,0.0,1,Citi Field,77.1,82.0,7.2,0.0,0.0,0.909967845659164,0.08035827993810596,1144,,,,,,,,0.5,,,PASS
823013,2026-08-29 00:15:00+00:00,PIT,STL,PIT,STL,0,680779,Henry Davis,confirmed,9.0,3.7,687273,0.03864734299516908,0.06280193236714976,0.04779411764705882,0.28019323671497587,0.23671497584541062,0.2222222222222222,0.08695652173913043,0.29121461583333325,97.6115254237288,0.0,0.0196078431372549,0.016666666666666666,0.27450980392156865,0.21568627450980393,0.21568627450980393,0.0784313725490196,0.24509855555555554,97.11142857142859,R,0.015151515151515152,0.015151515151515152,0.12121212121212122,0.4897959183673469,0.19696969696969696,0.10606060606060606,0.2717593774509804,99.81666666666666,14.0,L,0.0,0.0,0.0,0.03,0.06,0.0,0,Busch Stadium,83.1,34.0,3.8,0.0,0.0,0.7226215244940419,0.08026676617252629,1146,,,,,,,,0.5,,,PASS
824396,2026-08-28 23:10:00+00:00,KC,CLE,KC,CLE,0,686555,Isaac Collins,confirmed,7.0,4.0,676440,0.012987012987012988,0.025974025974025976,0.020618556701030927,0.14285714285714285,0.19480519480519481,0.18181818181818182,0.1038961038961039,0.30051795555555555,96.9355,0.0,0.03278688524590164,0.02531645569620253,0.11475409836065574,0.14754098360655737,0.21311475409836064,0.09836065573770492,0.26996673444444447,99.02466666666668,L,0.03773584905660377,0.05121293800539083,0.20754716981132076,0.5225409836065574,0.18328840970350405,0.06199460916442048,0.31375885433938966,100.76466666666667,18.4,R,4.0,0.0,0.0,0.02727272727272727,0.05454545454545454,0.09090909090909091,0,Progressive Field,73.5,42.0,7.1,0.0,0.0,1.053646979184295,0.08010227778741576,1148,,,,,,,,0.5,,,PASS
822691,2026-08-28 22:45:00+00:00,MIA,WSH,MIA,WSH,0,691594,Javier Sanoja,confirmed,4.0,4.45,800600,0.02109704641350211,0.02109704641350211,0.0136986301369863,0.14767932489451477,0.25316455696202533,0.06329113924050633,0.0379746835443038,0.27924345111111115,95.263,0.03389830508474576,0.03389830508474576,0.02040816326530612,0.2542372881355932,0.3220338983050847,0.1016949152542373,0.05084745762711865,0.2809768711111111,97.562,R,0.01639344262295082,0.04918032786885246,0.13114754098360656,0.4939759036144578,0.22950819672131148,0.18032786885245902,0.37023353660287084,101.26666666666667,12.333333333333334,L,2.0,0.0,0.0,0.02857142857142857,0.05714285714285714,0.047619047619047616,0,Nationals Park,81.7,72.0,2.7,0.0,0.0,1.3080787781350482,0.08001653693186966,1150,,,,,,,,0.5,,,PASS
824877,2026-08-28 23:15:00+00:00,COL,ATL,ATL,COL,1,673490,Ha-Seong Kim,confirmed,9.0,3.7,608372,0.0,0.022988505747126436,0.017543859649122806,0.09195402298850575,0.20689655172413793,0.28735632183908044,0.10344827586206896,0.18928982933333333,90.2908,0.0,0.020833333333333332,0.014925373134328358,0.10416666666666667,0.3125,0.3333333333333333,0.08333333333333333,0.16696502777777777,88.66466666666666,R,0.04956268221574344,0.09620991253644315,0.24489795918367346,0.5,0.13702623906705538,0.04664723032069971,0.38907171137681157,102.70133333333335,15.6,R,0.0,0.0,0.0,0.03,0.06,0.0,1,Truist Park,78.3,70.0,5.3,0.0,0.0,1.3451698588005032,0.07947027668734372,1158,,,,,,,,0.5,,,PASS
823583,2026-08-28 23:10:00+00:00,HOU,NYM,HOU,NYM,0,514888,Jose Altuve,confirmed,4.0,4.45,681035,0.03557312252964427,0.02766798418972332,0.020895522388059702,0.1383399209486166,0.21739130434782608,0.18972332015810275,0.06324110671936758,0.2577046563888889,92.47933333333332,0.017241379310344827,0.0,0.0,0.13793103448275862,0.27586206896551724,0.20689655172413793,0.06896551724137931,0.25712856,91.39133333333332,R,0.028125,0.05,0.190625,0.5697940503432495,0.284375,0.09375,0.3065839533387909,100.78533333333333,14.533333333333333,R,0.0,0.0,0.0,0.03,0.06,0.0,1,Citi Field,77.1,82.0,7.2,0.0,0.0,0.909967845659164,0.07945702656056954,1159,,,,,,,,0.5,,,PASS
823504,2026-08-28 23:15:00+00:00,BOS,NYY,BOS,NYY,0,668939,Adley Rutschman,confirmed,5.0,4.3,693645,0.01893939393939394,0.04924242424242424,0.03768115942028986,0.19696969696969696,0.3143939393939394,0.16666666666666666,0.11742424242424243,0.3348694016666667,95.91616666666667,0.015151515151515152,0.030303030303030304,0.02666666666666667,0.10606060606060606,0.24242424242424243,0.19696969696969696,0.16666666666666666,0.3235877666666667,92.66466666666665,L,0.03125,0.05113636363636364,0.1590909090909091,0.5769230769230769,0.3181818181818182,0.06818181818181818,0.2819269367492743,98.46066666666667,17.2,R,3.0,0.0,1.0,0.027906976744186046,0.07906976744186046,0.06976744186046512,0,Yankee Stadium,79.1,66.0,6.0,0.0,0.0,1.1049609554432704,0.07859352394741674,1172,,,,,,,,0.5,,,PASS
823583,2026-08-28 23:10:00+00:00,HOU,NYM,NYM,HOU,1,701807,Carson Benge,confirmed,4.0,4.45,686613,0.034482758620689655,0.038314176245210725,0.028328611898016998,0.14942528735632185,0.2796934865900383,0.20689655172413793,0.07279693486590039,0.3300874002777778,96.215,0.04838709677419355,0.03225806451612903,0.022222222222222223,0.16129032258064516,0.3064516129032258,0.1774193548387097,0.06451612903225806,0.30609367111111113,94.98066666666665,L,0.031545741324921134,0.03785488958990536,0.1167192429022082,0.4385026737967914,0.23974763406940064,0.13564668769716087,0.29891408917171003,99.14999999999999,15.428571428571429,R,0.0,0.0,0.0,0.03,0.06,0.0,0,Citi Field,77.1,82.0,7.2,0.0,0.0,0.909967845659164,0.07816428521420095,1179,,,,,,,,0.5,,,PASS
822935,2026-08-28 23:10:00+00:00,SD,TB,SD,TB,0,630105,Jake Cronenworth,confirmed,9.0,3.7,663556,0.012096774193548387,0.020161290322580645,0.014925373134328358,0.1532258064516129,0.2217741935483871,0.22983870967741934,0.08870967741935484,0.2774435052777778,93.82833333333336,0.015151515151515152,0.0,0.0,0.13636363636363635,0.18181818181818182,0.30303030303030304,0.09090909090909091,0.2579660355555556,92.63466666666666,L,0.023178807947019868,0.059602649006622516,0.17880794701986755,0.4636118598382749,0.2152317880794702,0.0728476821192053,0.32007963828751507,101.64200000000001,14.4,L,0.0,0.0,0.0,0.03,0.06,0.0,1,Tropicana Field,81.4,85.0,4.0,0.0,1.0,1.0521503215434085,0.07793593839721284,1183,,,,,,,,0.5,,,PASS
823744,2026-08-28 23:40:00+00:00,TEX,MIL,TEX,MIL,0,643376,Danny Jansen,confirmed,9.0,3.7,701656,0.026490066225165563,0.039735099337748346,0.03076923076923077,0.18543046357615894,0.16556291390728478,0.2847682119205298,0.08609271523178808,0.2470555754166667,92.6275,0.034482758620689655,0.05172413793103448,0.039473684210526314,0.1896551724137931,0.15517241379310345,0.29310344827586204,0.08620689655172414,0.25539070444444445,92.63733333333333,R,0.03773584905660377,0.04905660377358491,0.19622641509433963,0.6223404255319149,0.2981132075471698,0.052830188679245285,0.2558755370829587,100.2823076923077,15.76923076923077,R,0.0,0.0,0.0,0.03,0.06,0.0,1,American Family Field,76.3,51.0,7.7,0.0,0.5,0.8686056708564748,0.07742840181144792,1192,,,,,,,,0.5,,,PASS
823666,2026-08-29 00:10:00+00:00,CWS,MIN,MIN,CWS,1,701785,Kaelen Culpepper,confirmed,8.0,3.85,622491,0.047619047619047616,0.047619047619047616,0.039473684210526314,0.19047619047619047,0.1746031746031746,0.23809523809523808,0.047619047619047616,0.3495208645833333,96.5875,0.03389830508474576,0.03389830508474576,0.028169014084507043,0.1864406779661017,0.1694915254237288,0.2542372881355932,0.05084745762711865,0.34810558888888893,96.02266666666668,R,0.04985337243401759,0.07038123167155426,0.2316715542521994,0.562874251497006,0.19941348973607037,0.06451612903225806,0.33982581396924666,101.07533333333332,15.466666666666667,R,0.0,0.0,0.0,0.03,0.06,0.0,1,Target Field,82.0,26.0,2.1,0.0,0.0,0.65,0.07734648692336117,1193,,,,,,,,0.5,,,PASS
823666,2026-08-29 00:10:00+00:00,CWS,MIN,CWS,MIN,0,803011,Sam Antonacci,confirmed,1.0,4.75,665152,0.02681992337164751,0.03065134099616858,0.022535211267605635,0.13409961685823754,0.3371647509578544,0.16475095785440613,0.09578544061302682,0.31583054777777775,95.22966666666667,0.0,0.0,0.0,0.03076923076923077,0.35384615384615387,0.2153846153846154,0.13846153846153847,0.29413821666666673,92.46333333333335,L,0.058333333333333334,0.05,0.22083333333333333,0.5284280936454849,0.24166666666666667,0.07916666666666666,0.3190903061505817,100.38909090909092,15.727272727272727,R,3.0,1.0,0.0,0.051162790697674425,0.05581395348837209,0.06976744186046512,0,Target Field,82.0,26.0,2.1,0.0,0.0,0.65,0.07715431929572332,1196,,,,,,,,0.5,,,PASS
824231,2026-08-28 22:40:00+00:00,LAD,DET,LAD,DET,0,669242,Tommy Edman,confirmed,5.0,4.3,623454,0.019138755980861243,0.03827751196172249,0.02973977695167286,0.13875598086124402,0.21052631578947367,0.22009569377990432,0.06698564593301436,0.3119013116666667,95.42,0.031746031746031744,0.031746031746031744,0.025974025974025976,0.12698412698412698,0.20634920634920634,0.25396825396825395,0.07936507936507936,0.2669304433333334,92.70500000000001,R,0.0392156862745098,0.049019607843137254,0.13725490196078433,0.5,0.24509803921568626,0.09803921568627451,0.291932365695851,98.915,12.333333333333334,R,0.0,0.0,0.0,0.03,0.06,0.0,1,Comerica Park,75.5,48.0,4.6,0.0,0.0,0.909967845659164,0.07683530091774558,1201,,,,,,,,0.5,,,PASS
823583,2026-08-28 23:10:00+00:00,HOU,NYM,NYM,HOU,1,676724,Jared Young,confirmed,6.0,4.15,686613,0.03017241379310345,0.04741379310344827,0.036544850498338874,0.17672413793103448,0.2543103448275862,0.1853448275862069,0.05603448275862069,0.300421705,96.58050000000001,0.016129032258064516,0.016129032258064516,0.011235955056179775,0.22580645161290322,0.25806451612903225,0.14516129032258066,0.0,0.24372444444444444,96.83933333333333,L,0.031545741324921134,0.03785488958990536,0.1167192429022082,0.4385026737967914,0.23974763406940064,0.13564668769716087,0.29891408917171003,99.14999999999999,15.428571428571429,R,0.0,0.0,0.0,0.03,0.06,0.0,0,Citi Field,77.1,82.0,7.2,0.0,0.0,0.909967845659164,0.07673354736211074,1203,,,,,,,,0.5,,,PASS
824231,2026-08-28 22:40:00+00:00,LAD,DET,LAD,DET,0,663656,Kyle Tucker,confirmed,6.0,4.15,623454,0.024489795918367346,0.04081632653061224,0.027624309392265192,0.1673469387755102,0.23265306122448978,0.17142857142857143,0.11020408163265306,0.3206181258333334,95.24516666666668,0.015625,0.0,0.0,0.109375,0.203125,0.140625,0.0625,0.20333549222222222,95.47333333333334,L,0.0392156862745098,0.049019607843137254,0.13725490196078433,0.5,0.24509803921568626,0.09803921568627451,0.291932365695851,98.915,12.333333333333334,R,0.0,0.0,0.0,0.03,0.06,0.0,0,Comerica Park,75.5,48.0,4.6,0.0,0.0,0.909967845659164,0.0766067500523909,1205,,,,,,,,0.5,,,PASS
824231,2026-08-28 22:40:00+00:00,LAD,DET,LAD,DET,0,606192,Teoscar Hernández,confirmed,8.0,3.85,623454,0.030042918454935622,0.055793991416309016,0.04377104377104377,0.1459227467811159,0.2532188841201717,0.2703862660944206,0.06437768240343347,0.29977595999999995,95.41016666666665,0.0,0.03636363636363636,0.029411764705882353,0.10909090909090909,0.2909090909090909,0.38181818181818183,0.05454545454545454,0.2567642111111111,95.75133333333332,R,0.0392156862745098,0.049019607843137254,0.13725490196078433,0.5,0.24509803921568626,0.09803921568627451,0.291932365695851,98.915,12.333333333333334,R,0.0,0.0,0.0,0.03,0.06,0.0,1,Comerica Park,75.5,48.0,4.6,0.0,0.0,0.909967845659164,0.07584600655441179,1218,,,,,,,,0.5,,,PASS
823583,2026-08-28 23:10:00+00:00,HOU,NYM,NYM,HOU,1,683146,Brett Baty,confirmed,8.0,3.85,686613,0.023148148148148147,0.06018518518518518,0.04609929078014184,0.2037037037037037,0.21296296296296297,0.2777777777777778,0.08333333333333333,0.30852474055555557,96.20728813559322,0.04081632653061224,0.08163265306122448,0.058823529411764705,0.2857142857142857,0.2653061224489796,0.2857142857142857,0.10204081632653061,0.3479055222222222,97.59357142857142,L,0.031545741324921134,0.03785488958990536,0.1167192429022082,0.4385026737967914,0.23974763406940064,0.13564668769716087,0.29891408917171003,99.14999999999999,15.428571428571429,R,0.0,0.0,0.0,0.03,0.06,0.0,0,Citi Field,77.1,82.0,7.2,0.0,0.0,0.909967845659164,0.07570368720723637,1221,,,,,,,,0.5,,,PASS
822691,2026-08-28 22:45:00+00:00,MIA,WSH,MIA,WSH,0,677870,Leo Jiménez,confirmed,7.0,4.0,800600,0.012345679012345678,0.030864197530864196,0.025906735751295335,0.12345679012345678,0.24074074074074073,0.2037037037037037,0.09259259259259259,0.31613342348484846,95.01627906976744,0.01818181818181818,0.01818181818181818,0.018867924528301886,0.07272727272727272,0.21818181818181817,0.16363636363636364,0.10909090909090909,0.3056946722222223,94.74,R,0.01639344262295082,0.04918032786885246,0.13114754098360656,0.4939759036144578,0.22950819672131148,0.18032786885245902,0.37023353660287084,101.26666666666667,12.333333333333334,L,0.0,0.0,0.0,0.03,0.06,0.0,0,Nationals Park,81.7,72.0,2.7,0.0,0.0,1.3080787781350482,0.07522380039572991,1229,,,,,,,,0.5,,,PASS
822769,2026-08-28 23:15:00+00:00,SEA,TOR,TOR,SEA,1,665489,Vladimir Guerrero Jr.,confirmed,3.0,4.55,676106,0.01568627450980392,0.050980392156862744,0.040372670807453416,0.12549019607843137,0.21568627450980393,0.1607843137254902,0.06666666666666667,0.30033628527777784,98.20933333333336,0.015873015873015872,0.047619047619047616,0.0379746835443038,0.1111111111111111,0.1746031746031746,0.14285714285714285,0.047619047619047616,0.2620740544444444,98.57333333333332,R,0.02976190476190476,0.047619047619047616,0.15773809523809523,0.5324675324675324,0.20535714285714285,0.06547619047619048,0.29940292700688204,100.62133333333333,15.866666666666667,R,3.0,0.0,1.0,0.027906976744186046,0.07906976744186046,0.06976744186046512,1,Rogers Centre,67.3,64.0,2.1,0.0,0.5,0.65,0.07479859476412797,1237,,,,,,,,0.5,,,PASS
824231,2026-08-28 22:40:00+00:00,LAD,DET,DET,LAD,1,701162,Ben Malgeri,confirmed,6.0,4.15,669373,0.05263157894736842,0.05263157894736842,0.046875,0.12280701754385964,0.2807017543859649,0.21052631578947367,0.08771929824561403,0.2874427274509803,95.36235294117648,0.06,0.06,0.05357142857142857,0.12,0.3,0.18,0.1,0.28306286888888893,95.90866666666669,R,0.03089887640449438,0.047752808988764044,0.15730337078651685,0.5524625267665952,0.31741573033707865,0.042134831460674156,0.2564670058421825,98.42466666666665,18.0,L,0.0,0.0,0.0,0.03,0.06,0.0,0,Comerica Park,75.5,48.0,4.6,0.0,0.0,0.909967845659164,0.07412180032546231,1249,,,,,,,,0.5,,,PASS
824231,2026-08-28 22:40:00+00:00,LAD,DET,DET,LAD,1,650402,Gleyber Torres,confirmed,1.0,4.75,669373,0.026119402985074626,0.04477611940298507,0.03389830508474576,0.13805970149253732,0.27238805970149255,0.17537313432835822,0.12313432835820895,0.31869068138888884,92.77133333333336,0.015151515151515152,0.015151515151515152,0.010309278350515464,0.13636363636363635,0.16666666666666666,0.15151515151515152,0.07575757575757576,0.3074089744444445,93.48199999999999,R,0.03089887640449438,0.047752808988764044,0.15730337078651685,0.5524625267665952,0.31741573033707865,0.042134831460674156,0.2564670058421825,98.42466666666665,18.0,L,0.0,0.0,0.0,0.03,0.06,0.0,0,Comerica Park,75.5,48.0,4.6,0.0,0.0,0.909967845659164,0.07400715428340704,1251,,,,,,,,0.5,,,PASS
824877,2026-08-28 23:15:00+00:00,COL,ATL,COL,ATL,0,678662,Ezequiel Tovar,confirmed,9.0,3.7,656550,0.0273972602739726,0.0319634703196347,0.020895522388059702,0.1278538812785388,0.319634703196347,0.2557077625570776,0.0593607305936073,0.24404618388888885,92.38745762711865,0.0196078431372549,0.0392156862745098,0.027777777777777776,0.09803921568627451,0.23529411764705882,0.2549019607843137,0.11764705882352941,0.32469984888888886,90.33000000000001,R,0.0380952380952381,0.06984126984126984,0.19682539682539682,0.45646437994722955,0.18412698412698414,0.10158730158730159,0.3495090477756929,102.12466666666666,14.4,R,2.0,0.0,0.0,0.02857142857142857,0.05714285714285714,0.047619047619047616,1,Truist Park,78.3,70.0,5.3,0.0,0.0,1.3451698588005032,0.07391952224818418,1253,,,,,,,,0.5,,,PASS
823583,2026-08-28 23:10:00+00:00,HOU,NYM,NYM,HOU,1,666182,Bo Bichette,confirmed,3.0,4.55,686613,0.022900763358778626,0.03435114503816794,0.023017902813299233,0.14885496183206107,0.3969465648854962,0.1946564885496183,0.0648854961832061,0.3145546658333334,95.17399999999999,0.047619047619047616,0.06349206349206349,0.037037037037037035,0.2698412698412698,0.5079365079365079,0.14285714285714285,0.1111111111111111,0.38995721888888896,97.64466666666667,R,0.031545741324921134,0.03785488958990536,0.1167192429022082,0.4385026737967914,0.23974763406940064,0.13564668769716087,0.29891408917171003,99.14999999999999,15.428571428571429,R,0.0,0.0,0.0,0.03,0.06,0.0,1,Citi Field,77.1,82.0,7.2,0.0,0.0,0.909967845659164,0.07389175248021874,1253,,,,,,,,0.5,,,PASS
822769,2026-08-28 23:15:00+00:00,SEA,TOR,TOR,SEA,1,543807,George Springer,confirmed,4.0,4.45,676106,0.030303030303030304,0.041666666666666664,0.030470914127423823,0.12878787878787878,0.2159090909090909,0.17424242424242425,0.10227272727272728,0.3104457852777777,95.88116666666664,0.015625,0.015625,0.011235955056179775,0.078125,0.140625,0.15625,0.09375,0.28233178888888893,93.45466666666665,R,0.02976190476190476,0.047619047619047616,0.15773809523809523,0.5324675324675324,0.20535714285714285,0.06547619047619048,0.29940292700688204,100.62133333333333,15.866666666666667,R,0.0,0.0,0.0,0.03,0.06,0.0,1,Rogers Centre,67.3,64.0,2.1,0.0,0.5,0.65,0.07378198611363196,1255,,,,,,,,0.5,,,PASS
823504,2026-08-28 23:15:00+00:00,BOS,NYY,BOS,NYY,0,678882,Ceddanne Rafaela,confirmed,2.0,4.65,693645,0.03296703296703297,0.03663003663003663,0.023980815347721823,0.14285714285714285,0.304029304029304,0.1978021978021978,0.02564102564102564,0.27265587547619047,93.78749999999998,0.014285714285714285,0.04285714285714286,0.03225806451612903,0.11428571428571428,0.2,0.2,0.02857142857142857,0.2712926666666667,91.57599999999996,R,0.03125,0.05113636363636364,0.1590909090909091,0.5769230769230769,0.3181818181818182,0.06818181818181818,0.2819269367492743,98.46066666666667,17.2,R,9.0,0.0,0.0,0.024489795918367346,0.04897959183673469,0.1836734693877551,1,Yankee Stadium,79.1,66.0,6.0,0.0,0.0,1.1049609554432704,0.07375048823666366,1256,,,,,,,,0.5,,,PASS
823744,2026-08-28 23:40:00+00:00,TEX,MIL,TEX,MIL,0,694497,Evan Carter,confirmed,6.0,4.15,701656,0.009302325581395349,0.018604651162790697,0.01680672268907563,0.12093023255813953,0.18604651162790697,0.2558139534883721,0.09767441860465116,0.2671503483333334,92.08813559322036,0.0,0.02,0.01694915254237288,0.18,0.34,0.3,0.02,0.21618952888888893,93.01799999999999,L,0.03773584905660377,0.04905660377358491,0.19622641509433963,0.6223404255319149,0.2981132075471698,0.052830188679245285,0.2558755370829587,100.2823076923077,15.76923076923077,R,0.0,0.0,0.0,0.03,0.06,0.0,0,American Family Field,76.3,51.0,7.7,0.0,0.5,0.8686056708564748,0.07349925525337142,1261,,,,,,,,0.5,,,PASS
823666,2026-08-29 00:10:00+00:00,CWS,MIN,CWS,MIN,0,805367,Chase Meidroth,confirmed,7.0,4.0,665152,0.027777777777777776,0.023809523809523808,0.01818181818181818,0.14682539682539683,0.2619047619047619,0.23015873015873015,0.09523809523809523,0.28421489615079365,94.56633333333335,0.015384615384615385,0.015384615384615385,0.011764705882352941,0.13846153846153847,0.24615384615384617,0.2,0.07692307692307693,0.2672187311111111,95.59666666666666,R,0.058333333333333334,0.05,0.22083333333333333,0.5284280936454849,0.24166666666666667,0.07916666666666666,0.3190903061505817,100.38909090909092,15.727272727272727,R,2.0,0.0,0.0,0.02857142857142857,0.05714285714285714,0.047619047619047616,1,Target Field,82.0,26.0,2.1,0.0,0.0,0.65,0.07314307167925904,1267,,,,,,,,0.5,,,PASS
822935,2026-08-28 23:10:00+00:00,SD,TB,SD,TB,0,666023,Freddy Fermin,confirmed,8.0,3.85,663556,0.019138755980861243,0.028708133971291867,0.021052631578947368,0.15789473684210525,0.19617224880382775,0.19617224880382775,0.07655502392344497,0.2792120358333333,91.79542372881356,0.019230769230769232,0.057692307692307696,0.046153846153846156,0.23076923076923078,0.19230769230769232,0.19230769230769232,0.019230769230769232,0.3379593777777778,93.74714285714286,R,0.023178807947019868,0.059602649006622516,0.17880794701986755,0.4636118598382749,0.2152317880794702,0.0728476821192053,0.32007963828751507,101.64200000000001,14.4,L,0.0,0.0,0.0,0.03,0.06,0.0,0,Tropicana Field,81.4,85.0,4.0,0.0,1.0,1.0521503215434085,0.07290823877171577,1272,,,,,,,,0.5,,,PASS
823666,2026-08-29 00:10:00+00:00,CWS,MIN,CWS,MIN,0,695731,Braden Montgomery,confirmed,5.0,4.3,665152,0.015810276679841896,0.023715415019762844,0.01948051948051948,0.13043478260869565,0.2134387351778656,0.2134387351778656,0.11067193675889328,0.3121136841666667,95.5522033898305,0.015151515151515152,0.045454545454545456,0.0379746835443038,0.12121212121212122,0.22727272727272727,0.19696969696969696,0.12121212121212122,0.3327256966666666,96.20866666666669,R,0.058333333333333334,0.05,0.22083333333333333,0.5284280936454849,0.24166666666666667,0.07916666666666666,0.3190903061505817,100.38909090909092,15.727272727272727,R,3.0,0.0,0.0,0.027906976744186046,0.05581395348837209,0.06976744186046512,1,Target Field,82.0,26.0,2.1,0.0,0.0,0.65,0.07239876864238311,1281,,,,,,,,0.5,,,PASS
824877,2026-08-28 23:15:00+00:00,COL,ATL,ATL,COL,1,643289,Mauricio Dubón,confirmed,6.0,4.15,608372,0.016129032258064516,0.016129032258064516,0.00975609756097561,0.11290322580645161,0.3588709677419355,0.08064516129032258,0.04838709677419355,0.30017924944444446,94.27749999999999,0.0,0.017241379310344827,0.009523809523809525,0.06896551724137931,0.5,0.034482758620689655,0.034482758620689655,0.25765276666666664,91.52666666666669,R,0.04956268221574344,0.09620991253644315,0.24489795918367346,0.5,0.13702623906705538,0.04664723032069971,0.38907171137681157,102.70133333333335,15.6,R,0.0,0.0,0.0,0.03,0.06,0.0,1,Truist Park,78.3,70.0,5.3,0.0,0.0,1.3451698588005032,0.07214010962126209,1286,,,,,,,,0.5,,,PASS
823013,2026-08-29 00:15:00+00:00,PIT,STL,STL,PIT,1,665877,José Fermín,confirmed,5.0,4.3,683003,0.021367521367521368,0.021367521367521368,0.015527950310559006,0.1752136752136752,0.2905982905982906,0.12393162393162394,0.08547008547008547,0.29355316138888893,94.80616666666667,0.017241379310344827,0.034482758620689655,0.025,0.13793103448275862,0.27586206896551724,0.10344827586206896,0.1206896551724138,0.2860714577777778,94.334,R,0.03793103448275862,0.05172413793103448,0.16896551724137931,0.5526315789473685,0.2655172413793103,0.0896551724137931,0.2932750621588694,102.01266666666666,13.466666666666667,R,0.0,0.0,0.0,0.03,0.06,0.0,1,Busch Stadium,83.1,34.0,3.8,0.0,0.0,0.7226215244940419,0.07190663469698073,1291,,,,,,,,0.5,,,PASS
824396,2026-08-28 23:10:00+00:00,KC,CLE,KC,CLE,0,679845,Nick Loftin,confirmed,6.0,4.15,676440,0.024793388429752067,0.028925619834710745,0.02413793103448276,0.14049586776859505,0.2396694214876033,0.1652892561983471,0.10330578512396695,0.2899698797222222,93.50050000000002,0.016129032258064516,0.016129032258064516,0.013513513513513514,0.14516129032258066,0.24193548387096775,0.24193548387096775,0.14516129032258066,0.2849788366666666,92.98133333333332,R,0.03773584905660377,0.05121293800539083,0.20754716981132076,0.5225409836065574,0.18328840970350405,0.06199460916442048,0.31375885433938966,100.76466666666667,18.4,R,2.0,0.0,0.0,0.02857142857142857,0.05714285714285714,0.047619047619047616,1,Progressive Field,73.5,42.0,7.1,0.0,0.0,1.053646979184295,0.07162304544010306,1296,,,,,,,,0.5,,,PASS
823504,2026-08-28 23:15:00+00:00,BOS,NYY,BOS,NYY,0,680776,Jarren Duran,confirmed,8.0,3.85,693645,0.0321285140562249,0.05622489959839357,0.0457516339869281,0.1285140562248996,0.2289156626506024,0.26506024096385544,0.060240963855421686,0.29757782111111114,96.3831666666667,0.03389830508474576,0.05084745762711865,0.039473684210526314,0.1694915254237288,0.2542372881355932,0.22033898305084745,0.05084745762711865,0.30702893555555555,99.01999999999998,L,0.03125,0.05113636363636364,0.1590909090909091,0.5769230769230769,0.3181818181818182,0.06818181818181818,0.2819269367492743,98.46066666666667,17.2,R,10.0,0.0,0.0,0.024,0.048,0.2,0,Yankee Stadium,79.1,66.0,6.0,0.0,0.0,1.1049609554432704,0.07027623369363739,1323,,,,,,,,0.5,,,PASS
823666,2026-08-29 00:10:00+00:00,CWS,MIN,CWS,MIN,0,671976,Tristan Peters,confirmed,8.0,3.85,665152,0.04504504504504504,0.05405405405405406,0.038834951456310676,0.22972972972972974,0.2747747747747748,0.16216216216216217,0.07207207207207207,0.3346042755555555,94.30400000000002,0.10714285714285714,0.08928571428571429,0.07692307692307693,0.25,0.35714285714285715,0.14285714285714285,0.125,0.4017760800000001,93.74066666666666,L,0.058333333333333334,0.05,0.22083333333333333,0.5284280936454849,0.24166666666666667,0.07916666666666666,0.3190903061505817,100.38909090909092,15.727272727272727,R,2.0,0.0,0.0,0.02857142857142857,0.05714285714285714,0.047619047619047616,0,Target Field,82.0,26.0,2.1,0.0,0.0,0.65,0.07013162455997525,1326,,,,,,,,0.5,,,PASS
824877,2026-08-28 23:15:00+00:00,COL,ATL,COL,ATL,0,681198,TJ Rumfield,confirmed,4.0,4.45,656550,0.019157088122605363,0.01532567049808429,0.011142061281337047,0.10344827586206896,0.2720306513409962,0.13026819923371646,0.13409961685823754,0.32006475250000005,91.99433333333334,0.0,0.014705882352941176,0.010416666666666666,0.08823529411764706,0.25,0.10294117647058823,0.22058823529411764,0.35716515555555556,92.49466666666667,L,0.0380952380952381,0.06984126984126984,0.19682539682539682,0.45646437994722955,0.18412698412698414,0.10158730158730159,0.3495090477756929,102.12466666666666,14.4,R,3.0,0.0,0.0,0.027906976744186046,0.05581395348837209,0.06976744186046512,0,Truist Park,78.3,70.0,5.3,0.0,0.0,1.3451698588005032,0.06890164425175359,1351,,,,,,,,0.5,,,PASS
823013,2026-08-29 00:15:00+00:00,PIT,STL,PIT,STL,0,694377,Nick Yorke,confirmed,8.0,3.85,687273,0.010869565217391304,0.043478260869565216,0.031496062992125984,0.15217391304347827,0.2717391304347826,0.20652173913043478,0.05434782608695652,0.29232905289855077,96.6482608695652,0.017241379310344827,0.05172413793103448,0.0379746835443038,0.15517241379310345,0.3103448275862069,0.22413793103448276,0.017241379310344827,0.25241665444444444,95.54799999999999,R,0.015151515151515152,0.015151515151515152,0.12121212121212122,0.4897959183673469,0.19696969696969696,0.10606060606060606,0.2717593774509804,99.81666666666666,14.0,L,0.0,0.0,0.0,0.03,0.06,0.0,0,Busch Stadium,83.1,34.0,3.8,0.0,0.0,0.7226215244940419,0.06872859140848016,1355,,,,,,,,0.5,,,PASS
822935,2026-08-28 23:10:00+00:00,SD,TB,TB,SD,1,689414,Liam Hicks,confirmed,4.0,4.45,663554,0.022727272727272728,0.026515151515151516,0.02127659574468085,0.0946969696969697,0.17424242424242425,0.0946969696969697,0.10984848484848485,0.3138346175,92.95199999999998,0.03389830508474576,0.03389830508474576,0.02666666666666667,0.15254237288135594,0.2033898305084746,0.0847457627118644,0.13559322033898305,0.36894790111111114,91.06733333333334,L,0.026143790849673203,0.06209150326797386,0.1895424836601307,0.5539568345323741,0.20588235294117646,0.05228758169934641,0.29377831326339643,99.6,14.933333333333334,R,3.0,0.0,0.0,0.027906976744186046,0.05581395348837209,0.06976744186046512,0,Tropicana Field,81.4,85.0,4.0,0.0,1.0,1.0521503215434085,0.06868767361735724,1356,,,,,,,,0.5,,,PASS
823013,2026-08-29 00:15:00+00:00,PIT,STL,PIT,STL,0,669707,Jared Triolo,confirmed,1.0,4.75,687273,0.00904977375565611,0.01809954751131222,0.015209125475285171,0.08597285067873303,0.23529411764705882,0.18099547511312217,0.09049773755656108,0.29956782972222223,94.04379310344827,0.0196078431372549,0.0196078431372549,0.015873015873015872,0.0784313725490196,0.19607843137254902,0.09803921568627451,0.058823529411764705,0.30630783111111115,93.72266666666665,R,0.015151515151515152,0.015151515151515152,0.12121212121212122,0.4897959183673469,0.19696969696969696,0.10606060606060606,0.2717593774509804,99.81666666666666,14.0,L,0.0,0.0,0.0,0.03,0.06,0.0,0,Busch Stadium,83.1,34.0,3.8,0.0,0.0,0.7226215244940419,0.06828597069374252,1364,,,,,,,,0.5,,,PASS
822691,2026-08-28 22:45:00+00:00,MIA,WSH,WSH,MIA,1,695670,Harry Ford,confirmed,7.0,4.0,691587,0.029411764705882353,0.058823529411764705,0.047058823529411764,0.07352941176470588,0.29411764705882354,0.27941176470588236,0.10294117647058823,0.25773636862745103,91.35000000000001,0.017241379310344827,0.05172413793103448,0.04,0.06896551724137931,0.27586206896551724,0.27586206896551724,0.10344827586206896,0.2279405233333333,91.626,R,0.01791044776119403,0.041791044776119404,0.13134328358208955,0.6021505376344086,0.2746268656716418,0.09253731343283582,0.2658498135171489,98.39733333333334,16.933333333333334,R,2.0,0.0,1.0,0.02857142857142857,0.08095238095238096,0.047619047619047616,1,Nationals Park,81.7,72.0,2.7,0.0,0.0,1.3080787781350482,0.06749031329097907,1382,,,,,,,,0.5,,,PASS
824396,2026-08-28 23:10:00+00:00,KC,CLE,CLE,KC,1,677587,Brayan Rocchio,confirmed,9.0,3.7,608379,0.02,0.024,0.01694915254237288,0.168,0.268,0.172,0.04,0.2638304447222222,94.69916666666667,0.01694915254237288,0.03389830508474576,0.023255813953488372,0.22033898305084745,0.3389830508474576,0.15254237288135594,0.01694915254237288,0.29393653333333336,96.42399999999999,L,0.03664921465968586,0.049738219895287955,0.20157068062827224,0.5394495412844037,0.17277486910994763,0.05235602094240838,0.31416478625716926,99.76266666666668,18.2,R,4.0,0.0,0.0,0.02727272727272727,0.05454545454545454,0.09090909090909091,0,Progressive Field,73.5,42.0,7.1,0.0,0.0,1.053646979184295,0.0655973961609324,1424,,,,,,,,0.5,,,PASS
822769,2026-08-28 23:15:00+00:00,SEA,TOR,TOR,SEA,1,678218,Brandon Valenzuela,confirmed,9.0,3.7,676106,0.035555555555555556,0.04888888888888889,0.03618421052631579,0.18222222222222223,0.24444444444444444,0.26666666666666666,0.09777777777777778,0.3003291872222222,94.11949152542375,0.01818181818181818,0.03636363636363636,0.02531645569620253,0.16363636363636364,0.2727272727272727,0.32727272727272727,0.03636363636363636,0.2501591877777778,97.93857142857144,L,0.02976190476190476,0.047619047619047616,0.15773809523809523,0.5324675324675324,0.20535714285714285,0.06547619047619048,0.29940292700688204,100.62133333333333,15.866666666666667,R,0.0,0.0,0.0,0.03,0.06,0.0,0,Rogers Centre,67.3,64.0,2.1,0.0,0.5,0.65,0.06436493534961864,1454,,,,,,,,0.5,,,PASS
824396,2026-08-28 23:10:00+00:00,KC,CLE,CLE,KC,1,690984,Petey Halpin,confirmed,8.0,3.85,608379,0.021897810218978103,0.051094890510948905,0.036458333333333336,0.15328467153284672,0.36496350364963503,0.19708029197080293,0.043795620437956206,0.2925466828947368,91.7771052631579,0.01818181818181818,0.03636363636363636,0.0273972602739726,0.12727272727272726,0.45454545454545453,0.14545454545454545,0.07272727272727272,0.3721139644444445,91.212,L,0.03664921465968586,0.049738219895287955,0.20157068062827224,0.5394495412844037,0.17277486910994763,0.05235602094240838,0.31416478625716926,99.76266666666668,18.2,R,0.0,0.0,0.0,0.03,0.06,0.0,0,Progressive Field,73.5,42.0,7.1,0.0,0.0,1.053646979184295,0.06316411384283628,1483,,,,,,,,0.5,,,PASS
823583,2026-08-28 23:10:00+00:00,HOU,NYM,NYM,HOU,1,620443,Luis Torrens,confirmed,9.0,3.7,686613,0.03255813953488372,0.04186046511627907,0.03103448275862069,0.16744186046511628,0.24186046511627907,0.2,0.06046511627906977,0.2875583386111112,94.14683333333332,0.09259259259259259,0.07407407407407407,0.05333333333333334,0.2037037037037037,0.3148148148148148,0.16666666666666666,0.09259259259259259,0.3446790622222222,95.53533333333333,R,0.031545741324921134,0.03785488958990536,0.1167192429022082,0.4385026737967914,0.23974763406940064,0.13564668769716087,0.29891408917171003,99.14999999999999,15.428571428571429,R,0.0,0.0,0.0,0.03,0.06,0.0,1,Citi Field,77.1,82.0,7.2,0.0,0.0,0.909967845659164,0.06283560521598414,1491,,,,,,,,0.5,,,PASS
823583,2026-08-28 23:10:00+00:00,HOU,NYM,NYM,HOU,1,543760,Marcus Semien,confirmed,7.0,4.0,686613,0.04184100418410042,0.03765690376569038,0.02830188679245283,0.1589958158995816,0.2175732217573222,0.2175732217573222,0.08786610878661087,0.29992448722222226,94.29516666666667,0.0,0.0,0.0,0.06779661016949153,0.1864406779661017,0.22033898305084745,0.0847457627118644,0.2697361044444444,92.64333333333335,R,0.031545741324921134,0.03785488958990536,0.1167192429022082,0.4385026737967914,0.23974763406940064,0.13564668769716087,0.29891408917171003,99.14999999999999,15.428571428571429,R,0.0,0.0,0.0,0.03,0.06,0.0,1,Citi Field,77.1,82.0,7.2,0.0,0.0,0.909967845659164,0.06281146159199913,1492,,,,,,,,0.5,,,PASS
823744,2026-08-28 23:40:00+00:00,TEX,MIL,MIL,TEX,1,686217,Sal Frelick,confirmed,8.0,3.85,674003,0.01282051282051282,0.021367521367521368,0.01567398119122257,0.11965811965811966,0.25213675213675213,0.08547008547008547,0.06837606837606838,0.2835507413888889,94.27350000000001,0.01818181818181818,0.01818181818181818,0.013513513513513514,0.10909090909090909,0.34545454545454546,0.14545454545454545,0.05454545454545454,0.26353441555555557,92.13933333333331,L,0.011494252873563218,0.09195402298850575,0.2413793103448276,0.6017699115044248,0.14942528735632185,0.04597701149425287,0.3429149843117409,101.53999999999999,15.0,L,0.0,0.0,0.0,0.03,0.06,0.0,1,American Family Field,76.3,51.0,7.7,0.0,0.5,0.8686056708564748,0.0627867805145993,1493,,,,,,,,0.5,,,PASS
822769,2026-08-28 23:15:00+00:00,SEA,TOR,TOR,SEA,1,664770,Nathan Lukes,confirmed,2.0,4.65,676106,0.03187250996015936,0.01593625498007968,0.01038961038961039,0.10358565737051793,0.3147410358565737,0.15139442231075698,0.06772908366533864,0.2733084697222222,93.01650000000001,0.046153846153846156,0.046153846153846156,0.03,0.1076923076923077,0.38461538461538464,0.15384615384615385,0.046153846153846156,0.2792676733333333,93.70733333333332,L,0.02976190476190476,0.047619047619047616,0.15773809523809523,0.5324675324675324,0.20535714285714285,0.06547619047619048,0.29940292700688204,100.62133333333333,15.866666666666667,R,3.0,0.0,0.0,0.027906976744186046,0.05581395348837209,0.06976744186046512,0,Rogers Centre,67.3,64.0,2.1,0.0,0.5,0.65,0.06171112580329292,1520,,,,,,,,0.5,,,PASS
822691,2026-08-28 22:45:00+00:00,MIA,WSH,MIA,WSH,0,669364,Xavier Edwards,confirmed,5.0,4.3,800600,0.0,0.0038314176245210726,0.002857142857142857,0.10727969348659004,0.2222222222222222,0.14942528735632185,0.10344827586206896,0.2863771358333333,92.8755,0.0,0.0,0.0,0.1076923076923077,0.2153846153846154,0.13846153846153847,0.09230769230769231,0.29549094111111107,94.22066666666667,L,0.01639344262295082,0.04918032786885246,0.13114754098360656,0.4939759036144578,0.22950819672131148,0.18032786885245902,0.37023353660287084,101.26666666666667,12.333333333333334,L,2.0,0.0,0.0,0.02857142857142857,0.05714285714285714,0.047619047619047616,1,Nationals Park,81.7,72.0,2.7,0.0,0.0,1.3080787781350482,0.061505733631398565,1526,,,,,,,,0.5,,,PASS
822769,2026-08-28 23:15:00+00:00,SEA,TOR,SEA,TOR,0,647304,Josh Naylor,confirmed,4.0,4.45,656302,0.011904761904761904,0.031746031746031744,0.023952095808383235,0.15476190476190477,0.23015873015873015,0.11904761904761904,0.07142857142857142,0.30967715972222215,96.82883333333334,0.03076923076923077,0.046153846153846156,0.033707865168539325,0.15384615384615385,0.24615384615384617,0.12307692307692308,0.046153846153846156,0.32618215000000006,96.87733333333333,L,0.02197802197802198,0.024725274725274724,0.11813186813186813,0.5501165501165501,0.36813186813186816,0.11813186813186813,0.24555040930375593,97.87200000000001,18.2,R,3.0,0.0,0.0,0.027906976744186046,0.05581395348837209,0.06976744186046512,0,Rogers Centre,67.3,64.0,2.1,0.0,0.5,0.65,0.06123756860887141,1533,,,,,,,,0.5,,,PASS
824231,2026-08-28 22:40:00+00:00,LAD,DET,DET,LAD,1,703601,Max Clark,confirmed,8.0,3.85,669373,0.02127659574468085,0.010638297872340425,0.006896551724137931,0.20212765957446807,0.3404255319148936,0.20212765957446807,0.06382978723404255,0.29885402391304344,94.8195652173913,0.017857142857142856,0.0,0.0,0.19642857142857142,0.30357142857142855,0.10714285714285714,0.03571428571428571,0.2882146,95.10733333333333,L,0.03089887640449438,0.047752808988764044,0.15730337078651685,0.5524625267665952,0.31741573033707865,0.042134831460674156,0.2564670058421825,98.42466666666665,18.0,L,0.0,0.0,0.0,0.03,0.06,0.0,1,Comerica Park,75.5,48.0,4.6,0.0,0.0,0.909967845659164,0.060879221544175625,1543,,,,,,,,0.5,,,PASS
824231,2026-08-28 22:40:00+00:00,LAD,DET,LAD,DET,0,676439,Hunter Feduccia,confirmed,9.0,3.7,623454,0.016216216216216217,0.05945945945945946,0.04564315352697095,0.1891891891891892,0.2648648648648649,0.24324324324324326,0.08648648648648649,0.3196166022222222,93.7805,0.02040816326530612,0.061224489795918366,0.05084745762711865,0.22448979591836735,0.30612244897959184,0.1836734693877551,0.10204081632653061,0.38156505333333335,94.58066666666667,L,0.0392156862745098,0.049019607843137254,0.13725490196078433,0.5,0.24509803921568626,0.09803921568627451,0.291932365695851,98.915,12.333333333333334,R,0.0,0.0,0.0,0.03,0.06,0.0,0,Comerica Park,75.5,48.0,4.6,0.0,0.0,0.909967845659164,0.06043568975869993,1555,,,,,,,,0.5,,,PASS
822691,2026-08-28 22:45:00+00:00,MIA,WSH,WSH,MIA,1,678391,Jorbit Vivas,confirmed,6.0,4.15,691587,0.013636363636363636,0.02727272727272727,0.020689655172413793,0.11818181818181818,0.2909090909090909,0.12727272727272726,0.12272727272727273,0.2999111730555556,91.791,0.0,0.01818181818181818,0.012987012987012988,0.05454545454545454,0.32727272727272727,0.12727272727272726,0.18181818181818182,0.2923900777777778,87.75933333333334,L,0.01791044776119403,0.041791044776119404,0.13134328358208955,0.6021505376344086,0.2746268656716418,0.09253731343283582,0.2658498135171489,98.39733333333334,16.933333333333334,R,0.0,0.0,0.0,0.03,0.06,0.0,0,Nationals Park,81.7,72.0,2.7,0.0,0.0,1.3080787781350482,0.060431252587566896,1555,,,,,,,,0.5,,,PASS
823013,2026-08-29 00:15:00+00:00,PIT,STL,STL,PIT,1,701675,Nathan Church,confirmed,6.0,4.15,683003,0.022727272727272728,0.03636363636363636,0.021917808219178082,0.10909090909090909,0.37272727272727274,0.17272727272727273,0.06818181818181818,0.27454546222222215,91.94066666666666,0.01694915254237288,0.03389830508474576,0.020618556701030927,0.11864406779661017,0.3728813559322034,0.1016949152542373,0.06779661016949153,0.27711293000000004,89.93133333333334,L,0.03793103448275862,0.05172413793103448,0.16896551724137931,0.5526315789473685,0.2655172413793103,0.0896551724137931,0.2932750621588694,102.01266666666666,13.466666666666667,R,0.0,0.0,0.0,0.03,0.06,0.0,0,Busch Stadium,83.1,34.0,3.8,0.0,0.0,0.7226215244940419,0.0591831281675732,1590,,,,,,,,0.5,,,PASS
822691,2026-08-28 22:45:00+00:00,MIA,WSH,WSH,MIA,1,696285,Jacob Young,confirmed,9.0,3.7,691587,0.0136986301369863,0.045662100456621,0.04,0.1187214611872146,0.2557077625570776,0.1689497716894977,0.0867579908675799,0.3047447908333333,93.32783333333333,0.017857142857142856,0.05357142857142857,0.05,0.08928571428571429,0.30357142857142855,0.14285714285714285,0.05357142857142857,0.3071245266666667,92.53066666666665,R,0.01791044776119403,0.041791044776119404,0.13134328358208955,0.6021505376344086,0.2746268656716418,0.09253731343283582,0.2658498135171489,98.39733333333334,16.933333333333334,R,2.0,0.0,0.0,0.02857142857142857,0.05714285714285714,0.047619047619047616,1,Nationals Park,81.7,72.0,2.7,0.0,0.0,1.3080787781350482,0.05887067235223276,1599,,,,,,,,0.5,,,PASS
822769,2026-08-28 23:15:00+00:00,SEA,TOR,SEA,TOR,0,801126,Brock Rodden,confirmed,9.0,3.7,656302,0.0,0.02631578947368421,0.02857142857142857,0.10526315789473684,0.34210526315789475,0.3684210526315789,0.13157894736842105,0.22937528000000001,93.99499999999999,0.0,0.02631578947368421,0.02857142857142857,0.10526315789473684,0.34210526315789475,0.3684210526315789,0.13157894736842105,0.22937528000000001,93.99499999999999,R,0.02197802197802198,0.024725274725274724,0.11813186813186813,0.5501165501165501,0.36813186813186816,0.11813186813186813,0.24555040930375593,97.87200000000001,18.2,R,0.0,0.0,0.0,0.03,0.06,0.0,1,Rogers Centre,67.3,64.0,2.1,0.0,0.5,0.65,0.05855726067982924,1608,,,,,,,,0.5,,,PASS
823744,2026-08-28 23:40:00+00:00,TEX,MIL,MIL,TEX,1,666152,David Hamilton,confirmed,9.0,3.7,674003,0.018867924528301886,0.02830188679245283,0.022222222222222223,0.1320754716981132,0.25471698113207547,0.2169811320754717,0.07547169811320754,0.25825427222222225,89.15033333333334,0.01694915254237288,0.01694915254237288,0.011904761904761904,0.15254237288135594,0.2542372881355932,0.1864406779661017,0.06779661016949153,0.28155923555555556,89.32933333333332,L,0.011494252873563218,0.09195402298850575,0.2413793103448276,0.6017699115044248,0.14942528735632185,0.04597701149425287,0.3429149843117409,101.53999999999999,15.0,L,0.0,0.0,0.0,0.03,0.06,0.0,1,American Family Field,76.3,51.0,7.7,0.0,0.5,0.8686056708564748,0.05826265110271922,1616,,,,,,,,0.5,,,PASS
822769,2026-08-28 23:15:00+00:00,SEA,TOR,SEA,TOR,0,702284,Cole Young,confirmed,6.0,4.15,656302,0.045454545454545456,0.028925619834710745,0.020172910662824207,0.15289256198347106,0.2727272727272727,0.1446280991735537,0.05785123966942149,0.3017185877777777,96.51116666666667,0.03125,0.0,0.0,0.09375,0.203125,0.203125,0.046875,0.20535386111111112,93.92333333333333,L,0.02197802197802198,0.024725274725274724,0.11813186813186813,0.5501165501165501,0.36813186813186816,0.11813186813186813,0.24555040930375593,97.87200000000001,18.2,R,2.0,0.0,0.0,0.02857142857142857,0.05714285714285714,0.047619047619047616,0,Rogers Centre,67.3,64.0,2.1,0.0,0.5,0.65,0.05770763287135467,1633,,,,,,,,0.5,,,PASS
823666,2026-08-29 00:10:00+00:00,CWS,MIN,CWS,MIN,0,691011,Drew Romo,confirmed,9.0,3.7,665152,0.03867403314917127,0.04419889502762431,0.03669724770642202,0.13812154696132597,0.20994475138121546,0.23756906077348067,0.08287292817679558,0.2445334908496732,91.43745098039217,0.038461538461538464,0.038461538461538464,0.0273972602739726,0.17307692307692307,0.25,0.19230769230769232,0.07692307692307693,0.27530093666666666,90.91399999999999,L,0.058333333333333334,0.05,0.22083333333333333,0.5284280936454849,0.24166666666666667,0.07916666666666666,0.3190903061505817,100.38909090909092,15.727272727272727,R,2.0,0.0,0.0,0.02857142857142857,0.05714285714285714,0.047619047619047616,0,Target Field,82.0,26.0,2.1,0.0,0.0,0.65,0.05734630349427622,1644,,,,,,,,0.5,,,PASS
823504,2026-08-28 23:15:00+00:00,BOS,NYY,BOS,NYY,0,702332,Caleb Durbin,confirmed,6.0,4.15,693645,0.03543307086614173,0.01968503937007874,0.013812154696132596,0.14566929133858267,0.24803149606299213,0.1220472440944882,0.08267716535433071,0.2836944921296297,91.31716666666667,0.015625,0.015625,0.011494252873563218,0.109375,0.265625,0.125,0.0625,0.2655353666666666,88.63666666666664,R,0.03125,0.05113636363636364,0.1590909090909091,0.5769230769230769,0.3181818181818182,0.06818181818181818,0.2819269367492743,98.46066666666667,17.2,R,8.0,1.0,0.0,0.04583333333333334,0.049999999999999996,0.16666666666666666,1,Yankee Stadium,79.1,66.0,6.0,0.0,0.0,1.1049609554432704,0.05721562119459684,1648,,,,,,,,0.5,,,PASS
823013,2026-08-29 00:15:00+00:00,PIT,STL,PIT,STL,0,693304,Nick Gonzales,confirmed,5.0,4.3,687273,0.015503875968992248,0.015503875968992248,0.011204481792717087,0.12403100775193798,0.28294573643410853,0.15503875968992248,0.07364341085271318,0.31230566333333337,94.56016666666666,0.0,0.0,0.0,0.09523809523809523,0.2857142857142857,0.14285714285714285,0.1111111111111111,0.3164627188888888,92.00600000000001,R,0.015151515151515152,0.015151515151515152,0.12121212121212122,0.4897959183673469,0.19696969696969696,0.10606060606060606,0.2717593774509804,99.81666666666666,14.0,L,0.0,0.0,0.0,0.03,0.06,0.0,0,Busch Stadium,83.1,34.0,3.8,0.0,0.0,0.7226215244940419,0.05671287209921749,1663,,,,,,,,0.5,,,PASS
824396,2026-08-28 23:10:00+00:00,KC,CLE,KC,CLE,0,664728,Kyle Isbel,confirmed,9.0,3.7,676440,0.018867924528301886,0.014150943396226415,0.01098901098901099,0.10849056603773585,0.22169811320754718,0.2028301886792453,0.05188679245283019,0.2690111538888889,93.80866666666665,0.05263157894736842,0.017543859649122806,0.013888888888888888,0.12280701754385964,0.21052631578947367,0.21052631578947367,0.05263157894736842,0.30176925555555556,95.45866666666667,L,0.03773584905660377,0.05121293800539083,0.20754716981132076,0.5225409836065574,0.18328840970350405,0.06199460916442048,0.31375885433938966,100.76466666666667,18.4,R,2.0,0.0,0.0,0.02857142857142857,0.05714285714285714,0.047619047619047616,0,Progressive Field,73.5,42.0,7.1,0.0,0.0,1.053646979184295,0.05657250843186015,1668,,,,,,,,0.5,,,PASS
823504,2026-08-28 23:15:00+00:00,BOS,NYY,BOS,NYY,0,678011,Anthony Seigler,confirmed,9.0,3.7,693645,0.01935483870967742,0.03870967741935484,0.03076923076923077,0.1870967741935484,0.3225806451612903,0.15483870967741936,0.1032258064516129,0.32941577543859646,93.84105263157895,0.015873015873015872,0.031746031746031744,0.02564102564102564,0.14285714285714285,0.36507936507936506,0.15873015873015872,0.1111111111111111,0.2771178944444444,91.36200000000002,L,0.03125,0.05113636363636364,0.1590909090909091,0.5769230769230769,0.3181818181818182,0.06818181818181818,0.2819269367492743,98.46066666666667,17.2,R,5.0,0.0,0.0,0.026666666666666665,0.05333333333333333,0.1111111111111111,0,Yankee Stadium,79.1,66.0,6.0,0.0,0.0,1.1049609554432704,0.05624715983336242,1678,,,,,,,,0.5,,,PASS
823013,2026-08-29 00:15:00+00:00,PIT,STL,PIT,STL,0,663968,Jake Mangum,confirmed,7.0,4.0,687273,0.011406844106463879,0.019011406844106463,0.01282051282051282,0.09125475285171103,0.2813688212927757,0.20152091254752852,0.049429657794676805,0.2864705244444445,93.66916666666664,0.01639344262295082,0.04918032786885246,0.04,0.13114754098360656,0.21311475409836064,0.26229508196721313,0.06557377049180328,0.27946588555555557,93.08066666666667,L,0.015151515151515152,0.015151515151515152,0.12121212121212122,0.4897959183673469,0.19696969696969696,0.10606060606060606,0.2717593774509804,99.81666666666666,14.0,L,0.0,0.0,0.0,0.03,0.06,0.0,1,Busch Stadium,83.1,34.0,3.8,0.0,0.0,0.7226215244940419,0.056186251955191724,1680,,,,,,,,0.5,,,PASS
822769,2026-08-28 23:15:00+00:00,SEA,TOR,SEA,TOR,0,621493,Taylor Ward,confirmed,7.0,4.0,656302,0.015151515151515152,0.03787878787878788,0.034013605442176874,0.14393939393939395,0.22727272727272727,0.20833333333333334,0.13636363636363635,0.32173987944444443,94.12716666666667,0.0,0.03333333333333333,0.028985507246376812,0.08333333333333333,0.25,0.25,0.1,0.26426892777777783,91.09866666666666,R,0.02197802197802198,0.024725274725274724,0.11813186813186813,0.5501165501165501,0.36813186813186816,0.11813186813186813,0.24555040930375593,97.87200000000001,18.2,R,0.0,0.0,0.0,0.03,0.06,0.0,1,Rogers Centre,67.3,64.0,2.1,0.0,0.5,0.65,0.05593761319144327,1688,,,,,,,,0.5,,,PASS
822935,2026-08-28 23:10:00+00:00,SD,TB,TB,SD,1,670764,Taylor Walls,confirmed,9.0,3.7,663554,0.008928571428571428,0.013392857142857142,0.011320754716981131,0.09821428571428571,0.26339285714285715,0.23214285714285715,0.09821428571428571,0.25829139749999996,91.52883333333335,0.03508771929824561,0.0,0.0,0.08771929824561403,0.3333333333333333,0.17543859649122806,0.08771929824561403,0.2699036611111111,91.72666666666667,L,0.026143790849673203,0.06209150326797386,0.1895424836601307,0.5539568345323741,0.20588235294117646,0.05228758169934641,0.29377831326339643,99.6,14.933333333333334,R,0.0,0.0,0.0,0.03,0.06,0.0,0,Tropicana Field,81.4,85.0,4.0,0.0,1.0,1.0521503215434085,0.053794864409370584,1759,,,,,,,,0.5,,,PASS
823504,2026-08-28 23:15:00+00:00,BOS,NYY,NYY,BOS,1,676609,José Caballero,confirmed,8.0,3.85,663776,0.034782608695652174,0.030434782608695653,0.022653721682847898,0.10869565217391304,0.32608695652173914,0.26521739130434785,0.06521739130434782,0.2828503983333333,90.23016666666668,0.03571428571428571,0.05357142857142857,0.04225352112676056,0.16071428571428573,0.3392857142857143,0.23214285714285715,0.08928571428571429,0.39648717777777776,90.30399999999999,R,0.02717391304347826,0.043478260869565216,0.15760869565217392,0.5109170305676856,0.22282608695652173,0.09782608695652174,0.33636527892386875,99.84,14.5,L,0.0,0.0,0.0,0.03,0.06,0.0,0,Yankee Stadium,79.1,66.0,6.0,0.0,0.0,1.1049609554432704,0.05368144461545287,1763,,,,,,,,0.5,,,PASS
824396,2026-08-28 23:10:00+00:00,KC,CLE,KC,CLE,0,668942,Josh Rojas,confirmed,8.0,3.85,676440,0.0,0.0,0.0,0.11842105263157894,0.23684210526315788,0.13157894736842105,0.039473684210526314,0.21259297142857142,92.60380952380953,0.0,0.0,0.0,0.09433962264150944,0.16981132075471697,0.11320754716981132,0.05660377358490566,0.2390190488888889,93.85933333333332,L,0.03773584905660377,0.05121293800539083,0.20754716981132076,0.5225409836065574,0.18328840970350405,0.06199460916442048,0.31375885433938966,100.76466666666667,18.4,R,0.0,0.0,0.0,0.03,0.06,0.0,0,Progressive Field,73.5,42.0,7.1,0.0,0.0,1.053646979184295,0.05334506216084331,1775,,,,,,,,0.5,,,PASS
822769,2026-08-28 23:15:00+00:00,SEA,TOR,TOR,SEA,1,665926,Andrés Giménez,confirmed,7.0,4.0,676106,0.0091324200913242,0.0182648401826484,0.012461059190031152,0.136986301369863,0.2511415525114155,0.1963470319634703,0.0365296803652968,0.2768221452777778,91.82066666666668,0.01694915254237288,0.0,0.0,0.13559322033898305,0.2542372881355932,0.2033898305084746,0.03389830508474576,0.26172915,91.26933333333335,L,0.02976190476190476,0.047619047619047616,0.15773809523809523,0.5324675324675324,0.20535714285714285,0.06547619047619048,0.29940292700688204,100.62133333333333,15.866666666666667,R,0.0,0.0,0.0,0.03,0.06,0.0,0,Rogers Centre,67.3,64.0,2.1,0.0,0.5,0.65,0.052816804610991475,1793,,,,,,,,0.5,,,PASS
822769,2026-08-28 23:15:00+00:00,SEA,TOR,TOR,SEA,1,703520,Brett Bateman,confirmed,1.0,4.75,676106,0.0,0.0,0.0,0.06756756756756757,0.2702702702702703,0.21621621621621623,0.05405405405405406,0.25939875833333337,91.92375000000001,0.0,0.0,0.0,0.05714285714285714,0.2714285714285714,0.22857142857142856,0.02857142857142857,0.24122080888888892,91.67066666666666,L,0.02976190476190476,0.047619047619047616,0.15773809523809523,0.5324675324675324,0.20535714285714285,0.06547619047619048,0.29940292700688204,100.62133333333333,15.866666666666667,R,0.0,0.0,0.0,0.03,0.06,0.0,0,Rogers Centre,67.3,64.0,2.1,0.0,0.5,0.65,0.050087334181136076,1897,,,,,,,,0.5,,,PASS
824396,2026-08-28 23:10:00+00:00,KC,CLE,CLE,KC,1,680757,Steven Kwan,confirmed,1.0,4.75,608379,0.0038910505836575876,0.0038910505836575876,0.002890173410404624,0.05058365758754864,0.29571984435797666,0.09727626459143969,0.1245136186770428,0.3428687433333332,90.36783333333334,0.0,0.0136986301369863,0.01020408163265306,0.0821917808219178,0.273972602739726,0.0547945205479452,0.1917808219178082,0.3308867322222222,91.05466666666666,L,0.03664921465968586,0.049738219895287955,0.20157068062827224,0.5394495412844037,0.17277486910994763,0.05235602094240838,0.31416478625716926,99.76266666666668,18.2,R,6.0,1.0,1.0,0.04782608695652174,0.07391304347826087,0.13043478260869565,0,Progressive Field,73.5,42.0,7.1,0.0,0.0,1.053646979184295,0.04791895574238224,1987,,,,,,,,0.5,,,PASS
824231,2026-08-28 22:40:00+00:00,LAD,DET,DET,LAD,1,595879,Javier Báez,confirmed,9.0,3.7,669373,0.012903225806451613,0.012903225806451613,0.009950248756218905,0.10967741935483871,0.18064516129032257,0.1870967741935484,0.025806451612903226,0.2701505757936508,93.73809523809524,0.0,0.0,0.0,0.10909090909090909,0.10909090909090909,0.18181818181818182,0.03636363636363636,0.23947357333333333,97.08666666666667,R,0.03089887640449438,0.047752808988764044,0.15730337078651685,0.5524625267665952,0.31741573033707865,0.042134831460674156,0.2564670058421825,98.42466666666665,18.0,L,0.0,0.0,0.0,0.03,0.06,0.0,0,Comerica Park,75.5,48.0,4.6,0.0,0.0,0.909967845659164,0.047790988840846926,1992,,,,,,,,0.5,,,PASS
823744,2026-08-28 23:40:00+00:00,TEX,MIL,TEX,MIL,0,683227,Cody Freeman,confirmed,8.0,3.85,701656,0.0,0.0,0.0,0.10638297872340426,0.1276595744680851,0.1702127659574468,0.10638297872340426,0.23065499230769235,89.105,0.0,0.0,0.0,0.10638297872340426,0.1276595744680851,0.1702127659574468,0.10638297872340426,0.23065499230769235,89.105,R,0.03773584905660377,0.04905660377358491,0.19622641509433963,0.6223404255319149,0.2981132075471698,0.052830188679245285,0.2558755370829587,100.2823076923077,15.76923076923077,R,0.0,0.0,0.0,0.03,0.06,0.0,1,American Family Field,76.3,51.0,7.7,0.0,0.5,0.8686056708564748,0.04741780669859202,2009,,,,,,,,0.5,,,PASS
822769,2026-08-28 23:15:00+00:00,SEA,TOR,SEA,TOR,0,641487,J.P. Crawford,confirmed,8.0,3.85,656302,0.0311284046692607,0.0311284046692607,0.02359882005899705,0.1245136186770428,0.2490272373540856,0.2178988326848249,0.12062256809338522,0.30676311777777776,93.57549999999999,0.0,0.016129032258064516,0.011904761904761904,0.08064516129032258,0.25806451612903225,0.20967741935483872,0.14516129032258066,0.2939972666666666,92.31066666666669,L,0.02197802197802198,0.024725274725274724,0.11813186813186813,0.5501165501165501,0.36813186813186816,0.11813186813186813,0.24555040930375593,97.87200000000001,18.2,R,3.0,0.0,0.0,0.027906976744186046,0.05581395348837209,0.06976744186046512,0,Rogers Centre,67.3,64.0,2.1,0.0,0.5,0.65,0.04604759878950536,2072,,,,,,,,0.5,,,PASS
822769,2026-08-28 23:15:00+00:00,SEA,TOR,TOR,SEA,1,676391,Ernie Clement,confirmed,8.0,3.85,676106,0.007936507936507936,0.011904761904761904,0.008064516129032258,0.10317460317460317,0.30952380952380953,0.09523809523809523,0.03968253968253968,0.2553336127777778,91.94283333333333,0.0,0.0,0.0,0.08064516129032258,0.2903225806451613,0.11290322580645161,0.04838709677419355,0.23048446111111115,90.71133333333334,R,0.02976190476190476,0.047619047619047616,0.15773809523809523,0.5324675324675324,0.20535714285714285,0.06547619047619048,0.29940292700688204,100.62133333333333,15.866666666666667,R,3.0,0.0,0.0,0.027906976744186046,0.05581395348837209,0.06976744186046512,1,Rogers Centre,67.3,64.0,2.1,0.0,0.5,0.65,0.039263860516828175,2447,,,,,,,,0.5,,,PASS
823666,2026-08-29 00:10:00+00:00,CWS,MIN,MIN,CWS,1,805805,Walker Jenkins,confirmed,9.0,3.7,622491,0.0,0.0,0.0,0.0,0.0,0.0,0.0,,,0.0,0.0,0.0,0.0,0.0,0.0,0.0,,,,0.04985337243401759,0.07038123167155426,0.2316715542521994,0.562874251497006,0.19941348973607037,0.06451612903225806,0.33982581396924666,101.07533333333332,15.466666666666667,R,0.0,0.0,0.0,0.03,0.06,0.0,0,Target Field,82.0,26.0,2.1,0.0,0.0,0.65,0.03819206149821043,2518,,,,,,,,0.5,,,PASS
822935,2026-08-28 23:10:00+00:00,SD,TB,TB,SD,1,802415,Chandler Simpson,confirmed,5.0,4.3,663554,0.0,0.0,0.0,0.012096774193548387,0.23790322580645162,0.05241935483870968,0.036290322580645164,0.26763207527777777,90.32183333333334,0.0,0.0,0.0,0.0,0.18461538461538463,0.046153846153846156,0.046153846153846156,0.25662923,89.56266666666667,L,0.026143790849673203,0.06209150326797386,0.1895424836601307,0.5539568345323741,0.20588235294117646,0.05228758169934641,0.29377831326339643,99.6,14.933333333333334,R,0.0,0.0,0.0,0.03,0.06,0.0,0,Tropicana Field,81.4,85.0,4.0,0.0,1.0,1.0521503215434085,0.032175734549216656,3008,,,,,,,,0.5,,,PASS
