game_pk,game_datetime,away_team,home_team,team,opponent,is_home,player_id,player_name,lineup_status,batting_order,expected_pa,opposing_starter_id,batter_hr_pa_long,batter_barrel_pa_long,batter_barrel_bbe_long,batter_hard_air_pa_long,batter_sweet_pa_long,batter_k_rate_long,batter_bb_rate_long,batter_xwoba_long,batter_ev90_long,batter_hr_pa_recent,batter_barrel_pa_recent,batter_barrel_bbe_recent,batter_hard_air_pa_recent,batter_sweet_pa_recent,batter_k_rate_recent,batter_bb_rate_recent,batter_xwoba_recent,batter_ev90_recent,batter_hand,pitcher_hr_bf,pitcher_barrel_bf,pitcher_hard_air_bf,pitcher_fly_rate,pitcher_k_rate,pitcher_bb_rate,pitcher_xwoba,pitcher_ev90,pitcher_outs,opposing_pitcher_hand,bvp_pa,bvp_hr,bvp_barrels,bvp_hr_shrunk,bvp_barrel_shrunk,bvp_reliability,same_hand,venue,temperature_f,humidity_pct,wind_speed_mph,precipitation_in,roof_control_factor,park_hr_factor,home_run_probability,fair_odds,point,over_odds,under_odds,over_no_vig_probability,under_no_vig_probability,over_book,under_book,line,market_edge,ev_per_unit,signal
823429,2026-08-05 22:40:00+00:00,WSH,PHI,WSH,PHI,0,694673,Abimelec Ortiz,confirmed,2.0,4.65,691725,0.2,0.2,0.1111111111111111,0.8,0.6,0.0,0.0,0.5699166666666666,105.6,0.2,0.2,0.1111111111111111,0.8,0.6,0.0,0.0,0.5699166666666666,105.6,L,0.05017921146953405,0.07168458781362007,0.1863799283154122,0.5300261096605744,0.17562724014336917,0.08243727598566308,0.36342427115267145,100.68769230769232,13.923076923076923,R,0.0,0.0,0.0,0.03,0.06,0.0,0,Citizens Bank Park,81.4,85.0,3.0,0.0,0.0,1.2148383677795442,0.3332525296813354,200,,,,,,,,0.5,,,HR WATCH
824889,2026-08-05 23:15:00+00:00,MIA,ATL,MIA,ATL,0,669065,Kyle Stowers,confirmed,2.0,4.65,693821,0.05,0.08076923076923077,0.0707070707070707,0.25,0.2423076923076923,0.3384615384615385,0.08846153846153847,0.3295317477777778,99.61616666666666,0.06153846153846154,0.07692307692307693,0.0641025641025641,0.35384615384615387,0.24615384615384617,0.2923076923076923,0.12307692307692308,0.3679195599999999,99.25133333333333,L,0.04748603351955307,0.055865921787709494,0.17039106145251395,0.4874715261958998,0.19553072625698323,0.08379888268156424,0.3287172023112789,101.882,16.266666666666666,R,0.0,0.0,0.0,0.03,0.06,0.0,0,Truist Park,76.8,88.0,4.3,0.0,0.0,1.45,0.2466555680802441,305,,,,,,,,0.5,,,HR WATCH
823429,2026-08-05 22:40:00+00:00,WSH,PHI,PHI,WSH,1,656941,Kyle Schwarber,confirmed,1.0,4.75,663623,0.04924242424242424,0.04924242424242424,0.04529616724738676,0.24242424242424243,0.17803030303030304,0.35984848484848486,0.14772727272727273,0.33260565666666664,99.27101694915255,0.015625,0.015625,0.016666666666666666,0.15625,0.140625,0.328125,0.1875,0.29244386333333333,96.914,L,0.036290322580645164,0.0846774193548387,0.2217741935483871,0.544891640866873,0.23790322580645162,0.0967741935483871,0.35709218412398686,102.20583333333333,14.0,R,0.0,0.0,0.0,0.03,0.06,0.0,0,Citizens Bank Park,81.4,85.0,3.0,0.0,0.0,1.2148383677795442,0.2283614791066541,338,,,,,,,,0.5,,,HR WATCH
823429,2026-08-05 22:40:00+00:00,WSH,PHI,WSH,PHI,0,682928,CJ Abrams,confirmed,1.0,4.75,691725,0.0694980694980695,0.07335907335907337,0.05740181268882175,0.25096525096525096,0.23938223938223938,0.2471042471042471,0.07335907335907337,0.3140281669444444,97.25283333333331,0.1076923076923077,0.09230769230769231,0.08571428571428572,0.2,0.18461538461538463,0.2923076923076923,0.1076923076923077,0.32188101,96.31866666666666,L,0.05017921146953405,0.07168458781362007,0.1863799283154122,0.5300261096605744,0.17562724014336917,0.08243727598566308,0.36342427115267145,100.68769230769232,13.923076923076923,R,3.0,0.0,0.0,0.027906976744186046,0.05581395348837209,0.06976744186046512,0,Citizens Bank Park,81.4,85.0,3.0,0.0,0.0,1.2148383677795442,0.20750969654657406,382,,,,,,,,0.5,,,HR WATCH
824728,2026-08-05 23:10:00+00:00,CWS,BOS,CWS,BOS,0,808959,Munetaka Murakami,confirmed,2.0,4.65,543243,0.07462686567164178,0.10074626865671642,0.10546875,0.27238805970149255,0.19402985074626866,0.332089552238806,0.16791044776119404,0.3666223772222222,99.17150000000001,0.05970149253731343,0.11940298507462686,0.13333333333333333,0.29850746268656714,0.2537313432835821,0.34328358208955223,0.14925373134328357,0.37553465999999996,99.80933333333333,L,0.024861878453038673,0.03591160220994475,0.1408839779005525,0.39675174013921116,0.23480662983425415,0.06906077348066299,0.2877001969322872,101.102,17.8,R,0.0,0.0,0.0,0.03,0.06,0.0,0,Fenway Park,84.8,37.0,8.1,0.0,0.0,0.8743154919625509,0.20367186398895767,391,,,,,,,,0.5,,,HR WATCH
824806,2026-08-05 22:35:00+00:00,LAA,BAL,LAA,BAL,0,687263,Zach Neto,confirmed,1.0,4.75,669432,0.04119850187265917,0.0749063670411985,0.0625,0.20599250936329588,0.21722846441947566,0.32209737827715357,0.0749063670411985,0.2828551100000001,96.09150000000002,0.0,0.045454545454545456,0.03614457831325301,0.19696969696969696,0.18181818181818182,0.3181818181818182,0.07575757575757576,0.24866622666666663,95.12733333333334,R,0.020527859237536656,0.04985337243401759,0.21700879765395895,0.5354330708661418,0.187683284457478,0.07038123167155426,0.31842676059444586,101.33466666666668,16.066666666666666,L,0.0,0.0,0.0,0.03,0.06,0.0,0,Oriole Park at Camden Yards,82.4,83.0,0.9,0.0,0.0,0.9372855827964188,0.20111860462850223,397,,,,,,,,0.5,,,HR WATCH
824889,2026-08-05 23:15:00+00:00,MIA,ATL,ATL,MIA,1,621566,Matt Olson,confirmed,3.0,4.55,691587,0.0648854961832061,0.08778625954198473,0.06515580736543909,0.2595419847328244,0.25190839694656486,0.25190839694656486,0.0916030534351145,0.3402559836111111,99.38633333333333,0.078125,0.109375,0.08536585365853659,0.171875,0.234375,0.25,0.109375,0.34922155222222223,96.67333333333335,L,0.02694610778443114,0.05089820359281437,0.1497005988023952,0.6056034482758621,0.2754491017964072,0.08682634730538923,0.28389919762844834,99.338,16.666666666666668,R,2.0,0.0,0.0,0.02857142857142857,0.05714285714285714,0.047619047619047616,0,Truist Park,76.8,88.0,4.3,0.0,0.0,1.45,0.20088920336871263,398,,,,,,,,0.5,,,HR WATCH
824082,2026-08-05 23:40:00+00:00,MIN,KC,KC,MIN,1,695506,Jac Caglianone,confirmed,3.0,4.55,665152,0.052,0.084,0.061946902654867256,0.224,0.208,0.264,0.06,0.350389898888889,100.97466666666666,0.04918032786885246,0.09836065573770492,0.07317073170731707,0.21311475409836064,0.16393442622950818,0.18032786885245902,0.03278688524590164,0.31997519999999996,101.94399999999999,L,0.07792207792207792,0.05844155844155844,0.23376623376623376,0.5340314136125655,0.24675324675324675,0.07142857142857142,0.34116788740599446,100.29285714285713,15.0,R,0.0,0.0,0.0,0.03,0.06,0.0,0,Kauffman Stadium,74.5,86.0,6.2,0.087,0.0,1.1150177326647916,0.19867117649368754,403,,,,,,,,0.5,,,HR WATCH
824889,2026-08-05 23:15:00+00:00,MIA,ATL,MIA,ATL,0,683357,Owen Caissie,confirmed,6.0,4.15,693821,0.05181347150259067,0.07772020725388601,0.07042253521126761,0.20207253886010362,0.23834196891191708,0.39378238341968913,0.06735751295336788,0.2846706763888889,94.82883333333335,0.08695652173913043,0.13043478260869565,0.15789473684210525,0.30434782608695654,0.21739130434782608,0.41304347826086957,0.043478260869565216,0.3243057888888889,99.18933333333332,L,0.04748603351955307,0.055865921787709494,0.17039106145251395,0.4874715261958998,0.19553072625698323,0.08379888268156424,0.3287172023112789,101.882,16.266666666666666,R,2.0,0.0,0.0,0.02857142857142857,0.05714285714285714,0.047619047619047616,0,Truist Park,76.8,88.0,4.3,0.0,0.0,1.45,0.1914238599874291,422,,,,,,,,0.5,,,HR WATCH
824889,2026-08-05 23:15:00+00:00,MIA,ATL,MIA,ATL,0,681715,Heriberto Hernández,confirmed,5.0,4.3,693821,0.04838709677419355,0.07661290322580645,0.07142857142857142,0.20161290322580644,0.1935483870967742,0.2903225806451613,0.08064516129032258,0.3153507555555556,97.53,0.046875,0.078125,0.07936507936507936,0.15625,0.171875,0.375,0.078125,0.2979511266666667,98.35133333333332,R,0.04748603351955307,0.055865921787709494,0.17039106145251395,0.4874715261958998,0.19553072625698323,0.08379888268156424,0.3287172023112789,101.882,16.266666666666666,R,2.0,0.0,0.0,0.02857142857142857,0.05714285714285714,0.047619047619047616,1,Truist Park,76.8,88.0,4.3,0.0,0.0,1.45,0.1905955686820127,425,,,,,,,,0.5,,,HR WATCH
823516,2026-08-05 23:05:00+00:00,STL,NYY,STL,NYY,0,676475,Alec Burleson,confirmed,3.0,4.55,701542,0.04263565891472868,0.09689922480620156,0.06631299734748011,0.29457364341085274,0.28294573643410853,0.1511627906976744,0.07364341085271318,0.38381575055555556,100.588,0.046153846153846156,0.1076923076923077,0.07368421052631578,0.27692307692307694,0.3384615384615385,0.2153846153846154,0.09230769230769231,0.3873709911111111,99.37599999999999,L,0.03529411764705882,0.052941176470588235,0.18235294117647058,0.4987714987714988,0.2088235294117647,0.08235294117647059,0.3382132955013924,101.53933333333335,15.333333333333334,R,0.0,0.0,0.0,0.03,0.06,0.0,0,Yankee Stadium,77.8,83.0,5.3,0.0,0.0,1.242448330683625,0.1852014237881038,440,,,,,,,,0.5,,,HR WATCH
824889,2026-08-05 23:15:00+00:00,MIA,ATL,ATL,MIA,1,660670,Ronald Acuña Jr.,confirmed,2.0,4.65,691587,0.033962264150943396,0.09056603773584905,0.07339449541284404,0.20754716981132076,0.23773584905660378,0.2188679245283019,0.14339622641509434,0.37790211138888896,97.61833333333334,0.03225806451612903,0.08064516129032258,0.06329113924050633,0.20967741935483872,0.1935483870967742,0.27419354838709675,0.08064516129032258,0.3046049277777778,95.85466666666666,R,0.02694610778443114,0.05089820359281437,0.1497005988023952,0.6056034482758621,0.2754491017964072,0.08682634730538923,0.28389919762844834,99.338,16.666666666666668,R,3.0,0.0,1.0,0.027906976744186046,0.07906976744186046,0.06976744186046512,1,Truist Park,76.8,88.0,4.3,0.0,0.0,1.45,0.18424871103191742,443,,,,,,,,0.5,,,HR WATCH
824082,2026-08-05 23:40:00+00:00,MIN,KC,KC,MIN,1,677951,Bobby Witt Jr.,confirmed,2.0,4.65,665152,0.038314176245210725,0.08812260536398467,0.0756578947368421,0.23371647509578544,0.3103448275862069,0.1724137931034483,0.09195402298850575,0.3905385221428571,100.17399999999998,0.015384615384615385,0.046153846153846156,0.0410958904109589,0.16923076923076924,0.27692307692307694,0.2153846153846154,0.06153846153846154,0.32514067857142853,96.34866666666669,R,0.07792207792207792,0.05844155844155844,0.23376623376623376,0.5340314136125655,0.24675324675324675,0.07142857142857142,0.34116788740599446,100.29285714285713,15.0,R,0.0,0.0,0.0,0.03,0.06,0.0,1,Kauffman Stadium,74.5,86.0,6.2,0.087,0.0,1.1150177326647916,0.18418339450566512,443,,,,,,,,0.5,,,HR WATCH
824889,2026-08-05 23:15:00+00:00,MIA,ATL,ATL,MIA,1,686948,Drake Baldwin,confirmed,1.0,4.75,691587,0.04905660377358491,0.09433962264150944,0.06906077348066299,0.2339622641509434,0.2830188679245283,0.21509433962264152,0.1169811320754717,0.3701899144444445,98.67966666666666,0.029850746268656716,0.05970149253731343,0.038834951456310676,0.1791044776119403,0.31343283582089554,0.19402985074626866,0.16417910447761194,0.3440900933333333,98.29266666666669,L,0.02694610778443114,0.05089820359281437,0.1497005988023952,0.6056034482758621,0.2754491017964072,0.08682634730538923,0.28389919762844834,99.338,16.666666666666668,R,3.0,0.0,2.0,0.027906976744186046,0.10232558139534885,0.06976744186046512,0,Truist Park,76.8,88.0,4.3,0.0,0.0,1.45,0.1840025178064097,443,,,,,,,,0.5,,,HR WATCH
824482,2026-08-05 22:40:00+00:00,ATH,CIN,CIN,ATH,1,682829,Elly De La Cruz,confirmed,1.0,4.75,682052,0.029304029304029304,0.08424908424908426,0.07744107744107744,0.19047619047619047,0.23809523809523808,0.2600732600732601,0.10989010989010989,0.36654746611111116,100.30983333333333,0.028985507246376812,0.07246376811594203,0.0641025641025641,0.21739130434782608,0.21739130434782608,0.2318840579710145,0.17391304347826086,0.39156456999999995,99.97066666666666,L,0.04195804195804196,0.03496503496503497,0.15034965034965034,0.6170798898071626,0.1853146853146853,0.13286713286713286,0.2798154221841262,98.36214285714286,13.0,L,0.0,0.0,0.0,0.03,0.06,0.0,1,Great American Ball Park,88.0,46.0,1.4,0.0,0.0,0.8282988871224165,0.18312696998571537,446,,,,,,,,0.5,,,HR WATCH
824806,2026-08-05 22:35:00+00:00,LAA,BAL,BAL,LAA,1,691723,Coby Mayo,confirmed,5.0,4.3,672282,0.06103286384976526,0.08450704225352113,0.06896551724137931,0.27699530516431925,0.23943661971830985,0.3427230046948357,0.06103286384976526,0.29932804388888884,98.06733333333332,0.061224489795918366,0.10204081632653061,0.08333333333333333,0.2857142857142857,0.30612244897959184,0.32653061224489793,0.061224489795918366,0.30933377777777776,96.20266666666666,R,0.034782608695652174,0.05507246376811594,0.1681159420289855,0.5318181818181819,0.2927536231884058,0.08405797101449275,0.2990712477947366,101.07733333333334,17.0,L,0.0,0.0,0.0,0.03,0.06,0.0,0,Oriole Park at Camden Yards,82.4,83.0,0.9,0.0,0.0,0.9372855827964188,0.18170140055170939,450,,,,,,,,0.5,,,HR WATCH
823516,2026-08-05 23:05:00+00:00,STL,NYY,NYY,STL,1,665862,Jazz Chisholm Jr.,confirmed,6.0,4.15,669467,0.05394190871369295,0.07053941908713693,0.05944055944055944,0.23236514522821577,0.17012448132780084,0.3278008298755187,0.08298755186721991,0.2928126008333333,98.26327586206898,0.06666666666666667,0.06666666666666667,0.05194805194805195,0.23333333333333334,0.16666666666666666,0.4166666666666667,0.05,0.2715964311111111,98.97733333333333,L,0.01675977653631285,0.036312849162011177,0.11452513966480447,0.408207343412527,0.16759776536312848,0.055865921787709494,0.2855085774269542,100.19066666666664,17.2,R,0.0,0.0,0.0,0.03,0.06,0.0,0,Yankee Stadium,77.8,83.0,5.3,0.0,0.0,1.242448330683625,0.18109546925703968,452,,,,,,,,0.5,,,HR WATCH
824806,2026-08-05 22:35:00+00:00,LAA,BAL,LAA,BAL,0,545361,Mike Trout,confirmed,2.0,4.65,669432,0.03018867924528302,0.07547169811320754,0.06309148264984227,0.17358490566037735,0.23773584905660378,0.26037735849056604,0.15849056603773584,0.3438326841666667,97.26633333333332,0.0,0.015873015873015872,0.01282051282051282,0.12698412698412698,0.23809523809523808,0.2698412698412698,0.14285714285714285,0.3061398966666666,95.81933333333335,R,0.020527859237536656,0.04985337243401759,0.21700879765395895,0.5354330708661418,0.187683284457478,0.07038123167155426,0.31842676059444586,101.33466666666668,16.066666666666666,L,0.0,0.0,0.0,0.03,0.06,0.0,0,Oriole Park at Camden Yards,82.4,83.0,0.9,0.0,0.0,0.9372855827964188,0.18099697524113445,452,,,,,,,,0.5,,,HR WATCH
824082,2026-08-05 23:40:00+00:00,MIN,KC,KC,MIN,1,695600,Carter Jensen,confirmed,1.0,4.75,665152,0.03409090909090909,0.06060606060606061,0.047619047619047616,0.19318181818181818,0.20075757575757575,0.2840909090909091,0.08333333333333333,0.27101401432539685,96.93433333333333,0.029850746268656716,0.07462686567164178,0.05747126436781609,0.14925373134328357,0.1791044776119403,0.3283582089552239,0.11940298507462686,0.25875849,95.83133333333333,L,0.07792207792207792,0.05844155844155844,0.23376623376623376,0.5340314136125655,0.24675324675324675,0.07142857142857142,0.34116788740599446,100.29285714285713,15.0,R,0.0,0.0,0.0,0.03,0.06,0.0,0,Kauffman Stadium,74.5,86.0,6.2,0.087,0.0,1.1150177326647916,0.180567997094602,454,,,,,,,,0.5,,,HR WATCH
823516,2026-08-05 23:05:00+00:00,STL,NYY,NYY,STL,1,700250,Ben Rice,confirmed,2.0,4.65,669467,0.056179775280898875,0.08614232209737828,0.06906906906906907,0.20224719101123595,0.27715355805243447,0.250936329588015,0.11235955056179775,0.3497387472222222,99.08949999999999,0.030303030303030304,0.07575757575757576,0.0625,0.24242424242424243,0.24242424242424243,0.3484848484848485,0.10606060606060606,0.28995558,97.58066666666669,L,0.01675977653631285,0.036312849162011177,0.11452513966480447,0.408207343412527,0.16759776536312848,0.055865921787709494,0.2855085774269542,100.19066666666664,17.2,R,0.0,0.0,0.0,0.03,0.06,0.0,0,Yankee Stadium,77.8,83.0,5.3,0.0,0.0,1.242448330683625,0.17998188018478187,456,,,,,,,,0.5,,,HR WATCH
823429,2026-08-05 22:40:00+00:00,WSH,PHI,PHI,WSH,1,607208,Trea Turner,confirmed,2.0,4.65,663623,0.041666666666666664,0.056818181818181816,0.04335260115606936,0.1856060606060606,0.25757575757575757,0.22348484848484848,0.04924242424242424,0.3199766222222223,96.48898305084745,0.06060606060606061,0.06060606060606061,0.041237113402061855,0.19696969696969696,0.25757575757575757,0.21212121212121213,0.045454545454545456,0.3577351266666667,98.36733333333335,R,0.036290322580645164,0.0846774193548387,0.2217741935483871,0.544891640866873,0.23790322580645162,0.0967741935483871,0.35709218412398686,102.20583333333333,14.0,R,0.0,0.0,0.0,0.03,0.06,0.0,1,Citizens Bank Park,81.4,85.0,3.0,0.0,0.0,1.2148383677795442,0.17743584395409548,464,,,,,,,,0.5,,,HR WATCH
824889,2026-08-05 23:15:00+00:00,MIA,ATL,MIA,ATL,0,665052,Griffin Conine,confirmed,4.0,4.45,693821,0.047244094488188976,0.07086614173228346,0.060810810810810814,0.18110236220472442,0.2440944881889764,0.2992125984251969,0.11023622047244094,0.34623115047619046,95.69885714285715,0.05660377358490566,0.09433962264150944,0.078125,0.18867924528301888,0.32075471698113206,0.3018867924528302,0.11320754716981132,0.3479816333333334,98.25399999999999,L,0.04748603351955307,0.055865921787709494,0.17039106145251395,0.4874715261958998,0.19553072625698323,0.08379888268156424,0.3287172023112789,101.882,16.266666666666666,R,0.0,0.0,0.0,0.03,0.06,0.0,0,Truist Park,76.8,88.0,4.3,0.0,0.0,1.45,0.17716038003433923,464,,,,,,,,0.5,,,HR WATCH
823516,2026-08-05 23:05:00+00:00,STL,NYY,NYY,STL,1,671218,Heliot Ramos,confirmed,4.0,4.45,669467,0.03557312252964427,0.1067193675889328,0.07714285714285714,0.2134387351778656,0.2766798418972332,0.24110671936758893,0.05138339920948617,0.33550642194444447,97.91016666666668,0.015151515151515152,0.030303030303030304,0.023809523809523808,0.07575757575757576,0.22727272727272727,0.2878787878787879,0.06060606060606061,0.23796515888888894,93.88666666666667,R,0.01675977653631285,0.036312849162011177,0.11452513966480447,0.408207343412527,0.16759776536312848,0.055865921787709494,0.2855085774269542,100.19066666666664,17.2,R,0.0,0.0,0.0,0.03,0.06,0.0,1,Yankee Stadium,77.8,83.0,5.3,0.0,0.0,1.242448330683625,0.17556408758420783,470,,,,,,,,0.5,,,HR WATCH
824482,2026-08-05 22:40:00+00:00,ATH,CIN,CIN,ATH,1,701398,Sal Stewart,confirmed,2.0,4.65,682052,0.04580152671755725,0.07633587786259542,0.0664451827242525,0.20610687022900764,0.20610687022900764,0.25190839694656486,0.08396946564885496,0.29908372194444444,96.96483333333332,0.07575757575757576,0.07575757575757576,0.05952380952380952,0.18181818181818182,0.2727272727272727,0.2727272727272727,0.09090909090909091,0.29864033000000006,95.238,R,0.04195804195804196,0.03496503496503497,0.15034965034965034,0.6170798898071626,0.1853146853146853,0.13286713286713286,0.2798154221841262,98.36214285714286,13.0,L,0.0,0.0,0.0,0.03,0.06,0.0,0,Great American Ball Park,88.0,46.0,1.4,0.0,0.0,0.8282988871224165,0.17345603080864225,477,,,,,,,,0.5,,,HR WATCH
823516,2026-08-05 23:05:00+00:00,STL,NYY,NYY,STL,1,682987,Spencer Jones,confirmed,5.0,4.3,669467,0.04672897196261682,0.056074766355140186,0.043478260869565216,0.24299065420560748,0.27102803738317754,0.3644859813084112,0.102803738317757,0.28258653802083333,96.9365625,0.061224489795918366,0.08163265306122448,0.0625,0.24489795918367346,0.2857142857142857,0.3469387755102041,0.04081632653061224,0.29367576111111116,96.75066666666665,L,0.01675977653631285,0.036312849162011177,0.11452513966480447,0.408207343412527,0.16759776536312848,0.055865921787709494,0.2855085774269542,100.19066666666664,17.2,R,0.0,0.0,0.0,0.03,0.06,0.0,0,Yankee Stadium,77.8,83.0,5.3,0.0,0.0,1.242448330683625,0.17336934518704342,477,,,,,,,,0.5,,,HR WATCH
824806,2026-08-05 22:35:00+00:00,LAA,BAL,BAL,LAA,1,624413,Pete Alonso,confirmed,2.0,4.65,672282,0.04924242424242424,0.07196969696969698,0.055232558139534885,0.23863636363636365,0.25757575757575757,0.25757575757575757,0.12121212121212122,0.3928249497222223,99.24416666666667,0.029850746268656716,0.08955223880597014,0.06521739130434782,0.2835820895522388,0.26865671641791045,0.22388059701492538,0.07462686567164178,0.40176998666666663,100.968,R,0.034782608695652174,0.05507246376811594,0.1681159420289855,0.5318181818181819,0.2927536231884058,0.08405797101449275,0.2990712477947366,101.07733333333334,17.0,L,0.0,0.0,0.0,0.03,0.06,0.0,0,Oriole Park at Camden Yards,82.4,83.0,0.9,0.0,0.0,0.9372855827964188,0.17016833415494054,488,,,,,,,,0.5,,,HR WATCH
824402,2026-08-05 22:40:00+00:00,NYM,CLE,NYM,CLE,0,596019,Francisco Lindor,confirmed,2.0,4.65,676440,0.036585365853658534,0.06910569105691057,0.050746268656716415,0.26422764227642276,0.24796747967479674,0.17886178861788618,0.1016260162601626,0.3488374863095238,98.87553571428573,0.05970149253731343,0.08955223880597014,0.06741573033707865,0.2835820895522388,0.3283582089552239,0.208955223880597,0.13432835820895522,0.3893486922222222,98.556,R,0.038356164383561646,0.06301369863013699,0.20273972602739726,0.5303030303030303,0.17534246575342466,0.06027397260273973,0.33419177467769334,101.19666666666669,18.133333333333333,R,0.0,0.0,0.0,0.03,0.06,0.0,1,Progressive Field,80.3,55.0,7.9,0.0,0.0,0.9071844954197896,0.16615563754730966,502,,,,,,,,0.5,,,HR WATCH
823516,2026-08-05 23:05:00+00:00,STL,NYY,NYY,STL,1,671277,Luis García Jr.,confirmed,3.0,4.55,669467,0.08906882591093117,0.12955465587044535,0.08602150537634409,0.24696356275303644,0.2388663967611336,0.15789473684210525,0.044534412955465584,0.3654632475,98.86949999999999,0.06349206349206349,0.1746031746031746,0.11702127659574468,0.30158730158730157,0.2698412698412698,0.20634920634920634,0.031746031746031744,0.3242214166666667,97.992,L,0.01675977653631285,0.036312849162011177,0.11452513966480447,0.408207343412527,0.16759776536312848,0.055865921787709494,0.2855085774269542,100.19066666666664,17.2,R,3.0,0.0,0.0,0.027906976744186046,0.05581395348837209,0.06976744186046512,0,Yankee Stadium,77.8,83.0,5.3,0.0,0.0,1.242448330683625,0.16579378359214006,503,,,,,,,,0.5,,,HR WATCH
824082,2026-08-05 23:40:00+00:00,MIN,KC,MIN,KC,0,665019,Kody Clemens,confirmed,4.0,4.45,702070,0.058365758754863814,0.08171206225680934,0.0603448275862069,0.22568093385214008,0.22178988326848248,0.21011673151750973,0.04669260700389105,0.3271549627777777,98.05433333333332,0.047619047619047616,0.06349206349206349,0.04395604395604396,0.23809523809523808,0.2222222222222222,0.19047619047619047,0.031746031746031744,0.2902263166666667,97.03933333333333,L,0.025139664804469275,0.05307262569832402,0.164804469273743,0.5137420718816068,0.2122905027932961,0.07541899441340782,0.31081808792966564,100.914,16.133333333333333,L,6.0,0.0,0.0,0.02608695652173913,0.05217391304347826,0.13043478260869565,1,Kauffman Stadium,74.5,86.0,6.2,0.087,0.0,1.1150177326647916,0.16562697147209518,504,,,,,,,,0.5,,,HR WATCH
824082,2026-08-05 23:40:00+00:00,MIN,KC,MIN,KC,0,605137,Josh Bell,confirmed,3.0,4.55,702070,0.04330708661417323,0.07874015748031496,0.05420054200542006,0.20866141732283464,0.23228346456692914,0.2125984251968504,0.07480314960629922,0.3374959858333334,98.08866666666667,0.015873015873015872,0.047619047619047616,0.03225806451612903,0.19047619047619047,0.2222222222222222,0.25396825396825395,0.07936507936507936,0.2738014833333333,98.22933333333332,L,0.025139664804469275,0.05307262569832402,0.164804469273743,0.5137420718816068,0.2122905027932961,0.07541899441340782,0.31081808792966564,100.914,16.133333333333333,L,8.0,0.0,0.0,0.024999999999999998,0.049999999999999996,0.16666666666666666,1,Kauffman Stadium,74.5,86.0,6.2,0.087,0.0,1.1150177326647916,0.1649776919543445,506,,,,,,,,0.5,,,HR WATCH
823516,2026-08-05 23:05:00+00:00,STL,NYY,NYY,STL,1,663757,Trent Grisham,confirmed,1.0,4.75,669467,0.03065134099616858,0.06513409961685823,0.050445103857566766,0.21455938697318008,0.23754789272030652,0.14942528735632185,0.09578544061302682,0.3263018978968254,98.42283333333332,0.03076923076923077,0.03076923076923077,0.02247191011235955,0.18461538461538463,0.23076923076923078,0.13846153846153847,0.06153846153846154,0.2631603988888889,96.95066666666665,L,0.01675977653631285,0.036312849162011177,0.11452513966480447,0.408207343412527,0.16759776536312848,0.055865921787709494,0.2855085774269542,100.19066666666664,17.2,R,0.0,0.0,0.0,0.03,0.06,0.0,0,Yankee Stadium,77.8,83.0,5.3,0.0,0.0,1.242448330683625,0.16446775617979306,508,,,,,,,,0.5,,,HR WATCH
823429,2026-08-05 22:40:00+00:00,WSH,PHI,PHI,WSH,1,547180,Bryce Harper,confirmed,3.0,4.55,663623,0.047058823529411764,0.054901960784313725,0.045307443365695796,0.15294117647058825,0.2549019607843137,0.24705882352941178,0.1607843137254902,0.36610051027777774,97.20599999999999,0.06349206349206349,0.09523809523809523,0.07692307692307693,0.15873015873015872,0.30158730158730157,0.30158730158730157,0.14285714285714285,0.37977784666666664,97.94866666666668,L,0.036290322580645164,0.0846774193548387,0.2217741935483871,0.544891640866873,0.23790322580645162,0.0967741935483871,0.35709218412398686,102.20583333333333,14.0,R,0.0,0.0,0.0,0.03,0.06,0.0,0,Citizens Bank Park,81.4,85.0,3.0,0.0,0.0,1.2148383677795442,0.16440188778131412,508,,,,,,,,0.5,,,HR WATCH
824082,2026-08-05 23:40:00+00:00,MIN,KC,KC,MIN,1,521692,Salvador Perez,confirmed,4.0,4.45,665152,0.03557312252964427,0.08300395256916997,0.056910569105691054,0.23715415019762845,0.2964426877470356,0.2015810276679842,0.039525691699604744,0.3107658880555555,96.78266666666666,0.06349206349206349,0.09523809523809523,0.06741573033707865,0.1746031746031746,0.38095238095238093,0.2222222222222222,0.047619047619047616,0.34902215000000003,95.722,R,0.07792207792207792,0.05844155844155844,0.23376623376623376,0.5340314136125655,0.24675324675324675,0.07142857142857142,0.34116788740599446,100.29285714285713,15.0,R,0.0,0.0,0.0,0.03,0.06,0.0,1,Kauffman Stadium,74.5,86.0,6.2,0.087,0.0,1.1150177326647916,0.16290391067357815,514,,,,,,,,0.5,,,HR WATCH
824082,2026-08-05 23:40:00+00:00,MIN,KC,MIN,KC,0,668904,Royce Lewis,confirmed,5.0,4.3,702070,0.036,0.08,0.06711409395973154,0.212,0.192,0.24,0.088,0.3123596413888889,97.42283333333333,0.031746031746031744,0.06349206349206349,0.05333333333333334,0.2222222222222222,0.20634920634920634,0.1746031746031746,0.09523809523809523,0.34474055333333337,99.48533333333333,R,0.025139664804469275,0.05307262569832402,0.164804469273743,0.5137420718816068,0.2122905027932961,0.07541899441340782,0.31081808792966564,100.914,16.133333333333333,L,7.0,0.0,0.0,0.02553191489361702,0.05106382978723404,0.14893617021276595,0,Kauffman Stadium,74.5,86.0,6.2,0.087,0.0,1.1150177326647916,0.1622364118815353,516,,,,,,,,0.5,,,HR WATCH
823429,2026-08-05 22:40:00+00:00,WSH,PHI,WSH,PHI,0,686611,Dylan Crews,confirmed,3.0,4.55,691725,0.035856573705179286,0.07171314741035857,0.06020066889632107,0.1593625498007968,0.26693227091633465,0.21912350597609562,0.07171314741035857,0.3260342864942528,97.23913793103448,0.04477611940298507,0.1044776119402985,0.09859154929577464,0.19402985074626866,0.2835820895522388,0.23880597014925373,0.13432835820895522,0.35272230666666665,95.53066666666668,R,0.05017921146953405,0.07168458781362007,0.1863799283154122,0.5300261096605744,0.17562724014336917,0.08243727598566308,0.36342427115267145,100.68769230769232,13.923076923076923,R,0.0,0.0,0.0,0.03,0.06,0.0,1,Citizens Bank Park,81.4,85.0,3.0,0.0,0.0,1.2148383677795442,0.1601983819746185,524,,,,,,,,0.5,,,HR WATCH
824728,2026-08-05 23:10:00+00:00,CWS,BOS,CWS,BOS,0,678246,Miguel Vargas,confirmed,3.0,4.55,543243,0.048507462686567165,0.10074626865671642,0.07871720116618076,0.27238805970149255,0.25,0.1865671641791045,0.10820895522388059,0.3773325072222222,98.78766666666665,0.04477611940298507,0.07462686567164178,0.06172839506172839,0.29850746268656714,0.208955223880597,0.2537313432835821,0.07462686567164178,0.3139647100000001,98.356,R,0.024861878453038673,0.03591160220994475,0.1408839779005525,0.39675174013921116,0.23480662983425415,0.06906077348066299,0.2877001969322872,101.102,17.8,R,0.0,0.0,0.0,0.03,0.06,0.0,1,Fenway Park,84.8,37.0,8.1,0.0,0.0,0.8743154919625509,0.15915719713080476,528,,,,,,,,0.5,,,PASS
824889,2026-08-05 23:15:00+00:00,MIA,ATL,ATL,MIA,1,671739,Michael Harris II,confirmed,4.0,4.45,691587,0.04150943396226415,0.06037735849056604,0.0427807486631016,0.2,0.2339622641509434,0.18867924528301888,0.03773584905660377,0.32355035750000005,98.73400000000001,0.04918032786885246,0.04918032786885246,0.03225806451612903,0.19672131147540983,0.2459016393442623,0.14754098360655737,0.03278688524590164,0.29491228333333336,96.98733333333334,L,0.02694610778443114,0.05089820359281437,0.1497005988023952,0.6056034482758621,0.2754491017964072,0.08682634730538923,0.28389919762844834,99.338,16.666666666666668,R,2.0,0.0,0.0,0.02857142857142857,0.05714285714285714,0.047619047619047616,0,Truist Park,76.8,88.0,4.3,0.0,0.0,1.45,0.1571287880490097,536,,,,,,,,0.5,,,PASS
824482,2026-08-05 22:40:00+00:00,ATH,CIN,CIN,ATH,1,553993,Eugenio Suárez,confirmed,4.0,4.45,682052,0.044897959183673466,0.053061224489795916,0.047619047619047616,0.1510204081632653,0.21224489795918366,0.39183673469387753,0.08571428571428572,0.2490616502777778,94.9315,0.06557377049180328,0.09836065573770492,0.08823529411764706,0.19672131147540983,0.18032786885245902,0.4262295081967213,0.08196721311475409,0.26654668666666664,96.302,R,0.04195804195804196,0.03496503496503497,0.15034965034965034,0.6170798898071626,0.1853146853146853,0.13286713286713286,0.2798154221841262,98.36214285714286,13.0,L,0.0,0.0,0.0,0.03,0.06,0.0,0,Great American Ball Park,88.0,46.0,1.4,0.0,0.0,0.8282988871224165,0.15677030855830887,538,,,,,,,,0.5,,,PASS
824082,2026-08-05 23:40:00+00:00,MIN,KC,KC,MIN,1,670231,John Rave,confirmed,8.0,3.85,665152,0.05405405405405406,0.16216216216216217,0.15,0.21621621621621623,0.24324324324324326,0.1891891891891892,0.05405405405405406,0.3432369848484848,98.78636363636365,0.05405405405405406,0.16216216216216217,0.15,0.21621621621621623,0.24324324324324326,0.1891891891891892,0.05405405405405406,0.3432369848484848,98.78636363636365,L,0.07792207792207792,0.05844155844155844,0.23376623376623376,0.5340314136125655,0.24675324675324675,0.07142857142857142,0.34116788740599446,100.29285714285713,15.0,R,0.0,0.0,0.0,0.03,0.06,0.0,0,Kauffman Stadium,74.5,86.0,6.2,0.087,0.0,1.1150177326647916,0.15224277575011108,557,,,,,,,,0.5,,,PASS
824082,2026-08-05 23:40:00+00:00,MIN,KC,MIN,KC,0,680777,Ryan Jeffers,confirmed,2.0,4.65,702070,0.04784688995215311,0.08133971291866028,0.060498220640569395,0.18660287081339713,0.2679425837320574,0.15789473684210525,0.12440191387559808,0.3625226840136054,97.80387755102042,0.046875,0.015625,0.011235955056179775,0.140625,0.28125,0.15625,0.078125,0.32181556888888885,95.116,R,0.025139664804469275,0.05307262569832402,0.164804469273743,0.5137420718816068,0.2122905027932961,0.07541899441340782,0.31081808792966564,100.914,16.133333333333333,L,5.0,0.0,1.0,0.026666666666666665,0.07555555555555556,0.1111111111111111,0,Kauffman Stadium,74.5,86.0,6.2,0.087,0.0,1.1150177326647916,0.1513485318325316,561,,,,,,,,0.5,,,PASS
824728,2026-08-05 23:10:00+00:00,CWS,BOS,BOS,CWS,1,677800,Wilyer Abreu,confirmed,3.0,4.55,680732,0.04924242424242424,0.0946969696969697,0.06775067750677506,0.20454545454545456,0.3371212121212121,0.2196969696969697,0.09848484848484848,0.34172989500000006,96.73816666666666,0.06153846153846154,0.06153846153846154,0.045454545454545456,0.16923076923076924,0.27692307692307694,0.24615384615384617,0.07692307692307693,0.3055593533333333,95.76466666666667,L,0.022857142857142857,0.05142857142857143,0.16285714285714287,0.5733041575492341,0.29714285714285715,0.07142857142857142,0.2802877081047466,101.11066666666667,16.8,R,0.0,0.0,0.0,0.03,0.06,0.0,0,Fenway Park,84.8,37.0,8.1,0.0,0.0,0.8743154919625509,0.15128687171535932,561,,,,,,,,0.5,,,PASS
824806,2026-08-05 22:35:00+00:00,LAA,BAL,BAL,LAA,1,641933,Tyler O'Neill,confirmed,4.0,4.45,672282,0.023121387283236993,0.04046242774566474,0.034653465346534656,0.23121387283236994,0.18497109826589594,0.27167630057803466,0.11560693641618497,0.3035064510416667,95.3725,0.038461538461538464,0.038461538461538464,0.03278688524590164,0.21153846153846154,0.15384615384615385,0.3076923076923077,0.11538461538461539,0.3164662888888889,97.08066666666666,R,0.034782608695652174,0.05507246376811594,0.1681159420289855,0.5318181818181819,0.2927536231884058,0.08405797101449275,0.2990712477947366,101.07733333333334,17.0,L,0.0,0.0,0.0,0.03,0.06,0.0,0,Oriole Park at Camden Yards,82.4,83.0,0.9,0.0,0.0,0.9372855827964188,0.15059974621603378,564,,,,,,,,0.5,,,PASS
824402,2026-08-05 22:40:00+00:00,NYM,CLE,NYM,CLE,0,682626,Francisco Alvarez,confirmed,6.0,4.15,676440,0.038461538461538464,0.09401709401709402,0.08333333333333333,0.21367521367521367,0.2222222222222222,0.2777777777777778,0.10256410256410256,0.3305671794444445,95.75616666666669,0.05172413793103448,0.10344827586206896,0.1111111111111111,0.1896551724137931,0.20689655172413793,0.29310344827586204,0.22413793103448276,0.3832583588888889,97.37266666666666,R,0.038356164383561646,0.06301369863013699,0.20273972602739726,0.5303030303030303,0.17534246575342466,0.06027397260273973,0.33419177467769334,101.19666666666669,18.133333333333333,R,0.0,0.0,0.0,0.03,0.06,0.0,1,Progressive Field,80.3,55.0,7.9,0.0,0.0,0.9071844954197896,0.15050718577028874,564,,,,,,,,0.5,,,PASS
823516,2026-08-05 23:05:00+00:00,STL,NYY,STL,NYY,0,802139,JJ Wetherholt,confirmed,1.0,4.75,701542,0.025830258302583026,0.04797047970479705,0.03987730061349693,0.2029520295202952,0.22878228782287824,0.14022140221402213,0.0996309963099631,0.3362948336111112,96.43800000000002,0.03076923076923077,0.03076923076923077,0.027777777777777776,0.15384615384615385,0.16923076923076924,0.15384615384615385,0.16923076923076924,0.33698291333333336,94.97333333333333,L,0.03529411764705882,0.052941176470588235,0.18235294117647058,0.4987714987714988,0.2088235294117647,0.08235294117647059,0.3382132955013924,101.53933333333335,15.333333333333334,R,0.0,0.0,0.0,0.03,0.06,0.0,0,Yankee Stadium,77.8,83.0,5.3,0.0,0.0,1.242448330683625,0.14976838935944078,568,,,,,,,,0.5,,,PASS
824806,2026-08-05 22:35:00+00:00,LAA,BAL,BAL,LAA,1,687952,Christian Encarnacion-Strand,confirmed,6.0,4.15,672282,0.06521739130434782,0.15217391304347827,0.09333333333333334,0.2608695652173913,0.32608695652173914,0.1956521739130435,0.08695652173913043,0.3846671287878788,97.12545454545456,0.06521739130434782,0.15217391304347827,0.09333333333333334,0.2608695652173913,0.32608695652173914,0.1956521739130435,0.08695652173913043,0.3846671287878788,97.12545454545456,R,0.034782608695652174,0.05507246376811594,0.1681159420289855,0.5318181818181819,0.2927536231884058,0.08405797101449275,0.2990712477947366,101.07733333333334,17.0,L,0.0,0.0,0.0,0.03,0.06,0.0,0,Oriole Park at Camden Yards,82.4,83.0,0.9,0.0,0.0,0.9372855827964188,0.14965465589973673,568,,,,,,,,0.5,,,PASS
823429,2026-08-05 22:40:00+00:00,WSH,PHI,WSH,PHI,0,695734,Daylen Lile,confirmed,4.0,4.45,691725,0.028112449799196786,0.060240963855421686,0.039473684210526314,0.18875502008032127,0.3132530120481928,0.18473895582329317,0.04417670682730924,0.2812298641666666,94.55866666666667,0.06451612903225806,0.08064516129032258,0.05747126436781609,0.1935483870967742,0.3064516129032258,0.24193548387096775,0.06451612903225806,0.30612854333333334,94.09933333333332,L,0.05017921146953405,0.07168458781362007,0.1863799283154122,0.5300261096605744,0.17562724014336917,0.08243727598566308,0.36342427115267145,100.68769230769232,13.923076923076923,R,2.0,0.0,0.0,0.02857142857142857,0.05714285714285714,0.047619047619047616,0,Citizens Bank Park,81.4,85.0,3.0,0.0,0.0,1.2148383677795442,0.14927939572710539,570,,,,,,,,0.5,,,PASS
823429,2026-08-05 22:40:00+00:00,WSH,PHI,PHI,WSH,1,669016,Brandon Marsh,confirmed,6.0,4.15,663623,0.04838709677419355,0.06854838709677419,0.050595238095238096,0.1935483870967742,0.28225806451612906,0.3024193548387097,0.06048387096774194,0.29805700277777786,94.68266666666668,0.016129032258064516,0.03225806451612903,0.023255813953488372,0.16129032258064516,0.1935483870967742,0.25806451612903225,0.06451612903225806,0.23516763999999998,93.05333333333333,L,0.036290322580645164,0.0846774193548387,0.2217741935483871,0.544891640866873,0.23790322580645162,0.0967741935483871,0.35709218412398686,102.20583333333333,14.0,R,0.0,0.0,0.0,0.03,0.06,0.0,0,Citizens Bank Park,81.4,85.0,3.0,0.0,0.0,1.2148383677795442,0.14897637351896367,571,,,,,,,,0.5,,,PASS
824728,2026-08-05 23:10:00+00:00,CWS,BOS,BOS,CWS,1,575929,Willson Contreras,confirmed,4.0,4.45,680732,0.05668016194331984,0.08097165991902834,0.06557377049180328,0.242914979757085,0.21052631578947367,0.23076923076923078,0.10526315789473684,0.3938352616666666,99.57355932203389,0.03333333333333333,0.06666666666666667,0.06779661016949153,0.2,0.18333333333333332,0.25,0.18333333333333332,0.3909782,96.9207142857143,R,0.022857142857142857,0.05142857142857143,0.16285714285714287,0.5733041575492341,0.29714285714285715,0.07142857142857142,0.2802877081047466,101.11066666666667,16.8,R,0.0,0.0,0.0,0.03,0.06,0.0,1,Fenway Park,84.8,37.0,8.1,0.0,0.0,0.8743154919625509,0.14886456713436322,572,,,,,,,,0.5,,,PASS
824889,2026-08-05 23:15:00+00:00,MIA,ATL,ATL,MIA,1,663586,Austin Riley,confirmed,8.0,3.85,691587,0.02092050209205021,0.06694560669456066,0.05653710247349823,0.18410041841004185,0.17573221757322174,0.33472803347280333,0.08368200836820083,0.28545256555555554,97.07449999999999,0.05172413793103448,0.10344827586206896,0.08823529411764706,0.1724137931034483,0.15517241379310345,0.43103448275862066,0.05172413793103448,0.33009249,99.90933333333334,R,0.02694610778443114,0.05089820359281437,0.1497005988023952,0.6056034482758621,0.2754491017964072,0.08682634730538923,0.28389919762844834,99.338,16.666666666666668,R,2.0,0.0,0.0,0.02857142857142857,0.05714285714285714,0.047619047619047616,1,Truist Park,76.8,88.0,4.3,0.0,0.0,1.45,0.14329285968277494,598,,,,,,,,0.5,,,PASS
824806,2026-08-05 22:35:00+00:00,LAA,BAL,LAA,BAL,0,687093,Vaughn Grissom,confirmed,4.0,4.45,669432,0.027559055118110236,0.05511811023622047,0.040345821325648415,0.1968503937007874,0.2440944881889764,0.15748031496062992,0.07086614173228346,0.3283778144444444,97.35849999999999,0.03225806451612903,0.06451612903225806,0.0547945205479452,0.11290322580645161,0.1774193548387097,0.22580645161290322,0.04838709677419355,0.29456877,97.73666666666668,R,0.020527859237536656,0.04985337243401759,0.21700879765395895,0.5354330708661418,0.187683284457478,0.07038123167155426,0.31842676059444586,101.33466666666668,16.066666666666666,L,0.0,0.0,0.0,0.03,0.06,0.0,0,Oriole Park at Camden Yards,82.4,83.0,0.9,0.0,0.0,0.9372855827964188,0.14319086599317438,598,,,,,,,,0.5,,,PASS
824889,2026-08-05 23:15:00+00:00,MIA,ATL,ATL,MIA,1,645277,Ozzie Albies,confirmed,5.0,4.3,691587,0.04230769230769231,0.038461538461538464,0.02506265664160401,0.2076923076923077,0.28846153846153844,0.16538461538461538,0.05384615384615385,0.275372845,95.74216666666666,0.07936507936507936,0.06349206349206349,0.038461538461538464,0.2698412698412698,0.2698412698412698,0.2222222222222222,0.031746031746031744,0.26040682111111113,96.438,L,0.02694610778443114,0.05089820359281437,0.1497005988023952,0.6056034482758621,0.2754491017964072,0.08682634730538923,0.28389919762844834,99.338,16.666666666666668,R,2.0,0.0,0.0,0.02857142857142857,0.05714285714285714,0.047619047619047616,0,Truist Park,76.8,88.0,4.3,0.0,0.0,1.45,0.14297388441302042,599,,,,,,,,0.5,,,PASS
823516,2026-08-05 23:05:00+00:00,STL,NYY,STL,NYY,0,699625,Jimmy Crooks,confirmed,8.0,3.85,701542,0.02247191011235955,0.0449438202247191,0.038834951456310676,0.23595505617977527,0.20224719101123595,0.3258426966292135,0.07865168539325842,0.2808929092592592,95.55666666666669,0.021739130434782608,0.043478260869565216,0.0392156862745098,0.2826086956521739,0.15217391304347827,0.41304347826086957,0.043478260869565216,0.22451500555555556,94.78133333333334,L,0.03529411764705882,0.052941176470588235,0.18235294117647058,0.4987714987714988,0.2088235294117647,0.08235294117647059,0.3382132955013924,101.53933333333335,15.333333333333334,R,0.0,0.0,0.0,0.03,0.06,0.0,0,Yankee Stadium,77.8,83.0,5.3,0.0,0.0,1.242448330683625,0.14297346648828968,599,,,,,,,,0.5,,,PASS
824728,2026-08-05 23:10:00+00:00,CWS,BOS,CWS,BOS,0,695657,Colson Montgomery,confirmed,4.0,4.45,543243,0.046875,0.05859375,0.05226480836236934,0.1875,0.23046875,0.3515625,0.078125,0.2793445013888889,95.66551724137932,0.03076923076923077,0.03076923076923077,0.030303030303030304,0.12307692307692308,0.16923076923076924,0.35384615384615387,0.09230769230769231,0.22428083999999995,95.13499999999999,L,0.024861878453038673,0.03591160220994475,0.1408839779005525,0.39675174013921116,0.23480662983425415,0.06906077348066299,0.2877001969322872,101.102,17.8,R,0.0,0.0,0.0,0.03,0.06,0.0,0,Fenway Park,84.8,37.0,8.1,0.0,0.0,0.8743154919625509,0.14273801395186234,601,,,,,,,,0.5,,,PASS
823516,2026-08-05 23:05:00+00:00,STL,NYY,STL,NYY,0,671056,Iván Herrera,confirmed,2.0,4.65,701542,0.023076923076923078,0.026923076923076925,0.018518518518518517,0.15384615384615385,0.26153846153846155,0.16923076923076924,0.08076923076923077,0.2975271480555556,96.92499999999998,0.015873015873015872,0.031746031746031744,0.02247191011235955,0.1746031746031746,0.30158730158730157,0.2698412698412698,0.031746031746031744,0.26792392000000004,96.34666666666666,R,0.03529411764705882,0.052941176470588235,0.18235294117647058,0.4987714987714988,0.2088235294117647,0.08235294117647059,0.3382132955013924,101.53933333333335,15.333333333333334,R,0.0,0.0,0.0,0.03,0.06,0.0,1,Yankee Stadium,77.8,83.0,5.3,0.0,0.0,1.242448330683625,0.14091669514405006,610,,,,,,,,0.5,,,PASS
824889,2026-08-05 23:15:00+00:00,MIA,ATL,MIA,ATL,0,672640,Otto Lopez,confirmed,3.0,4.55,693821,0.018656716417910446,0.041044776119402986,0.03283582089552239,0.16044776119402984,0.1865671641791045,0.11567164179104478,0.055970149253731345,0.32459868805555553,97.65550000000002,0.0,0.029850746268656716,0.021739130434782608,0.14925373134328357,0.16417910447761194,0.08955223880597014,0.04477611940298507,0.2968683033333333,97.91733333333335,R,0.04748603351955307,0.055865921787709494,0.17039106145251395,0.4874715261958998,0.19553072625698323,0.08379888268156424,0.3287172023112789,101.882,16.266666666666666,R,3.0,0.0,0.0,0.027906976744186046,0.05581395348837209,0.06976744186046512,1,Truist Park,76.8,88.0,4.3,0.0,0.0,1.45,0.1406902469717757,611,,,,,,,,0.5,,,PASS
824482,2026-08-05 22:40:00+00:00,ATH,CIN,ATH,CIN,0,671732,Lawrence Butler,confirmed,1.0,4.75,695076,0.02066115702479339,0.049586776859504134,0.0375,0.1487603305785124,0.29338842975206614,0.256198347107438,0.12396694214876033,0.3016064963888888,96.41566666666667,0.01694915254237288,0.05084745762711865,0.0379746835443038,0.1864406779661017,0.3559322033898305,0.2711864406779661,0.15254237288135594,0.2875131544444444,94.09400000000002,L,0.024691358024691357,0.06790123456790123,0.18209876543209877,0.5038961038961038,0.19135802469135801,0.09259259259259259,0.3609003007916887,101.55933333333333,14.2,R,0.0,0.0,0.0,0.03,0.06,0.0,0,Great American Ball Park,88.0,46.0,1.4,0.0,0.0,0.8282988871224165,0.14023043260480852,613,,,,,,,,0.5,,,PASS
824806,2026-08-05 22:35:00+00:00,LAA,BAL,BAL,LAA,1,681047,Christian Franklin,confirmed,1.0,4.75,672282,0.0,0.0,0.0,0.3333333333333333,0.3333333333333333,0.0,0.3333333333333333,0.29695733333333335,96.18,0.0,0.0,0.0,0.3333333333333333,0.3333333333333333,0.0,0.3333333333333333,0.29695733333333335,96.18,R,0.034782608695652174,0.05507246376811594,0.1681159420289855,0.5318181818181819,0.2927536231884058,0.08405797101449275,0.2990712477947366,101.07733333333334,17.0,L,0.0,0.0,0.0,0.03,0.06,0.0,0,Oriole Park at Camden Yards,82.4,83.0,0.9,0.0,0.0,0.9372855827964188,0.13868653404910727,621,,,,,,,,0.5,,,PASS
823516,2026-08-05 23:05:00+00:00,STL,NYY,NYY,STL,1,806146,George Lombard Jr.,confirmed,8.0,3.85,669467,0.3333333333333333,0.3333333333333333,0.2,0.3333333333333333,0.3333333333333333,0.0,0.3333333333333333,0.5399573333333333,94.72,0.3333333333333333,0.3333333333333333,0.2,0.3333333333333333,0.3333333333333333,0.0,0.3333333333333333,0.5399573333333333,94.72,R,0.01675977653631285,0.036312849162011177,0.11452513966480447,0.408207343412527,0.16759776536312848,0.055865921787709494,0.2855085774269542,100.19066666666664,17.2,R,0.0,0.0,0.0,0.03,0.06,0.0,1,Yankee Stadium,77.8,83.0,5.3,0.0,0.0,1.242448330683625,0.13848435608611454,622,,,,,,,,0.5,,,PASS
823429,2026-08-05 22:40:00+00:00,WSH,PHI,WSH,PHI,0,677588,José Tena,confirmed,6.0,4.15,691725,0.015957446808510637,0.047872340425531915,0.04072398190045249,0.14893617021276595,0.19680851063829788,0.28191489361702127,0.0851063829787234,0.28193231570512817,96.0298076923077,0.017857142857142856,0.03571428571428571,0.028169014084507043,0.10714285714285714,0.19642857142857142,0.19642857142857142,0.08928571428571429,0.30375975,95.58599999999998,L,0.05017921146953405,0.07168458781362007,0.1863799283154122,0.5300261096605744,0.17562724014336917,0.08243727598566308,0.36342427115267145,100.68769230769232,13.923076923076923,R,2.0,0.0,0.0,0.02857142857142857,0.05714285714285714,0.047619047619047616,0,Citizens Bank Park,81.4,85.0,3.0,0.0,0.0,1.2148383677795442,0.13717638807833815,629,,,,,,,,0.5,,,PASS
824889,2026-08-05 23:15:00+00:00,MIA,ATL,ATL,MIA,1,657041,Lane Thomas,confirmed,7.0,4.0,691587,0.040160642570281124,0.05622489959839357,0.0462046204620462,0.17269076305220885,0.18875502008032127,0.24497991967871485,0.10040160642570281,0.31740326666666674,96.39150000000001,0.04838709677419355,0.04838709677419355,0.04054054054054054,0.20967741935483872,0.12903225806451613,0.27419354838709675,0.08064516129032258,0.2948398933333333,96.60666666666667,R,0.02694610778443114,0.05089820359281437,0.1497005988023952,0.6056034482758621,0.2754491017964072,0.08682634730538923,0.28389919762844834,99.338,16.666666666666668,R,0.0,0.0,0.0,0.03,0.06,0.0,1,Truist Park,76.8,88.0,4.3,0.0,0.0,1.45,0.13601105011836317,635,,,,,,,,0.5,,,PASS
823429,2026-08-05 22:40:00+00:00,WSH,PHI,WSH,PHI,0,660688,Keibert Ruiz,confirmed,5.0,4.3,691725,0.026905829596412557,0.03587443946188341,0.025889967637540454,0.2242152466367713,0.2556053811659193,0.11659192825112108,0.04484304932735426,0.27681965333333325,96.33833333333332,0.017241379310344827,0.017241379310344827,0.012048192771084338,0.1724137931034483,0.22413793103448276,0.08620689655172414,0.05172413793103448,0.24802103555555555,94.94466666666669,L,0.05017921146953405,0.07168458781362007,0.1863799283154122,0.5300261096605744,0.17562724014336917,0.08243727598566308,0.36342427115267145,100.68769230769232,13.923076923076923,R,2.0,0.0,0.0,0.02857142857142857,0.05714285714285714,0.047619047619047616,0,Citizens Bank Park,81.4,85.0,3.0,0.0,0.0,1.2148383677795442,0.13587135964734362,636,,,,,,,,0.5,,,PASS
824402,2026-08-05 22:40:00+00:00,NYM,CLE,CLE,NYM,1,666176,Jo Adell,confirmed,3.0,4.55,681035,0.036,0.064,0.04819277108433735,0.18,0.272,0.248,0.04,0.3126829988888889,96.56366666666666,0.05172413793103448,0.06896551724137931,0.05333333333333334,0.22413793103448276,0.3103448275862069,0.3448275862068966,0.08620689655172414,0.36419753222222223,96.1266666666667,R,0.023728813559322035,0.03728813559322034,0.17966101694915254,0.5662650602409639,0.288135593220339,0.1016949152542373,0.3052709399248121,99.30199999999999,13.8,R,2.0,0.0,0.0,0.02857142857142857,0.05714285714285714,0.047619047619047616,1,Progressive Field,80.3,55.0,7.9,0.0,0.0,0.9071844954197896,0.13546339966553422,638,,,,,,,,0.5,,,PASS
823516,2026-08-05 23:05:00+00:00,STL,NYY,NYY,STL,1,641857,Ryan McMahon,confirmed,7.0,4.0,669467,0.037383177570093455,0.06542056074766354,0.053231939163498096,0.18691588785046728,0.22897196261682243,0.2897196261682243,0.04205607476635514,0.29677399250000003,96.99433333333334,0.018518518518518517,0.037037037037037035,0.029850746268656716,0.2222222222222222,0.16666666666666666,0.2962962962962963,0.037037037037037035,0.2671547611111111,98.892,L,0.01675977653631285,0.036312849162011177,0.11452513966480447,0.408207343412527,0.16759776536312848,0.055865921787709494,0.2855085774269542,100.19066666666664,17.2,R,0.0,0.0,0.0,0.03,0.06,0.0,0,Yankee Stadium,77.8,83.0,5.3,0.0,0.0,1.242448330683625,0.13529215262114078,639,,,,,,,,0.5,,,PASS
824402,2026-08-05 22:40:00+00:00,NYM,CLE,CLE,NYM,1,663993,Nathaniel Lowe,confirmed,4.0,4.45,681035,0.05084745762711865,0.06779661016949153,0.04984423676012461,0.17796610169491525,0.2754237288135593,0.2457627118644068,0.09322033898305085,0.33393434277777784,95.43283333333333,0.045454545454545456,0.045454545454545456,0.031578947368421054,0.19696969696969696,0.2878787878787879,0.24242424242424243,0.045454545454545456,0.33663086666666675,98.18866666666665,L,0.023728813559322035,0.03728813559322034,0.17966101694915254,0.5662650602409639,0.288135593220339,0.1016949152542373,0.3052709399248121,99.30199999999999,13.8,R,0.0,0.0,0.0,0.03,0.06,0.0,0,Progressive Field,80.3,55.0,7.9,0.0,0.0,0.9071844954197896,0.13375919816530787,648,,,,,,,,0.5,,,PASS
824889,2026-08-05 23:15:00+00:00,MIA,ATL,MIA,ATL,0,691788,Joe Mack,confirmed,8.0,3.85,693821,0.047619047619047616,0.06666666666666667,0.051470588235294115,0.22857142857142856,0.21904761904761905,0.2571428571428571,0.06190476190476191,0.2992106056497175,95.54491525423728,0.07547169811320754,0.09433962264150944,0.07936507936507936,0.22641509433962265,0.2641509433962264,0.3018867924528302,0.018867924528301886,0.3396112444444444,95.49933333333335,L,0.04748603351955307,0.055865921787709494,0.17039106145251395,0.4874715261958998,0.19553072625698323,0.08379888268156424,0.3287172023112789,101.882,16.266666666666666,R,0.0,0.0,0.0,0.03,0.06,0.0,0,Truist Park,76.8,88.0,4.3,0.0,0.0,1.45,0.13244385694493657,655,,,,,,,,0.5,,,PASS
823429,2026-08-05 22:40:00+00:00,WSH,PHI,PHI,WSH,1,664761,Alec Bohm,confirmed,5.0,4.3,663623,0.031746031746031744,0.047619047619047616,0.03314917127071823,0.1388888888888889,0.3055555555555556,0.15079365079365079,0.051587301587301584,0.3104766844444445,97.57366666666665,0.03225806451612903,0.03225806451612903,0.022988505747126436,0.16129032258064516,0.3225806451612903,0.14516129032258066,0.03225806451612903,0.34210669,98.02666666666666,R,0.036290322580645164,0.0846774193548387,0.2217741935483871,0.544891640866873,0.23790322580645162,0.0967741935483871,0.35709218412398686,102.20583333333333,14.0,R,0.0,0.0,0.0,0.03,0.06,0.0,1,Citizens Bank Park,81.4,85.0,3.0,0.0,0.0,1.2148383677795442,0.13140905997970057,661,,,,,,,,0.5,,,PASS
824482,2026-08-05 22:40:00+00:00,ATH,CIN,ATH,CIN,0,691016,Tyler Soderstrom,confirmed,3.0,4.55,695076,0.04780876494023904,0.05179282868525897,0.041401273885350316,0.1593625498007968,0.20318725099601595,0.1752988047808765,0.12350597609561753,0.3404688986111112,96.92816666666666,0.015625,0.015625,0.011627906976744186,0.15625,0.140625,0.265625,0.0625,0.2630077822222222,96.28400000000002,L,0.024691358024691357,0.06790123456790123,0.18209876543209877,0.5038961038961038,0.19135802469135801,0.09259259259259259,0.3609003007916887,101.55933333333333,14.2,R,0.0,0.0,0.0,0.03,0.06,0.0,0,Great American Ball Park,88.0,46.0,1.4,0.0,0.0,0.8282988871224165,0.12813112736798501,680,,,,,,,,0.5,,,PASS
824402,2026-08-05 22:40:00+00:00,NYM,CLE,NYM,CLE,0,683146,Brett Baty,confirmed,7.0,4.0,676440,0.01818181818181818,0.05454545454545454,0.042704626334519574,0.16818181818181818,0.21818181818181817,0.2818181818181818,0.08636363636363636,0.29902943333333337,95.22033333333334,0.057692307692307696,0.057692307692307696,0.041666666666666664,0.15384615384615385,0.21153846153846154,0.28846153846153844,0.038461538461538464,0.2890157222222222,97.26733333333331,L,0.038356164383561646,0.06301369863013699,0.20273972602739726,0.5303030303030303,0.17534246575342466,0.06027397260273973,0.33419177467769334,101.19666666666669,18.133333333333333,R,0.0,0.0,0.0,0.03,0.06,0.0,0,Progressive Field,80.3,55.0,7.9,0.0,0.0,0.9071844954197896,0.1268279471913141,688,,,,,,,,0.5,,,PASS
823516,2026-08-05 23:05:00+00:00,STL,NYY,STL,NYY,0,691458,Blaze Jordan,confirmed,6.0,4.15,701542,0.0072992700729927005,0.06569343065693431,0.04568527918781726,0.1897810218978102,0.25547445255474455,0.1386861313868613,0.0364963503649635,0.3019069707207207,97.05513513513513,0.0,0.07017543859649122,0.045454545454545456,0.19298245614035087,0.24561403508771928,0.15789473684210525,0.03508771929824561,0.31399321111111106,98.54733333333334,R,0.03529411764705882,0.052941176470588235,0.18235294117647058,0.4987714987714988,0.2088235294117647,0.08235294117647059,0.3382132955013924,101.53933333333335,15.333333333333334,R,0.0,0.0,0.0,0.03,0.06,0.0,1,Yankee Stadium,77.8,83.0,5.3,0.0,0.0,1.242448330683625,0.12663499921978066,690,,,,,,,,0.5,,,PASS
824806,2026-08-05 22:35:00+00:00,LAA,BAL,LAA,BAL,0,694208,Moisés Ballesteros,confirmed,5.0,4.3,669432,0.036585365853658534,0.054878048780487805,0.043689320388349516,0.1524390243902439,0.21951219512195122,0.21341463414634146,0.0975609756097561,0.3104438586805555,95.14333333333333,0.0,0.0,0.0,0.08163265306122448,0.22448979591836735,0.24489795918367346,0.10204081632653061,0.2745269222222222,95.28866666666666,L,0.020527859237536656,0.04985337243401759,0.21700879765395895,0.5354330708661418,0.187683284457478,0.07038123167155426,0.31842676059444586,101.33466666666668,16.066666666666666,L,0.0,0.0,0.0,0.03,0.06,0.0,1,Oriole Park at Camden Yards,82.4,83.0,0.9,0.0,0.0,0.9372855827964188,0.12658827142835938,690,,,,,,,,0.5,,,PASS
823429,2026-08-05 22:40:00+00:00,WSH,PHI,PHI,WSH,1,592663,J.T. Realmuto,confirmed,7.0,4.0,663623,0.030434782608695653,0.043478260869565216,0.034482758620689655,0.16521739130434782,0.19130434782608696,0.23043478260869565,0.08260869565217391,0.3324093241666667,97.40118644067796,0.017241379310344827,0.034482758620689655,0.025,0.1896551724137931,0.1724137931034483,0.22413793103448276,0.08620689655172414,0.3889779766666666,98.81266666666667,R,0.036290322580645164,0.0846774193548387,0.2217741935483871,0.544891640866873,0.23790322580645162,0.0967741935483871,0.35709218412398686,102.20583333333333,14.0,R,0.0,0.0,0.0,0.03,0.06,0.0,1,Citizens Bank Park,81.4,85.0,3.0,0.0,0.0,1.2148383677795442,0.1262512835982903,692,,,,,,,,0.5,,,PASS
824402,2026-08-05 22:40:00+00:00,NYM,CLE,NYM,CLE,0,805999,A.J. Ewing,confirmed,1.0,4.75,676440,0.0196078431372549,0.043137254901960784,0.033846153846153845,0.12549019607843137,0.27058823529411763,0.25882352941176473,0.0784313725490196,0.3075359277777778,95.06183333333335,0.0,0.05714285714285714,0.044444444444444446,0.15714285714285714,0.2571428571428571,0.22857142857142856,0.07142857142857142,0.2806335277777778,95.77799999999999,L,0.038356164383561646,0.06301369863013699,0.20273972602739726,0.5303030303030303,0.17534246575342466,0.06027397260273973,0.33419177467769334,101.19666666666669,18.133333333333333,R,0.0,0.0,0.0,0.03,0.06,0.0,0,Progressive Field,80.3,55.0,7.9,0.0,0.0,0.9071844954197896,0.1258670462722602,694,,,,,,,,0.5,,,PASS
824402,2026-08-05 22:40:00+00:00,NYM,CLE,CLE,NYM,1,800050,Chase DeLauter,confirmed,2.0,4.65,681035,0.022813688212927757,0.045627376425855515,0.03389830508474576,0.19391634980988592,0.22053231939163498,0.155893536121673,0.09505703422053231,0.3393397819444444,99.00766666666665,0.015151515151515152,0.030303030303030304,0.024390243902439025,0.21212121212121213,0.21212121212121213,0.16666666666666666,0.15151515151515152,0.34984450000000006,97.44133333333335,L,0.023728813559322035,0.03728813559322034,0.17966101694915254,0.5662650602409639,0.288135593220339,0.1016949152542373,0.3052709399248121,99.30199999999999,13.8,R,0.0,0.0,0.0,0.03,0.06,0.0,0,Progressive Field,80.3,55.0,7.9,0.0,0.0,0.9071844954197896,0.12429851449041666,705,,,,,,,,0.5,,,PASS
824806,2026-08-05 22:35:00+00:00,LAA,BAL,LAA,BAL,0,666139,Josh Lowe,confirmed,7.0,4.0,669432,0.04040404040404041,0.06565656565656566,0.04276315789473684,0.17676767676767677,0.2828282828282828,0.2727272727272727,0.06060606060606061,0.29873134181286554,94.1001754385965,0.0392156862745098,0.0784313725490196,0.05063291139240506,0.1568627450980392,0.23529411764705882,0.23529411764705882,0.09803921568627451,0.3378583333333333,93.18333333333334,L,0.020527859237536656,0.04985337243401759,0.21700879765395895,0.5354330708661418,0.187683284457478,0.07038123167155426,0.31842676059444586,101.33466666666668,16.066666666666666,L,0.0,0.0,0.0,0.03,0.06,0.0,1,Oriole Park at Camden Yards,82.4,83.0,0.9,0.0,0.0,0.9372855827964188,0.12413339964955139,706,,,,,,,,0.5,,,PASS
824482,2026-08-05 22:40:00+00:00,ATH,CIN,CIN,ATH,1,668709,JJ Bleday,confirmed,6.0,4.15,682052,0.04961832061068702,0.05725190839694656,0.046153846153846156,0.20610687022900764,0.24045801526717558,0.22900763358778625,0.13358778625954199,0.3423202952777778,96.41066666666666,0.046153846153846156,0.07692307692307693,0.06329113924050633,0.2153846153846154,0.2153846153846154,0.27692307692307694,0.15384615384615385,0.3428343444444445,97.12933333333334,L,0.04195804195804196,0.03496503496503497,0.15034965034965034,0.6170798898071626,0.1853146853146853,0.13286713286713286,0.2798154221841262,98.36214285714286,13.0,L,0.0,0.0,0.0,0.03,0.06,0.0,1,Great American Ball Park,88.0,46.0,1.4,0.0,0.0,0.8282988871224165,0.12401701981330503,706,,,,,,,,0.5,,,PASS
824082,2026-08-05 23:40:00+00:00,MIN,KC,KC,MIN,1,686681,Michael Massey,confirmed,5.0,4.3,665152,0.022222222222222223,0.04,0.02857142857142857,0.2222222222222222,0.24444444444444444,0.14222222222222222,0.05333333333333334,0.2997823597222223,96.16116666666669,0.0,0.016666666666666666,0.011764705882352941,0.23333333333333334,0.16666666666666666,0.16666666666666666,0.03333333333333333,0.24953742222222222,94.31933333333333,L,0.07792207792207792,0.05844155844155844,0.23376623376623376,0.5340314136125655,0.24675324675324675,0.07142857142857142,0.34116788740599446,100.29285714285713,15.0,R,0.0,0.0,0.0,0.03,0.06,0.0,0,Kauffman Stadium,74.5,86.0,6.2,0.087,0.0,1.1150177326647916,0.12265602427427483,715,,,,,,,,0.5,,,PASS
824402,2026-08-05 22:40:00+00:00,NYM,CLE,NYM,CLE,0,701807,Carson Benge,confirmed,4.0,4.45,676440,0.034220532319391636,0.049429657794676805,0.038922155688622756,0.155893536121673,0.2623574144486692,0.22813688212927757,0.07604562737642585,0.3443789522222222,96.28716666666669,0.016129032258064516,0.04838709677419355,0.03614457831325301,0.12903225806451613,0.22580645161290322,0.24193548387096775,0.06451612903225806,0.2997716744444444,97.218,L,0.038356164383561646,0.06301369863013699,0.20273972602739726,0.5303030303030303,0.17534246575342466,0.06027397260273973,0.33419177467769334,101.19666666666669,18.133333333333333,R,0.0,0.0,0.0,0.03,0.06,0.0,0,Progressive Field,80.3,55.0,7.9,0.0,0.0,0.9071844954197896,0.12002209260909226,733,,,,,,,,0.5,,,PASS
824402,2026-08-05 22:40:00+00:00,NYM,CLE,NYM,CLE,0,666182,Bo Bichette,confirmed,3.0,4.55,676440,0.023076923076923078,0.04230769230769231,0.02956989247311828,0.15384615384615385,0.38846153846153847,0.19615384615384615,0.05,0.31016870944444447,95.87349999999999,0.015151515151515152,0.015151515151515152,0.010416666666666666,0.10606060606060606,0.3787878787878788,0.22727272727272727,0.045454545454545456,0.2735487711111111,94.00533333333333,R,0.038356164383561646,0.06301369863013699,0.20273972602739726,0.5303030303030303,0.17534246575342466,0.06027397260273973,0.33419177467769334,101.19666666666669,18.133333333333333,R,0.0,0.0,0.0,0.03,0.06,0.0,1,Progressive Field,80.3,55.0,7.9,0.0,0.0,0.9071844954197896,0.12000343979218642,733,,,,,,,,0.5,,,PASS
823516,2026-08-05 23:05:00+00:00,STL,NYY,STL,NYY,0,665877,José Fermín,confirmed,4.0,4.45,701542,0.021052631578947368,0.015789473684210527,0.011673151750972763,0.18421052631578946,0.2789473684210526,0.14210526315789473,0.06842105263157895,0.28621669013605444,94.68408163265305,0.01639344262295082,0.01639344262295082,0.012658227848101266,0.18032786885245902,0.18032786885245902,0.11475409836065574,0.09836065573770492,0.32658459333333334,96.26466666666667,R,0.03529411764705882,0.052941176470588235,0.18235294117647058,0.4987714987714988,0.2088235294117647,0.08235294117647059,0.3382132955013924,101.53933333333335,15.333333333333334,R,0.0,0.0,0.0,0.03,0.06,0.0,1,Yankee Stadium,77.8,83.0,5.3,0.0,0.0,1.242448330683625,0.11974240414005732,735,,,,,,,,0.5,,,PASS
824728,2026-08-05 23:10:00+00:00,CWS,BOS,BOS,CWS,1,678882,Ceddanne Rafaela,confirmed,2.0,4.65,680732,0.04119850187265917,0.03745318352059925,0.0234192037470726,0.16853932584269662,0.3445692883895131,0.19101123595505617,0.026217228464419477,0.2755527141666667,94.55,0.109375,0.078125,0.04854368932038835,0.171875,0.359375,0.234375,0.0,0.30936915,95.03333333333333,R,0.022857142857142857,0.05142857142857143,0.16285714285714287,0.5733041575492341,0.29714285714285715,0.07142857142857142,0.2802877081047466,101.11066666666667,16.8,R,0.0,0.0,0.0,0.03,0.06,0.0,1,Fenway Park,84.8,37.0,8.1,0.0,0.0,0.8743154919625509,0.11919672509724241,739,,,,,,,,0.5,,,PASS
824482,2026-08-05 22:40:00+00:00,ATH,CIN,CIN,ATH,1,667472,Dane Myers,confirmed,3.0,4.55,682052,0.022388059701492536,0.022388059701492536,0.01764705882352941,0.14925373134328357,0.208955223880597,0.2537313432835821,0.1417910447761194,0.28685994040404045,93.8030303030303,0.0,0.0,0.0,0.1896551724137931,0.1896551724137931,0.25862068965517243,0.1206896551724138,0.25900838666666665,94.17866666666667,R,0.04195804195804196,0.03496503496503497,0.15034965034965034,0.6170798898071626,0.1853146853146853,0.13286713286713286,0.2798154221841262,98.36214285714286,13.0,L,0.0,0.0,0.0,0.03,0.06,0.0,0,Great American Ball Park,88.0,46.0,1.4,0.0,0.0,0.8282988871224165,0.11810441009356883,747,,,,,,,,0.5,,,PASS
823516,2026-08-05 23:05:00+00:00,STL,NYY,STL,NYY,0,663494,Bryan Torres,confirmed,7.0,4.0,701542,0.03571428571428571,0.03571428571428571,0.026785714285714284,0.2261904761904762,0.32142857142857145,0.16666666666666666,0.08333333333333333,0.29832495625000005,92.74291666666666,0.041666666666666664,0.041666666666666664,0.03076923076923077,0.2708333333333333,0.375,0.14583333333333334,0.0625,0.2789450055555555,93.58133333333333,L,0.03529411764705882,0.052941176470588235,0.18235294117647058,0.4987714987714988,0.2088235294117647,0.08235294117647059,0.3382132955013924,101.53933333333335,15.333333333333334,R,0.0,0.0,0.0,0.03,0.06,0.0,0,Yankee Stadium,77.8,83.0,5.3,0.0,0.0,1.242448330683625,0.11754809582377981,751,,,,,,,,0.5,,,PASS
824082,2026-08-05 23:40:00+00:00,MIN,KC,MIN,KC,0,605170,Victor Caratini,confirmed,6.0,4.15,702070,0.028925619834710745,0.045454545454545456,0.03873239436619718,0.18181818181818182,0.2066115702479339,0.21487603305785125,0.08264462809917356,0.3129175897222222,96.925,0.0,0.017543859649122806,0.014084507042253521,0.14035087719298245,0.22807017543859648,0.24561403508771928,0.017543859649122806,0.23001104444444442,97.42933333333333,L,0.025139664804469275,0.05307262569832402,0.164804469273743,0.5137420718816068,0.2122905027932961,0.07541899441340782,0.31081808792966564,100.914,16.133333333333333,L,2.0,0.0,1.0,0.02857142857142857,0.08095238095238096,0.047619047619047616,1,Kauffman Stadium,74.5,86.0,6.2,0.087,0.0,1.1150177326647916,0.11598448215886775,762,,,,,,,,0.5,,,PASS
824806,2026-08-05 22:35:00+00:00,LAA,BAL,BAL,LAA,1,683002,Gunnar Henderson,confirmed,3.0,4.55,672282,0.02564102564102564,0.03296703296703297,0.024793388429752067,0.1391941391941392,0.23443223443223443,0.18681318681318682,0.09157509157509157,0.31146095249999994,97.19300000000001,0.014705882352941176,0.029411764705882353,0.024390243902439025,0.1323529411764706,0.25,0.27941176470588236,0.08823529411764706,0.27640475111111107,94.12133333333333,L,0.034782608695652174,0.05507246376811594,0.1681159420289855,0.5318181818181819,0.2927536231884058,0.08405797101449275,0.2990712477947366,101.07733333333334,17.0,L,0.0,0.0,0.0,0.03,0.06,0.0,1,Oriole Park at Camden Yards,82.4,83.0,0.9,0.0,0.0,0.9372855827964188,0.11527659096777536,767,,,,,,,,0.5,,,PASS
823429,2026-08-05 22:40:00+00:00,WSH,PHI,PHI,WSH,1,681082,Bryson Stott,confirmed,8.0,3.85,663623,0.012552301255230125,0.05439330543933055,0.03939393939393939,0.20920502092050208,0.2719665271966527,0.18410041841004185,0.10460251046025104,0.3370076988888889,96.13966666666667,0.017543859649122806,0.03508771929824561,0.02666666666666667,0.22807017543859648,0.22807017543859648,0.19298245614035087,0.15789473684210525,0.37152611666666663,95.51333333333334,L,0.036290322580645164,0.0846774193548387,0.2217741935483871,0.544891640866873,0.23790322580645162,0.0967741935483871,0.35709218412398686,102.20583333333333,14.0,R,0.0,0.0,0.0,0.03,0.06,0.0,0,Citizens Bank Park,81.4,85.0,3.0,0.0,0.0,1.2148383677795442,0.11462690012727467,772,,,,,,,,0.5,,,PASS
823516,2026-08-05 23:05:00+00:00,STL,NYY,STL,NYY,0,693409,César Prieto,confirmed,9.0,3.7,701542,0.0,0.06666666666666667,0.06666666666666667,0.13333333333333333,0.13333333333333333,0.13333333333333333,0.0,0.22575,99.48750000000001,0.0,0.06666666666666667,0.06666666666666667,0.13333333333333333,0.13333333333333333,0.13333333333333333,0.0,0.22575,99.48750000000001,L,0.03529411764705882,0.052941176470588235,0.18235294117647058,0.4987714987714988,0.2088235294117647,0.08235294117647059,0.3382132955013924,101.53933333333335,15.333333333333334,R,0.0,0.0,0.0,0.03,0.06,0.0,0,Yankee Stadium,77.8,83.0,5.3,0.0,0.0,1.242448330683625,0.1143054818692693,775,,,,,,,,0.5,,,PASS
824482,2026-08-05 22:40:00+00:00,ATH,CIN,ATH,CIN,0,641680,Jonah Heim,confirmed,4.0,4.45,695076,0.038461538461538464,0.05128205128205128,0.03858520900321544,0.15384615384615385,0.3034188034188034,0.1794871794871795,0.06837606837606838,0.30714541608187135,94.9522807017544,0.03076923076923077,0.06153846153846154,0.043478260869565216,0.23076923076923078,0.3076923076923077,0.15384615384615385,0.046153846153846156,0.33440353333333334,95.84400000000001,L,0.024691358024691357,0.06790123456790123,0.18209876543209877,0.5038961038961038,0.19135802469135801,0.09259259259259259,0.3609003007916887,101.55933333333333,14.2,R,0.0,0.0,0.0,0.03,0.06,0.0,0,Great American Ball Park,88.0,46.0,1.4,0.0,0.0,0.8282988871224165,0.11241165824032938,790,,,,,,,,0.5,,,PASS
824402,2026-08-05 22:40:00+00:00,NYM,CLE,CLE,NYM,1,683953,Travis Bazzana,confirmed,5.0,4.3,681035,0.026615969581749048,0.026615969581749048,0.020710059171597635,0.19011406844106463,0.21673003802281368,0.23574144486692014,0.11026615969581749,0.28446276444444446,95.94183333333335,0.015625,0.015625,0.010638297872340425,0.15625,0.28125,0.234375,0.125,0.29501936777777776,94.38066666666667,L,0.023728813559322035,0.03728813559322034,0.17966101694915254,0.5662650602409639,0.288135593220339,0.1016949152542373,0.3052709399248121,99.30199999999999,13.8,R,0.0,0.0,0.0,0.03,0.06,0.0,0,Progressive Field,80.3,55.0,7.9,0.0,0.0,0.9071844954197896,0.11080663288370786,802,,,,,,,,0.5,,,PASS
824806,2026-08-05 22:35:00+00:00,LAA,BAL,LAA,BAL,0,518595,Travis d'Arnaud,confirmed,6.0,4.15,669432,0.021739130434782608,0.08695652173913043,0.07272727272727272,0.10869565217391304,0.15217391304347827,0.21739130434782608,0.06521739130434782,0.3005560755555555,92.70066666666666,0.021739130434782608,0.08695652173913043,0.07272727272727272,0.10869565217391304,0.15217391304347827,0.21739130434782608,0.06521739130434782,0.3005560755555555,92.70066666666666,R,0.020527859237536656,0.04985337243401759,0.21700879765395895,0.5354330708661418,0.187683284457478,0.07038123167155426,0.31842676059444586,101.33466666666668,16.066666666666666,L,0.0,0.0,0.0,0.03,0.06,0.0,0,Oriole Park at Camden Yards,82.4,83.0,0.9,0.0,0.0,0.9372855827964188,0.11015230468246287,808,,,,,,,,0.5,,,PASS
823516,2026-08-05 23:05:00+00:00,STL,NYY,STL,NYY,0,701675,Nathan Church,confirmed,5.0,4.3,701542,0.0182648401826484,0.0410958904109589,0.024793388429752067,0.1324200913242009,0.365296803652968,0.182648401826484,0.0593607305936073,0.2867169988888889,93.07000000000001,0.018518518518518517,0.018518518518518517,0.011627906976744186,0.14814814814814814,0.4074074074074074,0.14814814814814814,0.07407407407407407,0.3335374366666667,93.724,L,0.03529411764705882,0.052941176470588235,0.18235294117647058,0.4987714987714988,0.2088235294117647,0.08235294117647059,0.3382132955013924,101.53933333333335,15.333333333333334,R,0.0,0.0,0.0,0.03,0.06,0.0,0,Yankee Stadium,77.8,83.0,5.3,0.0,0.0,1.242448330683625,0.10941413416152068,814,,,,,,,,0.5,,,PASS
824728,2026-08-05 23:10:00+00:00,CWS,BOS,BOS,CWS,1,680776,Jarren Duran,confirmed,7.0,4.0,680732,0.04198473282442748,0.07251908396946564,0.06397306397306397,0.14122137404580154,0.23282442748091603,0.29389312977099236,0.0648854961832061,0.2985003061111111,96.45016666666668,0.03333333333333333,0.05,0.038461538461538464,0.13333333333333333,0.23333333333333334,0.2,0.03333333333333333,0.3369317833333333,97.67599999999999,L,0.022857142857142857,0.05142857142857143,0.16285714285714287,0.5733041575492341,0.29714285714285715,0.07142857142857142,0.2802877081047466,101.11066666666667,16.8,R,0.0,0.0,0.0,0.03,0.06,0.0,0,Fenway Park,84.8,37.0,8.1,0.0,0.0,0.8743154919625509,0.10923336135230444,815,,,,,,,,0.5,,,PASS
824806,2026-08-05 22:35:00+00:00,LAA,BAL,LAA,BAL,0,694384,Nolan Schanuel,confirmed,3.0,4.55,669432,0.011904761904761904,0.01984126984126984,0.014749262536873156,0.14285714285714285,0.2261904761904762,0.14285714285714285,0.09126984126984126,0.35352305055555555,94.94383333333332,0.0,0.031746031746031744,0.023529411764705882,0.15873015873015872,0.1746031746031746,0.09523809523809523,0.07936507936507936,0.3520652666666667,95.96733333333331,L,0.020527859237536656,0.04985337243401759,0.21700879765395895,0.5354330708661418,0.187683284457478,0.07038123167155426,0.31842676059444586,101.33466666666668,16.066666666666666,L,0.0,0.0,0.0,0.03,0.06,0.0,1,Oriole Park at Camden Yards,82.4,83.0,0.9,0.0,0.0,0.9372855827964188,0.1073290144186698,832,,,,,,,,0.5,,,PASS
824806,2026-08-05 22:35:00+00:00,LAA,BAL,LAA,BAL,0,642350,Jose Siri,confirmed,8.0,3.85,669432,0.030612244897959183,0.061224489795918366,0.05263157894736842,0.1836734693877551,0.20408163265306123,0.22448979591836735,0.05102040816326531,0.2965100367816092,93.66068965517242,0.0392156862745098,0.0392156862745098,0.03278688524590164,0.13725490196078433,0.17647058823529413,0.21568627450980393,0.058823529411764705,0.29717955,94.026,R,0.020527859237536656,0.04985337243401759,0.21700879765395895,0.5354330708661418,0.187683284457478,0.07038123167155426,0.31842676059444586,101.33466666666668,16.066666666666666,L,0.0,0.0,0.0,0.03,0.06,0.0,0,Oriole Park at Camden Yards,82.4,83.0,0.9,0.0,0.0,0.9372855827964188,0.10729465838105894,832,,,,,,,,0.5,,,PASS
824402,2026-08-05 22:40:00+00:00,NYM,CLE,NYM,CLE,0,676724,Jared Young,confirmed,5.0,4.3,676440,0.03225806451612903,0.05913978494623656,0.048034934497816595,0.13978494623655913,0.22580645161290322,0.1935483870967742,0.07526881720430108,0.3186470908496732,96.38000000000002,0.018518518518518517,0.037037037037037035,0.03225806451612903,0.12962962962962962,0.2222222222222222,0.16666666666666666,0.09259259259259259,0.3301382333333333,95.49,L,0.038356164383561646,0.06301369863013699,0.20273972602739726,0.5303030303030303,0.17534246575342466,0.06027397260273973,0.33419177467769334,101.19666666666669,18.133333333333333,R,0.0,0.0,0.0,0.03,0.06,0.0,0,Progressive Field,80.3,55.0,7.9,0.0,0.0,0.9071844954197896,0.10620201565543999,842,,,,,,,,0.5,,,PASS
824082,2026-08-05 23:40:00+00:00,MIN,KC,KC,MIN,1,686555,Isaac Collins,confirmed,6.0,4.15,665152,0.013043478260869565,0.02608695652173913,0.02214022140221402,0.14347826086956522,0.1956521739130435,0.2,0.11304347826086956,0.3007216561111112,95.69600000000001,0.017241379310344827,0.017241379310344827,0.015625,0.10344827586206896,0.1724137931034483,0.22413793103448276,0.08620689655172414,0.24773785555555553,95.05733333333333,L,0.07792207792207792,0.05844155844155844,0.23376623376623376,0.5340314136125655,0.24675324675324675,0.07142857142857142,0.34116788740599446,100.29285714285713,15.0,R,0.0,0.0,0.0,0.03,0.06,0.0,0,Kauffman Stadium,74.5,86.0,6.2,0.087,0.0,1.1150177326647916,0.10593309120497878,844,,,,,,,,0.5,,,PASS
824728,2026-08-05 23:10:00+00:00,CWS,BOS,CWS,BOS,0,803011,Sam Antonacci,confirmed,1.0,4.75,543243,0.026923076923076925,0.03461538461538462,0.024861878453038673,0.1576923076923077,0.3269230769230769,0.16923076923076924,0.07307692307692308,0.3242208733333333,95.48533333333333,0.047619047619047616,0.047619047619047616,0.03,0.12698412698412698,0.38095238095238093,0.1746031746031746,0.06349206349206349,0.2808587266666666,96.27733333333335,L,0.024861878453038673,0.03591160220994475,0.1408839779005525,0.39675174013921116,0.23480662983425415,0.06906077348066299,0.2877001969322872,101.102,17.8,R,0.0,0.0,0.0,0.03,0.06,0.0,0,Fenway Park,84.8,37.0,8.1,0.0,0.0,0.8743154919625509,0.10439754028720186,858,,,,,,,,0.5,,,PASS
823516,2026-08-05 23:05:00+00:00,STL,NYY,NYY,STL,1,669224,Austin Wells,confirmed,9.0,3.7,669467,0.038461538461538464,0.04807692307692308,0.0392156862745098,0.2403846153846154,0.27884615384615385,0.2644230769230769,0.11057692307692307,0.29302480000000003,95.02083333333333,0.08333333333333333,0.10416666666666667,0.09433962264150944,0.22916666666666666,0.20833333333333334,0.20833333333333334,0.125,0.4184280266666667,95.72466666666666,L,0.01675977653631285,0.036312849162011177,0.11452513966480447,0.408207343412527,0.16759776536312848,0.055865921787709494,0.2855085774269542,100.19066666666664,17.2,R,0.0,0.0,0.0,0.03,0.06,0.0,0,Yankee Stadium,77.8,83.0,5.3,0.0,0.0,1.242448330683625,0.10407040152665496,861,,,,,,,,0.5,,,PASS
824082,2026-08-05 23:40:00+00:00,MIN,KC,MIN,KC,0,663616,Trevor Larnach,confirmed,8.0,3.85,702070,0.0371900826446281,0.05785123966942149,0.04666666666666667,0.1859504132231405,0.2644628099173554,0.16942148760330578,0.08264462809917356,0.3205488844444444,96.57333333333331,0.06451612903225806,0.08064516129032258,0.060240963855421686,0.1935483870967742,0.1935483870967742,0.16129032258064516,0.11290322580645161,0.33917067333333334,100.67333333333335,L,0.025139664804469275,0.05307262569832402,0.164804469273743,0.5137420718816068,0.2122905027932961,0.07541899441340782,0.31081808792966564,100.914,16.133333333333333,L,0.0,0.0,0.0,0.03,0.06,0.0,1,Kauffman Stadium,74.5,86.0,6.2,0.087,0.0,1.1150177326647916,0.10386599443370043,863,,,,,,,,0.5,,,PASS
824889,2026-08-05 23:15:00+00:00,MIA,ATL,MIA,ATL,0,805300,Jakob Marsee,confirmed,7.0,4.0,693821,0.01646090534979424,0.024691358024691357,0.020689655172413793,0.12345679012345678,0.23045267489711935,0.20164609053497942,0.11934156378600823,0.3146070422222222,94.6395,0.01818181818181818,0.03636363636363636,0.028985507246376812,0.12727272727272726,0.21818181818181817,0.21818181818181817,0.14545454545454545,0.28718546111111115,94.40866666666668,L,0.04748603351955307,0.055865921787709494,0.17039106145251395,0.4874715261958998,0.19553072625698323,0.08379888268156424,0.3287172023112789,101.882,16.266666666666666,R,3.0,0.0,0.0,0.027906976744186046,0.05581395348837209,0.06976744186046512,0,Truist Park,76.8,88.0,4.3,0.0,0.0,1.45,0.1026928412749212,874,,,,,,,,0.5,,,PASS
824889,2026-08-05 23:15:00+00:00,MIA,ATL,ATL,MIA,1,669221,Sean Murphy,confirmed,9.0,3.7,691587,0.0,0.0,0.0,0.07142857142857142,0.07142857142857142,0.42857142857142855,0.0,0.14658333333333334,94.0775,0.0,0.0,0.0,0.07142857142857142,0.07142857142857142,0.42857142857142855,0.0,0.14658333333333334,94.0775,R,0.02694610778443114,0.05089820359281437,0.1497005988023952,0.6056034482758621,0.2754491017964072,0.08682634730538923,0.28389919762844834,99.338,16.666666666666668,R,0.0,0.0,0.0,0.03,0.06,0.0,1,Truist Park,76.8,88.0,4.3,0.0,0.0,1.45,0.1026798277732044,874,,,,,,,,0.5,,,PASS
824806,2026-08-05 22:35:00+00:00,LAA,BAL,BAL,LAA,1,702616,Jackson Holliday,confirmed,7.0,4.0,672282,0.027472527472527472,0.04945054945054945,0.045,0.19230769230769232,0.23626373626373626,0.24175824175824176,0.13186813186813187,0.3038509052287582,92.28139999999999,0.0,0.0,0.0,0.1320754716981132,0.16981132075471697,0.24528301886792453,0.1509433962264151,0.2748942177777778,91.31666666666666,L,0.034782608695652174,0.05507246376811594,0.1681159420289855,0.5318181818181819,0.2927536231884058,0.08405797101449275,0.2990712477947366,101.07733333333334,17.0,L,0.0,0.0,0.0,0.03,0.06,0.0,1,Oriole Park at Camden Yards,82.4,83.0,0.9,0.0,0.0,0.9372855827964188,0.10258806648626329,875,,,,,,,,0.5,,,PASS
824728,2026-08-05 23:10:00+00:00,CWS,BOS,CWS,BOS,0,643217,Andrew Benintendi,confirmed,5.0,4.3,543243,0.03982300884955752,0.061946902654867256,0.04778156996587031,0.22123893805309736,0.24336283185840707,0.18584070796460178,0.10176991150442478,0.3284924125,94.09372881355934,0.03773584905660377,0.03773584905660377,0.03508771929824561,0.16981132075471697,0.1509433962264151,0.20754716981132076,0.1320754716981132,0.27352489444444444,90.73,L,0.024861878453038673,0.03591160220994475,0.1408839779005525,0.39675174013921116,0.23480662983425415,0.06906077348066299,0.2877001969322872,101.102,17.8,R,0.0,0.0,0.0,0.03,0.06,0.0,0,Fenway Park,84.8,37.0,8.1,0.0,0.0,0.8743154919625509,0.10221433117423731,878,,,,,,,,0.5,,,PASS
824482,2026-08-05 22:40:00+00:00,ATH,CIN,ATH,CIN,0,695720,Tommy White,confirmed,6.0,4.15,695076,0.0,0.045454545454545456,0.03409090909090909,0.16666666666666666,0.2727272727272727,0.16666666666666666,0.030303030303030304,0.297053484375,95.9975,0.0,0.04838709677419355,0.037037037037037035,0.16129032258064516,0.25806451612903225,0.1774193548387097,0.03225806451612903,0.29612371666666665,96.23466666666667,R,0.024691358024691357,0.06790123456790123,0.18209876543209877,0.5038961038961038,0.19135802469135801,0.09259259259259259,0.3609003007916887,101.55933333333333,14.2,R,0.0,0.0,0.0,0.03,0.06,0.0,1,Great American Ball Park,88.0,46.0,1.4,0.0,0.0,0.8282988871224165,0.102009479239446,880,,,,,,,,0.5,,,PASS
824482,2026-08-05 22:40:00+00:00,ATH,CIN,ATH,CIN,0,703607,Henry Bolte,confirmed,8.0,3.85,695076,0.01680672268907563,0.046218487394957986,0.04330708661417323,0.10504201680672269,0.17647058823529413,0.2773109243697479,0.07142857142857142,0.29277649166666664,98.14677966101695,0.018518518518518517,0.05555555555555555,0.04838709677419355,0.12962962962962962,0.3148148148148148,0.24074074074074073,0.07407407407407407,0.29120349333333334,97.52333333333333,R,0.024691358024691357,0.06790123456790123,0.18209876543209877,0.5038961038961038,0.19135802469135801,0.09259259259259259,0.3609003007916887,101.55933333333333,14.2,R,0.0,0.0,0.0,0.03,0.06,0.0,1,Great American Ball Park,88.0,46.0,1.4,0.0,0.0,0.8282988871224165,0.10171149407610612,883,,,,,,,,0.5,,,PASS
824482,2026-08-05 22:40:00+00:00,ATH,CIN,CIN,ATH,1,663647,Ke'Bryan Hayes,confirmed,8.0,3.85,682052,0.024242424242424242,0.06060606060606061,0.05917159763313609,0.17575757575757575,0.21818181818181817,0.18787878787878787,0.05454545454545454,0.29980922673611116,96.970625,0.0392156862745098,0.0196078431372549,0.018867924528301886,0.1568627450980392,0.17647058823529413,0.23529411764705882,0.0392156862745098,0.32069831666666665,96.20333333333335,R,0.04195804195804196,0.03496503496503497,0.15034965034965034,0.6170798898071626,0.1853146853146853,0.13286713286713286,0.2798154221841262,98.36214285714286,13.0,L,0.0,0.0,0.0,0.03,0.06,0.0,0,Great American Ball Park,88.0,46.0,1.4,0.0,0.0,0.8282988871224165,0.10032924184363128,897,,,,,,,,0.5,,,PASS
824889,2026-08-05 23:15:00+00:00,MIA,ATL,MIA,ATL,0,669364,Xavier Edwards,confirmed,1.0,4.75,693821,0.0,0.011583011583011582,0.008426966292134831,0.09266409266409266,0.22007722007722008,0.15444015444015444,0.11583011583011583,0.28473267888888887,91.616,0.0,0.0,0.0,0.07936507936507936,0.19047619047619047,0.23809523809523808,0.07936507936507936,0.26188327,90.38666666666668,L,0.04748603351955307,0.055865921787709494,0.17039106145251395,0.4874715261958998,0.19553072625698323,0.08379888268156424,0.3287172023112789,101.882,16.266666666666666,R,3.0,0.0,0.0,0.027906976744186046,0.05581395348837209,0.06976744186046512,0,Truist Park,76.8,88.0,4.3,0.0,0.0,1.45,0.10030980659333208,897,,,,,,,,0.5,,,PASS
824482,2026-08-05 22:40:00+00:00,ATH,CIN,ATH,CIN,0,622268,Donovan Walton,confirmed,7.0,4.0,695076,0.024793388429752067,0.03305785123966942,0.023529411764705882,0.19834710743801653,0.2644628099173554,0.19008264462809918,0.09917355371900827,0.3019250322916667,93.4896875,0.018867924528301886,0.0,0.0,0.09433962264150944,0.24528301886792453,0.22641509433962265,0.16981132075471697,0.2954163466666666,90.98066666666666,L,0.024691358024691357,0.06790123456790123,0.18209876543209877,0.5038961038961038,0.19135802469135801,0.09259259259259259,0.3609003007916887,101.55933333333333,14.2,R,0.0,0.0,0.0,0.03,0.06,0.0,0,Great American Ball Park,88.0,46.0,1.4,0.0,0.0,0.8282988871224165,0.10016580922527692,898,,,,,,,,0.5,,,PASS
824082,2026-08-05 23:40:00+00:00,MIN,KC,MIN,KC,0,668885,Austin Martin,confirmed,1.0,4.75,702070,0.008064516129032258,0.016129032258064516,0.014035087719298246,0.09274193548387097,0.24193548387096775,0.1774193548387097,0.11290322580645161,0.2959354516666667,94.29716666666667,0.0,0.0,0.0,0.05454545454545454,0.2727272727272727,0.16363636363636364,0.14545454545454545,0.27565311444444446,94.64466666666664,R,0.025139664804469275,0.05307262569832402,0.164804469273743,0.5137420718816068,0.2122905027932961,0.07541899441340782,0.31081808792966564,100.914,16.133333333333333,L,9.0,0.0,0.0,0.024489795918367346,0.04897959183673469,0.1836734693877551,0,Kauffman Stadium,74.5,86.0,6.2,0.087,0.0,1.1150177326647916,0.09918961513726227,908,,,,,,,,0.5,,,PASS
824402,2026-08-05 22:40:00+00:00,NYM,CLE,NYM,CLE,0,593871,Jorge Polanco,confirmed,8.0,3.85,676440,0.008849557522123894,0.017699115044247787,0.0136986301369863,0.1592920353982301,0.18584070796460178,0.23008849557522124,0.07079646017699115,0.2231245148148148,95.1285185185185,0.0,0.01694915254237288,0.01282051282051282,0.1694915254237288,0.1694915254237288,0.288135593220339,0.05084745762711865,0.18074432666666665,94.52666666666664,L,0.038356164383561646,0.06301369863013699,0.20273972602739726,0.5303030303030303,0.17534246575342466,0.06027397260273973,0.33419177467769334,101.19666666666669,18.133333333333333,R,0.0,0.0,0.0,0.03,0.06,0.0,0,Progressive Field,80.3,55.0,7.9,0.0,0.0,0.9071844954197896,0.09888808566146279,911,,,,,,,,0.5,,,PASS
824482,2026-08-05 22:40:00+00:00,ATH,CIN,ATH,CIN,0,805779,Jacob Wilson,confirmed,2.0,4.65,695076,0.027237354085603113,0.023346303501945526,0.015306122448979591,0.13229571984435798,0.31906614785992216,0.10505836575875487,0.04669260700389105,0.301970635,94.378,0.04411764705882353,0.04411764705882353,0.028846153846153848,0.16176470588235295,0.27941176470588236,0.10294117647058823,0.014705882352941176,0.29060855,95.29266666666666,R,0.024691358024691357,0.06790123456790123,0.18209876543209877,0.5038961038961038,0.19135802469135801,0.09259259259259259,0.3609003007916887,101.55933333333333,14.2,R,0.0,0.0,0.0,0.03,0.06,0.0,1,Great American Ball Park,88.0,46.0,1.4,0.0,0.0,0.8282988871224165,0.09883499937156832,912,,,,,,,,0.5,,,PASS
824082,2026-08-05 23:40:00+00:00,MIN,KC,MIN,KC,0,686797,Brooks Lee,confirmed,7.0,4.0,702070,0.043137254901960784,0.023529411764705882,0.016666666666666666,0.16470588235294117,0.2196078431372549,0.1411764705882353,0.07450980392156863,0.2721262383333333,95.54683333333332,0.03333333333333333,0.016666666666666666,0.010752688172043012,0.15,0.18333333333333332,0.18333333333333332,0.06666666666666667,0.22188538333333335,95.34266666666669,L,0.025139664804469275,0.05307262569832402,0.164804469273743,0.5137420718816068,0.2122905027932961,0.07541899441340782,0.31081808792966564,100.914,16.133333333333333,L,8.0,0.0,0.0,0.024999999999999998,0.049999999999999996,0.16666666666666666,1,Kauffman Stadium,74.5,86.0,6.2,0.087,0.0,1.1150177326647916,0.0985561693306294,915,,,,,,,,0.5,,,PASS
824402,2026-08-05 22:40:00+00:00,NYM,CLE,CLE,NYM,1,672275,Patrick Bailey,confirmed,8.0,3.85,681035,0.029411764705882353,0.05392156862745098,0.038869257950530034,0.17647058823529413,0.27450980392156865,0.24019607843137256,0.06372549019607843,0.2824761130555556,96.56881355932204,0.07142857142857142,0.08928571428571429,0.07042253521126761,0.19642857142857142,0.26785714285714285,0.21428571428571427,0.07142857142857142,0.3275617311111112,99.18733333333333,L,0.023728813559322035,0.03728813559322034,0.17966101694915254,0.5662650602409639,0.288135593220339,0.1016949152542373,0.3052709399248121,99.30199999999999,13.8,R,0.0,0.0,0.0,0.03,0.06,0.0,0,Progressive Field,80.3,55.0,7.9,0.0,0.0,0.9071844954197896,0.0980414785583418,920,,,,,,,,0.5,,,PASS
824482,2026-08-05 22:40:00+00:00,ATH,CIN,ATH,CIN,0,643446,Jeff McNeil,confirmed,5.0,4.3,695076,0.013574660633484163,0.00904977375565611,0.005420054200542005,0.2081447963800905,0.3665158371040724,0.11312217194570136,0.058823529411764705,0.2894186980555555,93.46350000000001,0.01818181818181818,0.01818181818181818,0.010526315789473684,0.34545454545454546,0.4,0.07272727272727272,0.01818181818181818,0.3006008666666667,94.90666666666667,L,0.024691358024691357,0.06790123456790123,0.18209876543209877,0.5038961038961038,0.19135802469135801,0.09259259259259259,0.3609003007916887,101.55933333333333,14.2,R,0.0,0.0,0.0,0.03,0.06,0.0,0,Great American Ball Park,88.0,46.0,1.4,0.0,0.0,0.8282988871224165,0.09794384367070522,921,,,,,,,,0.5,,,PASS
824402,2026-08-05 22:40:00+00:00,NYM,CLE,CLE,NYM,1,677587,Brayan Rocchio,confirmed,6.0,4.15,681035,0.020491803278688523,0.02459016393442623,0.01749271137026239,0.16393442622950818,0.2540983606557377,0.1762295081967213,0.045081967213114756,0.27064069916666667,94.99216666666666,0.015625,0.03125,0.020618556701030927,0.171875,0.25,0.203125,0.046875,0.21295528333333333,94.88066666666668,R,0.023728813559322035,0.03728813559322034,0.17966101694915254,0.5662650602409639,0.288135593220339,0.1016949152542373,0.3052709399248121,99.30199999999999,13.8,R,0.0,0.0,0.0,0.03,0.06,0.0,1,Progressive Field,80.3,55.0,7.9,0.0,0.0,0.9071844954197896,0.09597217797710406,942,,,,,,,,0.5,,,PASS
824482,2026-08-05 22:40:00+00:00,ATH,CIN,CIN,ATH,1,682622,Noelvi Marte,confirmed,5.0,4.3,682052,0.029239766081871343,0.03508771929824561,0.028846153846153848,0.07017543859649122,0.1695906432748538,0.23976608187134502,0.05263157894736842,0.2470308525925926,94.83400000000002,0.017241379310344827,0.017241379310344827,0.014705882352941176,0.06896551724137931,0.1896551724137931,0.2413793103448276,0.034482758620689655,0.18993665555555556,92.25333333333333,R,0.04195804195804196,0.03496503496503497,0.15034965034965034,0.6170798898071626,0.1853146853146853,0.13286713286713286,0.2798154221841262,98.36214285714286,13.0,L,0.0,0.0,0.0,0.03,0.06,0.0,0,Great American Ball Park,88.0,46.0,1.4,0.0,0.0,0.8282988871224165,0.09387396153857064,965,,,,,,,,0.5,,,PASS
823429,2026-08-05 22:40:00+00:00,WSH,PHI,WSH,PHI,0,696285,Jacob Young,confirmed,9.0,3.7,691725,0.03167420814479638,0.05429864253393665,0.04633204633204633,0.14479638009049775,0.24434389140271492,0.17647058823529413,0.08144796380090498,0.31553444083333326,94.1755,0.017857142857142856,0.05357142857142857,0.046875,0.16071428571428573,0.26785714285714285,0.10714285714285714,0.16071428571428573,0.3881356444444445,90.89333333333335,R,0.05017921146953405,0.07168458781362007,0.1863799283154122,0.5300261096605744,0.17562724014336917,0.08243727598566308,0.36342427115267145,100.68769230769232,13.923076923076923,R,0.0,0.0,0.0,0.03,0.06,0.0,1,Citizens Bank Park,81.4,85.0,3.0,0.0,0.0,1.2148383677795442,0.09272007036588446,979,,,,,,,,0.5,,,PASS
824889,2026-08-05 23:15:00+00:00,MIA,ATL,ATL,MIA,1,643289,Mauricio Dubón,confirmed,6.0,4.15,691587,0.027559055118110236,0.031496062992125984,0.01909307875894988,0.13385826771653545,0.3425196850393701,0.11023622047244094,0.05905511811023622,0.3207950266666667,94.284,0.0,0.016666666666666666,0.009433962264150943,0.11666666666666667,0.35,0.1,0.03333333333333333,0.29981181777777777,93.88866666666668,R,0.02694610778443114,0.05089820359281437,0.1497005988023952,0.6056034482758621,0.2754491017964072,0.08682634730538923,0.28389919762844834,99.338,16.666666666666668,R,2.0,0.0,0.0,0.02857142857142857,0.05714285714285714,0.047619047619047616,1,Truist Park,76.8,88.0,4.3,0.0,0.0,1.45,0.09236879468697366,983,,,,,,,,0.5,,,PASS
824402,2026-08-05 22:40:00+00:00,NYM,CLE,NYM,CLE,0,543760,Marcus Semien,confirmed,9.0,3.7,676440,0.04149377593360996,0.05394190871369295,0.042483660130718956,0.17842323651452283,0.24066390041493776,0.23236514522821577,0.07883817427385892,0.31281098888888886,94.12533333333334,0.03389830508474576,0.01694915254237288,0.013513513513513514,0.1694915254237288,0.2542372881355932,0.2542372881355932,0.0847457627118644,0.2505269233333334,94.622,R,0.038356164383561646,0.06301369863013699,0.20273972602739726,0.5303030303030303,0.17534246575342466,0.06027397260273973,0.33419177467769334,101.19666666666669,18.133333333333333,R,0.0,0.0,0.0,0.03,0.06,0.0,1,Progressive Field,80.3,55.0,7.9,0.0,0.0,0.9071844954197896,0.09131579993116423,995,,,,,,,,0.5,,,PASS
823429,2026-08-05 22:40:00+00:00,WSH,PHI,PHI,WSH,1,650333,Luis Arraez,confirmed,4.0,4.45,663623,0.007352941176470588,0.011029411764705883,0.007075471698113208,0.125,0.34558823529411764,0.051470588235294115,0.04411764705882353,0.3012221186507936,92.84983333333335,0.0,0.015151515151515152,0.008771929824561403,0.09090909090909091,0.3787878787878788,0.07575757575757576,0.015151515151515152,0.2901051466666667,93.30266666666668,L,0.036290322580645164,0.0846774193548387,0.2217741935483871,0.544891640866873,0.23790322580645162,0.0967741935483871,0.35709218412398686,102.20583333333333,14.0,R,0.0,0.0,0.0,0.03,0.06,0.0,0,Citizens Bank Park,81.4,85.0,3.0,0.0,0.0,1.2148383677795442,0.09120156367930685,996,,,,,,,,0.5,,,PASS
824806,2026-08-05 22:35:00+00:00,LAA,BAL,BAL,LAA,1,669236,Jeremiah Jackson,confirmed,8.0,3.85,672282,0.033816425120772944,0.057971014492753624,0.04316546762589928,0.18840579710144928,0.2318840579710145,0.19806763285024154,0.024154589371980676,0.28888668333333334,96.24781818181819,0.018867924528301886,0.03773584905660377,0.024390243902439025,0.20754716981132076,0.22641509433962265,0.16981132075471697,0.03773584905660377,0.28929675555555556,95.81400000000001,R,0.034782608695652174,0.05507246376811594,0.1681159420289855,0.5318181818181819,0.2927536231884058,0.08405797101449275,0.2990712477947366,101.07733333333334,17.0,L,0.0,0.0,0.0,0.03,0.06,0.0,0,Oriole Park at Camden Yards,82.4,83.0,0.9,0.0,0.0,0.9372855827964188,0.09003335432853546,1011,,,,,,,,0.5,,,PASS
824082,2026-08-05 23:40:00+00:00,MIN,KC,KC,MIN,1,679845,Nick Loftin,confirmed,7.0,4.0,665152,0.02109704641350211,0.029535864978902954,0.024390243902439025,0.1308016877637131,0.2489451476793249,0.14767932489451477,0.0970464135021097,0.28528482361111107,93.58633333333334,0.016666666666666666,0.016666666666666666,0.013513513513513514,0.13333333333333333,0.21666666666666667,0.16666666666666666,0.08333333333333333,0.26470931111111107,92.59200000000001,R,0.07792207792207792,0.05844155844155844,0.23376623376623376,0.5340314136125655,0.24675324675324675,0.07142857142857142,0.34116788740599446,100.29285714285713,15.0,R,0.0,0.0,0.0,0.03,0.06,0.0,1,Kauffman Stadium,74.5,86.0,6.2,0.087,0.0,1.1150177326647916,0.08801414583231269,1036,,,,,,,,0.5,,,PASS
824728,2026-08-05 23:10:00+00:00,CWS,BOS,BOS,CWS,1,807799,Masataka Yoshida,confirmed,5.0,4.3,680732,0.02145922746781116,0.030042918454935622,0.023255813953488372,0.15879828326180256,0.2918454935622318,0.10300429184549356,0.08583690987124463,0.3292944045977012,96.26086206896554,0.05084745762711865,0.06779661016949153,0.05333333333333334,0.15254237288135594,0.3389830508474576,0.06779661016949153,0.1016949152542373,0.3615076144444444,96.352,L,0.022857142857142857,0.05142857142857143,0.16285714285714287,0.5733041575492341,0.29714285714285715,0.07142857142857142,0.2802877081047466,101.11066666666667,16.8,R,0.0,0.0,0.0,0.03,0.06,0.0,0,Fenway Park,84.8,37.0,8.1,0.0,0.0,0.8743154919625509,0.08722116233156411,1047,,,,,,,,0.5,,,PASS
824402,2026-08-05 22:40:00+00:00,NYM,CLE,CLE,NYM,1,690984,Petey Halpin,confirmed,7.0,4.0,681035,0.02,0.06,0.04225352112676056,0.16,0.33,0.19,0.03,0.2716875113095238,92.15321428571428,0.03636363636363636,0.05454545454545454,0.03614457831325301,0.18181818181818182,0.32727272727272727,0.10909090909090909,0.03636363636363636,0.31165539444444446,91.63066666666667,L,0.023728813559322035,0.03728813559322034,0.17966101694915254,0.5662650602409639,0.288135593220339,0.1016949152542373,0.3052709399248121,99.30199999999999,13.8,R,0.0,0.0,0.0,0.03,0.06,0.0,0,Progressive Field,80.3,55.0,7.9,0.0,0.0,0.9071844954197896,0.08684623200372675,1051,,,,,,,,0.5,,,PASS
824889,2026-08-05 23:15:00+00:00,MIA,ATL,MIA,ATL,0,691594,Javier Sanoja,confirmed,9.0,3.7,693821,0.017094017094017096,0.017094017094017096,0.011560693641618497,0.13247863247863248,0.23076923076923078,0.06837606837606838,0.042735042735042736,0.27416070277777776,95.16266666666665,0.017241379310344827,0.034482758620689655,0.023809523809523808,0.15517241379310345,0.3275862068965517,0.034482758620689655,0.034482758620689655,0.2728638,94.10066666666667,R,0.04748603351955307,0.055865921787709494,0.17039106145251395,0.4874715261958998,0.19553072625698323,0.08379888268156424,0.3287172023112789,101.882,16.266666666666666,R,0.0,0.0,0.0,0.03,0.06,0.0,1,Truist Park,76.8,88.0,4.3,0.0,0.0,1.45,0.08621962966669354,1060,,,,,,,,0.5,,,PASS
824482,2026-08-05 22:40:00+00:00,ATH,CIN,CIN,ATH,1,624431,Jose Trevino,confirmed,7.0,4.0,682052,0.046511627906976744,0.023255813953488372,0.020618556701030927,0.08139534883720931,0.1511627906976744,0.18604651162790697,0.011627906976744186,0.21418929333333334,92.7376,0.07407407407407407,0.037037037037037035,0.03225806451612903,0.1111111111111111,0.16666666666666666,0.2037037037037037,0.0,0.21285666666666667,93.96133333333334,R,0.04195804195804196,0.03496503496503497,0.15034965034965034,0.6170798898071626,0.1853146853146853,0.13286713286713286,0.2798154221841262,98.36214285714286,13.0,L,0.0,0.0,0.0,0.03,0.06,0.0,0,Great American Ball Park,88.0,46.0,1.4,0.0,0.0,0.8282988871224165,0.0840035042252455,1090,,,,,,,,0.5,,,PASS
824728,2026-08-05 23:10:00+00:00,CWS,BOS,CWS,BOS,0,671976,Tristan Peters,confirmed,7.0,4.0,543243,0.02727272727272727,0.045454545454545456,0.031055900621118012,0.20454545454545456,0.25,0.1590909090909091,0.05909090909090909,0.3109109194444445,93.94266666666665,0.0,0.034482758620689655,0.025,0.22413793103448276,0.2413793103448276,0.20689655172413793,0.06896551724137931,0.2870220277777778,95.17466666666668,L,0.024861878453038673,0.03591160220994475,0.1408839779005525,0.39675174013921116,0.23480662983425415,0.06906077348066299,0.2877001969322872,101.102,17.8,R,0.0,0.0,0.0,0.03,0.06,0.0,0,Fenway Park,84.8,37.0,8.1,0.0,0.0,0.8743154919625509,0.08205426322061053,1119,,,,,,,,0.5,,,PASS
824728,2026-08-05 23:10:00+00:00,CWS,BOS,CWS,BOS,0,695731,Braden Montgomery,confirmed,6.0,4.15,543243,0.016574585635359115,0.022099447513812154,0.018018018018018018,0.15469613259668508,0.2265193370165746,0.20441988950276244,0.09392265193370165,0.30262149090909085,95.55069767441861,0.0,0.01639344262295082,0.013888888888888888,0.13114754098360656,0.22950819672131148,0.21311475409836064,0.11475409836065574,0.3121357877777778,93.73933333333335,R,0.024861878453038673,0.03591160220994475,0.1408839779005525,0.39675174013921116,0.23480662983425415,0.06906077348066299,0.2877001969322872,101.102,17.8,R,0.0,0.0,0.0,0.03,0.06,0.0,1,Fenway Park,84.8,37.0,8.1,0.0,0.0,0.8743154919625509,0.08201519266039269,1119,,,,,,,,0.5,,,PASS
824806,2026-08-05 22:35:00+00:00,LAA,BAL,BAL,LAA,1,665966,Carlos Narváez,confirmed,9.0,3.7,672282,0.015228426395939087,0.04060913705583756,0.0311284046692607,0.16751269035532995,0.2893401015228426,0.3248730964467005,0.07106598984771574,0.2758450868421053,92.29821428571428,0.02040816326530612,0.02040816326530612,0.017857142857142856,0.1836734693877551,0.32653061224489793,0.3673469387755102,0.061224489795918366,0.23013161888888886,87.69928571428571,R,0.034782608695652174,0.05507246376811594,0.1681159420289855,0.5318181818181819,0.2927536231884058,0.08405797101449275,0.2990712477947366,101.07733333333334,17.0,L,2.0,0.0,0.0,0.02857142857142857,0.05714285714285714,0.047619047619047616,0,Oriole Park at Camden Yards,82.4,83.0,0.9,0.0,0.0,0.9372855827964188,0.08020872294032173,1147,,,,,,,,0.5,,,PASS
824728,2026-08-05 23:10:00+00:00,CWS,BOS,BOS,CWS,1,655316,Andruw Monasterio,confirmed,8.0,3.85,680732,0.03076923076923077,0.06153846153846154,0.04332129963898917,0.18974358974358974,0.3384615384615385,0.21025641025641026,0.07692307692307693,0.3079019623333334,93.8202,0.016666666666666666,0.03333333333333333,0.024691358024691357,0.23333333333333334,0.38333333333333336,0.18333333333333332,0.11666666666666667,0.34587215666666665,95.18733333333333,R,0.022857142857142857,0.05142857142857143,0.16285714285714287,0.5733041575492341,0.29714285714285715,0.07142857142857142,0.2802877081047466,101.11066666666667,16.8,R,0.0,0.0,0.0,0.03,0.06,0.0,1,Fenway Park,84.8,37.0,8.1,0.0,0.0,0.8743154919625509,0.07923319553500506,1162,,,,,,,,0.5,,,PASS
824728,2026-08-05 23:10:00+00:00,CWS,BOS,BOS,CWS,1,702332,Caleb Durbin,confirmed,6.0,4.15,680732,0.04219409282700422,0.029535864978902954,0.02046783625730994,0.16455696202531644,0.2616033755274262,0.11814345991561181,0.07172995780590717,0.3034114322222223,92.12416666666667,0.031746031746031744,0.015873015873015872,0.011764705882352941,0.1111111111111111,0.19047619047619047,0.09523809523809523,0.09523809523809523,0.2758107266666667,88.49000000000001,R,0.022857142857142857,0.05142857142857143,0.16285714285714287,0.5733041575492341,0.29714285714285715,0.07142857142857142,0.2802877081047466,101.11066666666667,16.8,R,0.0,0.0,0.0,0.03,0.06,0.0,1,Fenway Park,84.8,37.0,8.1,0.0,0.0,0.8743154919625509,0.07845783608740435,1175,,,,,,,,0.5,,,PASS
824482,2026-08-05 22:40:00+00:00,ATH,CIN,CIN,ATH,1,680574,Matt McLain,confirmed,9.0,3.7,682052,0.03404255319148936,0.05531914893617021,0.05,0.16595744680851063,0.28085106382978725,0.2765957446808511,0.09787234042553192,0.30647349,92.10633333333332,0.0,0.0,0.0,0.08,0.26,0.4,0.06,0.2128773888888889,85.288,R,0.04195804195804196,0.03496503496503497,0.15034965034965034,0.6170798898071626,0.1853146853146853,0.13286713286713286,0.2798154221841262,98.36214285714286,13.0,L,0.0,0.0,0.0,0.03,0.06,0.0,0,Great American Ball Park,88.0,46.0,1.4,0.0,0.0,0.8282988871224165,0.07842642597625382,1175,,,,,,,,0.5,,,PASS
824728,2026-08-05 23:10:00+00:00,CWS,BOS,BOS,CWS,1,657136,Connor Wong,confirmed,9.0,3.7,680732,0.006060606060606061,0.024242424242424242,0.01904761904761905,0.17575757575757575,0.21212121212121213,0.22424242424242424,0.09696969696969697,0.27672560177304967,95.10744680851064,0.0,0.0,0.0,0.17647058823529413,0.1568627450980392,0.2549019607843137,0.09803921568627451,0.1985456322222222,96.30400000000002,R,0.022857142857142857,0.05142857142857143,0.16285714285714287,0.5733041575492341,0.29714285714285715,0.07142857142857142,0.2802877081047466,101.11066666666667,16.8,R,0.0,0.0,0.0,0.03,0.06,0.0,1,Fenway Park,84.8,37.0,8.1,0.0,0.0,0.8743154919625509,0.07771533584175162,1187,,,,,,,,0.5,,,PASS
824082,2026-08-05 23:40:00+00:00,MIN,KC,KC,MIN,1,664728,Kyle Isbel,confirmed,9.0,3.7,665152,0.016304347826086956,0.021739130434782608,0.017094017094017096,0.11956521739130435,0.21739130434782608,0.20652173913043478,0.05434782608695652,0.27371437232704404,94.00037735849057,0.0,0.0,0.0,0.04081632653061224,0.24489795918367346,0.16326530612244897,0.061224489795918366,0.26178782666666667,93.848,L,0.07792207792207792,0.05844155844155844,0.23376623376623376,0.5340314136125655,0.24675324675324675,0.07142857142857142,0.34116788740599446,100.29285714285713,15.0,R,0.0,0.0,0.0,0.03,0.06,0.0,0,Kauffman Stadium,74.5,86.0,6.2,0.087,0.0,1.1150177326647916,0.0777134210798431,1187,,,,,,,,0.5,,,PASS
824806,2026-08-05 22:35:00+00:00,LAA,BAL,LAA,BAL,0,624428,Adam Frazier,confirmed,9.0,3.7,669432,0.012987012987012988,0.012987012987012988,0.00980392156862745,0.1038961038961039,0.24675324675324675,0.2857142857142857,0.09090909090909091,0.21152955217391303,89.9504761904762,0.0,0.0,0.0,0.08888888888888889,0.26666666666666666,0.35555555555555557,0.044444444444444446,0.16226764444444444,88.31846153846153,L,0.020527859237536656,0.04985337243401759,0.21700879765395895,0.5354330708661418,0.187683284457478,0.07038123167155426,0.31842676059444586,101.33466666666668,16.066666666666666,L,0.0,0.0,0.0,0.03,0.06,0.0,1,Oriole Park at Camden Yards,82.4,83.0,0.9,0.0,0.0,0.9372855827964188,0.07708539372160365,1197,,,,,,,,0.5,,,PASS
824728,2026-08-05 23:10:00+00:00,CWS,BOS,BOS,CWS,1,686765,Nick Sogard,confirmed,1.0,4.75,680732,0.0,0.0,0.0,0.09090909090909091,0.16666666666666666,0.16666666666666666,0.15151515151515152,0.2829390583333333,91.221875,0.0,0.0,0.0,0.0967741935483871,0.16129032258064516,0.16129032258064516,0.16129032258064516,0.2860516622222222,90.82333333333334,L,0.022857142857142857,0.05142857142857143,0.16285714285714287,0.5733041575492341,0.29714285714285715,0.07142857142857142,0.2802877081047466,101.11066666666667,16.8,R,0.0,0.0,0.0,0.03,0.06,0.0,0,Fenway Park,84.8,37.0,8.1,0.0,0.0,0.8743154919625509,0.07650779914936733,1207,,,,,,,,0.5,,,PASS
824728,2026-08-05 23:10:00+00:00,CWS,BOS,CWS,BOS,0,805367,Chase Meidroth,confirmed,8.0,3.85,543243,0.023809523809523808,0.031746031746031744,0.023952095808383235,0.14682539682539683,0.28174603174603174,0.21825396825396826,0.0873015873015873,0.28537295499999993,94.38033333333334,0.03333333333333333,0.05,0.038461538461538464,0.21666666666666667,0.23333333333333334,0.15,0.11666666666666667,0.32705677111111114,96.04533333333333,R,0.024861878453038673,0.03591160220994475,0.1408839779005525,0.39675174013921116,0.23480662983425415,0.06906077348066299,0.2877001969322872,101.102,17.8,R,0.0,0.0,0.0,0.03,0.06,0.0,1,Fenway Park,84.8,37.0,8.1,0.0,0.0,0.8743154919625509,0.0758108645101872,1219,,,,,,,,0.5,,,PASS
824082,2026-08-05 23:40:00+00:00,MIN,KC,MIN,KC,0,668952,Ryan Kreidler,confirmed,9.0,3.7,702070,0.023255813953488372,0.05813953488372093,0.044444444444444446,0.12790697674418605,0.1744186046511628,0.20930232558139536,0.06976744186046512,0.2958313913333333,94.05739999999997,0.0,0.08333333333333333,0.058823529411764705,0.20833333333333334,0.20833333333333334,0.1875,0.020833333333333332,0.32675897777777774,93.98200000000001,R,0.025139664804469275,0.05307262569832402,0.164804469273743,0.5137420718816068,0.2122905027932961,0.07541899441340782,0.31081808792966564,100.914,16.133333333333333,L,4.0,0.0,0.0,0.02727272727272727,0.05454545454545454,0.09090909090909091,0,Kauffman Stadium,74.5,86.0,6.2,0.087,0.0,1.1150177326647916,0.07456984903560704,1241,,,,,,,,0.5,,,PASS
823429,2026-08-05 22:40:00+00:00,WSH,PHI,PHI,WSH,1,702222,Justin Crawford,confirmed,9.0,3.7,663623,0.009302325581395349,0.004651162790697674,0.0030211480362537764,0.11627906976744186,0.29767441860465116,0.17674418604651163,0.05116279069767442,0.2744018841666666,93.92830508474574,0.0,0.0,0.0,0.11320754716981132,0.20754716981132076,0.1320754716981132,0.03773584905660377,0.2658400555555555,95.16666666666666,L,0.036290322580645164,0.0846774193548387,0.2217741935483871,0.544891640866873,0.23790322580645162,0.0967741935483871,0.35709218412398686,102.20583333333333,14.0,R,0.0,0.0,0.0,0.03,0.06,0.0,0,Citizens Bank Park,81.4,85.0,3.0,0.0,0.0,1.2148383677795442,0.07342579440277137,1262,,,,,,,,0.5,,,PASS
823429,2026-08-05 22:40:00+00:00,WSH,PHI,WSH,PHI,0,678391,Jorbit Vivas,confirmed,8.0,3.85,691725,0.0136986301369863,0.0228310502283105,0.01730103806228374,0.1187214611872146,0.2922374429223744,0.1232876712328767,0.1095890410958904,0.3044577530555555,91.66883333333335,0.0,0.0,0.0,0.12962962962962962,0.37037037037037035,0.12962962962962962,0.16666666666666666,0.28242218666666663,89.86733333333333,L,0.05017921146953405,0.07168458781362007,0.1863799283154122,0.5300261096605744,0.17562724014336917,0.08243727598566308,0.36342427115267145,100.68769230769232,13.923076923076923,R,2.0,0.0,0.0,0.02857142857142857,0.05714285714285714,0.047619047619047616,0,Citizens Bank Park,81.4,85.0,3.0,0.0,0.0,1.2148383677795442,0.07212860451227632,1286,,,,,,,,0.5,,,PASS
823429,2026-08-05 22:40:00+00:00,WSH,PHI,WSH,PHI,0,683083,Nasim Nuñez,confirmed,7.0,4.0,691725,0.0045045045045045045,0.0045045045045045045,0.0033444816053511705,0.06756756756756757,0.2747747747747748,0.22522522522522523,0.09009009009009009,0.27553340055555553,90.41366666666666,0.0,0.0,0.0,0.10526315789473684,0.21052631578947367,0.08771929824561403,0.08771929824561403,0.2763272111111111,90.04400000000001,R,0.05017921146953405,0.07168458781362007,0.1863799283154122,0.5300261096605744,0.17562724014336917,0.08243727598566308,0.36342427115267145,100.68769230769232,13.923076923076923,R,2.0,0.0,0.0,0.02857142857142857,0.05714285714285714,0.047619047619047616,1,Citizens Bank Park,81.4,85.0,3.0,0.0,0.0,1.2148383677795442,0.06727437526827267,1386,,,,,,,,0.5,,,PASS
824728,2026-08-05 23:10:00+00:00,CWS,BOS,CWS,BOS,0,691011,Drew Romo,confirmed,9.0,3.7,543243,0.03424657534246575,0.0410958904109589,0.03592814371257485,0.1232876712328767,0.1917808219178082,0.2671232876712329,0.0821917808219178,0.22366019674796744,91.14585365853658,0.0,0.0,0.0,0.10416666666666667,0.16666666666666666,0.2916666666666667,0.0625,0.1422927277777778,86.54599999999999,L,0.024861878453038673,0.03591160220994475,0.1408839779005525,0.39675174013921116,0.23480662983425415,0.06906077348066299,0.2877001969322872,101.102,17.8,R,0.0,0.0,0.0,0.03,0.06,0.0,0,Fenway Park,84.8,37.0,8.1,0.0,0.0,0.8743154919625509,0.06107683692554628,1537,,,,,,,,0.5,,,PASS
824482,2026-08-05 22:40:00+00:00,ATH,CIN,ATH,CIN,0,675961,Alika Williams,confirmed,9.0,3.7,695076,0.018867924528301886,0.0,0.0,0.11320754716981132,0.3490566037735849,0.24528301886792453,0.03773584905660377,0.2516625241935484,91.22677419354838,0.022222222222222223,0.0,0.0,0.08888888888888889,0.3333333333333333,0.24444444444444444,0.044444444444444446,0.25053542777777776,88.71866666666668,R,0.024691358024691357,0.06790123456790123,0.18209876543209877,0.5038961038961038,0.19135802469135801,0.09259259259259259,0.3609003007916887,101.55933333333333,14.2,R,0.0,0.0,0.0,0.03,0.06,0.0,1,Great American Ball Park,88.0,46.0,1.4,0.0,0.0,0.8282988871224165,0.055588386282104364,1699,,,,,,,,0.5,,,PASS
824402,2026-08-05 22:40:00+00:00,NYM,CLE,CLE,NYM,1,680757,Steven Kwan,confirmed,1.0,4.75,681035,0.0,0.0,0.0,0.0379746835443038,0.29535864978902954,0.08438818565400844,0.12658227848101267,0.3492763636111111,90.07133333333334,0.0,0.0,0.0,0.04477611940298507,0.373134328358209,0.07462686567164178,0.13432835820895522,0.4197050155555556,90.92866666666667,L,0.023728813559322035,0.03728813559322034,0.17966101694915254,0.5662650602409639,0.288135593220339,0.1016949152542373,0.3052709399248121,99.30199999999999,13.8,R,0.0,0.0,0.0,0.03,0.06,0.0,0,Progressive Field,80.3,55.0,7.9,0.0,0.0,0.9071844954197896,0.042474995040762915,2254,,,,,,,,0.5,,,PASS
824402,2026-08-05 22:40:00+00:00,NYM,CLE,CLE,NYM,1,694197,Angel Genao,confirmed,9.0,3.7,681035,0.0,0.0,0.0,0.0,0.0,0.0,0.0,,,0.0,0.0,0.0,0.0,0.0,0.0,0.0,,,,0.023728813559322035,0.03728813559322034,0.17966101694915254,0.5662650602409639,0.288135593220339,0.1016949152542373,0.3052709399248121,99.30199999999999,13.8,R,0.0,0.0,0.0,0.03,0.06,0.0,0,Progressive Field,80.3,55.0,7.9,0.0,0.0,0.9071844954197896,0.040392335170456366,2376,,,,,,,,0.5,,,PASS
