game_pk,game_datetime,away_team,home_team,team,opponent,is_home,player_id,player_name,lineup_status,batting_order,expected_pa,opposing_starter_id,batter_hr_pa_long,batter_barrel_pa_long,batter_barrel_bbe_long,batter_hard_air_pa_long,batter_sweet_pa_long,batter_k_rate_long,batter_bb_rate_long,batter_xwoba_long,batter_ev90_long,batter_hr_pa_recent,batter_barrel_pa_recent,batter_barrel_bbe_recent,batter_hard_air_pa_recent,batter_sweet_pa_recent,batter_k_rate_recent,batter_bb_rate_recent,batter_xwoba_recent,batter_ev90_recent,batter_hand,pitcher_hr_bf,pitcher_barrel_bf,pitcher_hard_air_bf,pitcher_fly_rate,pitcher_k_rate,pitcher_bb_rate,pitcher_xwoba,pitcher_ev90,pitcher_outs,opposing_pitcher_hand,bvp_pa,bvp_hr,bvp_barrels,bvp_hr_shrunk,bvp_barrel_shrunk,bvp_reliability,same_hand,venue,temperature_f,humidity_pct,wind_speed_mph,precipitation_in,roof_control_factor,park_hr_factor,home_run_probability,fair_odds,point,over_odds,under_odds,over_no_vig_probability,under_no_vig_probability,over_book,under_book,line,market_edge,ev_per_unit,signal
823591,2026-08-14 23:10:00+00:00,WSH,NYM,WSH,NYM,0,694673,Abimelec Ortiz,confirmed,2.0,4.65,476594,0.11538461538461539,0.15384615384615385,0.1,0.6538461538461539,0.38461538461538464,0.19230769230769232,0.038461538461538464,0.49939890476190474,102.22857142857143,0.11538461538461539,0.15384615384615385,0.1,0.6538461538461539,0.38461538461538464,0.19230769230769232,0.038461538461538464,0.49939890476190474,102.22857142857143,L,0.023809523809523808,0.07142857142857142,0.11904761904761904,0.5384615384615384,0.19047619047619047,0.11904761904761904,0.35086354861111113,98.77,11.5,R,0.0,0.0,0.0,0.03,0.06,0.0,0,Citi Field,79.9,53.0,5.5,0.0,0.0,0.9387870675453048,0.25189040862915685,297,,,,,,,,0.5,,,HR WATCH
824882,2026-08-14 23:15:00+00:00,ARI,ATL,ATL,ARI,1,621566,Matt Olson,confirmed,3.0,4.55,694297,0.06923076923076923,0.1,0.07323943661971831,0.26153846153846155,0.28076923076923077,0.28076923076923077,0.09615384615384616,0.33535960027777784,98.99766666666666,0.12903225806451613,0.16129032258064516,0.10989010989010989,0.27419354838709675,0.3709677419354839,0.3225806451612903,0.06451612903225806,0.3687799499999999,98.51933333333332,L,0.015503875968992248,0.050387596899224806,0.19767441860465115,0.4550561797752809,0.13178294573643412,0.050387596899224806,0.2656943702271693,99.93181818181819,17.545454545454547,R,3.0,0.0,0.0,0.027906976744186046,0.05581395348837209,0.06976744186046512,0,Truist Park,93.1,43.0,6.2,0.0,0.0,1.45,0.23004727068685124,335,,,,,,,,0.5,,,HR WATCH
824237,2026-08-14 22:40:00+00:00,CWS,DET,CWS,DET,0,808959,Munetaka Murakami,confirmed,2.0,4.65,695549,0.06390977443609022,0.09398496240601503,0.09727626459143969,0.2518796992481203,0.17669172932330826,0.3383458646616541,0.15789473684210525,0.3393428122619047,98.22083333333333,0.058823529411764705,0.10294117647058823,0.10606060606060606,0.27941176470588236,0.19117647058823528,0.36764705882352944,0.1323529411764706,0.3341881757142857,100.47333333333331,L,0.0,0.0625,0.0625,0.5652173913043478,0.25,0.0625,0.2570545,101.0,15.0,R,0.0,0.0,0.0,0.03,0.06,0.0,0,Comerica Park,80.8,59.0,8.6,0.0,0.0,0.8314971169686985,0.19476186691585884,413,,,,,,,,0.5,,,HR WATCH
824237,2026-08-14 22:40:00+00:00,CWS,DET,DET,CWS,1,680664,Eduardo Valencia,confirmed,4.0,4.45,656794,0.1111111111111111,0.16666666666666666,0.13333333333333333,0.3055555555555556,0.3611111111111111,0.2777777777777778,0.027777777777777776,0.3197964444444444,99.39666666666666,0.1111111111111111,0.16666666666666666,0.13333333333333333,0.3055555555555556,0.3611111111111111,0.2777777777777778,0.027777777777777776,0.3197964444444444,99.39666666666666,R,0.0,0.0,0.0,0.5454545454545454,0.4444444444444444,0.0,0.17777777777777778,99.8,9.0,L,0.0,0.0,0.0,0.03,0.06,0.0,0,Comerica Park,80.8,59.0,8.6,0.0,0.0,0.8314971169686985,0.19333758503430393,417,,,,,,,,0.5,,,HR WATCH
824882,2026-08-14 23:15:00+00:00,ARI,ATL,ATL,ARI,1,660670,Ronald Acuña Jr.,confirmed,2.0,4.65,694297,0.045112781954887216,0.08646616541353383,0.06666666666666667,0.22556390977443608,0.24436090225563908,0.22180451127819548,0.12406015037593984,0.37102876472222224,97.46366666666667,0.07692307692307693,0.1076923076923077,0.07692307692307693,0.3230769230769231,0.27692307692307694,0.18461538461538463,0.07692307692307693,0.3769553466666667,98.19599999999998,R,0.015503875968992248,0.050387596899224806,0.19767441860465115,0.4550561797752809,0.13178294573643412,0.050387596899224806,0.2656943702271693,99.93181818181819,17.545454545454547,R,3.0,0.0,0.0,0.027906976744186046,0.05581395348837209,0.06976744186046512,1,Truist Park,93.1,43.0,6.2,0.0,0.0,1.45,0.19318858679421386,418,,,,,,,,0.5,,,HR WATCH
822942,2026-08-14 23:10:00+00:00,BAL,TB,BAL,TB,0,691723,Coby Mayo,confirmed,3.0,4.55,571927,0.05092592592592592,0.07407407407407407,0.05693950177935943,0.28703703703703703,0.25,0.3287037037037037,0.06481481481481481,0.29099931333333334,97.42449999999998,0.05357142857142857,0.08928571428571429,0.0684931506849315,0.2857142857142857,0.32142857142857145,0.2857142857142857,0.05357142857142857,0.2970377,94.99600000000002,R,0.046153846153846156,0.09743589743589744,0.2358974358974359,0.5667870036101083,0.18974358974358974,0.08717948717948718,0.3939719154335795,99.332,13.7,L,2.0,0.0,0.0,0.02857142857142857,0.05714285714285714,0.047619047619047616,0,Tropicana Field,81.6,81.0,7.9,0.0,1.0,0.992432042833608,0.19289505754404881,418,,,,,,,,0.5,,,HR WATCH
824159,2026-08-15 00:10:00+00:00,SEA,HOU,HOU,SEA,1,670541,Yordan Alvarez,confirmed,2.0,4.65,669923,0.055970149253731345,0.10820895522388059,0.08579881656804733,0.26119402985074625,0.2537313432835821,0.16044776119402984,0.16791044776119404,0.4282860675,100.81066666666666,0.014084507042253521,0.08450704225352113,0.07228915662650602,0.2535211267605634,0.18309859154929578,0.16901408450704225,0.19718309859154928,0.3872884399999999,101.048,L,0.03287671232876712,0.0684931506849315,0.1917808219178082,0.525390625,0.2136986301369863,0.04657534246575343,0.3229291597115445,101.58866666666668,17.133333333333333,R,7.0,0.0,0.0,0.02553191489361702,0.05106382978723404,0.14893617021276595,0,Daikin Park,85.4,65.0,10.7,0.0,0.5,1.0872048325096102,0.18405897173503738,443,,,,,,,,0.5,,,HR WATCH
822942,2026-08-14 23:10:00+00:00,BAL,TB,TB,BAL,1,691406,Junior Caminero,confirmed,4.0,4.45,605135,0.08045977011494253,0.10344827586206896,0.0891089108910891,0.210727969348659,0.19157088122605365,0.21839080459770116,0.10344827586206896,0.3556846755555555,101.03916666666667,0.09230769230769231,0.12307692307692308,0.10666666666666667,0.2,0.15384615384615385,0.18461538461538463,0.12307692307692308,0.38582550000000004,99.23066666666665,R,0.02727272727272727,0.031818181818181815,0.15,0.4280701754385965,0.12272727272727273,0.09545454545454546,0.36303257202926786,100.077,13.3,R,0.0,0.0,0.0,0.03,0.06,0.0,1,Tropicana Field,81.6,81.0,7.9,0.0,1.0,0.992432042833608,0.18075598568636808,453,,,,,,,,0.5,,,HR WATCH
822942,2026-08-14 23:10:00+00:00,BAL,TB,BAL,TB,0,624413,Pete Alonso,confirmed,1.0,4.75,571927,0.05343511450381679,0.0916030534351145,0.07100591715976332,0.2595419847328244,0.2633587786259542,0.25572519083969464,0.1297709923664122,0.4073887025,99.54116666666667,0.06451612903225806,0.16129032258064516,0.11627906976744186,0.3548387096774194,0.3064516129032258,0.20967741935483872,0.0967741935483871,0.4432006766666666,100.96066666666665,R,0.046153846153846156,0.09743589743589744,0.2358974358974359,0.5667870036101083,0.18974358974358974,0.08717948717948718,0.3939719154335795,99.332,13.7,L,4.0,0.0,1.0,0.02727272727272727,0.07727272727272727,0.09090909090909091,0,Tropicana Field,81.6,81.0,7.9,0.0,1.0,0.992432042833608,0.17987023159474555,456,,,,,,,,0.5,,,HR WATCH
824882,2026-08-14 23:15:00+00:00,ARI,ATL,ATL,ARI,1,686948,Drake Baldwin,confirmed,1.0,4.75,694297,0.041666666666666664,0.08712121212121213,0.06353591160220995,0.2159090909090909,0.2878787878787879,0.2159090909090909,0.10984848484848485,0.36042807611111105,98.5185,0.0,0.06153846153846154,0.038834951456310676,0.16923076923076924,0.3230769230769231,0.18461538461538463,0.06153846153846154,0.3233929266666666,100.06199999999998,L,0.015503875968992248,0.050387596899224806,0.19767441860465115,0.4550561797752809,0.13178294573643412,0.050387596899224806,0.2656943702271693,99.93181818181819,17.545454545454547,R,3.0,1.0,1.0,0.051162790697674425,0.07906976744186046,0.06976744186046512,0,Truist Park,93.1,43.0,6.2,0.0,0.0,1.45,0.17360020537343313,476,,,,,,,,0.5,,,HR WATCH
824882,2026-08-14 23:15:00+00:00,ARI,ATL,ARI,ATL,0,682998,Corbin Carroll,confirmed,2.0,4.65,519242,0.03802281368821293,0.07984790874524715,0.06422018348623854,0.21292775665399238,0.23574144486692014,0.22433460076045628,0.10646387832699619,0.32392587039682547,97.99549999999999,0.04411764705882353,0.08823529411764706,0.06976744186046512,0.2647058823529412,0.25,0.16176470588235295,0.10294117647058823,0.3378500693650794,98.644,L,0.008379888268156424,0.030726256983240222,0.12569832402234637,0.4611973392461197,0.31564245810055863,0.05307262569832402,0.2708647496895092,99.83066666666667,17.4,L,0.0,0.0,0.0,0.03,0.06,0.0,1,Truist Park,93.1,43.0,6.2,0.0,0.0,1.45,0.17291467187530452,478,,,,,,,,0.5,,,HR WATCH
824399,2026-08-14 23:10:00+00:00,SD,CLE,SD,CLE,0,665487,Fernando Tatis Jr.,confirmed,1.0,4.75,668909,0.03985507246376811,0.09420289855072464,0.08524590163934426,0.2318840579710145,0.15217391304347827,0.17028985507246377,0.08695652173913043,0.36653941083333325,101.46083333333334,0.05970149253731343,0.11940298507462686,0.10526315789473684,0.26865671641791045,0.26865671641791045,0.11940298507462686,0.1044776119402985,0.39648895666666667,101.90866666666668,R,0.04011461318051576,0.06017191977077364,0.18624641833810887,0.4888888888888889,0.34097421203438394,0.054441260744985676,0.28082369776885574,100.57066666666667,17.6,R,0.0,0.0,0.0,0.03,0.06,0.0,1,Progressive Field,79.1,69.0,5.9,0.0,0.0,1.0997219934102145,0.16933002025272195,491,,,,,,,,0.5,,,HR WATCH
824479,2026-08-14 22:10:00+00:00,MIA,CIN,MIA,CIN,0,681715,Heriberto Hernández,confirmed,5.0,4.3,695505,0.05179282868525897,0.07569721115537849,0.06859205776173286,0.20717131474103587,0.19123505976095617,0.3147410358565737,0.07569721115537849,0.3181605191666667,97.96266666666666,0.046153846153846156,0.03076923076923077,0.0273972602739726,0.15384615384615385,0.18461538461538463,0.38461538461538464,0.09230769230769231,0.24276595333333334,97.91933333333334,R,0.02346041055718475,0.0469208211143695,0.187683284457478,0.5779816513761468,0.2844574780058651,0.0967741935483871,0.28026851446299433,100.03933333333335,16.133333333333333,R,0.0,0.0,0.0,0.03,0.06,0.0,1,Great American Ball Park,82.8,66.0,1.6,0.0,0.0,0.9034943206451054,0.16703166374301204,499,,,,,,,,0.5,,,HR WATCH
823346,2026-08-14 22:40:00+00:00,BOS,PIT,PIT,BOS,1,699013,Esmerlyn Valdez,confirmed,4.0,4.45,687562,0.06403940886699508,0.10344827586206896,0.1024390243902439,0.2019704433497537,0.2315270935960591,0.3497536945812808,0.1625615763546798,0.3406635081632653,96.57708333333335,0.0,0.03125,0.031746031746031744,0.140625,0.21875,0.3125,0.21875,0.2836857722222222,91.67714285714285,R,0.01639344262295082,0.03934426229508197,0.1540983606557377,0.4603960396039604,0.18032786885245902,0.05245901639344262,0.27158001290520145,100.53846153846153,17.692307692307693,L,0.0,0.0,0.0,0.03,0.06,0.0,0,PNC Park,76.4,78.0,1.1,0.0,0.0,0.91554091158704,0.1654367395991918,504,,,,,,,,0.5,,,HR WATCH
822777,2026-08-14 23:15:00+00:00,NYY,TOR,NYY,TOR,0,682987,Spencer Jones,confirmed,3.0,4.55,669456,0.037037037037037035,0.07407407407407407,0.05813953488372093,0.2518518518518518,0.2814814814814815,0.34814814814814815,0.1111111111111111,0.3035267833333333,97.48538461538462,0.05454545454545454,0.14545454545454545,0.1038961038961039,0.3090909090909091,0.34545454545454546,0.2727272727272727,0.09090909090909091,0.3904605555555556,99.86799999999998,L,0.046153846153846156,0.07692307692307693,0.2,0.4488888888888889,0.1641025641025641,0.11794871794871795,0.41232147308117484,101.46333333333334,14.222222222222221,R,0.0,0.0,0.0,0.03,0.06,0.0,0,Rogers Centre,77.8,49.0,3.0,0.0,0.5,0.65,0.16227043240114322,516,,,,,,,,0.5,,,HR WATCH
824479,2026-08-14 22:10:00+00:00,MIA,CIN,CIN,MIA,1,682829,Elly De La Cruz,confirmed,1.0,4.75,645261,0.03676470588235294,0.07720588235294118,0.07094594594594594,0.18382352941176472,0.22794117647058823,0.2610294117647059,0.11764705882352941,0.35247897111111104,100.28933333333333,0.029411764705882353,0.04411764705882353,0.039473684210526314,0.17647058823529413,0.17647058823529413,0.22058823529411764,0.14705882352941177,0.32635637666666667,99.23266666666669,L,0.03178484107579462,0.044009779951100246,0.13691931540342298,0.5274336283185841,0.20293398533007334,0.05378973105134474,0.2945634546575464,100.37866666666666,19.6,R,4.0,0.0,0.0,0.02727272727272727,0.05454545454545454,0.09090909090909091,0,Great American Ball Park,82.8,66.0,1.6,0.0,0.0,0.9034943206451054,0.16051972766527245,523,,,,,,,,0.5,,,HR WATCH
824479,2026-08-14 22:10:00+00:00,MIA,CIN,CIN,MIA,1,701398,Sal Stewart,confirmed,2.0,4.65,645261,0.05343511450381679,0.08396946564885496,0.06918238993710692,0.2099236641221374,0.1984732824427481,0.2480916030534351,0.08015267175572519,0.3079944269444444,97.46866666666666,0.07462686567164178,0.07462686567164178,0.05434782608695652,0.16417910447761194,0.208955223880597,0.2537313432835821,0.1044776119402985,0.35632947666666664,96.652,R,0.03178484107579462,0.044009779951100246,0.13691931540342298,0.5274336283185841,0.20293398533007334,0.05378973105134474,0.2945634546575464,100.37866666666666,19.6,R,3.0,0.0,0.0,0.027906976744186046,0.05581395348837209,0.06976744186046512,1,Great American Ball Park,82.8,66.0,1.6,0.0,0.0,0.9034943206451054,0.16041422116341666,523,,,,,,,,0.5,,,HR WATCH
822942,2026-08-14 23:10:00+00:00,BAL,TB,BAL,TB,0,687952,Christian Encarnacion-Strand,confirmed,6.0,4.15,571927,0.06153846153846154,0.15384615384615385,0.0970873786407767,0.27692307692307694,0.3076923076923077,0.2153846153846154,0.06153846153846154,0.39552792708333334,97.57125,0.06666666666666667,0.16666666666666666,0.10869565217391304,0.3,0.31666666666666665,0.21666666666666667,0.06666666666666667,0.41142978888888887,98.08266666666668,R,0.046153846153846156,0.09743589743589744,0.2358974358974359,0.5667870036101083,0.18974358974358974,0.08717948717948718,0.3939719154335795,99.332,13.7,L,0.0,0.0,0.0,0.03,0.06,0.0,0,Tropicana Field,81.6,81.0,7.9,0.0,1.0,0.992432042833608,0.154589288866564,547,,,,,,,,0.5,,,PASS
824479,2026-08-14 22:10:00+00:00,MIA,CIN,CIN,MIA,1,553993,Eugenio Suárez,confirmed,5.0,4.3,645261,0.06198347107438017,0.0743801652892562,0.06766917293233082,0.19008264462809918,0.2066115702479339,0.3925619834710744,0.08677685950413223,0.26530558388888886,95.57666666666665,0.06666666666666667,0.1,0.08823529411764706,0.26666666666666666,0.21666666666666667,0.36666666666666664,0.11666666666666667,0.30372168888888884,95.688,R,0.03178484107579462,0.044009779951100246,0.13691931540342298,0.5274336283185841,0.20293398533007334,0.05378973105134474,0.2945634546575464,100.37866666666666,19.6,R,3.0,0.0,0.0,0.027906976744186046,0.05581395348837209,0.06976744186046512,1,Great American Ball Park,82.8,66.0,1.6,0.0,0.0,0.9034943206451054,0.15357718675520948,551,,,,,,,,0.5,,,PASS
824479,2026-08-14 22:10:00+00:00,MIA,CIN,MIA,CIN,0,665052,Griffin Conine,confirmed,4.0,4.45,695505,0.05844155844155844,0.08441558441558442,0.0755813953488372,0.19480519480519481,0.24025974025974026,0.2987012987012987,0.12337662337662338,0.36506720079365074,96.46833333333332,0.08771929824561403,0.10526315789473684,0.11538461538461539,0.21052631578947367,0.22807017543859648,0.2807017543859649,0.17543859649122806,0.41050243888888893,100.73866666666666,L,0.02346041055718475,0.0469208211143695,0.187683284457478,0.5779816513761468,0.2844574780058651,0.0967741935483871,0.28026851446299433,100.03933333333335,16.133333333333333,R,0.0,0.0,0.0,0.03,0.06,0.0,0,Great American Ball Park,82.8,66.0,1.6,0.0,0.0,0.9034943206451054,0.15250653854345897,556,,,,,,,,0.5,,,PASS
822777,2026-08-14 23:15:00+00:00,NYY,TOR,NYY,TOR,0,665862,Jazz Chisholm Jr.,confirmed,5.0,4.3,669456,0.05042016806722689,0.06722689075630252,0.05574912891986063,0.22268907563025211,0.18067226890756302,0.3277310924369748,0.09243697478991597,0.2845201166666667,98.00847457627118,0.016666666666666666,0.016666666666666666,0.014084507042253521,0.16666666666666666,0.15,0.43333333333333335,0.13333333333333333,0.23308319777777778,97.08133333333333,L,0.046153846153846156,0.07692307692307693,0.2,0.4488888888888889,0.1641025641025641,0.11794871794871795,0.41232147308117484,101.46333333333334,14.222222222222221,R,0.0,0.0,0.0,0.03,0.06,0.0,0,Rogers Centre,77.8,49.0,3.0,0.0,0.5,0.65,0.1479287717850788,576,,,,,,,,0.5,,,PASS
823346,2026-08-14 22:40:00+00:00,BOS,PIT,BOS,PIT,0,575929,Willson Contreras,confirmed,4.0,4.45,696149,0.052845528455284556,0.07723577235772358,0.06506849315068493,0.23170731707317074,0.1910569105691057,0.24796747967479674,0.11382113821138211,0.3906335991666667,98.48796610169491,0.03333333333333333,0.06666666666666667,0.06451612903225806,0.16666666666666666,0.18333333333333332,0.26666666666666666,0.16666666666666666,0.38539615000000005,93.19071428571428,R,0.01488095238095238,0.03273809523809524,0.1636904761904762,0.5490196078431373,0.19345238095238096,0.10119047619047619,0.30318145727800644,99.82600000000001,15.333333333333334,R,0.0,0.0,0.0,0.03,0.06,0.0,1,PNC Park,76.4,78.0,1.1,0.0,0.0,0.91554091158704,0.14751846127994858,578,,,,,,,,0.5,,,PASS
822942,2026-08-14 23:10:00+00:00,BAL,TB,BAL,TB,0,641933,Tyler O'Neill,confirmed,4.0,4.45,571927,0.029850746268656716,0.04477611940298507,0.038461538461538464,0.22388059701492538,0.1791044776119403,0.27860696517412936,0.11940298507462686,0.3108317633333333,95.2669090909091,0.05357142857142857,0.05357142857142857,0.046153846153846156,0.19642857142857142,0.17857142857142858,0.30357142857142855,0.08928571428571429,0.2916774111111111,95.55333333333334,R,0.046153846153846156,0.09743589743589744,0.2358974358974359,0.5667870036101083,0.18974358974358974,0.08717948717948718,0.3939719154335795,99.332,13.7,L,4.0,0.0,0.0,0.02727272727272727,0.05454545454545454,0.09090909090909091,0,Tropicana Field,81.6,81.0,7.9,0.0,1.0,0.992432042833608,0.14749435789434687,578,,,,,,,,0.5,,,PASS
822777,2026-08-14 23:15:00+00:00,NYY,TOR,NYY,TOR,0,700250,Ben Rice,confirmed,2.0,4.65,669456,0.05660377358490566,0.07924528301886792,0.06140350877192982,0.22264150943396227,0.2830188679245283,0.27547169811320754,0.12075471698113208,0.33981211111111115,98.91499999999999,0.014925373134328358,0.05970149253731343,0.0449438202247191,0.26865671641791045,0.26865671641791045,0.31343283582089554,0.1791044776119403,0.3201537933333333,97.32933333333332,L,0.046153846153846156,0.07692307692307693,0.2,0.4488888888888889,0.1641025641025641,0.11794871794871795,0.41232147308117484,101.46333333333334,14.222222222222221,R,0.0,0.0,0.0,0.03,0.06,0.0,0,Rogers Centre,77.8,49.0,3.0,0.0,0.5,0.65,0.14673842426199118,581,,,,,,,,0.5,,,PASS
824882,2026-08-14 23:15:00+00:00,ARI,ATL,ATL,ARI,1,663586,Austin Riley,confirmed,8.0,3.85,694297,0.029661016949152543,0.08898305084745763,0.07526881720430108,0.2076271186440678,0.1906779661016949,0.326271186440678,0.07627118644067797,0.3022942241666667,97.17516666666668,0.05454545454545454,0.14545454545454545,0.13333333333333333,0.2545454545454545,0.2545454545454545,0.4,0.05454545454545454,0.35535572777777774,98.87133333333333,R,0.015503875968992248,0.050387596899224806,0.19767441860465115,0.4550561797752809,0.13178294573643412,0.050387596899224806,0.2656943702271693,99.93181818181819,17.545454545454547,R,0.0,0.0,0.0,0.03,0.06,0.0,1,Truist Park,93.1,43.0,6.2,0.0,0.0,1.45,0.1465598927987102,582,,,,,,,,0.5,,,PASS
824159,2026-08-15 00:10:00+00:00,SEA,HOU,SEA,HOU,0,663728,Cal Raleigh,confirmed,7.0,4.0,663567,0.028225806451612902,0.06854838709677419,0.05105105105105105,0.23790322580645162,0.2661290322580645,0.34274193548387094,0.125,0.2785792077777778,97.01033333333334,0.03389830508474576,0.11864406779661017,0.1044776119402985,0.3050847457627119,0.3050847457627119,0.3559322033898305,0.11864406779661017,0.34032432777777777,99.98800000000001,R,0.031161473087818695,0.04815864022662889,0.1671388101983003,0.5847107438016529,0.23229461756373937,0.0906515580736544,0.28281450132734415,100.55866666666667,16.733333333333334,R,3.0,0.0,0.0,0.027906976744186046,0.05581395348837209,0.06976744186046512,1,Daikin Park,85.4,65.0,10.7,0.0,0.5,1.0872048325096102,0.14625243677513006,584,,,,,,,,0.5,,,PASS
823346,2026-08-14 22:40:00+00:00,BOS,PIT,PIT,BOS,1,664040,Brandon Lowe,confirmed,5.0,4.3,687562,0.040145985401459854,0.06934306569343066,0.05491329479768786,0.19708029197080293,0.22992700729927007,0.3248175182481752,0.06934306569343066,0.27918679361111115,96.98983333333334,0.046875,0.078125,0.06666666666666667,0.15625,0.234375,0.4375,0.0625,0.24489350333333335,94.53533333333333,L,0.01639344262295082,0.03934426229508197,0.1540983606557377,0.4603960396039604,0.18032786885245902,0.05245901639344262,0.27158001290520145,100.53846153846153,17.692307692307693,L,0.0,0.0,0.0,0.03,0.06,0.0,1,PNC Park,76.4,78.0,1.1,0.0,0.0,0.91554091158704,0.14536727329771387,588,,,,,,,,0.5,,,PASS
824399,2026-08-14 23:10:00+00:00,SD,CLE,SD,CLE,0,592518,Manny Machado,confirmed,3.0,4.55,668909,0.04597701149425287,0.08045977011494253,0.06583072100313479,0.2222222222222222,0.23371647509578544,0.20306513409961685,0.10727969348659004,0.34219423916666675,97.56749999999998,0.0,0.031746031746031744,0.02531645569620253,0.2222222222222222,0.19047619047619047,0.25396825396825395,0.07936507936507936,0.3101349666666666,96.93066666666667,R,0.04011461318051576,0.06017191977077364,0.18624641833810887,0.4888888888888889,0.34097421203438394,0.054441260744985676,0.28082369776885574,100.57066666666667,17.6,R,0.0,0.0,0.0,0.03,0.06,0.0,1,Progressive Field,79.1,69.0,5.9,0.0,0.0,1.0997219934102145,0.1452351895679484,589,,,,,,,,0.5,,,PASS
823591,2026-08-14 23:10:00+00:00,WSH,NYM,WSH,NYM,0,682928,CJ Abrams,confirmed,1.0,4.75,476594,0.06463878326996197,0.06463878326996197,0.050746268656716415,0.23574144486692014,0.25475285171102663,0.2585551330798479,0.06463878326996197,0.3035556813888889,96.6645,0.029411764705882353,0.014705882352941176,0.011764705882352941,0.19117647058823528,0.17647058823529413,0.3382352941176471,0.08823529411764706,0.2758614144444445,95.42066666666666,L,0.023809523809523808,0.07142857142857142,0.11904761904761904,0.5384615384615384,0.19047619047619047,0.11904761904761904,0.35086354861111113,98.77,11.5,R,0.0,0.0,0.0,0.03,0.06,0.0,0,Citi Field,79.9,53.0,5.5,0.0,0.0,0.9387870675453048,0.14402491255350205,594,,,,,,,,0.5,,,PASS
824882,2026-08-14 23:15:00+00:00,ARI,ATL,ATL,ARI,1,671739,Michael Harris II,confirmed,4.0,4.45,694297,0.030303030303030304,0.05303030303030303,0.03783783783783784,0.1893939393939394,0.23106060606060605,0.1893939393939394,0.041666666666666664,0.3199736199999999,99.04633333333335,0.016666666666666666,0.03333333333333333,0.02564102564102564,0.16666666666666666,0.21666666666666667,0.18333333333333332,0.05,0.2987651388888889,97.75133333333335,L,0.015503875968992248,0.050387596899224806,0.19767441860465115,0.4550561797752809,0.13178294573643412,0.050387596899224806,0.2656943702271693,99.93181818181819,17.545454545454547,R,2.0,0.0,0.0,0.02857142857142857,0.05714285714285714,0.047619047619047616,0,Truist Park,93.1,43.0,6.2,0.0,0.0,1.45,0.143950086768072,595,,,,,,,,0.5,,,PASS
823591,2026-08-14 23:10:00+00:00,WSH,NYM,NYM,WSH,1,596019,Francisco Lindor,confirmed,2.0,4.65,674841,0.04182509505703422,0.06463878326996197,0.04632152588555858,0.27756653992395436,0.2509505703422053,0.19391634980988592,0.09125475285171103,0.3399514994444444,98.47116666666668,0.045454545454545456,0.06060606060606061,0.044444444444444446,0.2878787878787879,0.24242424242424243,0.25757575757575757,0.10606060606060606,0.33559923222222215,96.98266666666667,L,0.005376344086021506,0.016129032258064516,0.12903225806451613,0.3394495412844037,0.1989247311827957,0.11827956989247312,0.3119673440770135,100.96444444444445,13.777777777777779,L,0.0,0.0,0.0,0.03,0.06,0.0,1,Citi Field,79.9,53.0,5.5,0.0,0.0,0.9387870675453048,0.14381863367359543,595,,,,,,,,0.5,,,PASS
823346,2026-08-14 22:40:00+00:00,BOS,PIT,PIT,BOS,1,668804,Bryan Reynolds,confirmed,3.0,4.55,687562,0.033707865168539325,0.07865168539325842,0.06521739130434782,0.18726591760299627,0.26591760299625467,0.2696629213483146,0.11235955056179775,0.3248484791666667,96.81766666666667,0.0,0.030303030303030304,0.0273972602739726,0.12121212121212122,0.25757575757575757,0.2727272727272727,0.12121212121212122,0.26128803222222224,94.51066666666667,L,0.01639344262295082,0.03934426229508197,0.1540983606557377,0.4603960396039604,0.18032786885245902,0.05245901639344262,0.27158001290520145,100.53846153846153,17.692307692307693,L,0.0,0.0,0.0,0.03,0.06,0.0,1,PNC Park,76.4,78.0,1.1,0.0,0.0,0.91554091158704,0.14377315313638572,596,,,,,,,,0.5,,,PASS
824237,2026-08-14 22:40:00+00:00,CWS,DET,CWS,DET,0,678246,Miguel Vargas,confirmed,3.0,4.55,695549,0.04460966542750929,0.09293680297397769,0.07183908045977011,0.2527881040892193,0.25650557620817843,0.18587360594795538,0.10408921933085502,0.3697221159126984,98.24833333333335,0.043478260869565216,0.057971014492753624,0.04395604395604396,0.2463768115942029,0.2318840579710145,0.2463768115942029,0.11594202898550725,0.3288788447619047,97.56133333333331,R,0.0,0.0625,0.0625,0.5652173913043478,0.25,0.0625,0.2570545,101.0,15.0,R,0.0,0.0,0.0,0.03,0.06,0.0,1,Comerica Park,80.8,59.0,8.6,0.0,0.0,0.8314971169686985,0.14289588212903848,600,,,,,,,,0.5,,,PASS
824882,2026-08-14 23:15:00+00:00,ARI,ATL,ARI,ATL,0,606466,Ketel Marte,confirmed,4.0,4.45,519242,0.041044776119402986,0.0708955223880597,0.05571847507331378,0.19776119402985073,0.19776119402985073,0.15298507462686567,0.07835820895522388,0.32076033277777777,99.59233333333333,0.029411764705882353,0.058823529411764705,0.047058823529411764,0.19117647058823528,0.19117647058823528,0.16176470588235295,0.1323529411764706,0.29648407222222223,95.87066666666668,L,0.008379888268156424,0.030726256983240222,0.12569832402234637,0.4611973392461197,0.31564245810055863,0.05307262569832402,0.2708647496895092,99.83066666666667,17.4,L,0.0,0.0,0.0,0.03,0.06,0.0,1,Truist Park,93.1,43.0,6.2,0.0,0.0,1.45,0.1428222082352246,600,,,,,,,,0.5,,,PASS
823591,2026-08-14 23:10:00+00:00,WSH,NYM,WSH,NYM,0,691781,Brady House,confirmed,3.0,4.55,476594,0.028708133971291867,0.07177033492822966,0.06,0.17703349282296652,0.23444976076555024,0.2822966507177033,0.06698564593301436,0.3121999461805555,98.390625,0.0,0.06451612903225806,0.05063291139240506,0.22580645161290322,0.27419354838709675,0.2903225806451613,0.04838709677419355,0.32144370666666666,98.99733333333334,R,0.023809523809523808,0.07142857142857142,0.11904761904761904,0.5384615384615384,0.19047619047619047,0.11904761904761904,0.35086354861111113,98.77,11.5,R,0.0,0.0,0.0,0.03,0.06,0.0,1,Citi Field,79.9,53.0,5.5,0.0,0.0,0.9387870675453048,0.14059795604168737,611,,,,,,,,0.5,,,PASS
824159,2026-08-15 00:10:00+00:00,SEA,HOU,HOU,SEA,1,666211,Taylor Trammell,confirmed,4.0,4.45,669923,0.04046242774566474,0.08092485549132948,0.07608695652173914,0.17341040462427745,0.23121387283236994,0.2658959537572254,0.09826589595375723,0.3373889972222222,95.72250000000001,0.06896551724137931,0.1206896551724138,0.12280701754385964,0.1896551724137931,0.22413793103448276,0.1896551724137931,0.15517241379310345,0.41640745333333334,97.63933333333331,L,0.03287671232876712,0.0684931506849315,0.1917808219178082,0.525390625,0.2136986301369863,0.04657534246575343,0.3229291597115445,101.58866666666668,17.133333333333333,R,3.0,0.0,0.0,0.027906976744186046,0.05581395348837209,0.06976744186046512,0,Daikin Park,85.4,65.0,10.7,0.0,0.5,1.0872048325096102,0.13900342487359937,619,,,,,,,,0.5,,,PASS
824159,2026-08-15 00:10:00+00:00,SEA,HOU,HOU,SEA,1,665161,Jeremy Peña,confirmed,1.0,4.75,669923,0.048327137546468404,0.040892193308550186,0.03333333333333333,0.16356877323420074,0.17843866171003717,0.22304832713754646,0.06319702602230483,0.3330116852777777,97.10566666666666,0.0273972602739726,0.0273972602739726,0.02531645569620253,0.1506849315068493,0.2054794520547945,0.3561643835616438,0.0547945205479452,0.26508770222222217,97.32533333333332,R,0.03287671232876712,0.0684931506849315,0.1917808219178082,0.525390625,0.2136986301369863,0.04657534246575343,0.3229291597115445,101.58866666666668,17.133333333333333,R,0.0,0.0,0.0,0.03,0.06,0.0,1,Daikin Park,85.4,65.0,10.7,0.0,0.5,1.0872048325096102,0.13670092807163586,632,,,,,,,,0.5,,,PASS
824159,2026-08-15 00:10:00+00:00,SEA,HOU,SEA,HOU,0,686527,Dominic Canzone,confirmed,3.0,4.55,663567,0.06198347107438017,0.09090909090909091,0.0738255033557047,0.18181818181818182,0.2190082644628099,0.19834710743801653,0.09504132231404959,0.37330950722222217,97.62566666666666,0.046875,0.078125,0.060240963855421686,0.140625,0.171875,0.203125,0.109375,0.3719692600000001,95.99133333333333,L,0.031161473087818695,0.04815864022662889,0.1671388101983003,0.5847107438016529,0.23229461756373937,0.0906515580736544,0.28281450132734415,100.55866666666667,16.733333333333334,R,3.0,0.0,0.0,0.027906976744186046,0.05581395348837209,0.06976744186046512,0,Daikin Park,85.4,65.0,10.7,0.0,0.5,1.0872048325096102,0.13634071415706048,633,,,,,,,,0.5,,,PASS
824882,2026-08-14 23:15:00+00:00,ARI,ATL,ATL,ARI,1,573262,Mike Yastrzemski,confirmed,7.0,4.0,694297,0.03571428571428571,0.061224489795918366,0.046511627906976744,0.23469387755102042,0.2653061224489796,0.2193877551020408,0.09693877551020408,0.32465047722222223,96.61266666666667,0.05,0.1,0.07407407407407407,0.325,0.2,0.3,0.075,0.3232905333333333,94.412,L,0.015503875968992248,0.050387596899224806,0.19767441860465115,0.4550561797752809,0.13178294573643412,0.050387596899224806,0.2656943702271693,99.93181818181819,17.545454545454547,R,2.0,0.0,0.0,0.02857142857142857,0.05714285714285714,0.047619047619047616,0,Truist Park,93.1,43.0,6.2,0.0,0.0,1.45,0.13541279520497687,638,,,,,,,,0.5,,,PASS
823346,2026-08-14 22:40:00+00:00,BOS,PIT,PIT,BOS,1,804668,Rafael Flores Jr.,confirmed,6.0,4.15,687562,0.08571428571428572,0.11428571428571428,0.1111111111111111,0.2,0.2571428571428571,0.2571428571428571,0.14285714285714285,0.3724372916666666,96.46333333333334,0.08571428571428572,0.11428571428571428,0.1111111111111111,0.2,0.2571428571428571,0.2571428571428571,0.14285714285714285,0.3724372916666666,96.46333333333334,R,0.01639344262295082,0.03934426229508197,0.1540983606557377,0.4603960396039604,0.18032786885245902,0.05245901639344262,0.27158001290520145,100.53846153846153,17.692307692307693,L,0.0,0.0,0.0,0.03,0.06,0.0,0,PNC Park,76.4,78.0,1.1,0.0,0.0,0.91554091158704,0.13485631741460213,642,,,,,,,,0.5,,,PASS
823346,2026-08-14 22:40:00+00:00,BOS,PIT,BOS,PIT,0,677800,Wilyer Abreu,confirmed,5.0,4.3,696149,0.057034220532319393,0.09505703422053231,0.0702247191011236,0.20912547528517111,0.3269961977186312,0.21292775665399238,0.11787072243346007,0.3595687048809524,96.83483333333334,0.08955223880597014,0.1044776119402985,0.08974358974358974,0.208955223880597,0.29850746268656714,0.16417910447761194,0.16417910447761194,0.43540365285714283,97.60133333333334,L,0.01488095238095238,0.03273809523809524,0.1636904761904762,0.5490196078431373,0.19345238095238096,0.10119047619047619,0.30318145727800644,99.82600000000001,15.333333333333334,R,0.0,0.0,0.0,0.03,0.06,0.0,0,PNC Park,76.4,78.0,1.1,0.0,0.0,0.91554091158704,0.1348297379494405,642,,,,,,,,0.5,,,PASS
824159,2026-08-15 00:10:00+00:00,SEA,HOU,SEA,HOU,0,668227,Randy Arozarena,confirmed,2.0,4.65,663567,0.0421455938697318,0.05747126436781609,0.0436046511627907,0.17624521072796934,0.29118773946360155,0.18773946360153257,0.09195402298850575,0.3563791961111111,97.63783333333335,0.046875,0.03125,0.021505376344086023,0.1875,0.296875,0.1875,0.109375,0.3138132133333334,97.58399999999999,R,0.031161473087818695,0.04815864022662889,0.1671388101983003,0.5847107438016529,0.23229461756373937,0.0906515580736544,0.28281450132734415,100.55866666666667,16.733333333333334,R,3.0,0.0,0.0,0.027906976744186046,0.05581395348837209,0.06976744186046512,1,Daikin Park,85.4,65.0,10.7,0.0,0.5,1.0872048325096102,0.13426226830254526,645,,,,,,,,0.5,,,PASS
822777,2026-08-14 23:15:00+00:00,NYY,TOR,NYY,TOR,0,671277,Luis García Jr.,confirmed,4.0,4.45,669456,0.08064516129032258,0.125,0.08378378378378379,0.23790322580645162,0.20967741935483872,0.15725806451612903,0.04435483870967742,0.35835374666666664,98.86933333333336,0.047619047619047616,0.15873015873015872,0.10526315789473684,0.3492063492063492,0.23809523809523808,0.12698412698412698,0.031746031746031744,0.32429467444444443,100.63199999999999,L,0.046153846153846156,0.07692307692307693,0.2,0.4488888888888889,0.1641025641025641,0.11794871794871795,0.41232147308117484,101.46333333333334,14.222222222222221,R,1.0,0.0,0.0,0.029268292682926828,0.058536585365853655,0.024390243902439025,0,Rogers Centre,77.8,49.0,3.0,0.0,0.5,0.65,0.13386535519019185,647,,,,,,,,0.5,,,PASS
824479,2026-08-14 22:10:00+00:00,MIA,CIN,CIN,MIA,1,663886,Tyler Stephenson,confirmed,4.0,4.45,645261,0.03829787234042553,0.08085106382978724,0.06484641638225255,0.225531914893617,0.2297872340425532,0.2425531914893617,0.09787234042553192,0.3519235841666667,95.80583333333333,0.047619047619047616,0.1111111111111111,0.07777777777777778,0.25396825396825395,0.19047619047619047,0.25396825396825395,0.12698412698412698,0.39704643,96.70666666666668,R,0.03178484107579462,0.044009779951100246,0.13691931540342298,0.5274336283185841,0.20293398533007334,0.05378973105134474,0.2945634546575464,100.37866666666666,19.6,R,3.0,0.0,0.0,0.027906976744186046,0.05581395348837209,0.06976744186046512,1,Great American Ball Park,82.8,66.0,1.6,0.0,0.0,0.9034943206451054,0.13299275779877767,652,,,,,,,,0.5,,,PASS
824882,2026-08-14 23:15:00+00:00,ARI,ATL,ATL,ARI,1,645277,Ozzie Albies,confirmed,5.0,4.3,694297,0.04263565891472868,0.03875968992248062,0.024330900243309004,0.21705426356589147,0.2868217054263566,0.16279069767441862,0.06976744186046512,0.28080479500000005,95.44516666666667,0.05084745762711865,0.05084745762711865,0.02631578947368421,0.288135593220339,0.288135593220339,0.0847457627118644,0.1016949152542373,0.3193552222222223,95.398,R,0.015503875968992248,0.050387596899224806,0.19767441860465115,0.4550561797752809,0.13178294573643412,0.050387596899224806,0.2656943702271693,99.93181818181819,17.545454545454547,R,2.0,0.0,0.0,0.02857142857142857,0.05714285714285714,0.047619047619047616,1,Truist Park,93.1,43.0,6.2,0.0,0.0,1.45,0.13293016849557,652,,,,,,,,0.5,,,PASS
822777,2026-08-14 23:15:00+00:00,NYY,TOR,NYY,TOR,0,663757,Trent Grisham,confirmed,1.0,4.75,669456,0.03861003861003861,0.05791505791505792,0.044642857142857144,0.2277992277992278,0.23552123552123552,0.17374517374517376,0.08494208494208494,0.3208017612301587,98.0625,0.06153846153846154,0.06153846153846154,0.04597701149425287,0.3076923076923077,0.2923076923076923,0.2153846153846154,0.03076923076923077,0.3100588777777777,98.64666666666668,L,0.046153846153846156,0.07692307692307693,0.2,0.4488888888888889,0.1641025641025641,0.11794871794871795,0.41232147308117484,101.46333333333334,14.222222222222221,R,0.0,0.0,0.0,0.03,0.06,0.0,0,Rogers Centre,77.8,49.0,3.0,0.0,0.5,0.65,0.13060016215174783,666,,,,,,,,0.5,,,PASS
824479,2026-08-14 22:10:00+00:00,MIA,CIN,MIA,CIN,0,683357,Owen Caissie,confirmed,7.0,4.0,695505,0.05670103092783505,0.08247422680412371,0.07207207207207207,0.20103092783505155,0.27319587628865977,0.36082474226804123,0.08247422680412371,0.29676894277777777,94.77733333333336,0.07692307692307693,0.07692307692307693,0.08163265306122448,0.25,0.28846153846153844,0.36538461538461536,0.07692307692307693,0.2960039544444444,96.86133333333332,L,0.02346041055718475,0.0469208211143695,0.187683284457478,0.5779816513761468,0.2844574780058651,0.0967741935483871,0.28026851446299433,100.03933333333335,16.133333333333333,R,0.0,0.0,0.0,0.03,0.06,0.0,0,Great American Ball Park,82.8,66.0,1.6,0.0,0.0,0.9034943206451054,0.1297003164398873,671,,,,,,,,0.5,,,PASS
824399,2026-08-14 23:10:00+00:00,SD,CLE,SD,CLE,0,664034,Ty France,confirmed,4.0,4.45,668909,0.050980392156862744,0.06666666666666667,0.04594594594594595,0.20392156862745098,0.34509803921568627,0.2235294117647059,0.054901960784313725,0.3241547672222222,97.80250000000002,0.015384615384615385,0.046153846153846156,0.03529411764705882,0.18461538461538463,0.27692307692307694,0.15384615384615385,0.06153846153846154,0.32591947222222223,99.306,R,0.04011461318051576,0.06017191977077364,0.18624641833810887,0.4888888888888889,0.34097421203438394,0.054441260744985676,0.28082369776885574,100.57066666666667,17.6,R,0.0,0.0,0.0,0.03,0.06,0.0,1,Progressive Field,79.1,69.0,5.9,0.0,0.0,1.0997219934102145,0.12927956135802934,674,,,,,,,,0.5,,,PASS
824399,2026-08-14 23:10:00+00:00,SD,CLE,SD,CLE,0,701538,Jackson Merrill,confirmed,5.0,4.3,668909,0.050387596899224806,0.08914728682170543,0.05778894472361809,0.27906976744186046,0.35658914728682173,0.2248062015503876,0.03875968992248062,0.33593472499999993,97.33416666666668,0.06557377049180328,0.14754098360655737,0.09782608695652174,0.3442622950819672,0.3770491803278688,0.19672131147540983,0.03278688524590164,0.42639651111111115,99.56066666666666,L,0.04011461318051576,0.06017191977077364,0.18624641833810887,0.4888888888888889,0.34097421203438394,0.054441260744985676,0.28082369776885574,100.57066666666667,17.6,R,0.0,0.0,0.0,0.03,0.06,0.0,0,Progressive Field,79.1,69.0,5.9,0.0,0.0,1.0997219934102145,0.12807113999248468,681,,,,,,,,0.5,,,PASS
824399,2026-08-14 23:10:00+00:00,SD,CLE,CLE,SD,1,694197,Angel Genao,confirmed,6.0,4.15,650633,0.034482758620689655,0.10344827586206896,0.09090909090909091,0.2413793103448276,0.13793103448275862,0.06896551724137931,0.034482758620689655,0.33586532142857145,99.83714285714287,0.034482758620689655,0.10344827586206896,0.09090909090909091,0.2413793103448276,0.13793103448275862,0.06896551724137931,0.034482758620689655,0.33586532142857145,99.83714285714287,L,0.030985915492957747,0.056338028169014086,0.16338028169014085,0.5238095238095238,0.19718309859154928,0.09295774647887324,0.3329824892497229,99.488,16.733333333333334,R,0.0,0.0,0.0,0.03,0.06,0.0,0,Progressive Field,79.1,69.0,5.9,0.0,0.0,1.0997219934102145,0.127606314061751,684,,,,,,,,0.5,,,PASS
822942,2026-08-14 23:10:00+00:00,BAL,TB,BAL,TB,0,702616,Jackson Holliday,confirmed,2.0,4.65,571927,0.027906976744186046,0.05116279069767442,0.04721030042918455,0.1813953488372093,0.22325581395348837,0.23255813953488372,0.13023255813953488,0.30810353135593216,92.05775862068967,0.01694915254237288,0.03389830508474576,0.03278688524590164,0.15254237288135594,0.13559322033898305,0.22033898305084745,0.11864406779661017,0.2874188022222222,90.38666666666667,L,0.046153846153846156,0.09743589743589744,0.2358974358974359,0.5667870036101083,0.18974358974358974,0.08717948717948718,0.3939719154335795,99.332,13.7,L,0.0,0.0,0.0,0.03,0.06,0.0,1,Tropicana Field,81.6,81.0,7.9,0.0,1.0,0.992432042833608,0.1274859221239301,684,,,,,,,,0.5,,,PASS
822942,2026-08-14 23:10:00+00:00,BAL,TB,TB,BAL,1,683748,Victor Mesa Jr.,confirmed,6.0,4.15,605135,0.06060606060606061,0.09090909090909091,0.06756756756756757,0.23636363636363636,0.2909090909090909,0.22424242424242424,0.09090909090909091,0.30513170077519375,95.18488372093024,0.034482758620689655,0.10344827586206896,0.07792207792207792,0.27586206896551724,0.29310344827586204,0.22413793103448276,0.05172413793103448,0.2808733577777778,96.33666666666666,L,0.02727272727272727,0.031818181818181815,0.15,0.4280701754385965,0.12272727272727273,0.09545454545454546,0.36303257202926786,100.077,13.3,R,0.0,0.0,0.0,0.03,0.06,0.0,0,Tropicana Field,81.6,81.0,7.9,0.0,1.0,0.992432042833608,0.12675738465708514,689,,,,,,,,0.5,,,PASS
824479,2026-08-14 22:10:00+00:00,MIA,CIN,CIN,MIA,1,668709,JJ Bleday,confirmed,3.0,4.55,645261,0.042801556420233464,0.05058365758754864,0.040625,0.21011673151750973,0.24124513618677043,0.23346303501945526,0.13618677042801555,0.3274432338888889,96.00166666666665,0.047619047619047616,0.06349206349206349,0.05194805194805195,0.2698412698412698,0.15873015873015872,0.2698412698412698,0.15873015873015872,0.31090935222222227,96.93066666666667,L,0.03178484107579462,0.044009779951100246,0.13691931540342298,0.5274336283185841,0.20293398533007334,0.05378973105134474,0.2945634546575464,100.37866666666666,19.6,R,0.0,0.0,0.0,0.03,0.06,0.0,0,Great American Ball Park,82.8,66.0,1.6,0.0,0.0,0.9034943206451054,0.1262245400467999,692,,,,,,,,0.5,,,PASS
824399,2026-08-14 23:10:00+00:00,SD,CLE,CLE,SD,1,800050,Chase DeLauter,confirmed,2.0,4.65,650633,0.02631578947368421,0.04887218045112782,0.036619718309859155,0.18421052631578946,0.21428571428571427,0.17669172932330826,0.09398496240601503,0.33876783361111124,98.98049999999999,0.028169014084507043,0.04225352112676056,0.033707865168539325,0.19718309859154928,0.23943661971830985,0.15492957746478872,0.14084507042253522,0.3583662666666667,98.68200000000002,L,0.030985915492957747,0.056338028169014086,0.16338028169014085,0.5238095238095238,0.19718309859154928,0.09295774647887324,0.3329824892497229,99.488,16.733333333333334,R,0.0,0.0,0.0,0.03,0.06,0.0,0,Progressive Field,79.1,69.0,5.9,0.0,0.0,1.0997219934102145,0.1251051980683043,699,,,,,,,,0.5,,,PASS
824399,2026-08-14 23:10:00+00:00,SD,CLE,CLE,SD,1,663993,Nathaniel Lowe,confirmed,4.0,4.45,650633,0.03829787234042553,0.059574468085106386,0.0440251572327044,0.17446808510638298,0.2680851063829787,0.2553191489361702,0.09361702127659574,0.32136092499999996,95.13983333333334,0.03076923076923077,0.03076923076923077,0.020202020202020204,0.2,0.3384615384615385,0.16923076923076924,0.046153846153846156,0.32091719555555553,97.93800000000002,L,0.030985915492957747,0.056338028169014086,0.16338028169014085,0.5238095238095238,0.19718309859154928,0.09295774647887324,0.3329824892497229,99.488,16.733333333333334,R,3.0,0.0,0.0,0.027906976744186046,0.05581395348837209,0.06976744186046512,0,Progressive Field,79.1,69.0,5.9,0.0,0.0,1.0997219934102145,0.12471983709923803,702,,,,,,,,0.5,,,PASS
824882,2026-08-14 23:15:00+00:00,ARI,ATL,ARI,ATL,0,571448,Nolan Arenado,confirmed,5.0,4.3,519242,0.045081967213114756,0.05327868852459016,0.039634146341463415,0.18442622950819673,0.2459016393442623,0.20901639344262296,0.0942622950819672,0.2710814269444445,94.71883333333335,0.0625,0.046875,0.031578947368421054,0.1875,0.265625,0.140625,0.09375,0.29107418,93.36266666666666,R,0.008379888268156424,0.030726256983240222,0.12569832402234637,0.4611973392461197,0.31564245810055863,0.05307262569832402,0.2708647496895092,99.83066666666667,17.4,L,0.0,0.0,0.0,0.03,0.06,0.0,0,Truist Park,93.1,43.0,6.2,0.0,0.0,1.45,0.12458950786378556,703,,,,,,,,0.5,,,PASS
822942,2026-08-14 23:10:00+00:00,BAL,TB,BAL,TB,0,681297,Colton Cowser,confirmed,8.0,3.85,571927,0.03333333333333333,0.06190476190476191,0.05555555555555555,0.1761904761904762,0.24285714285714285,0.3238095238095238,0.12380952380952381,0.3195873783333333,94.37338983050849,0.020833333333333332,0.041666666666666664,0.037037037037037035,0.1875,0.2916666666666667,0.2916666666666667,0.14583333333333334,0.29247838222222217,97.456,L,0.046153846153846156,0.09743589743589744,0.2358974358974359,0.5667870036101083,0.18974358974358974,0.08717948717948718,0.3939719154335795,99.332,13.7,L,0.0,0.0,0.0,0.03,0.06,0.0,1,Tropicana Field,81.6,81.0,7.9,0.0,1.0,0.992432042833608,0.12290180209972129,714,,,,,,,,0.5,,,PASS
824237,2026-08-14 22:40:00+00:00,CWS,DET,CWS,DET,0,695657,Colson Montgomery,confirmed,6.0,4.15,695549,0.05058365758754864,0.06614785992217899,0.05964912280701754,0.19066147859922178,0.21011673151750973,0.3540856031128405,0.07392996108949416,0.28074196615079366,95.66586206896554,0.030303030303030304,0.045454545454545456,0.04054054054054054,0.13636363636363635,0.15151515151515152,0.4090909090909091,0.07575757575757576,0.2219367023809524,95.69333333333333,L,0.0,0.0625,0.0625,0.5652173913043478,0.25,0.0625,0.2570545,101.0,15.0,R,0.0,0.0,0.0,0.03,0.06,0.0,0,Comerica Park,80.8,59.0,8.6,0.0,0.0,0.8314971169686985,0.12225627817326491,718,,,,,,,,0.5,,,PASS
822942,2026-08-14 23:10:00+00:00,BAL,TB,TB,BAL,1,666018,Jonathan Aranda,confirmed,2.0,4.65,605135,0.0149812734082397,0.0449438202247191,0.032432432432432434,0.1760299625468165,0.26591760299625467,0.2247191011235955,0.08614232209737828,0.3193321858333333,96.55766666666668,0.014705882352941176,0.058823529411764705,0.0392156862745098,0.19117647058823528,0.2647058823529412,0.22058823529411764,0.058823529411764705,0.3326127377777778,97.02600000000001,L,0.02727272727272727,0.031818181818181815,0.15,0.4280701754385965,0.12272727272727273,0.09545454545454546,0.36303257202926786,100.077,13.3,R,0.0,0.0,0.0,0.03,0.06,0.0,0,Tropicana Field,81.6,81.0,7.9,0.0,1.0,0.992432042833608,0.12175315275676564,721,,,,,,,,0.5,,,PASS
824159,2026-08-15 00:10:00+00:00,SEA,HOU,SEA,HOU,0,677594,Julio Rodríguez,confirmed,4.0,4.45,663567,0.03861003861003861,0.06563706563706563,0.05120481927710843,0.20077220077220076,0.22393822393822393,0.1891891891891892,0.08494208494208494,0.36563429888888893,99.2155,0.0625,0.0625,0.05,0.234375,0.296875,0.21875,0.140625,0.39083215666666665,98.052,R,0.031161473087818695,0.04815864022662889,0.1671388101983003,0.5847107438016529,0.23229461756373937,0.0906515580736544,0.28281450132734415,100.55866666666667,16.733333333333334,R,3.0,1.0,1.0,0.051162790697674425,0.07906976744186046,0.06976744186046512,1,Daikin Park,85.4,65.0,10.7,0.0,0.5,1.0872048325096102,0.1197831230889254,735,,,,,,,,0.5,,,PASS
822942,2026-08-14 23:10:00+00:00,BAL,TB,TB,BAL,1,650490,Yandy Díaz,confirmed,1.0,4.75,605135,0.022222222222222223,0.037037037037037035,0.02577319587628866,0.16666666666666666,0.21851851851851853,0.15555555555555556,0.07777777777777778,0.33705086416666663,98.50983333333335,0.043478260869565216,0.057971014492753624,0.03669724770642202,0.21739130434782608,0.2898550724637681,0.14492753623188406,0.043478260869565216,0.3513955944444445,98.44733333333333,R,0.02727272727272727,0.031818181818181815,0.15,0.4280701754385965,0.12272727272727273,0.09545454545454546,0.36303257202926786,100.077,13.3,R,0.0,0.0,0.0,0.03,0.06,0.0,1,Tropicana Field,81.6,81.0,7.9,0.0,1.0,0.992432042833608,0.11934021321367262,738,,,,,,,,0.5,,,PASS
823591,2026-08-14 23:10:00+00:00,WSH,NYM,NYM,WSH,1,682626,Francisco Alvarez,confirmed,6.0,4.15,674841,0.038135593220338986,0.09322033898305085,0.0830188679245283,0.211864406779661,0.2330508474576271,0.3050847457627119,0.1059322033898305,0.3250956427777778,96.17423728813559,0.016666666666666666,0.08333333333333333,0.09259259259259259,0.15,0.2833333333333333,0.31666666666666665,0.21666666666666667,0.3520610455555556,95.68785714285714,R,0.005376344086021506,0.016129032258064516,0.12903225806451613,0.3394495412844037,0.1989247311827957,0.11827956989247312,0.3119673440770135,100.96444444444445,13.777777777777779,L,0.0,0.0,0.0,0.03,0.06,0.0,0,Citi Field,79.9,53.0,5.5,0.0,0.0,0.9387870675453048,0.11903122163616259,740,,,,,,,,0.5,,,PASS
824159,2026-08-15 00:10:00+00:00,SEA,HOU,HOU,SEA,1,662139,Daulton Varsho,confirmed,6.0,4.15,669923,0.012552301255230125,0.04602510460251046,0.03133903133903134,0.20920502092050208,0.27615062761506276,0.200836820083682,0.08368200836820083,0.2754158108333333,95.63566666666664,0.01639344262295082,0.03278688524590164,0.022727272727272728,0.21311475409836064,0.2786885245901639,0.22950819672131148,0.11475409836065574,0.2622374655555555,95.86200000000002,L,0.03287671232876712,0.0684931506849315,0.1917808219178082,0.525390625,0.2136986301369863,0.04657534246575343,0.3229291597115445,101.58866666666668,17.133333333333333,R,0.0,0.0,0.0,0.03,0.06,0.0,0,Daikin Park,85.4,65.0,10.7,0.0,0.5,1.0872048325096102,0.11777016744699591,749,,,,,,,,0.5,,,PASS
824882,2026-08-14 23:15:00+00:00,ARI,ATL,ARI,ATL,0,694374,Tim Tawa,confirmed,7.0,4.0,519242,0.03278688524590164,0.0546448087431694,0.043859649122807015,0.16939890710382513,0.2568306010928962,0.21311475409836064,0.060109289617486336,0.28904135531914893,97.22425531914895,0.03278688524590164,0.04918032786885246,0.043478260869565216,0.09836065573770492,0.2459016393442623,0.26229508196721313,0.04918032786885246,0.27324998222222224,100.35399999999998,R,0.008379888268156424,0.030726256983240222,0.12569832402234637,0.4611973392461197,0.31564245810055863,0.05307262569832402,0.2708647496895092,99.83066666666667,17.4,L,0.0,0.0,0.0,0.03,0.06,0.0,0,Truist Park,93.1,43.0,6.2,0.0,0.0,1.45,0.11738994078256139,752,,,,,,,,0.5,,,PASS
822777,2026-08-14 23:15:00+00:00,NYY,TOR,TOR,NYY,1,672960,Kazuma Okamoto,confirmed,7.0,4.0,543037,0.048,0.06,0.0473186119873817,0.212,0.24,0.3,0.076,0.2841644805555556,96.13933333333334,0.0,0.0,0.0,0.2,0.27692307692307694,0.3076923076923077,0.046153846153846156,0.20945512666666669,94.86799999999998,R,0.03343465045592705,0.057750759878419454,0.20972644376899696,0.6004618937644342,0.26443768996960487,0.05167173252279635,0.28494900087797526,101.08714285714288,17.142857142857142,R,0.0,0.0,0.0,0.03,0.06,0.0,1,Rogers Centre,77.8,49.0,3.0,0.0,0.5,0.65,0.11571227241840433,764,,,,,,,,0.5,,,PASS
822777,2026-08-14 23:15:00+00:00,NYY,TOR,NYY,TOR,0,671218,Heliot Ramos,confirmed,6.0,4.15,669456,0.027777777777777776,0.08333333333333333,0.06287425149700598,0.1984126984126984,0.2698412698412698,0.25793650793650796,0.05555555555555555,0.3199086177777778,97.99483333333336,0.0,0.015384615384615385,0.0136986301369863,0.15384615384615385,0.24615384615384617,0.2923076923076923,0.1076923076923077,0.24331445222222223,94.59,R,0.046153846153846156,0.07692307692307693,0.2,0.4488888888888889,0.1641025641025641,0.11794871794871795,0.41232147308117484,101.46333333333334,14.222222222222221,R,0.0,0.0,0.0,0.03,0.06,0.0,1,Rogers Centre,77.8,49.0,3.0,0.0,0.5,0.65,0.11423664304525936,775,,,,,,,,0.5,,,PASS
824159,2026-08-15 00:10:00+00:00,SEA,HOU,HOU,SEA,1,670623,Isaac Paredes,confirmed,3.0,4.55,669923,0.033962264150943396,0.04150943396226415,0.027160493827160494,0.24150943396226415,0.28679245283018867,0.12452830188679245,0.09811320754716982,0.33187355333333335,95.58483333333334,0.014705882352941176,0.014705882352941176,0.009174311926605505,0.19117647058823528,0.3235294117647059,0.08823529411764706,0.08823529411764706,0.32691868000000013,94.46533333333333,R,0.03287671232876712,0.0684931506849315,0.1917808219178082,0.525390625,0.2136986301369863,0.04657534246575343,0.3229291597115445,101.58866666666668,17.133333333333333,R,6.0,0.0,0.0,0.02608695652173913,0.05217391304347826,0.13043478260869565,1,Daikin Park,85.4,65.0,10.7,0.0,0.5,1.0872048325096102,0.11336737701313389,782,,,,,,,,0.5,,,PASS
824399,2026-08-14 23:10:00+00:00,SD,CLE,CLE,SD,1,682657,Angel Martínez,confirmed,3.0,4.55,650633,0.04365079365079365,0.06349206349206349,0.04519774011299435,0.1626984126984127,0.28174603174603174,0.23412698412698413,0.01984126984126984,0.2932786366666667,94.94466666666668,0.03278688524590164,0.08196721311475409,0.06944444444444445,0.18032786885245902,0.26229508196721313,0.2459016393442623,0.01639344262295082,0.3127056444444445,91.06533333333333,R,0.030985915492957747,0.056338028169014086,0.16338028169014085,0.5238095238095238,0.19718309859154928,0.09295774647887324,0.3329824892497229,99.488,16.733333333333334,R,0.0,0.0,0.0,0.03,0.06,0.0,1,Progressive Field,79.1,69.0,5.9,0.0,0.0,1.0997219934102145,0.1124746790883154,789,,,,,,,,0.5,,,PASS
824159,2026-08-15 00:10:00+00:00,SEA,HOU,SEA,HOU,0,702284,Cole Young,confirmed,1.0,4.75,663567,0.04081632653061224,0.0326530612244898,0.022408963585434174,0.17551020408163265,0.2693877551020408,0.11836734693877551,0.044897959183673466,0.32578563916666664,97.91883333333334,0.015625,0.015625,0.011627906976744186,0.109375,0.15625,0.09375,0.078125,0.29868379,99.796,L,0.031161473087818695,0.04815864022662889,0.1671388101983003,0.5847107438016529,0.23229461756373937,0.0906515580736544,0.28281450132734415,100.55866666666667,16.733333333333334,R,3.0,0.0,0.0,0.027906976744186046,0.05581395348837209,0.06976744186046512,0,Daikin Park,85.4,65.0,10.7,0.0,0.5,1.0872048325096102,0.11067399522244803,804,,,,,,,,0.5,,,PASS
824237,2026-08-14 22:40:00+00:00,CWS,DET,DET,CWS,1,693307,Dillon Dingler,confirmed,2.0,4.65,656794,0.05947955390334572,0.06691449814126393,0.05187319884726225,0.20817843866171004,0.26022304832713755,0.22676579925650558,0.03717472118959108,0.34194845555555564,96.71066666666665,0.05333333333333334,0.06666666666666667,0.04854368932038835,0.13333333333333333,0.25333333333333335,0.25333333333333335,0.04,0.28303717888888885,94.192,R,0.0,0.0,0.0,0.5454545454545454,0.4444444444444444,0.0,0.17777777777777778,99.8,9.0,L,2.0,0.0,0.0,0.02857142857142857,0.05714285714285714,0.047619047619047616,0,Comerica Park,80.8,59.0,8.6,0.0,0.0,0.8314971169686985,0.11032290664171143,806,,,,,,,,0.5,,,PASS
824399,2026-08-14 23:10:00+00:00,SD,CLE,SD,CLE,0,669134,Luis Campusano,confirmed,6.0,4.15,668909,0.03731343283582089,0.05970149253731343,0.04790419161676647,0.22388059701492538,0.1865671641791045,0.22388059701492538,0.12686567164179105,0.33442467149122806,95.0205263157895,0.017543859649122806,0.05263157894736842,0.03896103896103896,0.22807017543859648,0.22807017543859648,0.17543859649122806,0.12280701754385964,0.3358288511111111,95.78600000000002,R,0.04011461318051576,0.06017191977077364,0.18624641833810887,0.4888888888888889,0.34097421203438394,0.054441260744985676,0.28082369776885574,100.57066666666667,17.6,R,0.0,0.0,0.0,0.03,0.06,0.0,1,Progressive Field,79.1,69.0,5.9,0.0,0.0,1.0997219934102145,0.1093822544451731,814,,,,,,,,0.5,,,PASS
824399,2026-08-14 23:10:00+00:00,SD,CLE,SD,CLE,0,630105,Jake Cronenworth,confirmed,2.0,4.65,668909,0.012448132780082987,0.029045643153526972,0.021671826625386997,0.15767634854771784,0.22406639004149378,0.2074688796680498,0.0912863070539419,0.28315334388888885,94.00949999999999,0.0,0.0,0.0,0.09230769230769231,0.24615384615384617,0.2153846153846154,0.046153846153846156,0.2012080577777778,93.29,L,0.04011461318051576,0.06017191977077364,0.18624641833810887,0.4888888888888889,0.34097421203438394,0.054441260744985676,0.28082369776885574,100.57066666666667,17.6,R,0.0,0.0,0.0,0.03,0.06,0.0,0,Progressive Field,79.1,69.0,5.9,0.0,0.0,1.0997219934102145,0.10881769492107406,819,,,,,,,,0.5,,,PASS
823346,2026-08-14 22:40:00+00:00,BOS,PIT,BOS,PIT,0,668939,Adley Rutschman,confirmed,3.0,4.55,696149,0.030418250950570342,0.053231939163498096,0.03954802259887006,0.20152091254752852,0.3155893536121673,0.1482889733840304,0.10646387832699619,0.33811218833333345,96.26616666666669,0.0,0.0,0.0,0.12307692307692308,0.2923076923076923,0.13846153846153847,0.15384615384615385,0.31813765666666666,93.626,L,0.01488095238095238,0.03273809523809524,0.1636904761904762,0.5490196078431373,0.19345238095238096,0.10119047619047619,0.30318145727800644,99.82600000000001,15.333333333333334,R,0.0,0.0,0.0,0.03,0.06,0.0,0,PNC Park,76.4,78.0,1.1,0.0,0.0,0.91554091158704,0.10782514264207785,827,,,,,,,,0.5,,,PASS
823591,2026-08-14 23:10:00+00:00,WSH,NYM,NYM,WSH,1,673357,Luis Robert Jr.,confirmed,4.0,4.45,674841,0.037037037037037035,0.037037037037037035,0.02926829268292683,0.16049382716049382,0.19753086419753085,0.2345679012345679,0.09876543209876543,0.302924376754386,98.65999999999998,0.06153846153846154,0.06153846153846154,0.046511627906976744,0.1076923076923077,0.26153846153846155,0.3230769230769231,0.046153846153846156,0.27947295555555557,95.07533333333332,R,0.005376344086021506,0.016129032258064516,0.12903225806451613,0.3394495412844037,0.1989247311827957,0.11827956989247312,0.3119673440770135,100.96444444444445,13.777777777777779,L,0.0,0.0,0.0,0.03,0.06,0.0,0,Citi Field,79.9,53.0,5.5,0.0,0.0,0.9387870675453048,0.10728498838518502,832,,,,,,,,0.5,,,PASS
824159,2026-08-15 00:10:00+00:00,SEA,HOU,HOU,SEA,1,572233,Christian Walker,confirmed,7.0,4.0,669923,0.027450980392156862,0.03529411764705882,0.02654867256637168,0.15294117647058825,0.23529411764705882,0.26666666666666666,0.08627450980392157,0.2689063275,96.89733333333332,0.03076923076923077,0.046153846153846156,0.033707865168539325,0.2,0.26153846153846155,0.2153846153846154,0.13846153846153847,0.36638050111111103,100.25600000000001,R,0.03287671232876712,0.0684931506849315,0.1917808219178082,0.525390625,0.2136986301369863,0.04657534246575343,0.3229291597115445,101.58866666666668,17.133333333333333,R,6.0,0.0,0.0,0.02608695652173913,0.05217391304347826,0.13043478260869565,1,Daikin Park,85.4,65.0,10.7,0.0,0.5,1.0872048325096102,0.10724265541004273,832,,,,,,,,0.5,,,PASS
824399,2026-08-14 23:10:00+00:00,SD,CLE,CLE,SD,1,683953,Travis Bazzana,confirmed,5.0,4.3,650633,0.022988505747126436,0.02681992337164751,0.020527859237536656,0.1839080459770115,0.23371647509578544,0.23754789272030652,0.11494252873563218,0.27847829444444444,95.40016666666666,0.0,0.016666666666666666,0.0125,0.23333333333333334,0.3,0.23333333333333334,0.11666666666666667,0.29478165111111115,95.96000000000001,L,0.030985915492957747,0.056338028169014086,0.16338028169014085,0.5238095238095238,0.19718309859154928,0.09295774647887324,0.3329824892497229,99.488,16.733333333333334,R,0.0,0.0,0.0,0.03,0.06,0.0,0,Progressive Field,79.1,69.0,5.9,0.0,0.0,1.0997219934102145,0.10711259602382843,834,,,,,,,,0.5,,,PASS
823346,2026-08-14 22:40:00+00:00,BOS,PIT,BOS,PIT,0,680776,Jarren Duran,confirmed,7.0,4.0,696149,0.03137254901960784,0.050980392156862744,0.0436241610738255,0.13725490196078433,0.23137254901960785,0.28627450980392155,0.06274509803921569,0.28132601222222225,96.64033333333333,0.046875,0.046875,0.039473684210526314,0.140625,0.234375,0.21875,0.078125,0.31304425999999996,98.288,L,0.01488095238095238,0.03273809523809524,0.1636904761904762,0.5490196078431373,0.19345238095238096,0.10119047619047619,0.30318145727800644,99.82600000000001,15.333333333333334,R,0.0,0.0,0.0,0.03,0.06,0.0,0,PNC Park,76.4,78.0,1.1,0.0,0.0,0.91554091158704,0.10675642284188382,837,,,,,,,,0.5,,,PASS
824882,2026-08-14 23:15:00+00:00,ARI,ATL,ARI,ATL,0,682988,Tyler Locklear,confirmed,8.0,3.85,519242,0.02857142857142857,0.11428571428571428,0.08695652173913043,0.2571428571428571,0.2571428571428571,0.17142857142857143,0.11428571428571428,0.34646202962962963,94.19777777777777,0.02857142857142857,0.11428571428571428,0.08695652173913043,0.2571428571428571,0.2571428571428571,0.17142857142857143,0.11428571428571428,0.34646202962962963,94.19777777777777,R,0.008379888268156424,0.030726256983240222,0.12569832402234637,0.4611973392461197,0.31564245810055863,0.05307262569832402,0.2708647496895092,99.83066666666667,17.4,L,0.0,0.0,0.0,0.03,0.06,0.0,0,Truist Park,93.1,43.0,6.2,0.0,0.0,1.45,0.10672740839616661,837,,,,,,,,0.5,,,PASS
823591,2026-08-14 23:10:00+00:00,WSH,NYM,WSH,NYM,0,695734,Daylen Lile,confirmed,4.0,4.45,476594,0.03225806451612903,0.06048387096774194,0.0395778364116095,0.20161290322580644,0.3346774193548387,0.18951612903225806,0.04032258064516129,0.29184667138888887,94.87433333333334,0.06557377049180328,0.08196721311475409,0.05154639175257732,0.2786885245901639,0.36065573770491804,0.22950819672131148,0.03278688524590164,0.3284969944444444,95.90733333333333,L,0.023809523809523808,0.07142857142857142,0.11904761904761904,0.5384615384615384,0.19047619047619047,0.11904761904761904,0.35086354861111113,98.77,11.5,R,0.0,0.0,0.0,0.03,0.06,0.0,0,Citi Field,79.9,53.0,5.5,0.0,0.0,0.9387870675453048,0.10632065083047713,841,,,,,,,,0.5,,,PASS
824159,2026-08-15 00:10:00+00:00,SEA,HOU,HOU,SEA,1,701358,Cam Smith,confirmed,8.0,3.85,669923,0.04897959183673469,0.06938775510204082,0.050746268656716415,0.22448979591836735,0.20816326530612245,0.2163265306122449,0.061224489795918366,0.3237159041666666,99.016,0.0625,0.078125,0.05555555555555555,0.296875,0.234375,0.265625,0.046875,0.31727062000000006,102.39266666666666,R,0.03287671232876712,0.0684931506849315,0.1917808219178082,0.525390625,0.2136986301369863,0.04657534246575343,0.3229291597115445,101.58866666666668,17.133333333333333,R,5.0,0.0,1.0,0.026666666666666665,0.07555555555555556,0.1111111111111111,1,Daikin Park,85.4,65.0,10.7,0.0,0.5,1.0872048325096102,0.10370478758534543,864,,,,,,,,0.5,,,PASS
824479,2026-08-14 22:10:00+00:00,MIA,CIN,CIN,MIA,1,669911,Michael Toglia,confirmed,6.0,4.15,645261,0.0,0.0,0.0,0.0,0.3333333333333333,1.0,0.0,0.0,78.80000000000001,0.0,0.0,0.0,0.0,0.3333333333333333,1.0,0.0,0.0,78.80000000000001,L,0.03178484107579462,0.044009779951100246,0.13691931540342298,0.5274336283185841,0.20293398533007334,0.05378973105134474,0.2945634546575464,100.37866666666666,19.6,R,0.0,0.0,0.0,0.03,0.06,0.0,0,Great American Ball Park,82.8,66.0,1.6,0.0,0.0,0.9034943206451054,0.10344213179783289,867,,,,,,,,0.5,,,PASS
824882,2026-08-14 23:15:00+00:00,ARI,ATL,ARI,ATL,0,672695,Geraldo Perdomo,confirmed,1.0,4.75,519242,0.022388059701492536,0.022388059701492536,0.016901408450704224,0.13805970149253732,0.22761194029850745,0.11940298507462686,0.14925373134328357,0.33321081234126987,94.31366666666665,0.014492753623188406,0.028985507246376812,0.02197802197802198,0.15942028985507245,0.3188405797101449,0.14492753623188406,0.07246376811594203,0.33447360047619046,95.236,L,0.008379888268156424,0.030726256983240222,0.12569832402234637,0.4611973392461197,0.31564245810055863,0.05307262569832402,0.2708647496895092,99.83066666666667,17.4,L,0.0,0.0,0.0,0.03,0.06,0.0,1,Truist Park,93.1,43.0,6.2,0.0,0.0,1.45,0.10199587318070377,880,,,,,,,,0.5,,,PASS
822777,2026-08-14 23:15:00+00:00,NYY,TOR,TOR,NYY,1,665489,Vladimir Guerrero Jr.,confirmed,3.0,4.55,543037,0.01556420233463035,0.05058365758754864,0.040625,0.12840466926070038,0.21011673151750973,0.15953307392996108,0.07003891050583658,0.30033117416666666,98.4505,0.015873015873015872,0.047619047619047616,0.037037037037037035,0.09523809523809523,0.1746031746031746,0.15873015873015872,0.047619047619047616,0.27246388,98.85999999999997,R,0.03343465045592705,0.057750759878419454,0.20972644376899696,0.6004618937644342,0.26443768996960487,0.05167173252279635,0.28494900087797526,101.08714285714288,17.142857142857142,R,0.0,0.0,0.0,0.03,0.06,0.0,1,Rogers Centre,77.8,49.0,3.0,0.0,0.5,0.65,0.10106152937839523,889,,,,,,,,0.5,,,PASS
824479,2026-08-14 22:10:00+00:00,MIA,CIN,MIA,CIN,0,672640,Otto Lopez,confirmed,3.0,4.55,695505,0.01858736059479554,0.03717472118959108,0.02967359050445104,0.15613382899628253,0.17472118959107807,0.10408921933085502,0.055762081784386616,0.3054842202777778,97.06099999999999,0.0,0.015151515151515152,0.011494252873563218,0.15151515151515152,0.16666666666666666,0.07575757575757576,0.015151515151515152,0.22833675555555555,96.71666666666667,R,0.02346041055718475,0.0469208211143695,0.187683284457478,0.5779816513761468,0.2844574780058651,0.0967741935483871,0.28026851446299433,100.03933333333335,16.133333333333333,R,0.0,0.0,0.0,0.03,0.06,0.0,1,Great American Ball Park,82.8,66.0,1.6,0.0,0.0,0.9034943206451054,0.10082094863115444,892,,,,,,,,0.5,,,PASS
823346,2026-08-14 22:40:00+00:00,BOS,PIT,BOS,PIT,0,807799,Masataka Yoshida,confirmed,2.0,4.65,696149,0.0205761316872428,0.03292181069958848,0.024922118380062305,0.1728395061728395,0.3045267489711934,0.1111111111111111,0.06995884773662552,0.3153551875,96.09966666666666,0.016129032258064516,0.04838709677419355,0.039473684210526314,0.22580645161290322,0.3064516129032258,0.0967741935483871,0.0967741935483871,0.2852125255555556,95.60999999999999,L,0.01488095238095238,0.03273809523809524,0.1636904761904762,0.5490196078431373,0.19345238095238096,0.10119047619047619,0.30318145727800644,99.82600000000001,15.333333333333334,R,0.0,0.0,0.0,0.03,0.06,0.0,0,PNC Park,76.4,78.0,1.1,0.0,0.0,0.91554091158704,0.09916825289266563,908,,,,,,,,0.5,,,PASS
822942,2026-08-14 23:10:00+00:00,BAL,TB,BAL,TB,0,665750,Leody Taveras,confirmed,7.0,4.0,571927,0.01646090534979424,0.02880658436213992,0.022292993630573247,0.12345679012345678,0.18106995884773663,0.27983539094650206,0.07407407407407407,0.2399476986111111,91.97183333333334,0.03333333333333333,0.03333333333333333,0.025,0.1,0.16666666666666666,0.26666666666666666,0.08333333333333333,0.22540869888888884,93.62400000000001,L,0.046153846153846156,0.09743589743589744,0.2358974358974359,0.5667870036101083,0.18974358974358974,0.08717948717948718,0.3939719154335795,99.332,13.7,L,2.0,0.0,0.0,0.02857142857142857,0.05714285714285714,0.047619047619047616,1,Tropicana Field,81.6,81.0,7.9,0.0,1.0,0.992432042833608,0.09855248756501665,915,,,,,,,,0.5,,,PASS
824237,2026-08-14 22:40:00+00:00,CWS,DET,DET,CWS,1,679529,Spencer Torkelson,confirmed,6.0,4.15,656794,0.044,0.068,0.05555555555555555,0.176,0.252,0.292,0.1,0.3120630125,96.46133333333333,0.014705882352941176,0.04411764705882353,0.03488372093023256,0.17647058823529413,0.22058823529411764,0.17647058823529413,0.10294117647058823,0.34065747333333335,97.51733333333335,R,0.0,0.0,0.0,0.5454545454545454,0.4444444444444444,0.0,0.17777777777777778,99.8,9.0,L,1.0,0.0,0.0,0.029268292682926828,0.058536585365853655,0.024390243902439025,0,Comerica Park,80.8,59.0,8.6,0.0,0.0,0.8314971169686985,0.09767693301874103,924,,,,,,,,0.5,,,PASS
823346,2026-08-14 22:40:00+00:00,BOS,PIT,BOS,PIT,0,686765,Nick Sogard,confirmed,1.0,4.75,696149,0.0,0.00909090909090909,0.0078125,0.13636363636363635,0.21818181818181817,0.15454545454545454,0.15454545454545454,0.298947221047619,93.2732,0.0,0.014285714285714285,0.011764705882352941,0.15714285714285714,0.24285714285714285,0.15714285714285714,0.17142857142857143,0.30095760841269836,95.04466666666667,L,0.01488095238095238,0.03273809523809524,0.1636904761904762,0.5490196078431373,0.19345238095238096,0.10119047619047619,0.30318145727800644,99.82600000000001,15.333333333333334,R,0.0,0.0,0.0,0.03,0.06,0.0,0,PNC Park,76.4,78.0,1.1,0.0,0.0,0.91554091158704,0.09763339969700467,924,,,,,,,,0.5,,,PASS
823591,2026-08-14 23:10:00+00:00,WSH,NYM,NYM,WSH,1,805999,A.J. Ewing,confirmed,1.0,4.75,674841,0.019157088122605363,0.0421455938697318,0.032640949554896145,0.13026819923371646,0.27586206896551724,0.24521072796934865,0.08812260536398467,0.3111485402777777,95.65016666666665,0.0,0.07142857142857142,0.053763440860215055,0.18571428571428572,0.2714285714285714,0.2,0.1,0.3352888855555555,97.07066666666668,L,0.005376344086021506,0.016129032258064516,0.12903225806451613,0.3394495412844037,0.1989247311827957,0.11827956989247312,0.3119673440770135,100.96444444444445,13.777777777777779,L,1.0,0.0,0.0,0.029268292682926828,0.058536585365853655,0.024390243902439025,1,Citi Field,79.9,53.0,5.5,0.0,0.0,0.9387870675453048,0.09732052915149125,928,,,,,,,,0.5,,,PASS
824882,2026-08-14 23:15:00+00:00,ARI,ATL,ARI,ATL,0,672515,Gabriel Moreno,confirmed,3.0,4.55,519242,0.018726591760299626,0.033707865168539325,0.023622047244094488,0.15730337078651685,0.31086142322097376,0.11610486891385768,0.12359550561797752,0.37808217833333335,96.20166666666665,0.014285714285714285,0.02857142857142857,0.01834862385321101,0.21428571428571427,0.4,0.14285714285714285,0.08571428571428572,0.32438811444444443,96.17800000000001,R,0.008379888268156424,0.030726256983240222,0.12569832402234637,0.4611973392461197,0.31564245810055863,0.05307262569832402,0.2708647496895092,99.83066666666667,17.4,L,0.0,0.0,0.0,0.03,0.06,0.0,0,Truist Park,93.1,43.0,6.2,0.0,0.0,1.45,0.0971951797055339,929,,,,,,,,0.5,,,PASS
824237,2026-08-14 22:40:00+00:00,CWS,DET,CWS,DET,0,643217,Andrew Benintendi,confirmed,4.0,4.45,695549,0.04017857142857143,0.05357142857142857,0.040955631399317405,0.20982142857142858,0.23214285714285715,0.19196428571428573,0.10267857142857142,0.3149791180555555,93.74898305084746,0.038461538461538464,0.038461538461538464,0.034482758620689655,0.17307692307692307,0.15384615384615385,0.25,0.07692307692307693,0.26666660000000003,91.62785714285714,L,0.0,0.0625,0.0625,0.5652173913043478,0.25,0.0625,0.2570545,101.0,15.0,R,0.0,0.0,0.0,0.03,0.06,0.0,0,Comerica Park,80.8,59.0,8.6,0.0,0.0,0.8314971169686985,0.09626456696127898,939,,,,,,,,0.5,,,PASS
824237,2026-08-14 22:40:00+00:00,CWS,DET,DET,CWS,1,805808,Kevin McGonigle,confirmed,3.0,4.55,656794,0.03214285714285714,0.03214285714285714,0.02406417112299465,0.20357142857142857,0.2357142857142857,0.1357142857142857,0.15,0.33516696777777777,95.75216666666667,0.039473684210526314,0.013157894736842105,0.01,0.18421052631578946,0.2631578947368421,0.14473684210526316,0.14473684210526316,0.2911248877777778,95.50066666666665,L,0.0,0.0,0.0,0.5454545454545454,0.4444444444444444,0.0,0.17777777777777778,99.8,9.0,L,2.0,0.0,0.0,0.02857142857142857,0.05714285714285714,0.047619047619047616,1,Comerica Park,80.8,59.0,8.6,0.0,0.0,0.8314971169686985,0.09545575167784205,948,,,,,,,,0.5,,,PASS
822942,2026-08-14 23:10:00+00:00,BAL,TB,BAL,TB,0,683002,Gunnar Henderson,confirmed,5.0,4.3,571927,0.02214022140221402,0.033210332103321034,0.025787965616045846,0.15498154981549817,0.22878228782287824,0.1881918819188192,0.11808118081180811,0.327368665,97.01183333333334,0.015625,0.0625,0.0547945205479452,0.203125,0.15625,0.171875,0.203125,0.39649751,97.77466666666666,L,0.046153846153846156,0.09743589743589744,0.2358974358974359,0.5667870036101083,0.18974358974358974,0.08717948717948718,0.3939719154335795,99.332,13.7,L,4.0,1.0,0.0,0.05,0.05454545454545454,0.09090909090909091,1,Tropicana Field,81.6,81.0,7.9,0.0,1.0,0.992432042833608,0.0949710769237735,953,,,,,,,,0.5,,,PASS
822777,2026-08-14 23:15:00+00:00,NYY,TOR,NYY,TOR,0,641857,Ryan McMahon,confirmed,7.0,4.0,669456,0.0365296803652968,0.0593607305936073,0.04727272727272727,0.1780821917808219,0.2648401826484018,0.2831050228310502,0.0593607305936073,0.30183840277777774,96.34883333333336,0.017543859649122806,0.03508771929824561,0.028985507246376812,0.17543859649122806,0.2807017543859649,0.21052631578947367,0.08771929824561403,0.29082913555555556,97.86133333333332,L,0.046153846153846156,0.07692307692307693,0.2,0.4488888888888889,0.1641025641025641,0.11794871794871795,0.41232147308117484,101.46333333333334,14.222222222222221,R,0.0,0.0,0.0,0.03,0.06,0.0,0,Rogers Centre,77.8,49.0,3.0,0.0,0.5,0.65,0.09480015445725395,955,,,,,,,,0.5,,,PASS
823591,2026-08-14 23:10:00+00:00,WSH,NYM,WSH,NYM,0,677588,José Tena,confirmed,6.0,4.15,476594,0.015151515151515152,0.045454545454545456,0.0391304347826087,0.14646464646464646,0.18686868686868688,0.2777777777777778,0.09090909090909091,0.28482410267857144,96.01232142857144,0.0,0.02,0.01694915254237288,0.1,0.16,0.22,0.12,0.2869513666666667,93.63466666666667,L,0.023809523809523808,0.07142857142857142,0.11904761904761904,0.5384615384615384,0.19047619047619047,0.11904761904761904,0.35086354861111113,98.77,11.5,R,0.0,0.0,0.0,0.03,0.06,0.0,0,Citi Field,79.9,53.0,5.5,0.0,0.0,0.9387870675453048,0.09390103844834828,965,,,,,,,,0.5,,,PASS
823346,2026-08-14 22:40:00+00:00,BOS,PIT,PIT,BOS,1,680779,Henry Davis,confirmed,9.0,3.7,687562,0.03773584905660377,0.06132075471698113,0.04710144927536232,0.25471698113207547,0.22641509433962265,0.22641509433962265,0.08962264150943396,0.28415281,97.12316666666668,0.0,0.038461538461538464,0.028169014084507043,0.34615384615384615,0.25,0.23076923076923078,0.07692307692307693,0.2500151611111111,97.92666666666666,R,0.01639344262295082,0.03934426229508197,0.1540983606557377,0.4603960396039604,0.18032786885245902,0.05245901639344262,0.27158001290520145,100.53846153846153,17.692307692307693,L,0.0,0.0,0.0,0.03,0.06,0.0,0,PNC Park,76.4,78.0,1.1,0.0,0.0,0.91554091158704,0.09301119604548298,975,,,,,,,,0.5,,,PASS
822777,2026-08-14 23:15:00+00:00,NYY,TOR,TOR,NYY,1,543807,George Springer,confirmed,4.0,4.45,543037,0.033707865168539325,0.0449438202247191,0.03260869565217391,0.13857677902621723,0.22846441947565543,0.1797752808988764,0.10486891385767791,0.31708372944444446,96.16983333333336,0.016129032258064516,0.016129032258064516,0.011764705882352941,0.12903225806451613,0.1935483870967742,0.14516129032258066,0.11290322580645161,0.31428956888888887,96.67799999999998,R,0.03343465045592705,0.057750759878419454,0.20972644376899696,0.6004618937644342,0.26443768996960487,0.05167173252279635,0.28494900087797526,101.08714285714288,17.142857142857142,R,0.0,0.0,0.0,0.03,0.06,0.0,1,Rogers Centre,77.8,49.0,3.0,0.0,0.5,0.65,0.092925569156696,976,,,,,,,,0.5,,,PASS
822942,2026-08-14 23:10:00+00:00,BAL,TB,TB,BAL,1,656775,Cedric Mullins,confirmed,7.0,4.0,605135,0.04048582995951417,0.032388663967611336,0.024390243902439025,0.1862348178137652,0.17408906882591094,0.20242914979757085,0.09716599190283401,0.2741876616666667,93.544,0.016666666666666666,0.0,0.0,0.16666666666666666,0.1,0.16666666666666666,0.06666666666666667,0.21565108555555562,92.90533333333335,L,0.02727272727272727,0.031818181818181815,0.15,0.4280701754385965,0.12272727272727273,0.09545454545454546,0.36303257202926786,100.077,13.3,R,0.0,0.0,0.0,0.03,0.06,0.0,0,Tropicana Field,81.6,81.0,7.9,0.0,1.0,0.992432042833608,0.09268746278952779,979,,,,,,,,0.5,,,PASS
824479,2026-08-14 22:10:00+00:00,MIA,CIN,MIA,CIN,0,691788,Joe Mack,confirmed,8.0,3.85,695505,0.04672897196261682,0.06074766355140187,0.048327137546468404,0.205607476635514,0.2102803738317757,0.2616822429906542,0.07009345794392523,0.2995783677777778,95.539,0.057692307692307696,0.07692307692307693,0.06666666666666667,0.21153846153846154,0.23076923076923078,0.28846153846153844,0.057692307692307696,0.2909852222222222,95.864,L,0.02346041055718475,0.0469208211143695,0.187683284457478,0.5779816513761468,0.2844574780058651,0.0967741935483871,0.28026851446299433,100.03933333333335,16.133333333333333,R,0.0,0.0,0.0,0.03,0.06,0.0,0,Great American Ball Park,82.8,66.0,1.6,0.0,0.0,0.9034943206451054,0.09257254080406808,980,,,,,,,,0.5,,,PASS
823591,2026-08-14 23:10:00+00:00,WSH,NYM,WSH,NYM,0,660688,Keibert Ruiz,confirmed,5.0,4.3,476594,0.02654867256637168,0.035398230088495575,0.02622950819672131,0.2168141592920354,0.2345132743362832,0.11504424778761062,0.05309734513274336,0.2952084366666667,96.60933333333334,0.0,0.0,0.0,0.2,0.18333333333333332,0.08333333333333333,0.1,0.29801786888888887,95.954,L,0.023809523809523808,0.07142857142857142,0.11904761904761904,0.5384615384615384,0.19047619047619047,0.11904761904761904,0.35086354861111113,98.77,11.5,R,0.0,0.0,0.0,0.03,0.06,0.0,0,Citi Field,79.9,53.0,5.5,0.0,0.0,0.9387870675453048,0.09182848219372752,989,,,,,,,,0.5,,,PASS
824399,2026-08-14 23:10:00+00:00,SD,CLE,CLE,SD,1,672275,Patrick Bailey,confirmed,8.0,3.85,650633,0.028985507246376812,0.05314009661835749,0.03900709219858156,0.16908212560386474,0.2608695652173913,0.2560386473429952,0.07246376811594203,0.28229223111111107,96.59559322033898,0.05084745762711865,0.06779661016949153,0.05333333333333334,0.13559322033898305,0.288135593220339,0.2033898305084746,0.1016949152542373,0.33023731444444443,97.77466666666668,L,0.030985915492957747,0.056338028169014086,0.16338028169014085,0.5238095238095238,0.19718309859154928,0.09295774647887324,0.3329824892497229,99.488,16.733333333333334,R,0.0,0.0,0.0,0.03,0.06,0.0,0,Progressive Field,79.1,69.0,5.9,0.0,0.0,1.0997219934102145,0.09164368616554308,991,,,,,,,,0.5,,,PASS
824237,2026-08-14 22:40:00+00:00,CWS,DET,DET,CWS,1,650402,Gleyber Torres,confirmed,1.0,4.75,656794,0.02973977695167286,0.05204460966542751,0.04046242774566474,0.12639405204460966,0.30111524163568776,0.19330855018587362,0.13382899628252787,0.32084663777777783,92.16683333333336,0.05555555555555555,0.05555555555555555,0.043010752688172046,0.16666666666666666,0.2361111111111111,0.2222222222222222,0.09722222222222222,0.2775361211111111,95.38000000000001,R,0.0,0.0,0.0,0.5454545454545454,0.4444444444444444,0.0,0.17777777777777778,99.8,9.0,L,0.0,0.0,0.0,0.03,0.06,0.0,0,Comerica Park,80.8,59.0,8.6,0.0,0.0,0.8314971169686985,0.09154695754312309,992,,,,,,,,0.5,,,PASS
823591,2026-08-14 23:10:00+00:00,WSH,NYM,NYM,WSH,1,543760,Marcus Semien,confirmed,7.0,4.0,674841,0.045081967213114756,0.04918032786885246,0.0375,0.18032786885245902,0.22950819672131148,0.22950819672131148,0.08196721311475409,0.3076528441666667,94.62266666666667,0.05,0.03333333333333333,0.02631578947368421,0.16666666666666666,0.25,0.2,0.1,0.27023823333333336,95.13866666666667,R,0.005376344086021506,0.016129032258064516,0.12903225806451613,0.3394495412844037,0.1989247311827957,0.11827956989247312,0.3119673440770135,100.96444444444445,13.777777777777779,L,2.0,0.0,0.0,0.02857142857142857,0.05714285714285714,0.047619047619047616,0,Citi Field,79.9,53.0,5.5,0.0,0.0,0.9387870675453048,0.09138706323998848,994,,,,,,,,0.5,,,PASS
824159,2026-08-15 00:10:00+00:00,SEA,HOU,SEA,HOU,0,647304,Josh Naylor,confirmed,5.0,4.3,663567,0.01984126984126984,0.031746031746031744,0.024539877300613498,0.15873015873015872,0.2261904761904762,0.1111111111111111,0.07936507936507936,0.31406276750000006,96.88899999999998,0.03278688524590164,0.03278688524590164,0.02531645569620253,0.16393442622950818,0.22950819672131148,0.14754098360655737,0.09836065573770492,0.36445068666666663,98.34866666666667,L,0.031161473087818695,0.04815864022662889,0.1671388101983003,0.5847107438016529,0.23229461756373937,0.0906515580736544,0.28281450132734415,100.55866666666667,16.733333333333334,R,3.0,0.0,0.0,0.027906976744186046,0.05581395348837209,0.06976744186046512,0,Daikin Park,85.4,65.0,10.7,0.0,0.5,1.0872048325096102,0.09060710169139959,1004,,,,,,,,0.5,,,PASS
824479,2026-08-14 22:10:00+00:00,MIA,CIN,MIA,CIN,0,805300,Jakob Marsee,confirmed,1.0,4.75,695505,0.012345679012345678,0.0205761316872428,0.017482517482517484,0.13168724279835392,0.22633744855967078,0.18930041152263374,0.11934156378600823,0.3173139830555556,94.45649999999999,0.017241379310344827,0.034482758620689655,0.03076923076923077,0.15517241379310345,0.25862068965517243,0.13793103448275862,0.13793103448275862,0.3501801822222222,91.94266666666667,L,0.02346041055718475,0.0469208211143695,0.187683284457478,0.5779816513761468,0.2844574780058651,0.0967741935483871,0.28026851446299433,100.03933333333335,16.133333333333333,R,0.0,0.0,0.0,0.03,0.06,0.0,0,Great American Ball Park,82.8,66.0,1.6,0.0,0.0,0.9034943206451054,0.09038024214118173,1006,,,,,,,,0.5,,,PASS
824479,2026-08-14 22:10:00+00:00,MIA,CIN,CIN,MIA,1,667472,Dane Myers,confirmed,7.0,4.0,645261,0.0189873417721519,0.0189873417721519,0.015544041450777202,0.14556962025316456,0.189873417721519,0.26582278481012656,0.13924050632911392,0.2776861200854701,93.38230769230769,0.0,0.0,0.0,0.16393442622950818,0.13114754098360656,0.32786885245901637,0.09836065573770492,0.21877952444444443,93.32733333333334,R,0.03178484107579462,0.044009779951100246,0.13691931540342298,0.5274336283185841,0.20293398533007334,0.05378973105134474,0.2945634546575464,100.37866666666666,19.6,R,0.0,0.0,0.0,0.03,0.06,0.0,1,Great American Ball Park,82.8,66.0,1.6,0.0,0.0,0.9034943206451054,0.08992465173393507,1012,,,,,,,,0.5,,,PASS
824159,2026-08-15 00:10:00+00:00,SEA,HOU,HOU,SEA,1,514888,Jose Altuve,confirmed,5.0,4.3,669923,0.039525691699604744,0.03162055335968379,0.024242424242424242,0.14624505928853754,0.19367588932806323,0.1976284584980237,0.06324110671936758,0.25994318000000005,92.65216666666666,0.016129032258064516,0.016129032258064516,0.011904761904761904,0.11290322580645161,0.20967741935483872,0.12903225806451613,0.06451612903225806,0.27547529333333337,91.76333333333334,R,0.03287671232876712,0.0684931506849315,0.1917808219178082,0.525390625,0.2136986301369863,0.04657534246575343,0.3229291597115445,101.58866666666668,17.133333333333333,R,7.0,0.0,0.0,0.02553191489361702,0.05106382978723404,0.14893617021276595,1,Daikin Park,85.4,65.0,10.7,0.0,0.5,1.0872048325096102,0.08975156984858222,1014,,,,,,,,0.5,,,PASS
824237,2026-08-14 22:40:00+00:00,CWS,DET,CWS,DET,0,803011,Sam Antonacci,confirmed,1.0,4.75,695549,0.026615969581749048,0.034220532319391636,0.024324324324324326,0.1482889733840304,0.34220532319391633,0.16730038022813687,0.07604562737642585,0.3181577777777777,95.14633333333335,0.016129032258064516,0.03225806451612903,0.020618556701030927,0.11290322580645161,0.4032258064516129,0.14516129032258066,0.06451612903225806,0.2967424333333334,95.79799999999999,L,0.0,0.0625,0.0625,0.5652173913043478,0.25,0.0625,0.2570545,101.0,15.0,R,0.0,0.0,0.0,0.03,0.06,0.0,0,Comerica Park,80.8,59.0,8.6,0.0,0.0,0.8314971169686985,0.08964026448489755,1016,,,,,,,,0.5,,,PASS
823346,2026-08-14 22:40:00+00:00,BOS,PIT,PIT,BOS,1,693304,Nick Gonzales,confirmed,1.0,4.75,687562,0.01937984496124031,0.023255813953488372,0.016713091922005572,0.13178294573643412,0.29457364341085274,0.15891472868217055,0.05813953488372093,0.30490960222222213,95.10866666666668,0.0,0.0,0.0,0.09836065573770492,0.32786885245901637,0.11475409836065574,0.03278688524590164,0.29419571000000005,92.96066666666665,R,0.01639344262295082,0.03934426229508197,0.1540983606557377,0.4603960396039604,0.18032786885245902,0.05245901639344262,0.27158001290520145,100.53846153846153,17.692307692307693,L,0.0,0.0,0.0,0.03,0.06,0.0,0,PNC Park,76.4,78.0,1.1,0.0,0.0,0.91554091158704,0.0891098714573307,1022,,,,,,,,0.5,,,PASS
823591,2026-08-14 23:10:00+00:00,WSH,NYM,NYM,WSH,1,701807,Carson Benge,confirmed,5.0,4.3,674841,0.034220532319391636,0.049429657794676805,0.036827195467422094,0.155893536121673,0.26996197718631176,0.21673003802281368,0.07224334600760456,0.35061436666666673,96.79966666666668,0.031746031746031744,0.06349206349206349,0.04040404040404041,0.19047619047619047,0.3492063492063492,0.1746031746031746,0.07936507936507936,0.39889986555555557,99.21800000000002,L,0.005376344086021506,0.016129032258064516,0.12903225806451613,0.3394495412844037,0.1989247311827957,0.11827956989247312,0.3119673440770135,100.96444444444445,13.777777777777779,L,1.0,0.0,0.0,0.029268292682926828,0.058536585365853655,0.024390243902439025,1,Citi Field,79.9,53.0,5.5,0.0,0.0,0.9387870675453048,0.08873458895076392,1027,,,,,,,,0.5,,,PASS
822777,2026-08-14 23:15:00+00:00,NYY,TOR,NYY,TOR,0,669224,Austin Wells,confirmed,8.0,3.85,669456,0.034653465346534656,0.04455445544554455,0.03557312252964427,0.24257425742574257,0.2722772277227723,0.28217821782178215,0.07920792079207921,0.27485314777777775,95.42066666666666,0.043478260869565216,0.06521739130434782,0.05172413793103448,0.2391304347826087,0.1956521739130435,0.17391304347826086,0.06521739130434782,0.37887221111111113,97.23399999999998,L,0.046153846153846156,0.07692307692307693,0.2,0.4488888888888889,0.1641025641025641,0.11794871794871795,0.41232147308117484,101.46333333333334,14.222222222222221,R,0.0,0.0,0.0,0.03,0.06,0.0,0,Rogers Centre,77.8,49.0,3.0,0.0,0.5,0.65,0.08849563708561209,1030,,,,,,,,0.5,,,PASS
824882,2026-08-14 23:15:00+00:00,ARI,ATL,ARI,ATL,0,545121,Ildemaro Vargas,confirmed,6.0,4.15,519242,0.004032258064516129,0.016129032258064516,0.011461318051575931,0.13306451612903225,0.17338709677419356,0.09274193548387097,0.06451612903225806,0.27370556222222225,96.86966666666669,0.0,0.015625,0.011904761904761904,0.171875,0.203125,0.140625,0.046875,0.3070340088888889,97.85799999999999,L,0.008379888268156424,0.030726256983240222,0.12569832402234637,0.4611973392461197,0.31564245810055863,0.05307262569832402,0.2708647496895092,99.83066666666667,17.4,L,0.0,0.0,0.0,0.03,0.06,0.0,1,Truist Park,93.1,43.0,6.2,0.0,0.0,1.45,0.08751552461861335,1043,,,,,,,,0.5,,,PASS
823591,2026-08-14 23:10:00+00:00,WSH,NYM,NYM,WSH,1,666182,Bo Bichette,confirmed,3.0,4.55,674841,0.026515151515151516,0.03409090909090909,0.023622047244094488,0.13636363636363635,0.3712121212121212,0.19696969696969696,0.05303030303030303,0.3054801463888889,95.4405,0.03076923076923077,0.03076923076923077,0.0196078431372549,0.12307692307692308,0.36923076923076925,0.16923076923076924,0.07692307692307693,0.30480605777777775,96.38866666666667,R,0.005376344086021506,0.016129032258064516,0.12903225806451613,0.3394495412844037,0.1989247311827957,0.11827956989247312,0.3119673440770135,100.96444444444445,13.777777777777779,L,1.0,0.0,0.0,0.029268292682926828,0.058536585365853655,0.024390243902439025,0,Citi Field,79.9,53.0,5.5,0.0,0.0,0.9387870675453048,0.08668657487384548,1054,,,,,,,,0.5,,,PASS
823346,2026-08-14 22:40:00+00:00,BOS,PIT,BOS,PIT,0,642201,Eli White,confirmed,9.0,3.7,696149,0.04424778761061947,0.04424778761061947,0.03164556962025317,0.17699115044247787,0.24778761061946902,0.23893805309734514,0.05309734513274336,0.26726875135135136,93.12054054054055,0.0425531914893617,0.02127659574468085,0.014285714285714285,0.1276595744680851,0.19148936170212766,0.3404255319148936,0.0425531914893617,0.16589522666666667,91.68266666666665,R,0.01488095238095238,0.03273809523809524,0.1636904761904762,0.5490196078431373,0.19345238095238096,0.10119047619047619,0.30318145727800644,99.82600000000001,15.333333333333334,R,0.0,0.0,0.0,0.03,0.06,0.0,1,PNC Park,76.4,78.0,1.1,0.0,0.0,0.91554091158704,0.08561857706330303,1068,,,,,,,,0.5,,,PASS
824237,2026-08-14 22:40:00+00:00,CWS,DET,CWS,DET,0,805367,Chase Meidroth,confirmed,7.0,4.0,695549,0.027888446215139442,0.027888446215139442,0.021341463414634148,0.15139442231075698,0.2868525896414343,0.23107569721115537,0.09561752988047809,0.28424025698412697,94.42350000000003,0.07575757575757576,0.045454545454545456,0.036585365853658534,0.18181818181818182,0.2727272727272727,0.16666666666666666,0.15151515151515152,0.32110859460317465,94.88066666666667,R,0.0,0.0625,0.0625,0.5652173913043478,0.25,0.0625,0.2570545,101.0,15.0,R,0.0,0.0,0.0,0.03,0.06,0.0,1,Comerica Park,80.8,59.0,8.6,0.0,0.0,0.8314971169686985,0.08470306282193844,1081,,,,,,,,0.5,,,PASS
824237,2026-08-14 22:40:00+00:00,CWS,DET,CWS,DET,0,695731,Braden Montgomery,confirmed,5.0,4.3,695549,0.018518518518518517,0.023148148148148147,0.019455252918287938,0.14814814814814814,0.23148148148148148,0.22685185185185186,0.1111111111111111,0.3052310054487179,95.41,0.015873015873015872,0.015873015873015872,0.015873015873015872,0.12698412698412698,0.20634920634920634,0.30158730158730157,0.1746031746031746,0.31707116222222226,94.57733333333333,R,0.0,0.0625,0.0625,0.5652173913043478,0.25,0.0625,0.2570545,101.0,15.0,R,0.0,0.0,0.0,0.03,0.06,0.0,1,Comerica Park,80.8,59.0,8.6,0.0,0.0,0.8314971169686985,0.08400449414696531,1090,,,,,,,,0.5,,,PASS
822942,2026-08-14 23:10:00+00:00,BAL,TB,BAL,TB,0,665966,Carlos Narváez,confirmed,9.0,3.7,571927,0.014563106796116505,0.04854368932038835,0.03731343283582089,0.16990291262135923,0.2961165048543689,0.3300970873786408,0.07281553398058252,0.2675576836111111,92.20966101694916,0.02127659574468085,0.06382978723404255,0.061224489795918366,0.1702127659574468,0.3191489361702128,0.3829787234042553,0.0851063829787234,0.27059546777777777,86.53428571428572,R,0.046153846153846156,0.09743589743589744,0.2358974358974359,0.5667870036101083,0.18974358974358974,0.08717948717948718,0.3939719154335795,99.332,13.7,L,0.0,0.0,0.0,0.03,0.06,0.0,0,Tropicana Field,81.6,81.0,7.9,0.0,1.0,0.992432042833608,0.08233255887879538,1115,,,,,,,,0.5,,,PASS
824159,2026-08-15 00:10:00+00:00,SEA,HOU,SEA,HOU,0,680977,Brendan Donovan,confirmed,6.0,4.15,663567,0.024193548387096774,0.024193548387096774,0.01948051948051948,0.1693548387096774,0.25806451612903225,0.1532258064516129,0.07258064516129033,0.276990225,92.608,0.0,0.016666666666666666,0.011627906976744186,0.21666666666666667,0.3,0.11666666666666667,0.03333333333333333,0.24169040999999997,93.09466666666668,L,0.031161473087818695,0.04815864022662889,0.1671388101983003,0.5847107438016529,0.23229461756373937,0.0906515580736544,0.28281450132734415,100.55866666666667,16.733333333333334,R,3.0,0.0,0.0,0.027906976744186046,0.05581395348837209,0.06976744186046512,0,Daikin Park,85.4,65.0,10.7,0.0,0.5,1.0872048325096102,0.0821854190908775,1117,,,,,,,,0.5,,,PASS
824399,2026-08-14 23:10:00+00:00,SD,CLE,SD,CLE,0,593428,Xander Bogaerts,confirmed,8.0,3.85,668909,0.008368200836820083,0.029288702928870293,0.02631578947368421,0.11715481171548117,0.1589958158995816,0.18828451882845187,0.14225941422594143,0.309230105,97.19116666666667,0.017241379310344827,0.017241379310344827,0.014084507042253521,0.1206896551724138,0.1896551724137931,0.1724137931034483,0.1206896551724138,0.33162361444444444,97.378,R,0.04011461318051576,0.06017191977077364,0.18624641833810887,0.4888888888888889,0.34097421203438394,0.054441260744985676,0.28082369776885574,100.57066666666667,17.6,R,0.0,0.0,0.0,0.03,0.06,0.0,1,Progressive Field,79.1,69.0,5.9,0.0,0.0,1.0997219934102145,0.08142447001829932,1128,,,,,,,,0.5,,,PASS
822777,2026-08-14 23:15:00+00:00,NYY,TOR,TOR,NYY,1,660821,Jesús Sánchez,confirmed,8.0,3.85,543037,0.03317535545023697,0.08530805687203792,0.06143344709897611,0.2037914691943128,0.26540284360189575,0.22274881516587677,0.05687203791469194,0.3289537594444445,95.597,0.02040816326530612,0.04081632653061224,0.037037037037037035,0.08163265306122448,0.24489795918367346,0.2653061224489796,0.12244897959183673,0.2830581777777778,91.95466666666668,L,0.03343465045592705,0.057750759878419454,0.20972644376899696,0.6004618937644342,0.26443768996960487,0.05167173252279635,0.28494900087797526,101.08714285714288,17.142857142857142,R,0.0,0.0,0.0,0.03,0.06,0.0,0,Rogers Centre,77.8,49.0,3.0,0.0,0.5,0.65,0.0796540214510431,1155,,,,,,,,0.5,,,PASS
824882,2026-08-14 23:15:00+00:00,ARI,ATL,ATL,ARI,1,643289,Mauricio Dubón,confirmed,6.0,4.15,694297,0.02766798418972332,0.02766798418972332,0.0171990171990172,0.13438735177865613,0.3359683794466403,0.10276679841897234,0.05928853754940711,0.31867633111111104,94.47683333333335,0.0,0.0,0.0,0.0847457627118644,0.3559322033898305,0.03389830508474576,0.03389830508474576,0.2806620177777778,94.97800000000001,R,0.015503875968992248,0.050387596899224806,0.19767441860465115,0.4550561797752809,0.13178294573643412,0.050387596899224806,0.2656943702271693,99.93181818181819,17.545454545454547,R,2.0,0.0,1.0,0.02857142857142857,0.08095238095238096,0.047619047619047616,1,Truist Park,93.1,43.0,6.2,0.0,0.0,1.45,0.07878996825228614,1169,,,,,,,,0.5,,,PASS
824237,2026-08-14 22:40:00+00:00,CWS,DET,DET,CWS,1,690993,Colt Keith,confirmed,5.0,4.3,656794,0.03773584905660377,0.05660377358490566,0.0449438202247191,0.19339622641509435,0.30660377358490565,0.17452830188679244,0.07547169811320754,0.3389957858333333,94.41349999999998,0.0,0.017857142857142856,0.013333333333333334,0.14285714285714285,0.25,0.14285714285714285,0.125,0.3486983155555556,92.43666666666668,L,0.0,0.0,0.0,0.5454545454545454,0.4444444444444444,0.0,0.17777777777777778,99.8,9.0,L,0.0,0.0,0.0,0.03,0.06,0.0,1,Comerica Park,80.8,59.0,8.6,0.0,0.0,0.8314971169686985,0.07798824376815594,1182,,,,,,,,0.5,,,PASS
824399,2026-08-14 23:10:00+00:00,SD,CLE,CLE,SD,1,690984,Petey Halpin,confirmed,7.0,4.0,650633,0.018867924528301886,0.05660377358490566,0.039473684210526314,0.1509433962264151,0.33962264150943394,0.19811320754716982,0.02830188679245283,0.2701916772222222,91.77399999999999,0.03773584905660377,0.05660377358490566,0.03614457831325301,0.16981132075471697,0.37735849056603776,0.07547169811320754,0.018867924528301886,0.30942461111111114,91.97,L,0.030985915492957747,0.056338028169014086,0.16338028169014085,0.5238095238095238,0.19718309859154928,0.09295774647887324,0.3329824892497229,99.488,16.733333333333334,R,0.0,0.0,0.0,0.03,0.06,0.0,0,Progressive Field,79.1,69.0,5.9,0.0,0.0,1.0997219934102145,0.07793623269971316,1183,,,,,,,,0.5,,,PASS
823346,2026-08-14 22:40:00+00:00,BOS,PIT,BOS,PIT,0,702332,Caleb Durbin,confirmed,6.0,4.15,696149,0.04435483870967742,0.028225806451612902,0.01928374655647383,0.16129032258064516,0.2782258064516129,0.12903225806451613,0.07661290322580645,0.29678305185185183,91.893,0.028169014084507043,0.04225352112676056,0.0297029702970297,0.14084507042253522,0.28169014084507044,0.1267605633802817,0.08450704225352113,0.29781721629629626,90.41,R,0.01488095238095238,0.03273809523809524,0.1636904761904762,0.5490196078431373,0.19345238095238096,0.10119047619047619,0.30318145727800644,99.82600000000001,15.333333333333334,R,0.0,0.0,0.0,0.03,0.06,0.0,1,PNC Park,76.4,78.0,1.1,0.0,0.0,0.91554091158704,0.07679985462822406,1202,,,,,,,,0.5,,,PASS
822777,2026-08-14 23:15:00+00:00,NYY,TOR,NYY,TOR,0,806146,George Lombard Jr.,confirmed,9.0,3.7,669456,0.0625,0.0625,0.047619047619047616,0.1875,0.3125,0.25,0.09375,0.33716281666666664,96.26875,0.0625,0.0625,0.047619047619047616,0.1875,0.3125,0.25,0.09375,0.33716281666666664,96.26875,R,0.046153846153846156,0.07692307692307693,0.2,0.4488888888888889,0.1641025641025641,0.11794871794871795,0.41232147308117484,101.46333333333334,14.222222222222221,R,0.0,0.0,0.0,0.03,0.06,0.0,1,Rogers Centre,77.8,49.0,3.0,0.0,0.5,0.65,0.0760913767822307,1214,,,,,,,,0.5,,,PASS
824479,2026-08-14 22:10:00+00:00,MIA,CIN,MIA,CIN,0,669364,Xavier Edwards,confirmed,2.0,4.65,695505,0.0,0.003861003861003861,0.002840909090909091,0.09652509652509653,0.21621621621621623,0.15057915057915058,0.11196911196911197,0.28127812222222226,92.38366666666666,0.0,0.0,0.0,0.15625,0.171875,0.109375,0.109375,0.32334665444444444,94.84666666666666,L,0.02346041055718475,0.0469208211143695,0.187683284457478,0.5779816513761468,0.2844574780058651,0.0967741935483871,0.28026851446299433,100.03933333333335,16.133333333333333,R,0.0,0.0,0.0,0.03,0.06,0.0,0,Great American Ball Park,82.8,66.0,1.6,0.0,0.0,0.9034943206451054,0.07592235281870817,1217,,,,,,,,0.5,,,PASS
823346,2026-08-14 22:40:00+00:00,BOS,PIT,BOS,PIT,0,655316,Andruw Monasterio,confirmed,8.0,3.85,696149,0.02608695652173913,0.05652173913043478,0.040625,0.16521739130434782,0.3217391304347826,0.1956521739130435,0.08695652173913043,0.3134601456896552,93.54724137931034,0.015384615384615385,0.046153846153846156,0.03571428571428571,0.12307692307692308,0.24615384615384617,0.16923076923076924,0.09230769230769231,0.32911617333333343,93.56,R,0.01488095238095238,0.03273809523809524,0.1636904761904762,0.5490196078431373,0.19345238095238096,0.10119047619047619,0.30318145727800644,99.82600000000001,15.333333333333334,R,0.0,0.0,0.0,0.03,0.06,0.0,1,PNC Park,76.4,78.0,1.1,0.0,0.0,0.91554091158704,0.07552389283912693,1224,,,,,,,,0.5,,,PASS
824399,2026-08-14 23:10:00+00:00,SD,CLE,SD,CLE,0,657757,Gavin Sheets,confirmed,7.0,4.0,668909,0.021834061135371178,0.026200873362445413,0.01904761904761905,0.12663755458515283,0.27074235807860264,0.2052401746724891,0.14410480349344978,0.2923570747222222,94.68933333333332,0.020833333333333332,0.041666666666666664,0.027777777777777776,0.0625,0.3541666666666667,0.125,0.1875,0.27383775555555556,91.72933333333332,L,0.04011461318051576,0.06017191977077364,0.18624641833810887,0.4888888888888889,0.34097421203438394,0.054441260744985676,0.28082369776885574,100.57066666666667,17.6,R,0.0,0.0,0.0,0.03,0.06,0.0,0,Progressive Field,79.1,69.0,5.9,0.0,0.0,1.0997219934102145,0.07519415779815398,1230,,,,,,,,0.5,,,PASS
824882,2026-08-14 23:15:00+00:00,ARI,ATL,ATL,ARI,1,805347,Jim Jarvis,confirmed,9.0,3.7,694297,0.009433962264150943,0.02830188679245283,0.022058823529411766,0.07547169811320754,0.1792452830188679,0.1792452830188679,0.05660377358490566,0.26503034166666667,94.80933333333333,0.0,0.0,0.0,0.058823529411764705,0.09803921568627451,0.19607843137254902,0.0784313725490196,0.2252688122222222,96.118,L,0.015503875968992248,0.050387596899224806,0.19767441860465115,0.4550561797752809,0.13178294573643412,0.050387596899224806,0.2656943702271693,99.93181818181819,17.545454545454547,R,0.0,0.0,0.0,0.03,0.06,0.0,0,Truist Park,93.1,43.0,6.2,0.0,0.0,1.45,0.07481518456516364,1237,,,,,,,,0.5,,,PASS
822777,2026-08-14 23:15:00+00:00,NYY,TOR,TOR,NYY,1,672386,Alejandro Kirk,confirmed,5.0,4.3,543037,0.023255813953488372,0.01744186046511628,0.013392857142857142,0.12790697674418605,0.21511627906976744,0.12790697674418605,0.09302325581395349,0.30290214065040655,96.35439024390244,0.03076923076923077,0.015384615384615385,0.011363636363636364,0.15384615384615385,0.16923076923076924,0.13846153846153847,0.07692307692307693,0.3608226033333334,97.00533333333334,R,0.03343465045592705,0.057750759878419454,0.20972644376899696,0.6004618937644342,0.26443768996960487,0.05167173252279635,0.28494900087797526,101.08714285714288,17.142857142857142,R,0.0,0.0,0.0,0.03,0.06,0.0,1,Rogers Centre,77.8,49.0,3.0,0.0,0.5,0.65,0.07292112448096592,1271,,,,,,,,0.5,,,PASS
824882,2026-08-14 23:15:00+00:00,ARI,ATL,ARI,ATL,0,814439,Ryan Waldschmidt,confirmed,9.0,3.7,519242,0.010050251256281407,0.04522613065326633,0.04186046511627907,0.135678391959799,0.25125628140703515,0.3065326633165829,0.06532663316582915,0.29693404937106915,93.10811320754719,0.018867924528301886,0.03773584905660377,0.029411764705882353,0.07547169811320754,0.2641509433962264,0.18867924528301888,0.07547169811320754,0.33853957,94.58933333333333,R,0.008379888268156424,0.030726256983240222,0.12569832402234637,0.4611973392461197,0.31564245810055863,0.05307262569832402,0.2708647496895092,99.83066666666667,17.4,L,0.0,0.0,0.0,0.03,0.06,0.0,0,Truist Park,93.1,43.0,6.2,0.0,0.0,1.45,0.07287626045421683,1272,,,,,,,,0.5,,,PASS
824479,2026-08-14 22:10:00+00:00,MIA,CIN,CIN,MIA,1,682622,Noelvi Marte,confirmed,8.0,3.85,645261,0.02702702702702703,0.032432432432432434,0.02666666666666667,0.06486486486486487,0.16756756756756758,0.23243243243243245,0.04864864864864865,0.23997221156462584,94.57408163265306,0.0,0.017543859649122806,0.014492753623188406,0.07017543859649122,0.14035087719298245,0.21052631578947367,0.017543859649122806,0.1990969833333333,94.59666666666665,R,0.03178484107579462,0.044009779951100246,0.13691931540342298,0.5274336283185841,0.20293398533007334,0.05378973105134474,0.2945634546575464,100.37866666666666,19.6,R,3.0,0.0,0.0,0.027906976744186046,0.05581395348837209,0.06976744186046512,1,Great American Ball Park,82.8,66.0,1.6,0.0,0.0,0.9034943206451054,0.07267132216190068,1276,,,,,,,,0.5,,,PASS
823591,2026-08-14 23:10:00+00:00,WSH,NYM,NYM,WSH,1,676724,Jared Young,confirmed,8.0,3.85,674841,0.02830188679245283,0.05660377358490566,0.045454545454545456,0.1650943396226415,0.23113207547169812,0.18396226415094338,0.07075471698113207,0.3184616836257309,96.98767857142855,0.0,0.017241379310344827,0.014705882352941176,0.20689655172413793,0.1896551724137931,0.15517241379310345,0.06896551724137931,0.2906477888888889,97.128,L,0.005376344086021506,0.016129032258064516,0.12903225806451613,0.3394495412844037,0.1989247311827957,0.11827956989247312,0.3119673440770135,100.96444444444445,13.777777777777779,L,0.0,0.0,0.0,0.03,0.06,0.0,1,Citi Field,79.9,53.0,5.5,0.0,0.0,0.9387870675453048,0.07238275451811377,1282,,,,,,,,0.5,,,PASS
824237,2026-08-14 22:40:00+00:00,CWS,DET,CWS,DET,0,671976,Tristan Peters,confirmed,8.0,3.85,695549,0.02727272727272727,0.04090909090909091,0.02786377708978328,0.2,0.2590909090909091,0.16363636363636364,0.06818181818181818,0.31864084305555546,93.70049999999999,0.0,0.03508771929824561,0.024691358024691357,0.17543859649122806,0.2982456140350877,0.2631578947368421,0.10526315789473684,0.2914250555555556,92.83466666666666,L,0.0,0.0625,0.0625,0.5652173913043478,0.25,0.0625,0.2570545,101.0,15.0,R,0.0,0.0,0.0,0.03,0.06,0.0,0,Comerica Park,80.8,59.0,8.6,0.0,0.0,0.8314971169686985,0.07140169505726367,1301,,,,,,,,0.5,,,PASS
823346,2026-08-14 22:40:00+00:00,BOS,PIT,PIT,BOS,1,663968,Jake Mangum,confirmed,7.0,4.0,687562,0.0149812734082397,0.018726591760299626,0.012135922330097087,0.0898876404494382,0.31835205992509363,0.1797752808988764,0.04119850187265917,0.29296022555555556,94.17900000000002,0.028985507246376812,0.028985507246376812,0.022727272727272728,0.14492753623188406,0.3188405797101449,0.2463768115942029,0.07246376811594203,0.31609761888888893,95.58333333333331,L,0.01639344262295082,0.03934426229508197,0.1540983606557377,0.4603960396039604,0.18032786885245902,0.05245901639344262,0.27158001290520145,100.53846153846153,17.692307692307693,L,0.0,0.0,0.0,0.03,0.06,0.0,1,PNC Park,76.4,78.0,1.1,0.0,0.0,0.91554091158704,0.0713087140493561,1302,,,,,,,,0.5,,,PASS
824479,2026-08-14 22:10:00+00:00,MIA,CIN,MIA,CIN,0,691594,Javier Sanoja,confirmed,6.0,4.15,695505,0.017167381974248927,0.02145922746781116,0.014492753623188406,0.14163090128755365,0.24034334763948498,0.055793991416309016,0.03862660944206009,0.28023526805555554,95.06566666666669,0.017857142857142856,0.05357142857142857,0.03614457831325301,0.19642857142857142,0.375,0.05357142857142857,0.05357142857142857,0.27665611111111116,94.96133333333333,R,0.02346041055718475,0.0469208211143695,0.187683284457478,0.5779816513761468,0.2844574780058651,0.0967741935483871,0.28026851446299433,100.03933333333335,16.133333333333333,R,0.0,0.0,0.0,0.03,0.06,0.0,1,Great American Ball Park,82.8,66.0,1.6,0.0,0.0,0.9034943206451054,0.0697502770733752,1334,,,,,,,,0.5,,,PASS
822777,2026-08-14 23:15:00+00:00,NYY,TOR,TOR,NYY,1,664770,Nathan Lukes,confirmed,2.0,4.65,543037,0.024096385542168676,0.012048192771084338,0.007772020725388601,0.11646586345381527,0.3132530120481928,0.14859437751004015,0.0642570281124498,0.2896094091666666,93.42883333333333,0.015384615384615385,0.015384615384615385,0.01,0.046153846153846156,0.2153846153846154,0.15384615384615385,0.06153846153846154,0.2743697611111111,93.51266666666669,L,0.03343465045592705,0.057750759878419454,0.20972644376899696,0.6004618937644342,0.26443768996960487,0.05167173252279635,0.28494900087797526,101.08714285714288,17.142857142857142,R,0.0,0.0,0.0,0.03,0.06,0.0,0,Rogers Centre,77.8,49.0,3.0,0.0,0.5,0.65,0.06909235090259026,1347,,,,,,,,0.5,,,PASS
822777,2026-08-14 23:15:00+00:00,NYY,TOR,TOR,NYY,1,665926,Andrés Giménez,confirmed,6.0,4.15,543037,0.013636363636363636,0.022727272727272728,0.015873015873015872,0.1318181818181818,0.24545454545454545,0.21363636363636362,0.03636363636363636,0.2751053313888889,92.07083333333334,0.01694915254237288,0.0,0.0,0.13559322033898305,0.2711864406779661,0.2033898305084746,0.05084745762711865,0.26903448111111117,92.71866666666666,L,0.03343465045592705,0.057750759878419454,0.20972644376899696,0.6004618937644342,0.26443768996960487,0.05167173252279635,0.28494900087797526,101.08714285714288,17.142857142857142,R,0.0,0.0,0.0,0.03,0.06,0.0,0,Rogers Centre,77.8,49.0,3.0,0.0,0.5,0.65,0.06642587634449026,1405,,,,,,,,0.5,,,PASS
824479,2026-08-14 22:10:00+00:00,MIA,CIN,MIA,CIN,0,688363,Graham Pauley,confirmed,9.0,3.7,695505,0.01020408163265306,0.030612244897959183,0.021897810218978103,0.16326530612244897,0.24489795918367346,0.24489795918367346,0.05102040816326531,0.22157754301075266,91.90064516129033,0.022222222222222223,0.022222222222222223,0.014705882352941176,0.2,0.24444444444444444,0.2,0.06666666666666667,0.27534235,92.32466666666666,L,0.02346041055718475,0.0469208211143695,0.187683284457478,0.5779816513761468,0.2844574780058651,0.0967741935483871,0.28026851446299433,100.03933333333335,16.133333333333333,R,0.0,0.0,0.0,0.03,0.06,0.0,0,Great American Ball Park,82.8,66.0,1.6,0.0,0.0,0.9034943206451054,0.0657139263801937,1422,,,,,,,,0.5,,,PASS
823591,2026-08-14 23:10:00+00:00,WSH,NYM,WSH,NYM,0,696285,Jacob Young,confirmed,9.0,3.7,476594,0.0319634703196347,0.0547945205479452,0.04743083003952569,0.1506849315068493,0.2602739726027397,0.1552511415525114,0.0867579908675799,0.33029968666666665,94.54016666666669,0.01818181818181818,0.01818181818181818,0.015384615384615385,0.10909090909090909,0.3090909090909091,0.07272727272727272,0.14545454545454545,0.37199636666666674,90.76133333333334,R,0.023809523809523808,0.07142857142857142,0.11904761904761904,0.5384615384615384,0.19047619047619047,0.11904761904761904,0.35086354861111113,98.77,11.5,R,0.0,0.0,0.0,0.03,0.06,0.0,1,Citi Field,79.9,53.0,5.5,0.0,0.0,0.9387870675453048,0.06440870737953683,1453,,,,,,,,0.5,,,PASS
822942,2026-08-14 23:10:00+00:00,BAL,TB,TB,BAL,1,680700,Richie Palacios,confirmed,8.0,3.85,605135,0.013392857142857142,0.022321428571428572,0.017123287671232876,0.12946428571428573,0.23660714285714285,0.19196428571428573,0.12053571428571429,0.2914684719444444,92.41169491525423,0.02040816326530612,0.02040816326530612,0.015151515151515152,0.20408163265306123,0.24489795918367346,0.24489795918367346,0.16326530612244897,0.2847714611111111,92.84,L,0.02727272727272727,0.031818181818181815,0.15,0.4280701754385965,0.12272727272727273,0.09545454545454546,0.36303257202926786,100.077,13.3,R,0.0,0.0,0.0,0.03,0.06,0.0,0,Tropicana Field,81.6,81.0,7.9,0.0,1.0,0.992432042833608,0.06388753716426034,1465,,,,,,,,0.5,,,PASS
822942,2026-08-14 23:10:00+00:00,BAL,TB,TB,BAL,1,689414,Liam Hicks,confirmed,5.0,4.3,605135,0.025830258302583026,0.02214022140221402,0.018292682926829267,0.08856088560885608,0.16974169741697417,0.09225092250922509,0.1070110701107011,0.2929637030555555,93.2065,0.029850746268656716,0.029850746268656716,0.022988505747126436,0.11940298507462686,0.23880597014925373,0.04477611940298507,0.11940298507462686,0.3352894966666667,91.83066666666667,L,0.02727272727272727,0.031818181818181815,0.15,0.4280701754385965,0.12272727272727273,0.09545454545454546,0.36303257202926786,100.077,13.3,R,3.0,0.0,0.0,0.027906976744186046,0.05581395348837209,0.06976744186046512,0,Tropicana Field,81.6,81.0,7.9,0.0,1.0,0.992432042833608,0.06295952239910085,1488,,,,,,,,0.5,,,PASS
822942,2026-08-14 23:10:00+00:00,BAL,TB,TB,BAL,1,670764,Taylor Walls,confirmed,9.0,3.7,605135,0.00881057268722467,0.022026431718061675,0.018656716417910446,0.1013215859030837,0.2511013215859031,0.2555066079295154,0.1013215859030837,0.2449062486111111,90.826,0.03508771929824561,0.0,0.0,0.03508771929824561,0.2807017543859649,0.2631578947368421,0.07017543859649122,0.18846395444444444,90.22666666666667,L,0.02727272727272727,0.031818181818181815,0.15,0.4280701754385965,0.12272727272727273,0.09545454545454546,0.36303257202926786,100.077,13.3,R,0.0,0.0,0.0,0.03,0.06,0.0,0,Tropicana Field,81.6,81.0,7.9,0.0,1.0,0.992432042833608,0.06194513445495836,1514,,,,,,,,0.5,,,PASS
824479,2026-08-14 22:10:00+00:00,MIA,CIN,CIN,MIA,1,680574,Matt McLain,confirmed,9.0,3.7,645261,0.035398230088495575,0.061946902654867256,0.056,0.168141592920354,0.27876106194690264,0.2831858407079646,0.09734513274336283,0.31032909777777784,91.52166666666668,0.03773584905660377,0.07547169811320754,0.06896551724137931,0.11320754716981132,0.32075471698113206,0.32075471698113206,0.09433962264150944,0.3246659222222223,85.53666666666666,R,0.03178484107579462,0.044009779951100246,0.13691931540342298,0.5274336283185841,0.20293398533007334,0.05378973105134474,0.2945634546575464,100.37866666666666,19.6,R,4.0,0.0,0.0,0.02727272727272727,0.05454545454545454,0.09090909090909091,1,Great American Ball Park,82.8,66.0,1.6,0.0,0.0,0.9034943206451054,0.06160271096602187,1523,,,,,,,,0.5,,,PASS
823346,2026-08-14 22:40:00+00:00,BOS,PIT,PIT,BOS,1,669707,Jared Triolo,confirmed,8.0,3.85,687562,0.00904977375565611,0.02262443438914027,0.01937984496124031,0.09049773755656108,0.23076923076923078,0.22171945701357465,0.08597285067873303,0.28493541,93.35413793103449,0.018867924528301886,0.03773584905660377,0.03278688524590164,0.07547169811320754,0.24528301886792453,0.1509433962264151,0.09433962264150944,0.3525360444444444,94.64266666666667,R,0.01639344262295082,0.03934426229508197,0.1540983606557377,0.4603960396039604,0.18032786885245902,0.05245901639344262,0.27158001290520145,100.53846153846153,17.692307692307693,L,0.0,0.0,0.0,0.03,0.06,0.0,0,PNC Park,76.4,78.0,1.1,0.0,0.0,0.91554091158704,0.061127924839743726,1536,,,,,,,,0.5,,,PASS
824237,2026-08-14 22:40:00+00:00,CWS,DET,DET,CWS,1,703601,Max Clark,confirmed,9.0,3.7,656794,0.018518518518518517,0.018518518518518517,0.011764705882352941,0.18518518518518517,0.42592592592592593,0.25925925925925924,0.07407407407407407,0.28984779583333337,94.45583333333333,0.018518518518518517,0.018518518518518517,0.011764705882352941,0.18518518518518517,0.42592592592592593,0.25925925925925924,0.07407407407407407,0.28984779583333337,94.45583333333333,L,0.0,0.0,0.0,0.5454545454545454,0.4444444444444444,0.0,0.17777777777777778,99.8,9.0,L,0.0,0.0,0.0,0.03,0.06,0.0,1,Comerica Park,80.8,59.0,8.6,0.0,0.0,0.8314971169686985,0.0610074580070578,1539,,,,,,,,0.5,,,PASS
824159,2026-08-15 00:10:00+00:00,SEA,HOU,SEA,HOU,0,645302,Victor Robles,confirmed,8.0,3.85,663567,0.0,0.017094017094017096,0.012195121951219513,0.11965811965811966,0.26495726495726496,0.1794871794871795,0.03418803418803419,0.26955601515151517,91.40454545454546,0.0,0.0,0.0,0.09259259259259259,0.2962962962962963,0.18518518518518517,0.037037037037037035,0.27842500000000003,89.14599999999999,R,0.031161473087818695,0.04815864022662889,0.1671388101983003,0.5847107438016529,0.23229461756373937,0.0906515580736544,0.28281450132734415,100.55866666666667,16.733333333333334,R,0.0,0.0,0.0,0.03,0.06,0.0,1,Daikin Park,85.4,65.0,10.7,0.0,0.5,1.0872048325096102,0.060917216134635466,1542,,,,,,,,0.5,,,PASS
822777,2026-08-14 23:15:00+00:00,NYY,TOR,TOR,NYY,1,703520,Brett Bateman,confirmed,1.0,4.75,543037,0.0,0.0,0.0,0.06896551724137931,0.2413793103448276,0.20689655172413793,0.06896551724137931,0.27788355555555555,91.85166666666667,0.0,0.0,0.0,0.06896551724137931,0.2413793103448276,0.20689655172413793,0.06896551724137931,0.27788355555555555,91.85166666666667,L,0.03343465045592705,0.057750759878419454,0.20972644376899696,0.6004618937644342,0.26443768996960487,0.05167173252279635,0.28494900087797526,101.08714285714288,17.142857142857142,R,0.0,0.0,0.0,0.03,0.06,0.0,0,Rogers Centre,77.8,49.0,3.0,0.0,0.5,0.65,0.06083429053695349,1544,,,,,,,,0.5,,,PASS
824399,2026-08-14 23:10:00+00:00,SD,CLE,CLE,SD,1,677587,Brayan Rocchio,confirmed,9.0,3.7,650633,0.02,0.028,0.0196078431372549,0.164,0.272,0.172,0.044,0.27272279194444443,94.87083333333334,0.0,0.04838709677419355,0.03260869565217391,0.20967741935483872,0.3709677419354839,0.14516129032258066,0.06451612903225806,0.2796653544444444,94.38066666666667,L,0.030985915492957747,0.056338028169014086,0.16338028169014085,0.5238095238095238,0.19718309859154928,0.09295774647887324,0.3329824892497229,99.488,16.733333333333334,R,0.0,0.0,0.0,0.03,0.06,0.0,0,Progressive Field,79.1,69.0,5.9,0.0,0.0,1.0997219934102145,0.06042361989934097,1555,,,,,,,,0.5,,,PASS
824237,2026-08-14 22:40:00+00:00,CWS,DET,DET,CWS,1,701162,Ben Malgeri,confirmed,8.0,3.85,656794,0.022727272727272728,0.022727272727272728,0.02,0.11363636363636363,0.22727272727272727,0.20454545454545456,0.06818181818181818,0.26351018974358975,94.54230769230769,0.022727272727272728,0.022727272727272728,0.02,0.11363636363636363,0.22727272727272727,0.20454545454545456,0.06818181818181818,0.26351018974358975,94.54230769230769,R,0.0,0.0,0.0,0.5454545454545454,0.4444444444444444,0.0,0.17777777777777778,99.8,9.0,L,0.0,0.0,0.0,0.03,0.06,0.0,0,Comerica Park,80.8,59.0,8.6,0.0,0.0,0.8314971169686985,0.05914969339134092,1591,,,,,,,,0.5,,,PASS
824237,2026-08-14 22:40:00+00:00,CWS,DET,CWS,DET,0,691011,Drew Romo,confirmed,9.0,3.7,695549,0.038461538461538464,0.04487179487179487,0.03723404255319149,0.1346153846153846,0.21153846153846154,0.2564102564102564,0.07692307692307693,0.22537654696969692,91.5865909090909,0.02040816326530612,0.02040816326530612,0.015151515151515152,0.12244897959183673,0.20408163265306123,0.24489795918367346,0.061224489795918366,0.17542606111111111,87.196,L,0.0,0.0625,0.0625,0.5652173913043478,0.25,0.0625,0.2570545,101.0,15.0,R,0.0,0.0,0.0,0.03,0.06,0.0,0,Comerica Park,80.8,59.0,8.6,0.0,0.0,0.8314971169686985,0.058934160153870846,1597,,,,,,,,0.5,,,PASS
823346,2026-08-14 22:40:00+00:00,BOS,PIT,PIT,BOS,1,682927,Ronny Simon,confirmed,2.0,4.65,687562,0.0,0.0,0.0,0.125,0.3333333333333333,0.041666666666666664,0.041666666666666664,0.2967243333333333,92.05,0.0,0.0,0.0,0.125,0.3333333333333333,0.041666666666666664,0.041666666666666664,0.2967243333333333,92.05,L,0.01639344262295082,0.03934426229508197,0.1540983606557377,0.4603960396039604,0.18032786885245902,0.05245901639344262,0.27158001290520145,100.53846153846153,17.692307692307693,L,0.0,0.0,0.0,0.03,0.06,0.0,1,PNC Park,76.4,78.0,1.1,0.0,0.0,0.91554091158704,0.057589879979771094,1636,,,,,,,,0.5,,,PASS
824237,2026-08-14 22:40:00+00:00,CWS,DET,DET,CWS,1,656716,Zach McKinstry,confirmed,7.0,4.0,656794,0.012711864406779662,0.0211864406779661,0.015384615384615385,0.11440677966101695,0.3135593220338983,0.1271186440677966,0.1059322033898305,0.3141440911111111,92.20616666666668,0.0,0.017241379310344827,0.012195121951219513,0.22413793103448276,0.3275862068965517,0.05172413793103448,0.10344827586206896,0.3956143366666666,93.89200000000001,L,0.0,0.0,0.0,0.5454545454545454,0.4444444444444444,0.0,0.17777777777777778,99.8,9.0,L,2.0,0.0,0.0,0.02857142857142857,0.05714285714285714,0.047619047619047616,1,Comerica Park,80.8,59.0,8.6,0.0,0.0,0.8314971169686985,0.05670308920971066,1664,,,,,,,,0.5,,,PASS
823591,2026-08-14 23:10:00+00:00,WSH,NYM,NYM,WSH,1,620443,Luis Torrens,confirmed,9.0,3.7,674841,0.024875621890547265,0.03482587064676617,0.025830258302583026,0.1691542288557214,0.23880597014925373,0.20398009950248755,0.05970149253731343,0.2730274699404762,94.28446428571428,0.05,0.03333333333333333,0.024390243902439025,0.15,0.25,0.15,0.11666666666666667,0.29954147777777773,94.442,R,0.005376344086021506,0.016129032258064516,0.12903225806451613,0.3394495412844037,0.1989247311827957,0.11827956989247312,0.3119673440770135,100.96444444444445,13.777777777777779,L,1.0,0.0,0.0,0.029268292682926828,0.058536585365853655,0.024390243902439025,0,Citi Field,79.9,53.0,5.5,0.0,0.0,0.9387870675453048,0.05601643870816969,1685,,,,,,,,0.5,,,PASS
824159,2026-08-15 00:10:00+00:00,SEA,HOU,HOU,SEA,1,543877,Christian Vázquez,confirmed,9.0,3.7,669923,0.023923444976076555,0.009569377990430622,0.006968641114982578,0.11004784688995216,0.291866028708134,0.18660287081339713,0.06220095693779904,0.22562708472222223,91.90933333333334,0.02040816326530612,0.0,0.0,0.14285714285714285,0.2857142857142857,0.2653061224489796,0.04081632653061224,0.21662227222222222,89.77066666666668,R,0.03287671232876712,0.0684931506849315,0.1917808219178082,0.525390625,0.2136986301369863,0.04657534246575343,0.3229291597115445,101.58866666666668,17.133333333333333,R,2.0,0.0,0.0,0.02857142857142857,0.05714285714285714,0.047619047619047616,1,Daikin Park,85.4,65.0,10.7,0.0,0.5,1.0872048325096102,0.05164043553891743,1836,,,,,,,,0.5,,,PASS
823591,2026-08-14 23:10:00+00:00,WSH,NYM,WSH,NYM,0,683083,Nasim Nuñez,confirmed,7.0,4.0,476594,0.0045045045045045045,0.0045045045045045045,0.0033003300330033004,0.07207207207207207,0.22972972972972974,0.21621621621621623,0.0945945945945946,0.28001055388888896,91.00366666666667,0.0,0.0,0.0,0.06779661016949153,0.15254237288135594,0.1694915254237288,0.1016949152542373,0.25857606666666666,92.51266666666668,R,0.023809523809523808,0.07142857142857142,0.11904761904761904,0.5384615384615384,0.19047619047619047,0.11904761904761904,0.35086354861111113,98.77,11.5,R,0.0,0.0,0.0,0.03,0.06,0.0,1,Citi Field,79.9,53.0,5.5,0.0,0.0,0.9387870675453048,0.049120006406784454,1936,,,,,,,,0.5,,,PASS
823591,2026-08-14 23:10:00+00:00,WSH,NYM,WSH,NYM,0,678391,Jorbit Vivas,confirmed,8.0,3.85,476594,0.013761467889908258,0.022935779816513763,0.017921146953405017,0.12385321100917432,0.2798165137614679,0.12385321100917432,0.11926605504587157,0.3102563380555555,91.47700000000002,0.0,0.0,0.0,0.0784313725490196,0.2549019607843137,0.1568627450980392,0.19607843137254902,0.2936417055555556,87.28,L,0.023809523809523808,0.07142857142857142,0.11904761904761904,0.5384615384615384,0.19047619047619047,0.11904761904761904,0.35086354861111113,98.77,11.5,R,0.0,0.0,0.0,0.03,0.06,0.0,0,Citi Field,79.9,53.0,5.5,0.0,0.0,0.9387870675453048,0.048510957542981674,1961,,,,,,,,0.5,,,PASS
824399,2026-08-14 23:10:00+00:00,SD,CLE,CLE,SD,1,680757,Steven Kwan,confirmed,1.0,4.75,650633,0.004132231404958678,0.0,0.0,0.04132231404958678,0.30991735537190085,0.09917355371900827,0.09504132231404959,0.33413365194444444,90.2165,0.014084507042253521,0.0,0.0,0.056338028169014086,0.352112676056338,0.1267605633802817,0.11267605633802817,0.3367269422222222,90.392,L,0.030985915492957747,0.056338028169014086,0.16338028169014085,0.5238095238095238,0.19718309859154928,0.09295774647887324,0.3329824892497229,99.488,16.733333333333334,R,0.0,0.0,0.0,0.03,0.06,0.0,0,Progressive Field,79.1,69.0,5.9,0.0,0.0,1.0997219934102145,0.047204826711923796,2018,,,,,,,,0.5,,,PASS
824399,2026-08-14 23:10:00+00:00,SD,CLE,SD,CLE,0,650859,Luis Rengifo,confirmed,9.0,3.7,668909,0.008032128514056224,0.0321285140562249,0.023255813953488372,0.12449799196787148,0.2931726907630522,0.10441767068273092,0.10843373493975904,0.32101016833333335,95.35650000000001,0.016129032258064516,0.016129032258064516,0.012195121951219513,0.11290322580645161,0.24193548387096775,0.11290322580645161,0.12903225806451613,0.3264158933333333,91.68466666666669,L,0.04011461318051576,0.06017191977077364,0.18624641833810887,0.4888888888888889,0.34097421203438394,0.054441260744985676,0.28082369776885574,100.57066666666667,17.6,R,0.0,0.0,0.0,0.03,0.06,0.0,0,Progressive Field,79.1,69.0,5.9,0.0,0.0,1.0997219934102145,0.045973462196183805,2075,,,,,,,,0.5,,,PASS
822942,2026-08-14 23:10:00+00:00,BAL,TB,TB,BAL,1,802415,Chandler Simpson,confirmed,3.0,4.55,605135,0.0,0.0,0.0,0.02032520325203252,0.22764227642276422,0.07723577235772358,0.036585365853658534,0.2596378325,90.60833333333333,0.0,0.0,0.0,0.015873015873015872,0.31746031746031744,0.06349206349206349,0.0,0.23538444444444445,90.73866666666667,L,0.02727272727272727,0.031818181818181815,0.15,0.4280701754385965,0.12272727272727273,0.09545454545454546,0.36303257202926786,100.077,13.3,R,0.0,0.0,0.0,0.03,0.06,0.0,0,Tropicana Field,81.6,81.0,7.9,0.0,1.0,0.992432042833608,0.044184489809385614,2163,,,,,,,,0.5,,,PASS
822777,2026-08-14 23:15:00+00:00,NYY,TOR,TOR,NYY,1,676391,Ernie Clement,confirmed,9.0,3.7,543037,0.015810276679841896,0.015810276679841896,0.010810810810810811,0.11857707509881422,0.32806324110671936,0.11067193675889328,0.03557312252964427,0.2599390475,92.65616666666666,0.016129032258064516,0.016129032258064516,0.011111111111111112,0.04838709677419355,0.3225806451612903,0.11290322580645161,0.04838709677419355,0.22931090555555553,91.03333333333333,R,0.03343465045592705,0.057750759878419454,0.20972644376899696,0.6004618937644342,0.26443768996960487,0.05167173252279635,0.28494900087797526,101.08714285714288,17.142857142857142,R,0.0,0.0,0.0,0.03,0.06,0.0,1,Rogers Centre,77.8,49.0,3.0,0.0,0.5,0.65,0.038715178311633396,2483,,,,,,,,0.5,,,PASS
824159,2026-08-15 00:10:00+00:00,SEA,HOU,SEA,HOU,0,801126,Brock Rodden,confirmed,9.0,3.7,663567,0.0,0.0,0.0,0.0,0.0,0.0,0.0,,,0.0,0.0,0.0,0.0,0.0,0.0,0.0,,,,0.031161473087818695,0.04815864022662889,0.1671388101983003,0.5847107438016529,0.23229461756373937,0.0906515580736544,0.28281450132734415,100.55866666666667,16.733333333333334,R,0.0,0.0,0.0,0.03,0.06,0.0,0,Daikin Park,85.4,65.0,10.7,0.0,0.5,1.0872048325096102,0.038646039324048746,2488,,,,,,,,0.5,,,PASS
