game_pk,game_datetime,away_team,home_team,team,opponent,is_home,player_id,player_name,lineup_status,batting_order,expected_pa,opposing_starter_id,batter_hr_pa_long,batter_barrel_pa_long,batter_barrel_bbe_long,batter_hard_air_pa_long,batter_sweet_pa_long,batter_k_rate_long,batter_bb_rate_long,batter_xwoba_long,batter_ev90_long,batter_hr_pa_recent,batter_barrel_pa_recent,batter_barrel_bbe_recent,batter_hard_air_pa_recent,batter_sweet_pa_recent,batter_k_rate_recent,batter_bb_rate_recent,batter_xwoba_recent,batter_ev90_recent,batter_hand,pitcher_hr_bf,pitcher_barrel_bf,pitcher_hard_air_bf,pitcher_fly_rate,pitcher_k_rate,pitcher_bb_rate,pitcher_xwoba,pitcher_ev90,pitcher_outs,opposing_pitcher_hand,bvp_pa,bvp_hr,bvp_barrels,bvp_hr_shrunk,bvp_barrel_shrunk,bvp_reliability,same_hand,venue,temperature_f,humidity_pct,wind_speed_mph,precipitation_in,roof_control_factor,park_hr_factor,home_run_probability,fair_odds,point,over_odds,under_odds,over_no_vig_probability,under_no_vig_probability,over_book,under_book,line,market_edge,ev_per_unit,signal
824560,2026-08-22 23:10:00+00:00,NYM,CWS,CWS,NYM,1,808959,Munetaka Murakami,confirmed,2.0,4.65,681035,0.06367041198501873,0.10112359550561797,0.108,0.2397003745318352,0.16853932584269662,0.31835205992509363,0.16853932584269662,0.35411626642857147,98.77316666666665,0.07142857142857142,0.11428571428571428,0.13114754098360656,0.21428571428571427,0.12857142857142856,0.2857142857142857,0.17142857142857143,0.3787713257142856,101.648,L,0.0219435736677116,0.0438871473354232,0.19122257053291536,0.5650224215246636,0.28213166144200624,0.0877742946708464,0.3058897207959715,100.934,14.6,R,0.0,0.0,0.0,0.03,0.06,0.0,0,Rate Field,76.8,41.0,11.9,0.0,0.0,1.0393350383631712,0.19887679828430516,403,,,,,,,,0.5,,,HR WATCH
823422,2026-08-22 22:05:00+00:00,STL,PHI,STL,PHI,0,695491,Joshua Báez,confirmed,5.0,4.3,691725,0.12903225806451613,0.12903225806451613,0.11428571428571428,0.2903225806451613,0.25806451612903225,0.3225806451612903,0.06451612903225806,0.3384458857142857,99.10142857142857,0.12903225806451613,0.12903225806451613,0.11428571428571428,0.2903225806451613,0.25806451612903225,0.3225806451612903,0.06451612903225806,0.3384458857142857,99.10142857142857,R,0.05,0.065625,0.184375,0.5170842824601367,0.165625,0.090625,0.3689022678888045,100.50933333333336,13.8,R,0.0,0.0,0.0,0.03,0.06,0.0,1,Citizens Bank Park,72.6,90.0,8.1,0.126,0.0,1.0646521739130437,0.19686357775202376,408,,,,,,,,0.5,,,HR WATCH
823100,2026-08-22 23:15:00+00:00,CHC,SEA,CHC,SEA,0,691718,Pete Crow-Armstrong,confirmed,1.0,4.75,807739,0.07394366197183098,0.07394366197183098,0.05555555555555555,0.2676056338028169,0.30633802816901406,0.2852112676056338,0.15845070422535212,0.35915464611111114,96.55133333333333,0.10810810810810811,0.10810810810810811,0.07692307692307693,0.2972972972972973,0.33783783783783783,0.28378378378378377,0.12162162162162163,0.30666750000000004,98.364,L,,,,,,,,,,,0.0,0.0,0.0,0.03,0.06,0.0,0,T-Mobile Park,71.8,66.0,5.6,0.0,0.5,1.3025,0.18828457849493505,431,,,,,,,,0.5,,,HR WATCH
824316,2026-08-23 00:10:00+00:00,CLE,COL,COL,CLE,1,666160,Mickey Moniak,confirmed,2.0,4.65,676440,0.04780876494023904,0.06772908366533864,0.052307692307692305,0.23107569721115537,0.2350597609561753,0.27091633466135456,0.05976095617529881,0.2646510627777778,96.82916666666668,0.04918032786885246,0.06557377049180328,0.05063291139240506,0.2786885245901639,0.21311475409836064,0.3114754098360656,0.08196721311475409,0.2404344833333333,97.27066666666666,L,0.049586776859504134,0.06611570247933884,0.20385674931129477,0.5167364016736402,0.1790633608815427,0.06060606060606061,0.33431052100605635,101.01266666666666,17.8,R,0.0,0.0,0.0,0.03,0.06,0.0,0,Coors Field,74.0,65.0,9.5,0.0,0.0,1.4440760869565217,0.1818041881472314,450,,,,,,,,0.5,,,HR WATCH
823910,2026-08-22 23:15:00+00:00,PIT,LAD,LAD,PIT,1,660271,Shohei Ohtani,confirmed,1.0,4.75,683003,0.07380073800738007,0.11439114391143912,0.10367892976588629,0.22509225092250923,0.24723247232472326,0.23616236162361623,0.11439114391143912,0.3993786919444445,100.69433333333332,0.08955223880597014,0.11940298507462686,0.1,0.22388059701492538,0.26865671641791045,0.26865671641791045,0.08955223880597014,0.39224854,101.71533333333335,L,0.040740740740740744,0.05555555555555555,0.16666666666666666,0.5534591194968553,0.26666666666666666,0.07777777777777778,0.29282506659878865,102.085,13.571428571428571,R,2.0,0.0,1.0,0.02857142857142857,0.08095238095238096,0.047619047619047616,0,UNIQLO Field at Dodger Stadium,72.0,55.0,7.0,0.0,0.0,1.1042934782608695,0.16901998727975137,492,,,,,,,,0.5,,,HR WATCH
824798,2026-08-22 23:05:00+00:00,TB,BAL,BAL,TB,1,624413,Pete Alonso,confirmed,2.0,4.65,663556,0.06153846153846154,0.1,0.07602339181286549,0.2692307692307692,0.2653846153846154,0.25384615384615383,0.12692307692307692,0.4234830391666666,99.63749999999999,0.1076923076923077,0.16923076923076924,0.11956521739130435,0.38461538461538464,0.3230769230769231,0.16923076923076924,0.1076923076923077,0.5334337266666668,102.59133333333332,R,0.023178807947019868,0.056291390728476824,0.17218543046357615,0.46756756756756757,0.2119205298013245,0.0728476821192053,0.31676946162084835,101.31466666666667,14.533333333333333,L,7.0,0.0,1.0,0.02553191489361702,0.07234042553191489,0.14893617021276595,0,Oriole Park at Camden Yards,74.9,83.0,4.6,0.0,0.0,1.0571014492753623,0.16492899701859534,506,,,,,,,,0.5,,,HR WATCH
824718,2026-08-22 23:15:00+00:00,SF,BOS,BOS,SF,1,575929,Willson Contreras,confirmed,4.0,4.45,694918,0.06072874493927125,0.08502024291497975,0.0711864406779661,0.242914979757085,0.20647773279352227,0.25101214574898784,0.12550607287449392,0.3907247383333334,98.09440677966101,0.046875,0.078125,0.0625,0.171875,0.171875,0.265625,0.140625,0.37427990666666666,93.04999999999998,R,0.015873015873015872,0.047619047619047616,0.23809523809523808,0.5,0.15873015873015872,0.1111111111111111,0.3199165311004784,104.52,15.0,R,0.0,0.0,0.0,0.03,0.06,0.0,1,Fenway Park,70.4,78.0,4.3,0.0,0.0,1.0193478260869566,0.16408643984318932,509,,,,,,,,0.5,,,HR WATCH
822858,2026-08-22 23:05:00+00:00,LAA,TEX,TEX,LAA,1,592626,Joc Pederson,confirmed,1.0,4.75,696270,0.07983193277310924,0.08823529411764706,0.07023411371237458,0.23529411764705882,0.24789915966386555,0.226890756302521,0.1134453781512605,0.3700057994444445,98.24233333333335,0.08928571428571429,0.07142857142857142,0.0547945205479452,0.25,0.25,0.26785714285714285,0.125,0.3350660777777778,99.81733333333335,L,0.056910569105691054,0.07723577235772358,0.1951219512195122,0.5363636363636364,0.17886178861788618,0.10569105691056911,0.3502786207169439,100.68833333333333,13.666666666666666,R,2.0,1.0,1.0,0.05238095238095238,0.08095238095238096,0.047619047619047616,0,Globe Life Field,105.7,22.0,8.4,0.0,0.5,0.9537757437070936,0.1633706096158274,512,,,,,,,,0.5,,,HR WATCH
823422,2026-08-22 22:05:00+00:00,STL,PHI,STL,PHI,0,676475,Alec Burleson,confirmed,3.0,4.55,691725,0.04263565891472868,0.08914728682170543,0.0575,0.2868217054263566,0.2751937984496124,0.17829457364341086,0.07751937984496124,0.3887505955555555,100.79866666666666,0.045454545454545456,0.06060606060606061,0.04,0.21212121212121213,0.22727272727272727,0.24242424242424243,0.09090909090909091,0.3800248266666667,99.784,L,0.05,0.065625,0.184375,0.5170842824601367,0.165625,0.090625,0.3689022678888045,100.50933333333336,13.8,R,3.0,0.0,0.0,0.027906976744186046,0.05581395348837209,0.06976744186046512,0,Citizens Bank Park,72.6,90.0,8.1,0.126,0.0,1.0646521739130437,0.16306269539654655,513,,,,,,,,0.5,,,HR WATCH
824798,2026-08-22 23:05:00+00:00,TB,BAL,BAL,TB,1,691723,Coby Mayo,confirmed,3.0,4.55,663556,0.05909090909090909,0.08636363636363636,0.06620209059233449,0.2909090909090909,0.2909090909090909,0.32727272727272727,0.07272727272727272,0.31816115222222224,97.07283333333332,0.05263157894736842,0.08771929824561403,0.06172839506172839,0.2982456140350877,0.40350877192982454,0.2807017543859649,0.05263157894736842,0.31733465555555557,94.59133333333334,R,0.023178807947019868,0.056291390728476824,0.17218543046357615,0.46756756756756757,0.2119205298013245,0.0728476821192053,0.31676946162084835,101.31466666666667,14.533333333333333,L,4.0,1.0,1.0,0.05,0.07727272727272727,0.09090909090909091,0,Oriole Park at Camden Yards,74.9,83.0,4.6,0.0,0.0,1.0571014492753623,0.1604042795570462,523,,,,,,,,0.5,,,HR WATCH
824798,2026-08-22 23:05:00+00:00,TB,BAL,TB,BAL,0,691406,Junior Caminero,confirmed,4.0,4.45,687064,0.07692307692307693,0.10384615384615385,0.08681672025723473,0.2076923076923077,0.18076923076923077,0.20384615384615384,0.09615384615384616,0.3579201652777778,101.14533333333333,0.046153846153846156,0.07692307692307693,0.07042253521126761,0.12307692307692308,0.07692307692307693,0.2,0.09230769230769231,0.2805676188888889,99.61933333333334,R,0.026737967914438502,0.045454545454545456,0.1711229946524064,0.4800796812749004,0.19786096256684493,0.0748663101604278,0.32067729390014926,101.72666666666665,17.266666666666666,R,2.0,0.0,0.0,0.02857142857142857,0.05714285714285714,0.047619047619047616,1,Oriole Park at Camden Yards,74.9,83.0,4.6,0.0,0.0,1.0571014492753623,0.15910265762881146,529,,,,,,,,0.5,,,PASS
824151,2026-08-22 23:10:00+00:00,ATH,HOU,HOU,ATH,1,670541,Yordan Alvarez,confirmed,2.0,4.65,682052,0.05303030303030303,0.10227272727272728,0.08307692307692308,0.25,0.25757575757575757,0.16287878787878787,0.1590909090909091,0.4157331775,100.19083333333333,0.015873015873015872,0.06349206349206349,0.05194805194805195,0.23809523809523808,0.23809523809523808,0.1746031746031746,0.12698412698412698,0.34066284,98.93133333333336,L,0.04472843450479233,0.04153354632587859,0.15335463258785942,0.6093366093366094,0.21405750798722045,0.10223642172523961,0.264502190631853,98.38599999999998,14.0,L,3.0,1.0,1.0,0.051162790697674425,0.07906976744186046,0.06976744186046512,1,Daikin Park,98.7,29.0,1.7,0.0,0.5,0.9776201372997712,0.1589021228859453,529,,,,,,,,0.5,,,PASS
823422,2026-08-22 22:05:00+00:00,STL,PHI,PHI,STL,1,656941,Kyle Schwarber,confirmed,1.0,4.75,687273,0.05185185185185185,0.06296296296296296,0.06007067137809187,0.22592592592592592,0.1814814814814815,0.3333333333333333,0.14814814814814814,0.3393586688888889,98.83216666666664,0.05555555555555555,0.09722222222222222,0.08641975308641975,0.2361111111111111,0.2222222222222222,0.2777777777777778,0.1388888888888889,0.33750674888888893,98.22333333333333,L,0.024390243902439025,0.024390243902439025,0.0975609756097561,0.4827586206896552,0.24390243902439024,0.14634146341463414,0.2691610661764706,97.72,13.5,L,0.0,0.0,0.0,0.03,0.06,0.0,1,Citizens Bank Park,72.6,90.0,8.1,0.126,0.0,1.0646521739130437,0.1581045558337922,532,,,,,,,,0.5,,,PASS
824718,2026-08-22 23:15:00+00:00,SF,BOS,SF,BOS,0,646240,Rafael Devers,confirmed,2.0,4.65,663776,0.07142857142857142,0.07539682539682539,0.060126582278481014,0.25396825396825395,0.27380952380952384,0.21031746031746032,0.1349206349206349,0.3625564697222222,100.05933333333333,0.04838709677419355,0.06451612903225806,0.0625,0.1774193548387097,0.1774193548387097,0.22580645161290322,0.12903225806451613,0.29754267888888886,99.00266666666666,L,0.01875,0.0375,0.14375,0.5076142131979695,0.21875,0.1,0.33196031877013576,99.38714285714286,14.142857142857142,L,0.0,0.0,0.0,0.03,0.06,0.0,1,Fenway Park,70.4,78.0,4.3,0.0,0.0,1.0193478260869566,0.15745072558992387,535,,,,,,,,0.5,,,PASS
822858,2026-08-22 23:05:00+00:00,LAA,TEX,TEX,LAA,1,608369,Corey Seager,confirmed,2.0,4.65,696270,0.0392156862745098,0.09411764705882353,0.07717041800643087,0.20784313725490197,0.2196078431372549,0.2549019607843137,0.11372549019607843,0.33290195333333333,97.49333333333334,0.04918032786885246,0.11475409836065574,0.0875,0.3442622950819672,0.2786885245901639,0.16393442622950818,0.08196721311475409,0.3707737555555556,98.75200000000001,L,0.056910569105691054,0.07723577235772358,0.1951219512195122,0.5363636363636364,0.17886178861788618,0.10569105691056911,0.3502786207169439,100.68833333333333,13.666666666666666,R,2.0,0.0,1.0,0.02857142857142857,0.08095238095238096,0.047619047619047616,0,Globe Life Field,105.7,22.0,8.4,0.0,0.5,0.9537757437070936,0.15641944302246885,539,,,,,,,,0.5,,,PASS
823910,2026-08-22 23:15:00+00:00,PIT,LAD,PIT,LAD,0,699013,Esmerlyn Valdez,confirmed,2.0,4.65,669373,0.056768558951965066,0.09606986899563319,0.09322033898305085,0.2052401746724891,0.2096069868995633,0.36681222707423583,0.15283842794759825,0.3256703945454546,96.73388888888888,0.0,0.031746031746031744,0.029850746268656716,0.1746031746031746,0.14285714285714285,0.42857142857142855,0.1746031746031746,0.2614831944444444,93.28785714285716,R,0.03125,0.045454545454545456,0.15625,0.5470459518599562,0.3181818181818182,0.045454545454545456,0.2564228875383715,98.97733333333333,17.8,L,0.0,0.0,0.0,0.03,0.06,0.0,0,UNIQLO Field at Dodger Stadium,72.0,55.0,7.0,0.0,0.0,1.1042934782608695,0.15634884037446564,540,,,,,,,,0.5,,,PASS
823910,2026-08-22 23:15:00+00:00,PIT,LAD,LAD,PIT,1,571970,Max Muncy,confirmed,4.0,4.45,683003,0.05371900826446281,0.06611570247933884,0.053691275167785234,0.2603305785123967,0.21487603305785125,0.24380165289256198,0.09917355371900827,0.30517382000000004,96.80366666666666,0.06779661016949153,0.06779661016949153,0.05405405405405406,0.3220338983050847,0.2033898305084746,0.3389830508474576,0.0847457627118644,0.2963173677777778,97.99999999999999,L,0.040740740740740744,0.05555555555555555,0.16666666666666666,0.5534591194968553,0.26666666666666666,0.07777777777777778,0.29282506659878865,102.085,13.571428571428571,R,2.0,0.0,0.0,0.02857142857142857,0.05714285714285714,0.047619047619047616,0,UNIQLO Field at Dodger Stadium,72.0,55.0,7.0,0.0,0.0,1.1042934782608695,0.15231876897401797,557,,,,,,,,0.5,,,PASS
824560,2026-08-22 23:10:00+00:00,NYM,CWS,CWS,NYM,1,678246,Miguel Vargas,confirmed,3.0,4.55,681035,0.04868913857677903,0.10861423220973783,0.0838150289017341,0.26217228464419473,0.26591760299625467,0.18726591760299627,0.10861423220973783,0.37590074424603176,98.44716666666667,0.07142857142857142,0.11428571428571428,0.0851063829787234,0.2571428571428571,0.3142857142857143,0.18571428571428572,0.17142857142857143,0.3974207814285714,97.592,R,0.0219435736677116,0.0438871473354232,0.19122257053291536,0.5650224215246636,0.28213166144200624,0.0877742946708464,0.3058897207959715,100.934,14.6,R,0.0,0.0,0.0,0.03,0.06,0.0,1,Rate Field,76.8,41.0,11.9,0.0,0.0,1.0393350383631712,0.15108551209734214,562,,,,,,,,0.5,,,PASS
824718,2026-08-22 23:15:00+00:00,SF,BOS,BOS,SF,1,677800,Wilyer Abreu,confirmed,3.0,4.55,694918,0.05660377358490566,0.09433962264150944,0.0700280112044818,0.2188679245283019,0.3169811320754717,0.18867924528301888,0.1320754716981132,0.38118639904761903,97.2875,0.04477611940298507,0.08955223880597014,0.07407407407407407,0.2537313432835821,0.2835820895522388,0.08955223880597014,0.19402985074626866,0.4585140128571429,98.4953333333333,L,0.015873015873015872,0.047619047619047616,0.23809523809523808,0.5,0.15873015873015872,0.1111111111111111,0.3199165311004784,104.52,15.0,R,0.0,0.0,0.0,0.03,0.06,0.0,0,Fenway Park,70.4,78.0,4.3,0.0,0.0,1.0193478260869566,0.14908952396155106,571,,,,,,,,0.5,,,PASS
825044,2026-08-23 00:10:00+00:00,CIN,ARI,ARI,CIN,1,663457,Lars Nootbaar,confirmed,1.0,4.75,695076,0.009302325581395349,0.05581395348837209,0.04878048780487805,0.2,0.15813953488372093,0.21395348837209302,0.13488372093023257,0.32103421025641027,98.16557692307694,0.0,0.047619047619047616,0.04054054054054054,0.1746031746031746,0.15873015873015872,0.1746031746031746,0.15873015873015872,0.2895852644444445,97.53133333333334,L,0.03374233128834356,0.0705521472392638,0.17177914110429449,0.5098039215686274,0.19631901840490798,0.09202453987730061,0.35972837869968344,100.74733333333333,14.133333333333333,R,4.0,0.0,0.0,0.02727272727272727,0.05454545454545454,0.09090909090909091,0,Chase Field,112.2,11.0,7.7,0.0,0.5,1.0,0.14647832179816303,583,,,,,,,,0.5,,,PASS
824718,2026-08-22 23:15:00+00:00,SF,BOS,SF,BOS,0,805811,Bryce Eldridge,confirmed,4.0,4.45,663776,0.046875,0.07421875,0.06375838926174497,0.203125,0.20703125,0.2734375,0.12890625,0.3310175036111112,97.56216666666667,0.047619047619047616,0.06349206349206349,0.058823529411764705,0.19047619047619047,0.1746031746031746,0.25396825396825395,0.09523809523809523,0.3243853166666667,99.48600000000003,L,0.01875,0.0375,0.14375,0.5076142131979695,0.21875,0.1,0.33196031877013576,99.38714285714286,14.142857142857142,L,0.0,0.0,0.0,0.03,0.06,0.0,1,Fenway Park,70.4,78.0,4.3,0.0,0.0,1.0193478260869566,0.14433642354951914,593,,,,,,,,0.5,,,PASS
823422,2026-08-22 22:05:00+00:00,STL,PHI,STL,PHI,0,691023,Jordan Walker,confirmed,4.0,4.45,691725,0.0390625,0.09765625,0.08090614886731391,0.14453125,0.21484375,0.2265625,0.08203125,0.33949111638888885,98.94133333333333,0.07692307692307693,0.13846153846153847,0.10227272727272728,0.2,0.3076923076923077,0.16923076923076924,0.07692307692307693,0.3636393955555555,98.29400000000003,R,0.05,0.065625,0.184375,0.5170842824601367,0.165625,0.090625,0.3689022678888045,100.50933333333336,13.8,R,2.0,0.0,0.0,0.02857142857142857,0.05714285714285714,0.047619047619047616,1,Citizens Bank Park,72.6,90.0,8.1,0.126,0.0,1.0646521739130437,0.14231548164485153,603,,,,,,,,0.5,,,PASS
823910,2026-08-22 23:15:00+00:00,PIT,LAD,PIT,LAD,0,665833,Oneil Cruz,confirmed,4.0,4.45,669373,0.051094890510948905,0.09124087591240876,0.08771929824561403,0.17153284671532848,0.1678832116788321,0.3284671532846715,0.11678832116788321,0.3643174247222222,100.059,0.07936507936507936,0.07936507936507936,0.0847457627118644,0.09523809523809523,0.20634920634920634,0.2698412698412698,0.23809523809523808,0.47273931666666674,97.18,L,0.03125,0.045454545454545456,0.15625,0.5470459518599562,0.3181818181818182,0.045454545454545456,0.2564228875383715,98.97733333333333,17.8,L,0.0,0.0,0.0,0.03,0.06,0.0,1,UNIQLO Field at Dodger Stadium,72.0,55.0,7.0,0.0,0.0,1.1042934782608695,0.14104418341701064,609,,,,,,,,0.5,,,PASS
823100,2026-08-22 23:15:00+00:00,CHC,SEA,SEA,CHC,1,663728,Cal Raleigh,confirmed,7.0,4.0,656849,0.02857142857142857,0.061224489795918366,0.04559270516717325,0.24897959183673468,0.24489795918367346,0.3224489795918367,0.14285714285714285,0.28026819305555556,96.84816666666667,0.05172413793103448,0.08620689655172414,0.07042253521126761,0.25862068965517243,0.2413793103448276,0.25862068965517243,0.1724137931034483,0.3255675055555555,97.31533333333333,R,0.020348837209302327,0.0377906976744186,0.16279069767441862,0.4172494172494173,0.19186046511627908,0.10174418604651163,0.3518052286814433,100.71133333333333,14.8,L,0.0,0.0,0.0,0.03,0.06,0.0,0,T-Mobile Park,71.8,66.0,5.6,0.0,0.5,1.3025,0.13990674329240455,615,,,,,,,,0.5,,,PASS
822858,2026-08-22 23:05:00+00:00,LAA,TEX,TEX,LAA,1,607043,Brandon Nimmo,confirmed,4.0,4.45,696270,0.024096385542168676,0.060240963855421686,0.0398936170212766,0.23293172690763053,0.30522088353413657,0.21686746987951808,0.07228915662650602,0.34227716333333336,98.045,0.03278688524590164,0.01639344262295082,0.010526315789473684,0.21311475409836064,0.26229508196721313,0.19672131147540983,0.06557377049180328,0.28618150111111107,97.45333333333332,L,0.056910569105691054,0.07723577235772358,0.1951219512195122,0.5363636363636364,0.17886178861788618,0.10569105691056911,0.3502786207169439,100.68833333333333,13.666666666666666,R,2.0,0.0,0.0,0.02857142857142857,0.05714285714285714,0.047619047619047616,0,Globe Life Field,105.7,22.0,8.4,0.0,0.5,0.9537757437070936,0.13737704642711157,628,,,,,,,,0.5,,,PASS
824798,2026-08-22 23:05:00+00:00,TB,BAL,BAL,TB,1,687952,Christian Encarnacion-Strand,confirmed,6.0,4.15,663556,0.06521739130434782,0.13043478260869565,0.08333333333333333,0.2717391304347826,0.29347826086956524,0.25,0.05434782608695652,0.36447944696969703,97.51409090909091,0.04838709677419355,0.12903225806451613,0.08602150537634409,0.25806451612903225,0.24193548387096775,0.27419354838709675,0.04838709677419355,0.3542404722222222,97.964,R,0.023178807947019868,0.056291390728476824,0.17218543046357615,0.46756756756756757,0.2119205298013245,0.0728476821192053,0.31676946162084835,101.31466666666667,14.533333333333333,L,1.0,0.0,0.0,0.029268292682926828,0.058536585365853655,0.024390243902439025,0,Oriole Park at Camden Yards,74.9,83.0,4.6,0.0,0.0,1.0571014492753623,0.13680805066827806,631,,,,,,,,0.5,,,PASS
824718,2026-08-22 23:15:00+00:00,SF,BOS,SF,BOS,0,682674,Victor Bericoto,confirmed,1.0,4.75,663776,0.05555555555555555,0.09722222222222222,0.06796116504854369,0.20833333333333334,0.3333333333333333,0.2777777777777778,0.013888888888888888,0.2831443968253969,95.94190476190477,0.03571428571428571,0.08928571428571429,0.06666666666666667,0.23214285714285715,0.2857142857142857,0.26785714285714285,0.017857142857142856,0.29119104444444444,95.68,R,0.01875,0.0375,0.14375,0.5076142131979695,0.21875,0.1,0.33196031877013576,99.38714285714286,14.142857142857142,L,0.0,0.0,0.0,0.03,0.06,0.0,0,Fenway Park,70.4,78.0,4.3,0.0,0.0,1.0193478260869566,0.13677013460368548,631,,,,,,,,0.5,,,PASS
824073,2026-08-22 23:15:00+00:00,DET,KC,KC,DET,1,695506,Jac Caglianone,confirmed,3.0,4.55,623454,0.06477732793522267,0.10121457489878542,0.07267441860465117,0.24696356275303644,0.20242914979757085,0.22672064777327935,0.04048582995951417,0.37581858277777774,101.78433333333334,0.06896551724137931,0.1206896551724138,0.08536585365853659,0.3275862068965517,0.1724137931034483,0.13793103448275862,0.034482758620689655,0.4533146777777778,101.71733333333333,L,0.024691358024691357,0.04938271604938271,0.13580246913580246,0.4946236559139785,0.25925925925925924,0.1111111111111111,0.2700531245493069,98.174,11.8,R,1.0,0.0,0.0,0.029268292682926828,0.058536585365853655,0.024390243902439025,0,Kauffman Stadium,84.8,47.0,6.7,0.0,0.0,1.0126854219948849,0.13651832263036598,633,,,,,,,,0.5,,,PASS
825044,2026-08-23 00:10:00+00:00,CIN,ARI,ARI,CIN,1,682998,Corbin Carroll,confirmed,2.0,4.65,695076,0.02631578947368421,0.06390977443609022,0.05089820359281437,0.21052631578947367,0.22180451127819548,0.21052631578947367,0.12030075187969924,0.3202987978968254,97.448,0.03076923076923077,0.06153846153846154,0.05128205128205128,0.2,0.23076923076923078,0.12307692307692308,0.15384615384615385,0.3552081222222221,98.09466666666667,L,0.03374233128834356,0.0705521472392638,0.17177914110429449,0.5098039215686274,0.19631901840490798,0.09202453987730061,0.35972837869968344,100.74733333333333,14.133333333333333,R,3.0,1.0,1.0,0.051162790697674425,0.07906976744186046,0.06976744186046512,0,Chase Field,112.2,11.0,7.7,0.0,0.5,1.0,0.13610239909453742,635,,,,,,,,0.5,,,PASS
823910,2026-08-22 23:15:00+00:00,PIT,LAD,PIT,LAD,0,668804,Bryan Reynolds,confirmed,3.0,4.55,669373,0.0299625468164794,0.08614232209737828,0.07033639143730887,0.19850187265917604,0.26591760299625467,0.26591760299625467,0.10861423220973783,0.32966240416666664,97.3195,0.0,0.07692307692307693,0.06329113924050633,0.18461538461538463,0.26153846153846155,0.24615384615384617,0.09230769230769231,0.3218264722222222,97.75466666666667,L,0.03125,0.045454545454545456,0.15625,0.5470459518599562,0.3181818181818182,0.045454545454545456,0.2564228875383715,98.97733333333333,17.8,L,0.0,0.0,0.0,0.03,0.06,0.0,1,UNIQLO Field at Dodger Stadium,72.0,55.0,7.0,0.0,0.0,1.1042934782608695,0.1313602811541758,661,,,,,,,,0.5,,,PASS
823100,2026-08-22 23:15:00+00:00,CHC,SEA,SEA,CHC,1,686527,Dominic Canzone,confirmed,3.0,4.55,656849,0.056,0.08,0.06309148264984227,0.188,0.224,0.2,0.096,0.36838398222222224,97.47366666666669,0.015151515151515152,0.015151515151515152,0.012658227848101266,0.13636363636363635,0.15151515151515152,0.25757575757575757,0.09090909090909091,0.27237159999999994,96.2493333333333,L,0.020348837209302327,0.0377906976744186,0.16279069767441862,0.4172494172494173,0.19186046511627908,0.10174418604651163,0.3518052286814433,100.71133333333333,14.8,L,0.0,0.0,0.0,0.03,0.06,0.0,1,T-Mobile Park,71.8,66.0,5.6,0.0,0.5,1.3025,0.1307423688950116,665,,,,,,,,0.5,,,PASS
823100,2026-08-22 23:15:00+00:00,CHC,SEA,CHC,SEA,0,673548,Seiya Suzuki,confirmed,2.0,4.65,807739,0.04727272727272727,0.07272727272727272,0.058823529411764705,0.16727272727272727,0.24363636363636362,0.26545454545454544,0.12727272727272726,0.3420818002777778,95.1945,0.04411764705882353,0.08823529411764706,0.06593406593406594,0.17647058823529413,0.27941176470588236,0.2647058823529412,0.11764705882352941,0.3310463666666667,92.09066666666668,R,,,,,,,,,,,0.0,0.0,0.0,0.03,0.06,0.0,0,T-Mobile Park,71.8,66.0,5.6,0.0,0.5,1.3025,0.13046477048002109,666,,,,,,,,0.5,,,PASS
824073,2026-08-22 23:15:00+00:00,DET,KC,KC,DET,1,695600,Carter Jensen,confirmed,1.0,4.75,623454,0.03731343283582089,0.07462686567164178,0.05917159763313609,0.20522388059701493,0.20522388059701493,0.26865671641791045,0.1044776119402985,0.3066046182142857,97.49333333333334,0.03076923076923077,0.09230769230769231,0.08333333333333333,0.2,0.2,0.24615384615384617,0.16923076923076924,0.32964545666666667,96.728,L,0.024691358024691357,0.04938271604938271,0.13580246913580246,0.4946236559139785,0.25925925925925924,0.1111111111111111,0.2700531245493069,98.174,11.8,R,1.0,0.0,1.0,0.029268292682926828,0.08292682926829269,0.024390243902439025,0,Kauffman Stadium,84.8,47.0,6.7,0.0,0.0,1.0126854219948849,0.12948564626466094,672,,,,,,,,0.5,,,PASS
823100,2026-08-22 23:15:00+00:00,CHC,SEA,SEA,CHC,1,677594,Julio Rodríguez,confirmed,4.0,4.45,656849,0.030534351145038167,0.06870229007633588,0.05405405405405406,0.20229007633587787,0.21755725190839695,0.21755725190839695,0.08396946564885496,0.3596370563888888,98.51700000000001,0.04477611940298507,0.08955223880597014,0.08450704225352113,0.208955223880597,0.208955223880597,0.2835820895522388,0.08955223880597014,0.36451235666666665,97.25800000000001,R,0.020348837209302327,0.0377906976744186,0.16279069767441862,0.4172494172494173,0.19186046511627908,0.10174418604651163,0.3518052286814433,100.71133333333333,14.8,L,0.0,0.0,0.0,0.03,0.06,0.0,0,T-Mobile Park,71.8,66.0,5.6,0.0,0.5,1.3025,0.12826078082186795,680,,,,,,,,0.5,,,PASS
824073,2026-08-22 23:15:00+00:00,DET,KC,KC,DET,1,677951,Bobby Witt Jr.,confirmed,2.0,4.65,623454,0.03409090909090909,0.07954545454545454,0.06645569620253164,0.21212121212121213,0.3106060606060606,0.17045454545454544,0.10606060606060606,0.3830028249206349,98.91483333333333,0.04477611940298507,0.05970149253731343,0.047058823529411764,0.19402985074626866,0.2537313432835821,0.16417910447761194,0.13432835820895522,0.35847169111111116,98.86466666666666,R,0.024691358024691357,0.04938271604938271,0.13580246913580246,0.4946236559139785,0.25925925925925924,0.1111111111111111,0.2700531245493069,98.174,11.8,R,3.0,0.0,0.0,0.027906976744186046,0.05581395348837209,0.06976744186046512,1,Kauffman Stadium,84.8,47.0,6.7,0.0,0.0,1.0126854219948849,0.12787964371350316,682,,,,,,,,0.5,,,PASS
822858,2026-08-22 23:05:00+00:00,LAA,TEX,TEX,LAA,1,694671,Wyatt Langford,confirmed,3.0,4.55,696270,0.05019305019305019,0.05405405405405406,0.03954802259887006,0.20463320463320464,0.21621621621621623,0.22393822393822393,0.0888030888030888,0.3200856141666666,97.70249999999997,0.015625,0.015625,0.012658227848101266,0.125,0.171875,0.171875,0.15625,0.32546319111111116,97.01666666666668,R,0.056910569105691054,0.07723577235772358,0.1951219512195122,0.5363636363636364,0.17886178861788618,0.10569105691056911,0.3502786207169439,100.68833333333333,13.666666666666666,R,2.0,0.0,0.0,0.02857142857142857,0.05714285714285714,0.047619047619047616,1,Globe Life Field,105.7,22.0,8.4,0.0,0.5,0.9537757437070936,0.1262867755831105,692,,,,,,,,0.5,,,PASS
824316,2026-08-23 00:10:00+00:00,CLE,COL,COL,CLE,1,650489,Willi Castro,confirmed,6.0,4.15,676440,0.0449438202247191,0.06367041198501873,0.04696132596685083,0.1797752808988764,0.26217228464419473,0.24344569288389514,0.0898876404494382,0.32681523281746033,96.39383333333333,0.03125,0.0625,0.045454545454545456,0.203125,0.265625,0.1875,0.09375,0.34724774333333325,98.71333333333332,R,0.049586776859504134,0.06611570247933884,0.20385674931129477,0.5167364016736402,0.1790633608815427,0.06060606060606061,0.33431052100605635,101.01266666666666,17.8,R,0.0,0.0,0.0,0.03,0.06,0.0,1,Coors Field,74.0,65.0,9.5,0.0,0.0,1.4440760869565217,0.1226994497760619,715,,,,,,,,0.5,,,PASS
823910,2026-08-22 23:15:00+00:00,PIT,LAD,PIT,LAD,0,804668,Rafael Flores Jr.,confirmed,5.0,4.3,669373,0.07017543859649122,0.08771929824561403,0.09090909090909091,0.17543859649122806,0.19298245614035087,0.2982456140350877,0.12280701754385964,0.336795125,96.93800000000002,0.05660377358490566,0.07547169811320754,0.08,0.16981132075471697,0.16981132075471697,0.32075471698113206,0.11320754716981132,0.30761734999999996,96.50071428571428,R,0.03125,0.045454545454545456,0.15625,0.5470459518599562,0.3181818181818182,0.045454545454545456,0.2564228875383715,98.97733333333333,17.8,L,0.0,0.0,0.0,0.03,0.06,0.0,0,UNIQLO Field at Dodger Stadium,72.0,55.0,7.0,0.0,0.0,1.1042934782608695,0.12229075426712135,718,,,,,,,,0.5,,,PASS
823422,2026-08-22 22:05:00+00:00,STL,PHI,STL,PHI,0,699625,Jimmy Crooks,confirmed,8.0,3.85,691725,0.01652892561983471,0.049586776859504134,0.0425531914893617,0.2396694214876033,0.2231404958677686,0.30578512396694213,0.0743801652892562,0.26704410523809524,95.73285714285713,0.018518518518518517,0.07407407407407407,0.058823529411764705,0.2962962962962963,0.25925925925925924,0.2777777777777778,0.037037037037037035,0.23014012000000003,96.894,L,0.05,0.065625,0.184375,0.5170842824601367,0.165625,0.090625,0.3689022678888045,100.50933333333336,13.8,R,2.0,0.0,0.0,0.02857142857142857,0.05714285714285714,0.047619047619047616,0,Citizens Bank Park,72.6,90.0,8.1,0.126,0.0,1.0646521739130437,0.12071062345746005,728,,,,,,,,0.5,,,PASS
824151,2026-08-22 23:10:00+00:00,ATH,HOU,HOU,ATH,1,665161,Jeremy Peña,confirmed,1.0,4.75,682052,0.05263157894736842,0.045112781954887216,0.036036036036036036,0.16917293233082706,0.18045112781954886,0.21052631578947367,0.06390977443609022,0.3319816852777777,97.89200000000001,0.03076923076923077,0.03076923076923077,0.02702702702702703,0.1076923076923077,0.2,0.27692307692307694,0.06153846153846154,0.22877574666666664,95.31866666666664,R,0.04472843450479233,0.04153354632587859,0.15335463258785942,0.6093366093366094,0.21405750798722045,0.10223642172523961,0.264502190631853,98.38599999999998,14.0,L,0.0,0.0,0.0,0.03,0.06,0.0,0,Daikin Park,98.7,29.0,1.7,0.0,0.5,0.9776201372997712,0.11989928767144806,734,,,,,,,,0.5,,,PASS
824073,2026-08-22 23:15:00+00:00,DET,KC,DET,KC,0,693307,Dillon Dingler,confirmed,4.0,4.45,608379,0.04428044280442804,0.05166051660516605,0.039886039886039885,0.18450184501845018,0.24723247232472326,0.23985239852398524,0.04059040590405904,0.31269794250000005,96.33016666666664,0.04225352112676056,0.056338028169014086,0.04395604395604396,0.18309859154929578,0.2535211267605634,0.2112676056338028,0.07042253521126761,0.27390376555555557,96.17666666666668,R,0.03655352480417755,0.04960835509138381,0.19843342036553524,0.5386029411764706,0.16971279373368145,0.05483028720626632,0.3170644407680904,99.98200000000001,18.2,R,3.0,0.0,0.0,0.027906976744186046,0.05581395348837209,0.06976744186046512,1,Kauffman Stadium,84.8,47.0,6.7,0.0,0.0,1.0126854219948849,0.11946446025403198,737,,,,,,,,0.5,,,PASS
823100,2026-08-22 23:15:00+00:00,CHC,SEA,CHC,SEA,0,608324,Alex Bregman,confirmed,3.0,4.55,807739,0.04727272727272727,0.03636363636363636,0.02610966057441253,0.22181818181818183,0.26181818181818184,0.14181818181818182,0.12363636363636364,0.3190698900000001,95.54866666666666,0.10294117647058823,0.08823529411764706,0.05555555555555555,0.3235294117647059,0.35294117647058826,0.11764705882352941,0.10294117647058823,0.37449847777777784,97.198,R,,,,,,,,,,,0.0,0.0,0.0,0.03,0.06,0.0,0,T-Mobile Park,71.8,66.0,5.6,0.0,0.5,1.3025,0.11922708216123719,739,,,,,,,,0.5,,,PASS
822858,2026-08-22 23:05:00+00:00,LAA,TEX,TEX,LAA,1,669394,Jake Burger,confirmed,7.0,4.0,696270,0.041666666666666664,0.07083333333333333,0.06007067137809187,0.17083333333333334,0.16666666666666666,0.275,0.07916666666666666,0.28513316777777775,96.84049999999999,0.03389830508474576,0.03389830508474576,0.030303030303030304,0.15254237288135594,0.13559322033898305,0.2711864406779661,0.0847457627118644,0.28069131666666675,96.53,R,0.056910569105691054,0.07723577235772358,0.1951219512195122,0.5363636363636364,0.17886178861788618,0.10569105691056911,0.3502786207169439,100.68833333333333,13.666666666666666,R,2.0,0.0,0.0,0.02857142857142857,0.05714285714285714,0.047619047619047616,1,Globe Life Field,105.7,22.0,8.4,0.0,0.5,0.9537757437070936,0.11740352932325863,752,,,,,,,,0.5,,,PASS
823100,2026-08-22 23:15:00+00:00,CHC,SEA,SEA,CHC,1,668227,Randy Arozarena,confirmed,2.0,4.65,656849,0.04198473282442748,0.04961832061068702,0.03939393939393939,0.16793893129770993,0.2633587786259542,0.1984732824427481,0.09541984732824428,0.34075932027777783,97.588,0.04477611940298507,0.014925373134328358,0.01098901098901099,0.14925373134328357,0.2835820895522388,0.23880597014925373,0.05970149253731343,0.29703641,98.406,R,0.020348837209302327,0.0377906976744186,0.16279069767441862,0.4172494172494173,0.19186046511627908,0.10174418604651163,0.3518052286814433,100.71133333333333,14.8,L,0.0,0.0,0.0,0.03,0.06,0.0,0,T-Mobile Park,71.8,66.0,5.6,0.0,0.5,1.3025,0.11722376993614864,753,,,,,,,,0.5,,,PASS
823422,2026-08-22 22:05:00+00:00,STL,PHI,STL,PHI,0,802139,JJ Wetherholt,confirmed,1.0,4.75,691725,0.025454545454545455,0.05454545454545454,0.047021943573667714,0.19636363636363635,0.2581818181818182,0.16363636363636364,0.11272727272727273,0.34783066972222226,96.44099999999999,0.0,0.06944444444444445,0.058823529411764705,0.2222222222222222,0.2638888888888889,0.20833333333333334,0.1388888888888889,0.34959298666666666,98.14466666666665,L,0.05,0.065625,0.184375,0.5170842824601367,0.165625,0.090625,0.3689022678888045,100.50933333333336,13.8,R,3.0,0.0,0.0,0.027906976744186046,0.05581395348837209,0.06976744186046512,0,Citizens Bank Park,72.6,90.0,8.1,0.126,0.0,1.0646521739130437,0.11706794408488967,754,,,,,,,,0.5,,,PASS
824798,2026-08-22 23:05:00+00:00,TB,BAL,BAL,TB,1,641933,Tyler O'Neill,confirmed,4.0,4.45,663556,0.02702702702702703,0.04504504504504504,0.038910505836575876,0.22072072072072071,0.16666666666666666,0.27927927927927926,0.12162162162162163,0.31706513305555556,95.18166666666666,0.03333333333333333,0.05,0.04477611940298507,0.16666666666666666,0.11666666666666667,0.3,0.13333333333333333,0.33707258888888886,94.584,R,0.023178807947019868,0.056291390728476824,0.17218543046357615,0.46756756756756757,0.2119205298013245,0.0728476821192053,0.31676946162084835,101.31466666666667,14.533333333333333,L,7.0,0.0,0.0,0.02553191489361702,0.05106382978723404,0.14893617021276595,0,Oriole Park at Camden Yards,74.9,83.0,4.6,0.0,0.0,1.0571014492753623,0.1164578669511234,759,,,,,,,,0.5,,,PASS
824798,2026-08-22 23:05:00+00:00,TB,BAL,TB,BAL,0,666018,Jonathan Aranda,confirmed,2.0,4.65,687064,0.014925373134328358,0.055970149253731345,0.040106951871657755,0.208955223880597,0.27611940298507465,0.22014925373134328,0.06716417910447761,0.3256941575,97.41766666666666,0.014285714285714285,0.05714285714285714,0.043010752688172046,0.2,0.3,0.2571428571428571,0.05714285714285714,0.2836727377777778,97.16599999999998,L,0.026737967914438502,0.045454545454545456,0.1711229946524064,0.4800796812749004,0.19786096256684493,0.0748663101604278,0.32067729390014926,101.72666666666665,17.266666666666666,R,3.0,0.0,1.0,0.027906976744186046,0.07906976744186046,0.06976744186046512,0,Oriole Park at Camden Yards,74.9,83.0,4.6,0.0,0.0,1.0571014492753623,0.11607761466172278,761,,,,,,,,0.5,,,PASS
824073,2026-08-22 23:15:00+00:00,DET,KC,DET,KC,0,805808,Kevin McGonigle,confirmed,1.0,4.75,608379,0.03225806451612903,0.03225806451612903,0.024128686327077747,0.2114695340501792,0.24731182795698925,0.14336917562724014,0.13978494623655913,0.3221849463888889,95.72716666666669,0.028985507246376812,0.028985507246376812,0.021052631578947368,0.21739130434782608,0.2753623188405797,0.14492753623188406,0.10144927536231885,0.29846011888888885,96.19266666666668,L,0.03655352480417755,0.04960835509138381,0.19843342036553524,0.5386029411764706,0.16971279373368145,0.05483028720626632,0.3170644407680904,99.98200000000001,18.2,R,6.0,0.0,0.0,0.02608695652173913,0.05217391304347826,0.13043478260869565,0,Kauffman Stadium,84.8,47.0,6.7,0.0,0.0,1.0126854219948849,0.11407928193411034,777,,,,,,,,0.5,,,PASS
824798,2026-08-22 23:05:00+00:00,TB,BAL,BAL,TB,1,681047,Christian Franklin,confirmed,7.0,4.0,663556,0.0,0.08333333333333333,0.07407407407407407,0.16666666666666666,0.2916666666666667,0.25,0.20833333333333334,0.310800619047619,94.94714285714285,0.0,0.08333333333333333,0.07407407407407407,0.16666666666666666,0.2916666666666667,0.25,0.20833333333333334,0.310800619047619,94.94714285714285,R,0.023178807947019868,0.056291390728476824,0.17218543046357615,0.46756756756756757,0.2119205298013245,0.0728476821192053,0.31676946162084835,101.31466666666667,14.533333333333333,L,1.0,0.0,0.0,0.029268292682926828,0.058536585365853655,0.024390243902439025,0,Oriole Park at Camden Yards,74.9,83.0,4.6,0.0,0.0,1.0571014492753623,0.11295464597024082,785,,,,,,,,0.5,,,PASS
825044,2026-08-23 00:10:00+00:00,CIN,ARI,ARI,CIN,1,694374,Tim Tawa,confirmed,6.0,4.15,695076,0.03271028037383177,0.06542056074766354,0.051094890510948905,0.1822429906542056,0.26635514018691586,0.21495327102803738,0.06542056074766354,0.30640652777777777,97.21537037037035,0.03125,0.078125,0.06097560975609756,0.171875,0.28125,0.28125,0.078125,0.3599817022222222,99.64666666666666,R,0.03374233128834356,0.0705521472392638,0.17177914110429449,0.5098039215686274,0.19631901840490798,0.09202453987730061,0.35972837869968344,100.74733333333333,14.133333333333333,R,0.0,0.0,0.0,0.03,0.06,0.0,1,Chase Field,112.2,11.0,7.7,0.0,0.5,1.0,0.1123507651745285,790,,,,,,,,0.5,,,PASS
823422,2026-08-22 22:05:00+00:00,STL,PHI,STL,PHI,0,671056,Iván Herrera,confirmed,2.0,4.65,691725,0.01893939393939394,0.026515151515151516,0.01818181818181818,0.15151515151515152,0.2537878787878788,0.20075757575757575,0.08333333333333333,0.2805361097222222,96.21066666666668,0.028169014084507043,0.04225352112676056,0.030612244897959183,0.16901408450704225,0.22535211267605634,0.19718309859154928,0.14084507042253522,0.33156952,96.91799999999999,R,0.05,0.065625,0.184375,0.5170842824601367,0.165625,0.090625,0.3689022678888045,100.50933333333336,13.8,R,3.0,0.0,0.0,0.027906976744186046,0.05581395348837209,0.06976744186046512,1,Citizens Bank Park,72.6,90.0,8.1,0.126,0.0,1.0646521739130437,0.1123399778906587,790,,,,,,,,0.5,,,PASS
824316,2026-08-23 00:10:00+00:00,CLE,COL,COL,CLE,1,694249,Cole Carrigg,confirmed,3.0,4.55,676440,0.021551724137931036,0.03017241379310345,0.022151898734177215,0.16379310344827586,0.27155172413793105,0.2025862068965517,0.10344827586206896,0.3271853066037736,94.06735849056604,0.0,0.014492753623188406,0.010638297872340425,0.08695652173913043,0.2028985507246377,0.2608695652173913,0.08695652173913043,0.2814857422222222,92.60933333333335,R,0.049586776859504134,0.06611570247933884,0.20385674931129477,0.5167364016736402,0.1790633608815427,0.06060606060606061,0.33431052100605635,101.01266666666666,17.8,R,0.0,0.0,0.0,0.03,0.06,0.0,1,Coors Field,74.0,65.0,9.5,0.0,0.0,1.4440760869565217,0.1112879940348398,799,,,,,,,,0.5,,,PASS
823100,2026-08-22 23:15:00+00:00,CHC,SEA,CHC,SEA,0,683737,Michael Busch,confirmed,4.0,4.45,807739,0.02909090909090909,0.04363636363636364,0.0345821325648415,0.1890909090909091,0.24727272727272728,0.2109090909090909,0.09454545454545454,0.3128194288888889,94.67316666666667,0.015151515151515152,0.030303030303030304,0.02531645569620253,0.13636363636363635,0.2727272727272727,0.19696969696969696,0.045454545454545456,0.27765586888888893,95.54933333333334,L,,,,,,,,,,,0.0,0.0,0.0,0.03,0.06,0.0,0,T-Mobile Park,71.8,66.0,5.6,0.0,0.5,1.3025,0.11067068298232728,804,,,,,,,,0.5,,,PASS
823910,2026-08-22 23:15:00+00:00,PIT,LAD,LAD,PIT,1,605141,Mookie Betts,confirmed,3.0,4.55,683003,0.0390625,0.05859375,0.04573170731707317,0.21484375,0.26953125,0.109375,0.0703125,0.3215379863888889,96.89133333333332,0.046875,0.0625,0.04938271604938271,0.203125,0.203125,0.078125,0.078125,0.3545426644444445,97.46466666666667,R,0.040740740740740744,0.05555555555555555,0.16666666666666666,0.5534591194968553,0.26666666666666666,0.07777777777777778,0.29282506659878865,102.085,13.571428571428571,R,2.0,0.0,0.0,0.02857142857142857,0.05714285714285714,0.047619047619047616,1,UNIQLO Field at Dodger Stadium,72.0,55.0,7.0,0.0,0.0,1.1042934782608695,0.10998253601593011,809,,,,,,,,0.5,,,PASS
824718,2026-08-22 23:15:00+00:00,SF,BOS,SF,BOS,0,642715,Willy Adames,confirmed,3.0,4.55,663776,0.04897959183673469,0.04897959183673469,0.04040404040404041,0.20408163265306123,0.2163265306122449,0.2693877551020408,0.09795918367346938,0.28739914888888884,93.72816666666668,0.03333333333333333,0.03333333333333333,0.027777777777777776,0.2,0.16666666666666666,0.21666666666666667,0.11666666666666667,0.281334518888889,95.27466666666669,R,0.01875,0.0375,0.14375,0.5076142131979695,0.21875,0.1,0.33196031877013576,99.38714285714286,14.142857142857142,L,0.0,0.0,0.0,0.03,0.06,0.0,0,Fenway Park,70.4,78.0,4.3,0.0,0.0,1.0193478260869566,0.10957230968485707,813,,,,,,,,0.5,,,PASS
824560,2026-08-22 23:10:00+00:00,NYM,CWS,CWS,NYM,1,695657,Colson Montgomery,confirmed,6.0,4.15,681035,0.047244094488188976,0.05905511811023622,0.05190311418685121,0.18503937007874016,0.23228346456692914,0.35826771653543305,0.07874015748031496,0.283614274484127,94.94035087719298,0.03125,0.0625,0.05128205128205128,0.21875,0.234375,0.390625,0.078125,0.2980922134920635,96.3292857142857,L,0.0219435736677116,0.0438871473354232,0.19122257053291536,0.5650224215246636,0.28213166144200624,0.0877742946708464,0.3058897207959715,100.934,14.6,R,0.0,0.0,0.0,0.03,0.06,0.0,0,Rate Field,76.8,41.0,11.9,0.0,0.0,1.0393350383631712,0.10935275380506257,814,,,,,,,,0.5,,,PASS
825044,2026-08-23 00:10:00+00:00,CIN,ARI,ARI,CIN,1,571448,Nolan Arenado,confirmed,5.0,4.3,695076,0.048582995951417005,0.044534412955465584,0.03313253012048193,0.1700404858299595,0.2631578947368421,0.2145748987854251,0.0931174089068826,0.26954802805555556,94.42883333333333,0.08064516129032258,0.03225806451612903,0.021505376344086023,0.22580645161290322,0.3064516129032258,0.1935483870967742,0.08064516129032258,0.2627624333333334,93.50466666666667,R,0.03374233128834356,0.0705521472392638,0.17177914110429449,0.5098039215686274,0.19631901840490798,0.09202453987730061,0.35972837869968344,100.74733333333333,14.133333333333333,R,3.0,0.0,0.0,0.027906976744186046,0.05581395348837209,0.06976744186046512,1,Chase Field,112.2,11.0,7.7,0.0,0.5,1.0,0.10891869630812155,818,,,,,,,,0.5,,,PASS
824718,2026-08-22 23:15:00+00:00,SF,BOS,BOS,SF,1,686765,Nick Sogard,confirmed,1.0,4.75,694918,0.006993006993006993,0.02097902097902098,0.017543859649122806,0.14685314685314685,0.2097902097902098,0.16783216783216784,0.14685314685314685,0.30360469144345237,93.655625,0.0136986301369863,0.0410958904109589,0.03296703296703297,0.2054794520547945,0.2465753424657534,0.1506849315068493,0.136986301369863,0.33378992952380954,96.53199999999998,L,0.015873015873015872,0.047619047619047616,0.23809523809523808,0.5,0.15873015873015872,0.1111111111111111,0.3199165311004784,104.52,15.0,R,0.0,0.0,0.0,0.03,0.06,0.0,0,Fenway Park,70.4,78.0,4.3,0.0,0.0,1.0193478260869566,0.10842095379256157,822,,,,,,,,0.5,,,PASS
824316,2026-08-23 00:10:00+00:00,CLE,COL,COL,CLE,1,691720,Kyle Karros,confirmed,5.0,4.3,676440,0.03305785123966942,0.06198347107438017,0.046583850931677016,0.1487603305785124,0.26859504132231404,0.17355371900826447,0.10743801652892562,0.3358532344444445,96.4255,0.015384615384615385,0.03076923076923077,0.02127659574468085,0.09230769230769231,0.35384615384615387,0.16923076923076924,0.1076923076923077,0.3440841011111111,94.27000000000001,R,0.049586776859504134,0.06611570247933884,0.20385674931129477,0.5167364016736402,0.1790633608815427,0.06060606060606061,0.33431052100605635,101.01266666666666,17.8,R,0.0,0.0,0.0,0.03,0.06,0.0,1,Coors Field,74.0,65.0,9.5,0.0,0.0,1.4440760869565217,0.1070102084260059,834,,,,,,,,0.5,,,PASS
824316,2026-08-23 00:10:00+00:00,CLE,COL,COL,CLE,1,664983,Jake McCarthy,confirmed,1.0,4.75,676440,0.032846715328467155,0.029197080291970802,0.021621621621621623,0.14963503649635038,0.22627737226277372,0.15693430656934307,0.043795620437956206,0.30515324833333335,94.27533333333332,0.029411764705882353,0.029411764705882353,0.021505376344086023,0.17647058823529413,0.2647058823529412,0.11764705882352941,0.07352941176470588,0.37439110444444446,96.59133333333332,L,0.049586776859504134,0.06611570247933884,0.20385674931129477,0.5167364016736402,0.1790633608815427,0.06060606060606061,0.33431052100605635,101.01266666666666,17.8,R,0.0,0.0,0.0,0.03,0.06,0.0,0,Coors Field,74.0,65.0,9.5,0.0,0.0,1.4440760869565217,0.1061181466396645,842,,,,,,,,0.5,,,PASS
824718,2026-08-22 23:15:00+00:00,SF,BOS,BOS,SF,1,680776,Jarren Duran,confirmed,7.0,4.0,694918,0.028,0.052,0.043333333333333335,0.124,0.228,0.272,0.06,0.2846680988888889,96.1675,0.031746031746031744,0.031746031746031744,0.02631578947368421,0.14285714285714285,0.2222222222222222,0.25396825396825395,0.07936507936507936,0.27216186000000003,98.79733333333334,L,0.015873015873015872,0.047619047619047616,0.23809523809523808,0.5,0.15873015873015872,0.1111111111111111,0.3199165311004784,104.52,15.0,R,0.0,0.0,0.0,0.03,0.06,0.0,0,Fenway Park,70.4,78.0,4.3,0.0,0.0,1.0193478260869566,0.10578941709858243,845,,,,,,,,0.5,,,PASS
824151,2026-08-22 23:10:00+00:00,ATH,HOU,ATH,HOU,0,680869,Zack Gelof,confirmed,3.0,4.55,686613,0.048,0.056,0.04778156996587031,0.2,0.164,0.252,0.072,0.29015241888888893,94.84633333333333,0.04838709677419355,0.08064516129032258,0.06578947368421052,0.16129032258064516,0.1935483870967742,0.2903225806451613,0.0967741935483871,0.29554996000000006,93.67866666666666,R,0.030716723549488054,0.03754266211604096,0.11945392491467577,0.4494047619047619,0.24573378839590443,0.13651877133105803,0.30065203192850826,99.22153846153846,15.307692307692308,R,0.0,0.0,0.0,0.03,0.06,0.0,1,Daikin Park,98.7,29.0,1.7,0.0,0.5,0.9776201372997712,0.10564186649398344,847,,,,,,,,0.5,,,PASS
824151,2026-08-22 23:10:00+00:00,ATH,HOU,ATH,HOU,0,703607,Henry Bolte,confirmed,1.0,4.75,686613,0.024896265560165973,0.058091286307053944,0.05166051660516605,0.0995850622406639,0.2033195020746888,0.2697095435684647,0.06224066390041494,0.30777901138888886,97.894,0.03076923076923077,0.046153846153846156,0.036585365853658534,0.09230769230769231,0.23076923076923078,0.26153846153846155,0.046153846153846156,0.310932088888889,99.85333333333334,R,0.030716723549488054,0.03754266211604096,0.11945392491467577,0.4494047619047619,0.24573378839590443,0.13651877133105803,0.30065203192850826,99.22153846153846,15.307692307692308,R,0.0,0.0,0.0,0.03,0.06,0.0,1,Daikin Park,98.7,29.0,1.7,0.0,0.5,0.9776201372997712,0.10510346019096078,851,,,,,,,,0.5,,,PASS
824151,2026-08-22 23:10:00+00:00,ATH,HOU,HOU,ATH,1,662139,Daulton Varsho,confirmed,6.0,4.15,682052,0.012552301255230125,0.03765690376569038,0.02601156069364162,0.18410041841004185,0.2928870292887029,0.20920502092050208,0.0794979079497908,0.2523425391666667,95.72,0.016129032258064516,0.016129032258064516,0.011764705882352941,0.1935483870967742,0.3225806451612903,0.24193548387096775,0.0967741935483871,0.2508563177777778,96.78333333333332,L,0.04472843450479233,0.04153354632587859,0.15335463258785942,0.6093366093366094,0.21405750798722045,0.10223642172523961,0.264502190631853,98.38599999999998,14.0,L,0.0,0.0,0.0,0.03,0.06,0.0,1,Daikin Park,98.7,29.0,1.7,0.0,0.5,0.9776201372997712,0.10504389753413089,852,,,,,,,,0.5,,,PASS
824798,2026-08-22 23:05:00+00:00,TB,BAL,TB,BAL,0,650490,Yandy Díaz,confirmed,1.0,4.75,687064,0.026022304832713755,0.040892193308550186,0.027848101265822784,0.17100371747211895,0.24535315985130113,0.16728624535315986,0.07806691449814127,0.3356664958333333,98.51800000000001,0.05555555555555555,0.06944444444444445,0.04807692307692308,0.18055555555555555,0.2777777777777778,0.125,0.05555555555555555,0.39580447444444444,100.28733333333335,R,0.026737967914438502,0.045454545454545456,0.1711229946524064,0.4800796812749004,0.19786096256684493,0.0748663101604278,0.32067729390014926,101.72666666666665,17.266666666666666,R,3.0,1.0,1.0,0.051162790697674425,0.07906976744186046,0.06976744186046512,1,Oriole Park at Camden Yards,74.9,83.0,4.6,0.0,0.0,1.0571014492753623,0.1049112929794749,853,,,,,,,,0.5,,,PASS
824718,2026-08-22 23:15:00+00:00,SF,BOS,BOS,SF,1,678882,Ceddanne Rafaela,confirmed,2.0,4.65,694918,0.03663003663003663,0.03663003663003663,0.023474178403755867,0.1575091575091575,0.32234432234432236,0.1978021978021978,0.018315018315018316,0.2705453754761905,93.5285,0.0136986301369863,0.0410958904109589,0.02830188679245283,0.136986301369863,0.3013698630136986,0.2054794520547945,0.0136986301369863,0.26038717857142857,91.63666666666667,R,0.015873015873015872,0.047619047619047616,0.23809523809523808,0.5,0.15873015873015872,0.1111111111111111,0.3199165311004784,104.52,15.0,R,0.0,0.0,0.0,0.03,0.06,0.0,1,Fenway Park,70.4,78.0,4.3,0.0,0.0,1.0193478260869566,0.10339951542714215,867,,,,,,,,0.5,,,PASS
824151,2026-08-22 23:10:00+00:00,ATH,HOU,HOU,ATH,1,572233,Christian Walker,confirmed,5.0,4.3,682052,0.028,0.032,0.0243161094224924,0.148,0.232,0.272,0.084,0.2660932652777777,96.54183333333334,0.016129032258064516,0.03225806451612903,0.028985507246376812,0.12903225806451613,0.16129032258064516,0.22580645161290322,0.08064516129032258,0.29434121888888887,98.58600000000001,R,0.04472843450479233,0.04153354632587859,0.15335463258785942,0.6093366093366094,0.21405750798722045,0.10223642172523961,0.264502190631853,98.38599999999998,14.0,L,2.0,0.0,0.0,0.02857142857142857,0.05714285714285714,0.047619047619047616,0,Daikin Park,98.7,29.0,1.7,0.0,0.5,0.9776201372997712,0.10242218087233525,876,,,,,,,,0.5,,,PASS
824073,2026-08-22 23:15:00+00:00,DET,KC,KC,DET,1,521692,Salvador Perez,confirmed,4.0,4.45,623454,0.028112449799196786,0.08032128514056225,0.05305039787798409,0.21285140562248997,0.3092369477911647,0.1927710843373494,0.028112449799196786,0.2966713063888889,95.60266666666665,0.0,0.05084745762711865,0.03125,0.1694915254237288,0.3050847457627119,0.06779661016949153,0.03389830508474576,0.30331927777777784,93.82400000000001,R,0.024691358024691357,0.04938271604938271,0.13580246913580246,0.4946236559139785,0.25925925925925924,0.1111111111111111,0.2700531245493069,98.174,11.8,R,0.0,0.0,0.0,0.03,0.06,0.0,1,Kauffman Stadium,84.8,47.0,6.7,0.0,0.0,1.0126854219948849,0.10239603482819125,877,,,,,,,,0.5,,,PASS
823910,2026-08-22 23:15:00+00:00,PIT,LAD,LAD,PIT,1,518692,Freddie Freeman,confirmed,2.0,4.65,683003,0.019762845849802372,0.039525691699604744,0.02457002457002457,0.22134387351778656,0.3359683794466403,0.16600790513833993,0.08695652173913043,0.36820670611111106,96.67433333333334,0.0,0.031746031746031744,0.021052631578947368,0.19047619047619047,0.3333333333333333,0.19047619047619047,0.07936507936507936,0.3253885977777778,94.486,L,0.040740740740740744,0.05555555555555555,0.16666666666666666,0.5534591194968553,0.26666666666666666,0.07777777777777778,0.29282506659878865,102.085,13.571428571428571,R,2.0,0.0,0.0,0.02857142857142857,0.05714285714285714,0.047619047619047616,0,UNIQLO Field at Dodger Stadium,72.0,55.0,7.0,0.0,0.0,1.1042934782608695,0.10211100873824391,879,,,,,,,,0.5,,,PASS
824073,2026-08-22 23:15:00+00:00,DET,KC,DET,KC,0,679529,Spencer Torkelson,confirmed,7.0,4.0,608379,0.040160642570281124,0.0642570281124498,0.05442176870748299,0.1686746987951807,0.22088353413654618,0.2971887550200803,0.11244979919678715,0.3050979847222222,95.63433333333333,0.0,0.04838709677419355,0.043478260869565216,0.14516129032258066,0.1935483870967742,0.3064516129032258,0.16129032258064516,0.29901267,93.894,R,0.03655352480417755,0.04960835509138381,0.19843342036553524,0.5386029411764706,0.16971279373368145,0.05483028720626632,0.3170644407680904,99.98200000000001,18.2,R,3.0,0.0,0.0,0.027906976744186046,0.05581395348837209,0.06976744186046512,1,Kauffman Stadium,84.8,47.0,6.7,0.0,0.0,1.0126854219948849,0.1018778098817305,882,,,,,,,,0.5,,,PASS
823100,2026-08-22 23:15:00+00:00,CHC,SEA,CHC,SEA,0,621438,Tyrone Taylor,confirmed,6.0,4.15,807739,0.050724637681159424,0.07246376811594203,0.05434782608695652,0.18115942028985507,0.26811594202898553,0.18115942028985507,0.06521739130434782,0.3021753150406504,94.49609756097561,0.09433962264150944,0.1320754716981132,0.1044776119402985,0.22641509433962265,0.24528301886792453,0.20754716981132076,0.09433962264150944,0.3879346888888888,95.70466666666668,R,,,,,,,,,,,0.0,0.0,0.0,0.03,0.06,0.0,0,T-Mobile Park,71.8,66.0,5.6,0.0,0.5,1.3025,0.10081846077887904,892,,,,,,,,0.5,,,PASS
824316,2026-08-23 00:10:00+00:00,CLE,COL,COL,CLE,1,691728,Zac Veen,confirmed,9.0,3.7,676440,0.125,0.125,0.10526315789473684,0.1875,0.25,0.375,0.0625,0.3013609666666667,90.09400000000001,0.125,0.125,0.10526315789473684,0.1875,0.25,0.375,0.0625,0.3013609666666667,90.09400000000001,L,0.049586776859504134,0.06611570247933884,0.20385674931129477,0.5167364016736402,0.1790633608815427,0.06060606060606061,0.33431052100605635,101.01266666666666,17.8,R,0.0,0.0,0.0,0.03,0.06,0.0,0,Coors Field,74.0,65.0,9.5,0.0,0.0,1.4440760869565217,0.1002827973009443,897,,,,,,,,0.5,,,PASS
824718,2026-08-22 23:15:00+00:00,SF,BOS,BOS,SF,1,668939,Adley Rutschman,confirmed,5.0,4.3,694918,0.022813688212927757,0.053231939163498096,0.04057971014492753,0.19391634980988592,0.3041825095057034,0.1634980988593156,0.11787072243346007,0.34196856833333344,95.94816666666665,0.015151515151515152,0.030303030303030304,0.02702702702702703,0.09090909090909091,0.21212121212121213,0.16666666666666666,0.18181818181818182,0.3525657266666667,92.44133333333333,L,0.015873015873015872,0.047619047619047616,0.23809523809523808,0.5,0.15873015873015872,0.1111111111111111,0.3199165311004784,104.52,15.0,R,1.0,0.0,0.0,0.029268292682926828,0.058536585365853655,0.024390243902439025,0,Fenway Park,70.4,78.0,4.3,0.0,0.0,1.0193478260869566,0.10004133943334186,900,,,,,,,,0.5,,,PASS
824151,2026-08-22 23:10:00+00:00,ATH,HOU,HOU,ATH,1,670623,Isaac Paredes,confirmed,3.0,4.55,682052,0.02631578947368421,0.03007518796992481,0.0196078431372549,0.22932330827067668,0.2669172932330827,0.10526315789473684,0.09774436090225563,0.3298885063888888,95.39200000000001,0.015384615384615385,0.015384615384615385,0.01020408163265306,0.2153846153846154,0.18461538461538463,0.046153846153846156,0.09230769230769231,0.3091172755555555,96.31799999999998,R,0.04472843450479233,0.04153354632587859,0.15335463258785942,0.6093366093366094,0.21405750798722045,0.10223642172523961,0.264502190631853,98.38599999999998,14.0,L,0.0,0.0,0.0,0.03,0.06,0.0,0,Daikin Park,98.7,29.0,1.7,0.0,0.5,0.9776201372997712,0.09971846671712102,903,,,,,,,,0.5,,,PASS
824798,2026-08-22 23:05:00+00:00,TB,BAL,BAL,TB,1,702616,Jackson Holliday,confirmed,1.0,4.75,663556,0.017699115044247787,0.04424778761061947,0.038314176245210725,0.15486725663716813,0.23008849557522124,0.23008849557522124,0.12389380530973451,0.2969222983333334,91.64932203389833,0.014925373134328358,0.04477611940298507,0.03571428571428571,0.1044776119402985,0.208955223880597,0.1791044776119403,0.07462686567164178,0.2912106433333333,91.90933333333334,L,0.023178807947019868,0.056291390728476824,0.17218543046357615,0.46756756756756757,0.2119205298013245,0.0728476821192053,0.31676946162084835,101.31466666666667,14.533333333333333,L,4.0,0.0,0.0,0.02727272727272727,0.05454545454545454,0.09090909090909091,1,Oriole Park at Camden Yards,74.9,83.0,4.6,0.0,0.0,1.0571014492753623,0.09954226020096713,905,,,,,,,,0.5,,,PASS
825044,2026-08-23 00:10:00+00:00,CIN,ARI,ARI,CIN,1,672515,Gabriel Moreno,confirmed,3.0,4.55,695076,0.025925925925925925,0.044444444444444446,0.030690537084398978,0.17777777777777778,0.3111111111111111,0.1259259259259259,0.11851851851851852,0.38550875333333334,96.32216666666667,0.029411764705882353,0.058823529411764705,0.0392156862745098,0.2647058823529412,0.29411764705882354,0.17647058823529413,0.08823529411764706,0.3703490933333334,97.11733333333335,R,0.03374233128834356,0.0705521472392638,0.17177914110429449,0.5098039215686274,0.19631901840490798,0.09202453987730061,0.35972837869968344,100.74733333333333,14.133333333333333,R,3.0,0.0,0.0,0.027906976744186046,0.05581395348837209,0.06976744186046512,1,Chase Field,112.2,11.0,7.7,0.0,0.5,1.0,0.09763326750993263,924,,,,,,,,0.5,,,PASS
824718,2026-08-22 23:15:00+00:00,SF,BOS,SF,BOS,0,678545,Osleivis Basabe,confirmed,5.0,4.3,663776,0.04285714285714286,0.07142857142857142,0.056179775280898875,0.14285714285714285,0.2571428571428571,0.17142857142857143,0.014285714285714285,0.27775225000000003,97.42944444444446,0.017241379310344827,0.034482758620689655,0.028985507246376812,0.1206896551724138,0.2413793103448276,0.1896551724137931,0.017241379310344827,0.23245805000000003,97.13400000000001,R,0.01875,0.0375,0.14375,0.5076142131979695,0.21875,0.1,0.33196031877013576,99.38714285714286,14.142857142857142,L,0.0,0.0,0.0,0.03,0.06,0.0,0,Fenway Park,70.4,78.0,4.3,0.0,0.0,1.0193478260869566,0.09675320297527108,934,,,,,,,,0.5,,,PASS
824560,2026-08-22 23:10:00+00:00,NYM,CWS,CWS,NYM,1,643217,Andrew Benintendi,confirmed,4.0,4.45,681035,0.04035874439461883,0.04932735426008968,0.03859649122807018,0.20179372197309417,0.21973094170403587,0.19282511210762332,0.1031390134529148,0.31774920194444445,93.75593220338983,0.037037037037037035,0.037037037037037035,0.030303030303030304,0.14814814814814814,0.16666666666666666,0.2037037037037037,0.09259259259259259,0.30859245222222226,92.65285714285714,L,0.0219435736677116,0.0438871473354232,0.19122257053291536,0.5650224215246636,0.28213166144200624,0.0877742946708464,0.3058897207959715,100.934,14.6,R,0.0,0.0,0.0,0.03,0.06,0.0,0,Rate Field,76.8,41.0,11.9,0.0,0.0,1.0393350383631712,0.09671383851537653,934,,,,,,,,0.5,,,PASS
824718,2026-08-22 23:15:00+00:00,SF,BOS,SF,BOS,0,668800,Andrew Knizner,confirmed,9.0,3.7,663776,0.0,0.0,0.0,0.16666666666666666,0.0,0.3333333333333333,0.16666666666666666,0.231981,97.7,0.0,0.0,0.0,0.16666666666666666,0.0,0.3333333333333333,0.16666666666666666,0.231981,97.7,R,0.01875,0.0375,0.14375,0.5076142131979695,0.21875,0.1,0.33196031877013576,99.38714285714286,14.142857142857142,L,0.0,0.0,0.0,0.03,0.06,0.0,0,Fenway Park,70.4,78.0,4.3,0.0,0.0,1.0193478260869566,0.0959974133760839,942,,,,,,,,0.5,,,PASS
824151,2026-08-22 23:10:00+00:00,ATH,HOU,HOU,ATH,1,701358,Cam Smith,confirmed,8.0,3.85,682052,0.049586776859504134,0.07024793388429752,0.050445103857566766,0.2190082644628099,0.2231404958677686,0.2231404958677686,0.05371900826446281,0.31494582916666664,99.018,0.06779661016949153,0.0847457627118644,0.06756756756756757,0.22033898305084745,0.23728813559322035,0.23728813559322035,0.03389830508474576,0.31921239999999995,99.04733333333336,R,0.04472843450479233,0.04153354632587859,0.15335463258785942,0.6093366093366094,0.21405750798722045,0.10223642172523961,0.264502190631853,98.38599999999998,14.0,L,2.0,0.0,0.0,0.02857142857142857,0.05714285714285714,0.047619047619047616,0,Daikin Park,98.7,29.0,1.7,0.0,0.5,0.9776201372997712,0.0953611971130978,949,,,,,,,,0.5,,,PASS
824073,2026-08-22 23:15:00+00:00,DET,KC,DET,KC,0,690993,Colt Keith,confirmed,3.0,4.55,608379,0.04245283018867924,0.06132075471698113,0.04710144927536232,0.21226415094339623,0.30660377358490565,0.1650943396226415,0.08018867924528301,0.3569468288888889,95.42399999999999,0.01818181818181818,0.03636363636363636,0.02857142857142857,0.21818181818181817,0.18181818181818182,0.10909090909090909,0.14545454545454545,0.43383009777777765,95.82,L,0.03655352480417755,0.04960835509138381,0.19843342036553524,0.5386029411764706,0.16971279373368145,0.05483028720626632,0.3170644407680904,99.98200000000001,18.2,R,7.0,0.0,0.0,0.02553191489361702,0.05106382978723404,0.14893617021276595,0,Kauffman Stadium,84.8,47.0,6.7,0.0,0.0,1.0126854219948849,0.09497560152374122,953,,,,,,,,0.5,,,PASS
823910,2026-08-22 23:15:00+00:00,PIT,LAD,LAD,PIT,1,677950,Alek Thomas,confirmed,8.0,3.85,683003,0.02,0.06,0.046875,0.24,0.29,0.23,0.03,0.2849215684523809,96.79142857142858,0.0392156862745098,0.0784313725490196,0.05333333333333334,0.27450980392156865,0.27450980392156865,0.21568627450980393,0.0196078431372549,0.2988630722222222,95.74933333333333,L,0.040740740740740744,0.05555555555555555,0.16666666666666666,0.5534591194968553,0.26666666666666666,0.07777777777777778,0.29282506659878865,102.085,13.571428571428571,R,0.0,0.0,0.0,0.03,0.06,0.0,0,UNIQLO Field at Dodger Stadium,72.0,55.0,7.0,0.0,0.0,1.1042934782608695,0.09484532566065576,954,,,,,,,,0.5,,,PASS
824073,2026-08-22 23:15:00+00:00,DET,KC,KC,DET,1,686469,Vinnie Pasquantino,confirmed,5.0,4.3,623454,0.023255813953488372,0.05426356589147287,0.03664921465968586,0.24031007751937986,0.29457364341085274,0.14728682170542637,0.1124031007751938,0.34002022611111105,97.405,0.031746031746031744,0.06349206349206349,0.039603960396039604,0.23809523809523808,0.3333333333333333,0.14285714285714285,0.09523809523809523,0.3620559422222222,98.03933333333333,L,0.024691358024691357,0.04938271604938271,0.13580246913580246,0.4946236559139785,0.25925925925925924,0.1111111111111111,0.2700531245493069,98.174,11.8,R,1.0,0.0,0.0,0.029268292682926828,0.058536585365853655,0.024390243902439025,0,Kauffman Stadium,84.8,47.0,6.7,0.0,0.0,1.0126854219948849,0.09465865738342816,956,,,,,,,,0.5,,,PASS
822858,2026-08-22 23:05:00+00:00,LAA,TEX,TEX,LAA,1,677649,Ezequiel Duran,confirmed,5.0,4.3,696270,0.036734693877551024,0.036734693877551024,0.02459016393442623,0.1469387755102041,0.31020408163265306,0.24081632653061225,0.06938775510204082,0.28159527250000005,94.46666666666667,0.0,0.01639344262295082,0.0125,0.14754098360655737,0.2786885245901639,0.29508196721311475,0.11475409836065574,0.24914806555555555,95.65466666666667,R,0.056910569105691054,0.07723577235772358,0.1951219512195122,0.5363636363636364,0.17886178861788618,0.10569105691056911,0.3502786207169439,100.68833333333333,13.666666666666666,R,2.0,0.0,0.0,0.02857142857142857,0.05714285714285714,0.047619047619047616,1,Globe Life Field,105.7,22.0,8.4,0.0,0.5,0.9537757437070936,0.09455806415146954,958,,,,,,,,0.5,,,PASS
823910,2026-08-22 23:15:00+00:00,PIT,LAD,LAD,PIT,1,663656,Kyle Tucker,confirmed,6.0,4.15,683003,0.02857142857142857,0.044897959183673466,0.030985915492957747,0.17551020408163265,0.22448979591836735,0.1836734693877551,0.11020408163265306,0.32882019777777777,95.01616666666665,0.031746031746031744,0.015873015873015872,0.009900990099009901,0.19047619047619047,0.15873015873015872,0.12698412698412698,0.07936507936507936,0.2440398422222222,96.94000000000001,L,0.040740740740740744,0.05555555555555555,0.16666666666666666,0.5534591194968553,0.26666666666666666,0.07777777777777778,0.29282506659878865,102.085,13.571428571428571,R,2.0,0.0,0.0,0.02857142857142857,0.05714285714285714,0.047619047619047616,0,UNIQLO Field at Dodger Stadium,72.0,55.0,7.0,0.0,0.0,1.1042934782608695,0.09424712162035527,961,,,,,,,,0.5,,,PASS
823910,2026-08-22 23:15:00+00:00,PIT,LAD,LAD,PIT,1,606192,Teoscar Hernández,confirmed,7.0,4.0,683003,0.03017241379310345,0.05603448275862069,0.04406779661016949,0.15517241379310345,0.25,0.2672413793103448,0.06465517241379311,0.30333366138888884,95.66583333333331,0.018518518518518517,0.05555555555555555,0.043478260869565216,0.14814814814814814,0.2962962962962963,0.2962962962962963,0.037037037037037035,0.27736078888888893,97.32266666666668,R,0.040740740740740744,0.05555555555555555,0.16666666666666666,0.5534591194968553,0.26666666666666666,0.07777777777777778,0.29282506659878865,102.085,13.571428571428571,R,0.0,0.0,0.0,0.03,0.06,0.0,1,UNIQLO Field at Dodger Stadium,72.0,55.0,7.0,0.0,0.0,1.1042934782608695,0.09312170949603074,974,,,,,,,,0.5,,,PASS
824073,2026-08-22 23:15:00+00:00,DET,KC,DET,KC,0,650402,Gleyber Torres,confirmed,2.0,4.65,608379,0.025925925925925925,0.044444444444444446,0.03418803418803419,0.13333333333333333,0.28888888888888886,0.1814814814814815,0.12222222222222222,0.3257198480555556,92.8405,0.014705882352941176,0.029411764705882353,0.022727272727272728,0.11764705882352941,0.19117647058823528,0.14705882352941177,0.08823529411764706,0.3255933844444444,94.29333333333334,R,0.03655352480417755,0.04960835509138381,0.19843342036553524,0.5386029411764706,0.16971279373368145,0.05483028720626632,0.3170644407680904,99.98200000000001,18.2,R,3.0,0.0,0.0,0.027906976744186046,0.05581395348837209,0.06976744186046512,1,Kauffman Stadium,84.8,47.0,6.7,0.0,0.0,1.0126854219948849,0.09129415155528307,995,,,,,,,,0.5,,,PASS
824718,2026-08-22 23:15:00+00:00,SF,BOS,BOS,SF,1,681508,Mickey Gasper,confirmed,9.0,3.7,694918,0.0234375,0.0546875,0.04516129032258064,0.21875,0.2109375,0.1328125,0.0859375,0.3274604580645161,97.03838709677419,0.05,0.06666666666666667,0.06060606060606061,0.16666666666666666,0.16666666666666666,0.03333333333333333,0.11666666666666667,0.34633372,96.06800000000001,L,0.015873015873015872,0.047619047619047616,0.23809523809523808,0.5,0.15873015873015872,0.1111111111111111,0.3199165311004784,104.52,15.0,R,0.0,0.0,0.0,0.03,0.06,0.0,0,Fenway Park,70.4,78.0,4.3,0.0,0.0,1.0193478260869566,0.09047056476919403,1005,,,,,,,,0.5,,,PASS
823910,2026-08-22 23:15:00+00:00,PIT,LAD,LAD,PIT,1,669242,Tommy Edman,confirmed,5.0,4.3,683003,0.016042780748663103,0.0374331550802139,0.028112449799196786,0.12834224598930483,0.20320855614973263,0.21390374331550802,0.058823529411764705,0.30920791185185187,95.4348888888889,0.03278688524590164,0.03278688524590164,0.023529411764705882,0.09836065573770492,0.18032786885245902,0.2459016393442623,0.03278688524590164,0.23041425111111108,93.39533333333333,L,0.040740740740740744,0.05555555555555555,0.16666666666666666,0.5534591194968553,0.26666666666666666,0.07777777777777778,0.29282506659878865,102.085,13.571428571428571,R,0.0,0.0,0.0,0.03,0.06,0.0,0,UNIQLO Field at Dodger Stadium,72.0,55.0,7.0,0.0,0.0,1.1042934782608695,0.08886363306316634,1025,,,,,,,,0.5,,,PASS
824560,2026-08-22 23:10:00+00:00,NYM,CWS,CWS,NYM,1,803011,Sam Antonacci,confirmed,1.0,4.75,681035,0.02702702702702703,0.03474903474903475,0.02535211267605634,0.14285714285714285,0.3204633204633205,0.16216216216216217,0.0888030888030888,0.312406521111111,95.31099999999998,0.0,0.015625,0.012658227848101266,0.046875,0.25,0.1875,0.125,0.28447426,94.09866666666667,L,0.0219435736677116,0.0438871473354232,0.19122257053291536,0.5650224215246636,0.28213166144200624,0.0877742946708464,0.3058897207959715,100.934,14.6,R,0.0,0.0,0.0,0.03,0.06,0.0,0,Rate Field,76.8,41.0,11.9,0.0,0.0,1.0393350383631712,0.08884836148001937,1026,,,,,,,,0.5,,,PASS
823100,2026-08-22 23:15:00+00:00,CHC,SEA,SEA,CHC,1,680977,Brendan Donovan,confirmed,1.0,4.75,656849,0.0189873417721519,0.0189873417721519,0.014354066985645933,0.1518987341772152,0.25949367088607594,0.14556962025316456,0.08227848101265822,0.28786068513513513,93.0237837837838,0.0,0.0,0.0,0.125,0.265625,0.15625,0.0625,0.24565424,92.716,L,0.020348837209302327,0.0377906976744186,0.16279069767441862,0.4172494172494173,0.19186046511627908,0.10174418604651163,0.3518052286814433,100.71133333333333,14.8,L,0.0,0.0,0.0,0.03,0.06,0.0,1,T-Mobile Park,71.8,66.0,5.6,0.0,0.5,1.3025,0.08759053043934804,1042,,,,,,,,0.5,,,PASS
823100,2026-08-22 23:15:00+00:00,CHC,SEA,SEA,CHC,1,647304,Josh Naylor,confirmed,5.0,4.3,656849,0.015748031496062992,0.031496062992125984,0.02359882005899705,0.14960629921259844,0.23622047244094488,0.1141732283464567,0.07480314960629922,0.31259998305555553,96.97233333333334,0.03076923076923077,0.046153846153846156,0.034482758620689655,0.16923076923076924,0.2,0.12307692307692308,0.09230769230769231,0.33245153666666666,98.50466666666668,L,0.020348837209302327,0.0377906976744186,0.16279069767441862,0.4172494172494173,0.19186046511627908,0.10174418604651163,0.3518052286814433,100.71133333333333,14.8,L,0.0,0.0,0.0,0.03,0.06,0.0,1,T-Mobile Park,71.8,66.0,5.6,0.0,0.5,1.3025,0.08679012436508145,1052,,,,,,,,0.5,,,PASS
824073,2026-08-22 23:15:00+00:00,DET,KC,DET,KC,0,701678,Hao-Yu Lee,confirmed,9.0,3.7,608379,0.02564102564102564,0.06153846153846154,0.05128205128205128,0.2,0.24102564102564103,0.22564102564102564,0.05641025641025641,0.2751886821637427,94.92517857142857,0.03773584905660377,0.07547169811320754,0.06451612903225806,0.22641509433962265,0.16981132075471697,0.1509433962264151,0.09433962264150944,0.3224938344444444,95.28466666666667,R,0.03655352480417755,0.04960835509138381,0.19843342036553524,0.5386029411764706,0.16971279373368145,0.05483028720626632,0.3170644407680904,99.98200000000001,18.2,R,3.0,1.0,0.0,0.051162790697674425,0.05581395348837209,0.06976744186046512,1,Kauffman Stadium,84.8,47.0,6.7,0.0,0.0,1.0126854219948849,0.08665923158694158,1054,,,,,,,,0.5,,,PASS
823422,2026-08-22 22:05:00+00:00,STL,PHI,PHI,STL,1,607208,Trea Turner,confirmed,2.0,4.65,687273,0.037037037037037035,0.04814814814814815,0.03857566765578635,0.16296296296296298,0.24074074074074073,0.21851851851851853,0.06296296296296296,0.31194610305555553,96.19881355932203,0.014285714285714285,0.014285714285714285,0.012658227848101266,0.11428571428571428,0.15714285714285714,0.2,0.1,0.2991012933333333,94.52466666666669,R,0.024390243902439025,0.024390243902439025,0.0975609756097561,0.4827586206896552,0.24390243902439024,0.14634146341463414,0.2691610661764706,97.72,13.5,L,0.0,0.0,0.0,0.03,0.06,0.0,0,Citizens Bank Park,72.6,90.0,8.1,0.126,0.0,1.0646521739130437,0.08638494987786685,1058,,,,,,,,0.5,,,PASS
824560,2026-08-22 23:10:00+00:00,NYM,CWS,CWS,NYM,1,695731,Braden Montgomery,confirmed,5.0,4.3,681035,0.016260162601626018,0.024390243902439025,0.020338983050847456,0.15040650406504066,0.22764227642276422,0.22357723577235772,0.10569105691056911,0.30668516751412433,95.84465517241381,0.015384615384615385,0.03076923076923077,0.0273972602739726,0.13846153846153847,0.23076923076923078,0.27692307692307694,0.13846153846153847,0.3186052855555556,96.68733333333334,L,0.0219435736677116,0.0438871473354232,0.19122257053291536,0.5650224215246636,0.28213166144200624,0.0877742946708464,0.3058897207959715,100.934,14.6,R,0.0,0.0,0.0,0.03,0.06,0.0,0,Rate Field,76.8,41.0,11.9,0.0,0.0,1.0393350383631712,0.08625309567752247,1059,,,,,,,,0.5,,,PASS
824798,2026-08-22 23:05:00+00:00,TB,BAL,BAL,TB,1,683002,Gunnar Henderson,confirmed,5.0,4.3,663556,0.026217228464419477,0.03745318352059925,0.028901734104046242,0.15730337078651685,0.24344569288389514,0.18352059925093633,0.11610486891385768,0.3413603208333333,97.18066666666667,0.03076923076923077,0.046153846153846156,0.03409090909090909,0.2153846153846154,0.23076923076923078,0.13846153846153847,0.2,0.4186848533333334,96.87733333333333,L,0.023178807947019868,0.056291390728476824,0.17218543046357615,0.46756756756756757,0.2119205298013245,0.0728476821192053,0.31676946162084835,101.31466666666667,14.533333333333333,L,8.0,0.0,0.0,0.024999999999999998,0.049999999999999996,0.16666666666666666,1,Oriole Park at Camden Yards,74.9,83.0,4.6,0.0,0.0,1.0571014492753623,0.08597223074198268,1063,,,,,,,,0.5,,,PASS
823910,2026-08-22 23:15:00+00:00,PIT,LAD,PIT,LAD,0,694377,Nick Yorke,confirmed,7.0,4.0,669373,0.012195121951219513,0.04878048780487805,0.037383177570093455,0.17073170731707318,0.24390243902439024,0.2073170731707317,0.06097560975609756,0.30632841083333334,97.679,0.01639344262295082,0.06557377049180328,0.05263157894736842,0.18032786885245902,0.2459016393442623,0.21311475409836064,0.04918032786885246,0.30946206444444446,97.99333333333334,R,0.03125,0.045454545454545456,0.15625,0.5470459518599562,0.3181818181818182,0.045454545454545456,0.2564228875383715,98.97733333333333,17.8,L,0.0,0.0,0.0,0.03,0.06,0.0,0,UNIQLO Field at Dodger Stadium,72.0,55.0,7.0,0.0,0.0,1.1042934782608695,0.08565322588114507,1067,,,,,,,,0.5,,,PASS
823910,2026-08-22 23:15:00+00:00,PIT,LAD,PIT,LAD,0,680779,Henry Davis,confirmed,9.0,3.7,669373,0.03827751196172249,0.06220095693779904,0.04727272727272727,0.2727272727272727,0.23923444976076555,0.22009569377990432,0.0861244019138756,0.28635136305555553,97.41949152542372,0.0,0.0392156862745098,0.030303030303030304,0.3333333333333333,0.27450980392156865,0.19607843137254902,0.0784313725490196,0.2769045222222222,98.90857142857145,R,0.03125,0.045454545454545456,0.15625,0.5470459518599562,0.3181818181818182,0.045454545454545456,0.2564228875383715,98.97733333333333,17.8,L,0.0,0.0,0.0,0.03,0.06,0.0,0,UNIQLO Field at Dodger Stadium,72.0,55.0,7.0,0.0,0.0,1.1042934782608695,0.08480872568805099,1079,,,,,,,,0.5,,,PASS
824316,2026-08-23 00:10:00+00:00,CLE,COL,COL,CLE,1,664954,Brett Sullivan,confirmed,8.0,3.85,676440,0.036585365853658534,0.03048780487804878,0.022123893805309734,0.18292682926829268,0.23780487804878048,0.17073170731707318,0.054878048780487805,0.2706780837121212,94.49522727272729,0.05454545454545454,0.05454545454545454,0.039473684210526314,0.2727272727272727,0.23636363636363636,0.14545454545454545,0.09090909090909091,0.33249953111111114,96.04933333333334,L,0.049586776859504134,0.06611570247933884,0.20385674931129477,0.5167364016736402,0.1790633608815427,0.06060606060606061,0.33431052100605635,101.01266666666666,17.8,R,0.0,0.0,0.0,0.03,0.06,0.0,0,Coors Field,74.0,65.0,9.5,0.0,0.0,1.4440760869565217,0.08465881257694423,1081,,,,,,,,0.5,,,PASS
824073,2026-08-22 23:15:00+00:00,DET,KC,DET,KC,0,814430,Brett Callahan,confirmed,6.0,4.15,608379,0.09090909090909091,0.09090909090909091,0.058823529411764705,0.18181818181818182,0.36363636363636365,0.18181818181818182,0.0,0.38297916666666665,94.075,0.09090909090909091,0.09090909090909091,0.058823529411764705,0.18181818181818182,0.36363636363636365,0.18181818181818182,0.0,0.38297916666666665,94.075,L,0.03655352480417755,0.04960835509138381,0.19843342036553524,0.5386029411764706,0.16971279373368145,0.05483028720626632,0.3170644407680904,99.98200000000001,18.2,R,0.0,0.0,0.0,0.03,0.06,0.0,0,Kauffman Stadium,84.8,47.0,6.7,0.0,0.0,1.0126854219948849,0.08421936302610397,1087,,,,,,,,0.5,,,PASS
824151,2026-08-22 23:10:00+00:00,ATH,HOU,ATH,HOU,0,691777,Max Muncy,confirmed,9.0,3.7,686613,0.02358490566037736,0.05660377358490566,0.048582995951417005,0.16981132075471697,0.18867924528301888,0.32547169811320753,0.08490566037735849,0.27846130424242427,96.04436363636363,0.018867924528301886,0.03773584905660377,0.03389830508474576,0.1509433962264151,0.16981132075471697,0.33962264150943394,0.1320754716981132,0.2338635833333333,92.31066666666668,R,0.030716723549488054,0.03754266211604096,0.11945392491467577,0.4494047619047619,0.24573378839590443,0.13651877133105803,0.30065203192850826,99.22153846153846,15.307692307692308,R,0.0,0.0,0.0,0.03,0.06,0.0,1,Daikin Park,98.7,29.0,1.7,0.0,0.5,0.9776201372997712,0.08383313206172739,1093,,,,,,,,0.5,,,PASS
822858,2026-08-22 23:05:00+00:00,LAA,TEX,TEX,LAA,1,643376,Danny Jansen,confirmed,9.0,3.7,696270,0.020689655172413793,0.034482758620689655,0.02702702702702703,0.18620689655172415,0.16551724137931034,0.2827586206896552,0.0896551724137931,0.24357823728070177,92.92105263157895,0.017241379310344827,0.034482758620689655,0.0273972602739726,0.1724137931034483,0.15517241379310345,0.25862068965517243,0.08620689655172414,0.24336637111111112,92.04599999999998,R,0.056910569105691054,0.07723577235772358,0.1951219512195122,0.5363636363636364,0.17886178861788618,0.10569105691056911,0.3502786207169439,100.68833333333333,13.666666666666666,R,0.0,0.0,0.0,0.03,0.06,0.0,1,Globe Life Field,105.7,22.0,8.4,0.0,0.5,0.9537757437070936,0.08318693991549558,1102,,,,,,,,0.5,,,PASS
823100,2026-08-22 23:15:00+00:00,CHC,SEA,CHC,SEA,0,699393,Pedro Ramírez,confirmed,7.0,4.0,807739,0.015151515151515152,0.022727272727272728,0.01675977653631285,0.12121212121212122,0.2727272727272727,0.19696969696969696,0.09090909090909091,0.27959244947916667,96.259375,0.016129032258064516,0.016129032258064516,0.011235955056179775,0.14516129032258066,0.27419354838709675,0.22580645161290322,0.11290322580645161,0.28097948888888896,96.808,L,,,,,,,,,,,0.0,0.0,0.0,0.03,0.06,0.0,0,T-Mobile Park,71.8,66.0,5.6,0.0,0.5,1.3025,0.08304653910877416,1104,,,,,,,,0.5,,,PASS
823422,2026-08-22 22:05:00+00:00,STL,PHI,STL,PHI,0,691458,Blaze Jordan,confirmed,9.0,3.7,691725,0.011111111111111112,0.06666666666666667,0.04633204633204633,0.17777777777777778,0.2722222222222222,0.15,0.03888888888888889,0.2956944565972222,95.69979166666667,0.01694915254237288,0.0847457627118644,0.05555555555555555,0.15254237288135594,0.3389830508474576,0.1864406779661017,0.03389830508474576,0.2913017333333333,93.60066666666665,R,0.05,0.065625,0.184375,0.5170842824601367,0.165625,0.090625,0.3689022678888045,100.50933333333336,13.8,R,0.0,0.0,0.0,0.03,0.06,0.0,1,Citizens Bank Park,72.6,90.0,8.1,0.126,0.0,1.0646521739130437,0.08240575959805695,1114,,,,,,,,0.5,,,PASS
824151,2026-08-22 23:10:00+00:00,ATH,HOU,ATH,HOU,0,671732,Lawrence Butler,confirmed,5.0,4.3,686613,0.03347280334728033,0.0502092050209205,0.036036036036036036,0.13389121338912133,0.28870292887029286,0.24686192468619247,0.10460251046025104,0.2967447736111111,95.46283333333334,0.06666666666666667,0.06666666666666667,0.044444444444444446,0.13333333333333333,0.21666666666666667,0.16666666666666666,0.08333333333333333,0.3302739111111111,94.67399999999999,L,0.030716723549488054,0.03754266211604096,0.11945392491467577,0.4494047619047619,0.24573378839590443,0.13651877133105803,0.30065203192850826,99.22153846153846,15.307692307692308,R,0.0,0.0,0.0,0.03,0.06,0.0,0,Daikin Park,98.7,29.0,1.7,0.0,0.5,0.9776201372997712,0.08225964041437023,1116,,,,,,,,0.5,,,PASS
824151,2026-08-22 23:10:00+00:00,ATH,HOU,ATH,HOU,0,666126,Carlos Cortes,confirmed,4.0,4.45,686613,0.02564102564102564,0.04700854700854701,0.03559870550161812,0.15384615384615385,0.3034188034188034,0.14957264957264957,0.08547008547008547,0.3138054880555556,96.58583333333334,0.01818181818181818,0.0,0.0,0.18181818181818182,0.21818181818181817,0.2,0.09090909090909091,0.27195173,93.40266666666665,L,0.030716723549488054,0.03754266211604096,0.11945392491467577,0.4494047619047619,0.24573378839590443,0.13651877133105803,0.30065203192850826,99.22153846153846,15.307692307692308,R,0.0,0.0,0.0,0.03,0.06,0.0,0,Daikin Park,98.7,29.0,1.7,0.0,0.5,0.9776201372997712,0.08223472085818224,1116,,,,,,,,0.5,,,PASS
824560,2026-08-22 23:10:00+00:00,NYM,CWS,CWS,NYM,1,805367,Chase Meidroth,confirmed,7.0,4.0,681035,0.028,0.024,0.01791044776119403,0.152,0.28,0.228,0.092,0.28309021031746023,94.5625,0.046153846153846156,0.03076923076923077,0.02247191011235955,0.15384615384615385,0.3076923076923077,0.23076923076923078,0.09230769230769231,0.2734935123809524,94.51733333333335,R,0.0219435736677116,0.0438871473354232,0.19122257053291536,0.5650224215246636,0.28213166144200624,0.0877742946708464,0.3058897207959715,100.934,14.6,R,0.0,0.0,0.0,0.03,0.06,0.0,1,Rate Field,76.8,41.0,11.9,0.0,0.0,1.0393350383631712,0.08055958934580881,1141,,,,,,,,0.5,,,PASS
825044,2026-08-23 00:10:00+00:00,CIN,ARI,ARI,CIN,1,672695,Geraldo Perdomo,confirmed,4.0,4.45,695076,0.02214022140221402,0.02214022140221402,0.01639344262295082,0.14022140221402213,0.25092250922509224,0.12915129151291513,0.14391143911439114,0.31424719789682537,94.06833333333331,0.0,0.0,0.0,0.21212121212121213,0.3787878787878788,0.15151515151515152,0.07575757575757576,0.3007208711111112,95.10266666666666,R,0.03374233128834356,0.0705521472392638,0.17177914110429449,0.5098039215686274,0.19631901840490798,0.09202453987730061,0.35972837869968344,100.74733333333333,14.133333333333333,R,3.0,0.0,0.0,0.027906976744186046,0.05581395348837209,0.06976744186046512,1,Chase Field,112.2,11.0,7.7,0.0,0.5,1.0,0.08030360034726221,1145,,,,,,,,0.5,,,PASS
824073,2026-08-22 23:15:00+00:00,DET,KC,KC,DET,1,686681,Michael Massey,confirmed,7.0,4.0,623454,0.029661016949152543,0.0423728813559322,0.029154518950437316,0.2245762711864407,0.288135593220339,0.1652542372881356,0.05508474576271186,0.3154501763888889,96.36916666666664,0.05172413793103448,0.05172413793103448,0.031578947368421054,0.2413793103448276,0.39655172413793105,0.1724137931034483,0.034482758620689655,0.31613871666666665,97.17266666666664,L,0.024691358024691357,0.04938271604938271,0.13580246913580246,0.4946236559139785,0.25925925925925924,0.1111111111111111,0.2700531245493069,98.174,11.8,R,1.0,0.0,0.0,0.029268292682926828,0.058536585365853655,0.024390243902439025,0,Kauffman Stadium,84.8,47.0,6.7,0.0,0.0,1.0126854219948849,0.07958705354706254,1156,,,,,,,,0.5,,,PASS
823422,2026-08-22 22:05:00+00:00,STL,PHI,PHI,STL,1,547180,Bryce Harper,confirmed,3.0,4.55,687273,0.03759398496240601,0.045112781954887216,0.03625377643504532,0.13533834586466165,0.2781954887218045,0.22556390977443608,0.18421052631578946,0.3633576700000001,95.90699999999998,0.014084507042253521,0.014084507042253521,0.011764705882352941,0.11267605633802817,0.29577464788732394,0.14084507042253522,0.30985915492957744,0.3949008866666666,95.11,L,0.024390243902439025,0.024390243902439025,0.0975609756097561,0.4827586206896552,0.24390243902439024,0.14634146341463414,0.2691610661764706,97.72,13.5,L,0.0,0.0,0.0,0.03,0.06,0.0,1,Citizens Bank Park,72.6,90.0,8.1,0.126,0.0,1.0646521739130437,0.07917536065027203,1163,,,,,,,,0.5,,,PASS
823100,2026-08-22 23:15:00+00:00,CHC,SEA,CHC,SEA,0,665804,Miguel Amaya,confirmed,9.0,3.7,807739,0.025,0.045,0.03501945525291829,0.2,0.2,0.265,0.09,0.2919959258928571,93.41472727272728,0.03773584905660377,0.05660377358490566,0.047619047619047616,0.20754716981132076,0.2641509433962264,0.33962264150943394,0.05660377358490566,0.27426804222222223,92.70800000000001,R,,,,,,,,,,,0.0,0.0,0.0,0.03,0.06,0.0,0,T-Mobile Park,71.8,66.0,5.6,0.0,0.5,1.3025,0.07903390035927164,1165,,,,,,,,0.5,,,PASS
823422,2026-08-22 22:05:00+00:00,STL,PHI,PHI,STL,1,664761,Alec Bohm,confirmed,5.0,4.3,687273,0.027131782945736434,0.06201550387596899,0.043010752688172046,0.18992248062015504,0.32945736434108525,0.13178294573643412,0.05813953488372093,0.34316641861111113,97.40550000000002,0.014925373134328358,0.08955223880597014,0.061224489795918366,0.31343283582089554,0.3880597014925373,0.04477611940298507,0.07462686567164178,0.43909128666666664,98.51333333333334,R,0.024390243902439025,0.024390243902439025,0.0975609756097561,0.4827586206896552,0.24390243902439024,0.14634146341463414,0.2691610661764706,97.72,13.5,L,0.0,0.0,0.0,0.03,0.06,0.0,0,Citizens Bank Park,72.6,90.0,8.1,0.126,0.0,1.0646521739130437,0.07895954002517552,1166,,,,,,,,0.5,,,PASS
824316,2026-08-23 00:10:00+00:00,CLE,COL,COL,CLE,1,687859,Troy Johnston,confirmed,7.0,4.0,676440,0.00425531914893617,0.01702127659574468,0.0125,0.13617021276595745,0.2425531914893617,0.14042553191489363,0.08085106382978724,0.3234866769444445,94.51016666666668,0.0,0.017857142857142856,0.0125,0.21428571428571427,0.26785714285714285,0.16071428571428573,0.03571428571428571,0.2989390666666667,95.34866666666666,L,0.049586776859504134,0.06611570247933884,0.20385674931129477,0.5167364016736402,0.1790633608815427,0.06060606060606061,0.33431052100605635,101.01266666666666,17.8,R,0.0,0.0,0.0,0.03,0.06,0.0,0,Coors Field,74.0,65.0,9.5,0.0,0.0,1.4440760869565217,0.07866842176242142,1171,,,,,,,,0.5,,,PASS
824798,2026-08-22 23:05:00+00:00,TB,BAL,TB,BAL,0,676356,Jonny DeLuca,confirmed,6.0,4.15,687064,0.030434782608695653,0.02608695652173913,0.01904761904761905,0.13478260869565217,0.23478260869565218,0.18695652173913044,0.04782608695652174,0.2732042447368421,94.4040350877193,0.03278688524590164,0.03278688524590164,0.024096385542168676,0.14754098360655737,0.18032786885245902,0.18032786885245902,0.03278688524590164,0.2570226622222222,94.33066666666667,R,0.026737967914438502,0.045454545454545456,0.1711229946524064,0.4800796812749004,0.19786096256684493,0.0748663101604278,0.32067729390014926,101.72666666666665,17.266666666666666,R,0.0,0.0,0.0,0.03,0.06,0.0,1,Oriole Park at Camden Yards,74.9,83.0,4.6,0.0,0.0,1.0571014492753623,0.07865768350255885,1171,,,,,,,,0.5,,,PASS
823100,2026-08-22 23:15:00+00:00,CHC,SEA,SEA,CHC,1,621493,Taylor Ward,confirmed,6.0,4.15,656849,0.018796992481203006,0.041353383458646614,0.03793103448275862,0.14285714285714285,0.21428571428571427,0.21428571428571427,0.13533834586466165,0.3278177777777777,94.048,0.0,0.03333333333333333,0.034482758620689655,0.08333333333333333,0.2,0.25,0.13333333333333333,0.2806900611111111,90.60466666666667,R,0.020348837209302327,0.0377906976744186,0.16279069767441862,0.4172494172494173,0.19186046511627908,0.10174418604651163,0.3518052286814433,100.71133333333333,14.8,L,3.0,0.0,0.0,0.027906976744186046,0.05581395348837209,0.06976744186046512,0,T-Mobile Park,71.8,66.0,5.6,0.0,0.5,1.3025,0.0771442703309083,1196,,,,,,,,0.5,,,PASS
824073,2026-08-22 23:15:00+00:00,DET,KC,DET,KC,0,703601,Max Clark,confirmed,8.0,3.85,608379,0.01282051282051282,0.01282051282051282,0.008620689655172414,0.1794871794871795,0.3333333333333333,0.21794871794871795,0.0641025641025641,0.29012393333333336,95.79166666666669,0.0,0.015873015873015872,0.010752688172043012,0.15873015873015872,0.3492063492063492,0.2222222222222222,0.031746031746031744,0.26007156,95.65066666666667,L,0.03655352480417755,0.04960835509138381,0.19843342036553524,0.5386029411764706,0.16971279373368145,0.05483028720626632,0.3170644407680904,99.98200000000001,18.2,R,0.0,0.0,0.0,0.03,0.06,0.0,0,Kauffman Stadium,84.8,47.0,6.7,0.0,0.0,1.0126854219948849,0.07683721798714047,1201,,,,,,,,0.5,,,PASS
824151,2026-08-22 23:10:00+00:00,ATH,HOU,ATH,HOU,0,643446,Jeff McNeil,confirmed,2.0,4.65,686613,0.022321428571428572,0.022321428571428572,0.013368983957219251,0.21428571428571427,0.3482142857142857,0.09375,0.05357142857142857,0.3007272661111111,93.89183333333332,0.03278688524590164,0.04918032786885246,0.03,0.19672131147540983,0.3114754098360656,0.09836065573770492,0.01639344262295082,0.31011231111111115,94.12266666666666,L,0.030716723549488054,0.03754266211604096,0.11945392491467577,0.4494047619047619,0.24573378839590443,0.13651877133105803,0.30065203192850826,99.22153846153846,15.307692307692308,R,0.0,0.0,0.0,0.03,0.06,0.0,0,Daikin Park,98.7,29.0,1.7,0.0,0.5,0.9776201372997712,0.07668696251033914,1204,,,,,,,,0.5,,,PASS
825044,2026-08-23 00:10:00+00:00,CIN,ARI,ARI,CIN,1,699912,Jose Fernandez,confirmed,8.0,3.85,695076,0.016483516483516484,0.03296703296703297,0.02631578947368421,0.10989010989010989,0.17032967032967034,0.21428571428571427,0.054945054945054944,0.28057189782608694,96.04543478260868,0.0,0.034482758620689655,0.0273972602739726,0.1206896551724138,0.15517241379310345,0.1724137931034483,0.08620689655172414,0.25587659444444444,95.14733333333334,R,0.03374233128834356,0.0705521472392638,0.17177914110429449,0.5098039215686274,0.19631901840490798,0.09202453987730061,0.35972837869968344,100.74733333333333,14.133333333333333,R,0.0,0.0,0.0,0.03,0.06,0.0,1,Chase Field,112.2,11.0,7.7,0.0,0.5,1.0,0.0763410297467546,1210,,,,,,,,0.5,,,PASS
824316,2026-08-23 00:10:00+00:00,CLE,COL,COL,CLE,1,681198,TJ Rumfield,confirmed,4.0,4.45,676440,0.023166023166023165,0.015444015444015444,0.011594202898550725,0.09652509652509653,0.28185328185328185,0.13513513513513514,0.11196911196911197,0.30835412694444453,92.04983333333332,0.0,0.014925373134328358,0.00980392156862745,0.1044776119402985,0.26865671641791045,0.11940298507462686,0.08955223880597014,0.3567743933333334,93.59333333333333,L,0.049586776859504134,0.06611570247933884,0.20385674931129477,0.5167364016736402,0.1790633608815427,0.06060606060606061,0.33431052100605635,101.01266666666666,17.8,R,0.0,0.0,0.0,0.03,0.06,0.0,0,Coors Field,74.0,65.0,9.5,0.0,0.0,1.4440760869565217,0.07557411677447748,1223,,,,,,,,0.5,,,PASS
824798,2026-08-22 23:05:00+00:00,TB,BAL,BAL,TB,1,665966,Carlos Narváez,confirmed,9.0,3.7,663556,0.01485148514851485,0.04455445544554455,0.03501945525291829,0.15841584158415842,0.29207920792079206,0.33663366336633666,0.07425742574257425,0.2650554058333333,92.06406779661016,0.0,0.0425531914893617,0.037037037037037035,0.14893617021276595,0.2553191489361702,0.3404255319148936,0.06382978723404255,0.23787560111111108,91.95533333333333,R,0.023178807947019868,0.056291390728476824,0.17218543046357615,0.46756756756756757,0.2119205298013245,0.0728476821192053,0.31676946162084835,101.31466666666667,14.533333333333333,L,1.0,0.0,0.0,0.029268292682926828,0.058536585365853655,0.024390243902439025,0,Oriole Park at Camden Yards,74.9,83.0,4.6,0.0,0.0,1.0571014492753623,0.07529172092514057,1228,,,,,,,,0.5,,,PASS
824718,2026-08-22 23:15:00+00:00,SF,BOS,BOS,SF,1,655316,Andruw Monasterio,confirmed,8.0,3.85,694918,0.02531645569620253,0.05907172995780591,0.041666666666666664,0.16033755274261605,0.32489451476793246,0.17721518987341772,0.08016877637130802,0.2988784833333334,93.07716666666667,0.0,0.03125,0.02247191011235955,0.09375,0.25,0.09375,0.109375,0.28393793888888896,91.84,R,0.015873015873015872,0.047619047619047616,0.23809523809523808,0.5,0.15873015873015872,0.1111111111111111,0.3199165311004784,104.52,15.0,R,0.0,0.0,0.0,0.03,0.06,0.0,1,Fenway Park,70.4,78.0,4.3,0.0,0.0,1.0193478260869566,0.07504225244055332,1233,,,,,,,,0.5,,,PASS
823422,2026-08-22 22:05:00+00:00,STL,PHI,STL,PHI,0,665877,José Fermín,confirmed,7.0,4.0,691725,0.017543859649122806,0.017543859649122806,0.012779552715654952,0.17543859649122806,0.2719298245614035,0.12719298245614036,0.08771929824561403,0.297528638700565,94.52016949152542,0.0,0.01694915254237288,0.012345679012345678,0.1694915254237288,0.2033898305084746,0.0847457627118644,0.13559322033898305,0.35943698555555553,95.71733333333334,R,0.05,0.065625,0.184375,0.5170842824601367,0.165625,0.090625,0.3689022678888045,100.50933333333336,13.8,R,2.0,0.0,0.0,0.02857142857142857,0.05714285714285714,0.047619047619047616,1,Citizens Bank Park,72.6,90.0,8.1,0.126,0.0,1.0646521739130437,0.07464642728186457,1240,,,,,,,,0.5,,,PASS
822858,2026-08-22 23:05:00+00:00,LAA,TEX,TEX,LAA,1,694497,Evan Carter,confirmed,6.0,4.15,696270,0.013953488372093023,0.018604651162790697,0.017316017316017316,0.11627906976744186,0.16279069767441862,0.25116279069767444,0.10232558139534884,0.26777808000000003,91.91542372881356,0.0,0.019230769230769232,0.018867924528301886,0.1346153846153846,0.23076923076923078,0.3076923076923077,0.019230769230769232,0.19968730555555556,90.98133333333335,L,0.056910569105691054,0.07723577235772358,0.1951219512195122,0.5363636363636364,0.17886178861788618,0.10569105691056911,0.3502786207169439,100.68833333333333,13.666666666666666,R,2.0,0.0,0.0,0.02857142857142857,0.05714285714285714,0.047619047619047616,0,Globe Life Field,105.7,22.0,8.4,0.0,0.5,0.9537757437070936,0.07429682367893198,1246,,,,,,,,0.5,,,PASS
825044,2026-08-23 00:10:00+00:00,CIN,ARI,ARI,CIN,1,545121,Ildemaro Vargas,confirmed,7.0,4.0,695076,0.00796812749003984,0.0199203187250996,0.013888888888888888,0.13147410358565736,0.18326693227091634,0.09561752988047809,0.05976095617529881,0.26748190555555557,96.73649999999999,0.015384615384615385,0.03076923076923077,0.019801980198019802,0.13846153846153847,0.23076923076923078,0.1076923076923077,0.015384615384615385,0.2670725555555556,96.94866666666667,R,0.03374233128834356,0.0705521472392638,0.17177914110429449,0.5098039215686274,0.19631901840490798,0.09202453987730061,0.35972837869968344,100.74733333333333,14.133333333333333,R,0.0,0.0,0.0,0.03,0.06,0.0,1,Chase Field,112.2,11.0,7.7,0.0,0.5,1.0,0.07397299129024335,1252,,,,,,,,0.5,,,PASS
824151,2026-08-22 23:10:00+00:00,ATH,HOU,HOU,ATH,1,673237,Yainer Diaz,confirmed,7.0,4.0,682052,0.032520325203252036,0.04065040650406504,0.02976190476190476,0.14227642276422764,0.18699186991869918,0.15447154471544716,0.028455284552845527,0.3020666361111111,96.75433333333334,0.03278688524590164,0.03278688524590164,0.02127659574468085,0.16393442622950818,0.16393442622950818,0.13114754098360656,0.03278688524590164,0.3169530833333333,96.46866666666668,R,0.04472843450479233,0.04153354632587859,0.15335463258785942,0.6093366093366094,0.21405750798722045,0.10223642172523961,0.264502190631853,98.38599999999998,14.0,L,2.0,0.0,0.0,0.02857142857142857,0.05714285714285714,0.047619047619047616,0,Daikin Park,98.7,29.0,1.7,0.0,0.5,0.9776201372997712,0.07309443779550451,1268,,,,,,,,0.5,,,PASS
824151,2026-08-22 23:10:00+00:00,ATH,HOU,ATH,HOU,0,641680,Jonah Heim,confirmed,7.0,4.0,686613,0.036,0.052,0.03768115942028986,0.164,0.316,0.188,0.076,0.30399453972222223,95.51566666666666,0.0,0.03333333333333333,0.023529411764705882,0.16666666666666666,0.2833333333333333,0.18333333333333332,0.13333333333333333,0.24804569444444446,95.81533333333337,L,0.030716723549488054,0.03754266211604096,0.11945392491467577,0.4494047619047619,0.24573378839590443,0.13651877133105803,0.30065203192850826,99.22153846153846,15.307692307692308,R,0.0,0.0,0.0,0.03,0.06,0.0,0,Daikin Park,98.7,29.0,1.7,0.0,0.5,0.9776201372997712,0.07293490754019159,1271,,,,,,,,0.5,,,PASS
824151,2026-08-22 23:10:00+00:00,ATH,HOU,ATH,HOU,0,695720,Tommy White,confirmed,6.0,4.15,686613,0.017241379310344827,0.05172413793103448,0.037037037037037035,0.14655172413793102,0.3017241379310345,0.1724137931034483,0.034482758620689655,0.2790231551724137,94.47103448275863,0.034482758620689655,0.06896551724137931,0.04938271604938271,0.1206896551724138,0.3275862068965517,0.20689655172413793,0.034482758620689655,0.2448543833333333,92.87800000000001,R,0.030716723549488054,0.03754266211604096,0.11945392491467577,0.4494047619047619,0.24573378839590443,0.13651877133105803,0.30065203192850826,99.22153846153846,15.307692307692308,R,0.0,0.0,0.0,0.03,0.06,0.0,1,Daikin Park,98.7,29.0,1.7,0.0,0.5,0.9776201372997712,0.07241254547015927,1281,,,,,,,,0.5,,,PASS
824151,2026-08-22 23:10:00+00:00,ATH,HOU,HOU,ATH,1,514888,Jose Altuve,confirmed,4.0,4.45,682052,0.036,0.028,0.021671826625386997,0.132,0.212,0.208,0.064,0.25267577750000003,91.557,0.017241379310344827,0.017241379310344827,0.013333333333333334,0.1206896551724138,0.27586206896551724,0.13793103448275862,0.06896551724137931,0.2928356933333333,89.64266666666667,R,0.04472843450479233,0.04153354632587859,0.15335463258785942,0.6093366093366094,0.21405750798722045,0.10223642172523961,0.264502190631853,98.38599999999998,14.0,L,3.0,0.0,0.0,0.027906976744186046,0.05581395348837209,0.06976744186046512,0,Daikin Park,98.7,29.0,1.7,0.0,0.5,0.9776201372997712,0.072311630840951,1283,,,,,,,,0.5,,,PASS
824798,2026-08-22 23:05:00+00:00,TB,BAL,TB,BAL,0,656775,Cedric Mullins,confirmed,8.0,3.85,687064,0.040983606557377046,0.036885245901639344,0.028391167192429023,0.18032786885245902,0.19262295081967212,0.21311475409836064,0.0942622950819672,0.2722929883333333,93.24000000000001,0.0,0.01694915254237288,0.012345679012345678,0.1864406779661017,0.2033898305084746,0.15254237288135594,0.1016949152542373,0.27647270777777777,94.76600000000002,L,0.026737967914438502,0.045454545454545456,0.1711229946524064,0.4800796812749004,0.19786096256684493,0.0748663101604278,0.32067729390014926,101.72666666666665,17.266666666666666,R,2.0,0.0,0.0,0.02857142857142857,0.05714285714285714,0.047619047619047616,0,Oriole Park at Camden Yards,74.9,83.0,4.6,0.0,0.0,1.0571014492753623,0.07175644428168146,1294,,,,,,,,0.5,,,PASS
824718,2026-08-22 23:15:00+00:00,SF,BOS,BOS,SF,1,702332,Caleb Durbin,confirmed,6.0,4.15,694918,0.03543307086614173,0.01968503937007874,0.013623978201634877,0.14566929133858267,0.2755905511811024,0.12598425196850394,0.08267716535433071,0.2823567712962963,91.34449999999998,0.014084507042253521,0.028169014084507043,0.020618556701030927,0.1267605633802817,0.29577464788732394,0.14084507042253522,0.07042253521126761,0.2804112896296296,90.06933333333333,R,0.015873015873015872,0.047619047619047616,0.23809523809523808,0.5,0.15873015873015872,0.1111111111111111,0.3199165311004784,104.52,15.0,R,0.0,0.0,0.0,0.03,0.06,0.0,1,Fenway Park,70.4,78.0,4.3,0.0,0.0,1.0193478260869566,0.07164578958601092,1296,,,,,,,,0.5,,,PASS
823422,2026-08-22 22:05:00+00:00,STL,PHI,PHI,STL,1,624641,Edmundo Sosa,confirmed,6.0,4.15,687273,0.02127659574468085,0.047872340425531915,0.03180212014134275,0.18617021276595744,0.25,0.2074468085106383,0.031914893617021274,0.3255478227564102,95.00288461538463,0.0,0.03278688524590164,0.022988505747126436,0.14754098360655737,0.14754098360655737,0.18032786885245902,0.06557377049180328,0.3075026633333333,95.32999999999998,R,0.024390243902439025,0.024390243902439025,0.0975609756097561,0.4827586206896552,0.24390243902439024,0.14634146341463414,0.2691610661764706,97.72,13.5,L,0.0,0.0,0.0,0.03,0.06,0.0,0,Citizens Bank Park,72.6,90.0,8.1,0.126,0.0,1.0646521739130437,0.07134069759020059,1302,,,,,,,,0.5,,,PASS
823910,2026-08-22 23:15:00+00:00,PIT,LAD,PIT,LAD,0,693304,Nick Gonzales,confirmed,1.0,4.75,669373,0.01556420233463035,0.01556420233463035,0.0111731843575419,0.12840466926070038,0.28793774319066145,0.1517509727626459,0.07003891050583658,0.31059108694444443,95.15900000000002,0.0,0.0,0.0,0.1,0.26666666666666666,0.13333333333333333,0.08333333333333333,0.3266919688888889,94.46799999999999,R,0.03125,0.045454545454545456,0.15625,0.5470459518599562,0.3181818181818182,0.045454545454545456,0.2564228875383715,98.97733333333333,17.8,L,0.0,0.0,0.0,0.03,0.06,0.0,0,UNIQLO Field at Dodger Stadium,72.0,55.0,7.0,0.0,0.0,1.1042934782608695,0.07119294613678635,1305,,,,,,,,0.5,,,PASS
823422,2026-08-22 22:05:00+00:00,STL,PHI,PHI,STL,1,592663,J.T. Realmuto,confirmed,8.0,3.85,687273,0.029914529914529916,0.038461538461538464,0.030303030303030304,0.16666666666666666,0.19658119658119658,0.23504273504273504,0.0811965811965812,0.332047496388889,97.74610169491528,0.0,0.0,0.0,0.1774193548387097,0.1774193548387097,0.20967741935483872,0.0967741935483871,0.31003776555555557,98.152,R,0.024390243902439025,0.024390243902439025,0.0975609756097561,0.4827586206896552,0.24390243902439024,0.14634146341463414,0.2691610661764706,97.72,13.5,L,0.0,0.0,0.0,0.03,0.06,0.0,0,Citizens Bank Park,72.6,90.0,8.1,0.126,0.0,1.0646521739130437,0.07115363583133652,1305,,,,,,,,0.5,,,PASS
824798,2026-08-22 23:05:00+00:00,TB,BAL,TB,BAL,0,680700,Richie Palacios,confirmed,7.0,4.0,687064,0.013392857142857142,0.022321428571428572,0.016286644951140065,0.14732142857142858,0.24107142857142858,0.15625,0.12053571428571429,0.3022902227777778,93.11166666666666,0.017857142857142856,0.017857142857142856,0.011494252873563218,0.21428571428571427,0.2857142857142857,0.16071428571428573,0.16071428571428573,0.3473987144444445,94.87133333333334,L,0.026737967914438502,0.045454545454545456,0.1711229946524064,0.4800796812749004,0.19786096256684493,0.0748663101604278,0.32067729390014926,101.72666666666665,17.266666666666666,R,2.0,0.0,0.0,0.02857142857142857,0.05714285714285714,0.047619047619047616,0,Oriole Park at Camden Yards,74.9,83.0,4.6,0.0,0.0,1.0571014492753623,0.06988345311016059,1331,,,,,,,,0.5,,,PASS
824718,2026-08-22 23:15:00+00:00,SF,BOS,SF,BOS,0,683766,Christian Koss,confirmed,7.0,4.0,663776,0.0,0.045454545454545456,0.03773584905660377,0.11363636363636363,0.23863636363636365,0.25,0.03409090909090909,0.23354474,91.22720000000001,0.0,0.05660377358490566,0.047619047619047616,0.1320754716981132,0.22641509433962265,0.32075471698113206,0.03773584905660377,0.25073874444444444,93.51133333333334,R,0.01875,0.0375,0.14375,0.5076142131979695,0.21875,0.1,0.33196031877013576,99.38714285714286,14.142857142857142,L,0.0,0.0,0.0,0.03,0.06,0.0,0,Fenway Park,70.4,78.0,4.3,0.0,0.0,1.0193478260869566,0.06954119531844909,1338,,,,,,,,0.5,,,PASS
823100,2026-08-22 23:15:00+00:00,CHC,SEA,CHC,SEA,0,682634,Kevin Alcántara,confirmed,8.0,3.85,807739,0.07142857142857142,0.07142857142857142,0.058823529411764705,0.21428571428571427,0.35714285714285715,0.2857142857142857,0.07142857142857142,0.37570514285714285,90.54999999999998,0.07142857142857142,0.07142857142857142,0.058823529411764705,0.21428571428571427,0.35714285714285715,0.2857142857142857,0.07142857142857142,0.37570514285714285,90.54999999999998,R,,,,,,,,,,,0.0,0.0,0.0,0.03,0.06,0.0,0,T-Mobile Park,71.8,66.0,5.6,0.0,0.5,1.3025,0.06926172322218918,1344,,,,,,,,0.5,,,PASS
823100,2026-08-22 23:15:00+00:00,CHC,SEA,SEA,CHC,1,702284,Cole Young,confirmed,8.0,3.85,656849,0.044897959183673466,0.0326530612244898,0.022284122562674095,0.17959183673469387,0.27755102040816326,0.14285714285714285,0.05714285714285714,0.3201644211111111,96.95533333333333,0.015625,0.0,0.0,0.078125,0.203125,0.1875,0.09375,0.2400646777777778,93.94800000000001,L,0.020348837209302327,0.0377906976744186,0.16279069767441862,0.4172494172494173,0.19186046511627908,0.10174418604651163,0.3518052286814433,100.71133333333333,14.8,L,0.0,0.0,0.0,0.03,0.06,0.0,1,T-Mobile Park,71.8,66.0,5.6,0.0,0.5,1.3025,0.06925818523843841,1344,,,,,,,,0.5,,,PASS
824798,2026-08-22 23:05:00+00:00,TB,BAL,BAL,TB,1,665750,Leody Taveras,confirmed,8.0,3.85,663556,0.01639344262295082,0.028688524590163935,0.022151898734177215,0.11475409836065574,0.18442622950819673,0.26229508196721313,0.06967213114754098,0.24687444666666664,92.50266666666667,0.017857142857142856,0.017857142857142856,0.0125,0.08928571428571429,0.19642857142857142,0.19642857142857142,0.03571428571428571,0.22348736444444445,94.49266666666666,L,0.023178807947019868,0.056291390728476824,0.17218543046357615,0.46756756756756757,0.2119205298013245,0.0728476821192053,0.31676946162084835,101.31466666666667,14.533333333333333,L,2.0,0.0,1.0,0.02857142857142857,0.08095238095238096,0.047619047619047616,1,Oriole Park at Camden Yards,74.9,83.0,4.6,0.0,0.0,1.0571014492753623,0.06903980431838364,1348,,,,,,,,0.5,,,PASS
823422,2026-08-22 22:05:00+00:00,STL,PHI,STL,PHI,0,701675,Nathan Church,confirmed,6.0,4.15,691725,0.01818181818181818,0.031818181818181815,0.019021739130434784,0.11363636363636363,0.36818181818181817,0.17272727272727273,0.06363636363636363,0.27677423861111117,92.4075,0.016666666666666666,0.016666666666666666,0.010309278350515464,0.1,0.36666666666666664,0.11666666666666667,0.08333333333333333,0.2978425344444444,91.36333333333333,L,0.05,0.065625,0.184375,0.5170842824601367,0.165625,0.090625,0.3689022678888045,100.50933333333336,13.8,R,2.0,0.0,0.0,0.02857142857142857,0.05714285714285714,0.047619047619047616,0,Citizens Bank Park,72.6,90.0,8.1,0.126,0.0,1.0646521739130437,0.06752349395925243,1381,,,,,,,,0.5,,,PASS
825044,2026-08-23 00:10:00+00:00,CIN,ARI,ARI,CIN,1,814439,Ryan Waldschmidt,confirmed,9.0,3.7,695076,0.008968609865470852,0.04035874439461883,0.03765690376569038,0.12556053811659193,0.24663677130044842,0.28699551569506726,0.07623318385650224,0.3060046440677967,92.93796610169494,0.017241379310344827,0.017241379310344827,0.015151515151515152,0.05172413793103448,0.2413793103448276,0.1724137931034483,0.13793103448275862,0.3646439122222222,92.79133333333333,R,0.03374233128834356,0.0705521472392638,0.17177914110429449,0.5098039215686274,0.19631901840490798,0.09202453987730061,0.35972837869968344,100.74733333333333,14.133333333333333,R,2.0,0.0,0.0,0.02857142857142857,0.05714285714285714,0.047619047619047616,1,Chase Field,112.2,11.0,7.7,0.0,0.5,1.0,0.06710069625159704,1390,,,,,,,,0.5,,,PASS
823100,2026-08-22 23:15:00+00:00,CHC,SEA,CHC,SEA,0,663538,Nico Hoerner,confirmed,5.0,4.3,807739,0.011627906976744186,0.007751937984496124,0.005333333333333333,0.10465116279069768,0.27906976744186046,0.10465116279069768,0.03875968992248062,0.3106332088888889,94.31899999999997,0.015625,0.015625,0.010526315789473684,0.0625,0.28125,0.0625,0.03125,0.33406352000000006,95.0,R,,,,,,,,,,,0.0,0.0,0.0,0.03,0.06,0.0,0,T-Mobile Park,71.8,66.0,5.6,0.0,0.5,1.3025,0.06470193134929487,1446,,,,,,,,0.5,,,PASS
824073,2026-08-22 23:15:00+00:00,DET,KC,KC,DET,1,679845,Nick Loftin,confirmed,6.0,4.15,623454,0.0205761316872428,0.02880658436213992,0.02464788732394366,0.13991769547325103,0.2345679012345679,0.16049382716049382,0.10699588477366255,0.28974828777777784,93.64,0.0,0.016666666666666666,0.014925373134328358,0.13333333333333333,0.23333333333333334,0.23333333333333334,0.15,0.2627614988888889,92.13133333333334,R,0.024691358024691357,0.04938271604938271,0.13580246913580246,0.4946236559139785,0.25925925925925924,0.1111111111111111,0.2700531245493069,98.174,11.8,R,2.0,0.0,0.0,0.02857142857142857,0.05714285714285714,0.047619047619047616,1,Kauffman Stadium,84.8,47.0,6.7,0.0,0.0,1.0126854219948849,0.06385288233247943,1466,,,,,,,,0.5,,,PASS
824718,2026-08-22 23:15:00+00:00,SF,BOS,SF,BOS,0,808982,Jung Hoo Lee,confirmed,6.0,4.15,663776,0.02390438247011952,0.0199203187250996,0.01366120218579235,0.12350597609561753,0.32669322709163345,0.099601593625498,0.0398406374501992,0.2863501397222223,94.86416666666668,0.046153846153846156,0.03076923076923077,0.018867924528301886,0.12307692307692308,0.4307692307692308,0.09230769230769231,0.046153846153846156,0.288709038888889,95.49533333333332,L,0.01875,0.0375,0.14375,0.5076142131979695,0.21875,0.1,0.33196031877013576,99.38714285714286,14.142857142857142,L,0.0,0.0,0.0,0.03,0.06,0.0,1,Fenway Park,70.4,78.0,4.3,0.0,0.0,1.0193478260869566,0.06318153669193344,1483,,,,,,,,0.5,,,PASS
823422,2026-08-22 22:05:00+00:00,STL,PHI,PHI,STL,1,650559,Bryan De La Cruz,confirmed,7.0,4.0,687273,0.06896551724137931,0.06896551724137931,0.05405405405405406,0.10344827586206896,0.13793103448275862,0.2413793103448276,0.06896551724137931,0.3739010208333333,95.7825,0.06896551724137931,0.06896551724137931,0.05405405405405406,0.10344827586206896,0.13793103448275862,0.2413793103448276,0.06896551724137931,0.3739010208333333,95.7825,R,0.024390243902439025,0.024390243902439025,0.0975609756097561,0.4827586206896552,0.24390243902439024,0.14634146341463414,0.2691610661764706,97.72,13.5,L,0.0,0.0,0.0,0.03,0.06,0.0,0,Citizens Bank Park,72.6,90.0,8.1,0.126,0.0,1.0646521739130437,0.0631803826604941,1483,,,,,,,,0.5,,,PASS
824151,2026-08-22 23:10:00+00:00,ATH,HOU,HOU,ATH,1,664774,LaMonte Wade Jr.,confirmed,9.0,3.7,682052,0.021505376344086023,0.021505376344086023,0.01680672268907563,0.10752688172043011,0.1935483870967742,0.24731182795698925,0.16129032258064516,0.28354047499999996,92.93384615384616,0.0,0.0,0.0,0.09615384615384616,0.07692307692307693,0.21153846153846154,0.17307692307692307,0.3061338788888889,93.16266666666667,L,0.04472843450479233,0.04153354632587859,0.15335463258785942,0.6093366093366094,0.21405750798722045,0.10223642172523961,0.264502190631853,98.38599999999998,14.0,L,0.0,0.0,0.0,0.03,0.06,0.0,1,Daikin Park,98.7,29.0,1.7,0.0,0.5,0.9776201372997712,0.06227313580300019,1506,,,,,,,,0.5,,,PASS
824560,2026-08-22 23:10:00+00:00,NYM,CWS,CWS,NYM,1,671976,Tristan Peters,confirmed,8.0,3.85,681035,0.0228310502283105,0.0410958904109589,0.028938906752411574,0.2100456621004566,0.2557077625570776,0.1552511415525114,0.0639269406392694,0.32395632777777783,93.59166666666667,0.018518518518518517,0.037037037037037035,0.028169014084507043,0.18518518518518517,0.2962962962962963,0.2037037037037037,0.09259259259259259,0.33902011666666676,93.97000000000003,L,0.0219435736677116,0.0438871473354232,0.19122257053291536,0.5650224215246636,0.28213166144200624,0.0877742946708464,0.3058897207959715,100.934,14.6,R,0.0,0.0,0.0,0.03,0.06,0.0,0,Rate Field,76.8,41.0,11.9,0.0,0.0,1.0393350383631712,0.06214903014214046,1509,,,,,,,,0.5,,,PASS
823910,2026-08-22 23:15:00+00:00,PIT,LAD,PIT,LAD,0,663968,Jake Mangum,confirmed,6.0,4.15,669373,0.011363636363636364,0.01893939393939394,0.012658227848101266,0.0946969696969697,0.29924242424242425,0.1893939393939394,0.045454545454545456,0.29211538694444444,93.97033333333333,0.01639344262295082,0.04918032786885246,0.0410958904109589,0.18032786885245902,0.22950819672131148,0.21311475409836064,0.08196721311475409,0.3186016188888889,95.60933333333332,L,0.03125,0.045454545454545456,0.15625,0.5470459518599562,0.3181818181818182,0.045454545454545456,0.2564228875383715,98.97733333333333,17.8,L,0.0,0.0,0.0,0.03,0.06,0.0,1,UNIQLO Field at Dodger Stadium,72.0,55.0,7.0,0.0,0.0,1.1042934782608695,0.06203912105794405,1512,,,,,,,,0.5,,,PASS
824718,2026-08-22 23:15:00+00:00,SF,BOS,SF,BOS,0,687551,Drew Gilbert,confirmed,8.0,3.85,663776,0.02262443438914027,0.03619909502262444,0.0299625468164794,0.14027149321266968,0.20361990950226244,0.18099547511312217,0.09049773755656108,0.33950674055555563,93.29833333333333,0.05263157894736842,0.10526315789473684,0.08450704225352113,0.21052631578947367,0.21052631578947367,0.22807017543859648,0.10526315789473684,0.3824952977777778,93.46866666666666,L,0.01875,0.0375,0.14375,0.5076142131979695,0.21875,0.1,0.33196031877013576,99.38714285714286,14.142857142857142,L,0.0,0.0,0.0,0.03,0.06,0.0,1,Fenway Park,70.4,78.0,4.3,0.0,0.0,1.0193478260869566,0.0616276599160779,1523,,,,,,,,0.5,,,PASS
824560,2026-08-22 23:10:00+00:00,NYM,CWS,CWS,NYM,1,691011,Drew Romo,confirmed,9.0,3.7,681035,0.041176470588235294,0.047058823529411764,0.0392156862745098,0.1411764705882353,0.20588235294117646,0.2411764705882353,0.08235294117647059,0.23886166180555554,91.70291666666667,0.0392156862745098,0.0392156862745098,0.029411764705882353,0.1568627450980392,0.21568627450980393,0.19607843137254902,0.058823529411764705,0.24155060777777784,90.172,L,0.0219435736677116,0.0438871473354232,0.19122257053291536,0.5650224215246636,0.28213166144200624,0.0877742946708464,0.3058897207959715,100.934,14.6,R,0.0,0.0,0.0,0.03,0.06,0.0,0,Rate Field,76.8,41.0,11.9,0.0,0.0,1.0393350383631712,0.05860762375472936,1606,,,,,,,,0.5,,,PASS
824798,2026-08-22 23:05:00+00:00,TB,BAL,TB,BAL,0,689414,Liam Hicks,confirmed,5.0,4.3,687064,0.018656716417910446,0.022388059701492536,0.01875,0.07835820895522388,0.15671641791044777,0.09328358208955224,0.12313432835820895,0.30218174416666677,92.70433333333334,0.03125,0.03125,0.02564102564102564,0.09375,0.171875,0.078125,0.15625,0.3262161044444444,89.91799999999999,L,0.026737967914438502,0.045454545454545456,0.1711229946524064,0.4800796812749004,0.19786096256684493,0.0748663101604278,0.32067729390014926,101.72666666666665,17.266666666666666,R,5.0,0.0,0.0,0.026666666666666665,0.05333333333333333,0.1111111111111111,0,Oriole Park at Camden Yards,74.9,83.0,4.6,0.0,0.0,1.0571014492753623,0.057875103832964604,1628,,,,,,,,0.5,,,PASS
823422,2026-08-22 22:05:00+00:00,STL,PHI,PHI,STL,1,656537,Derek Hill,confirmed,9.0,3.7,687273,0.03125,0.046875,0.04285714285714286,0.1171875,0.234375,0.390625,0.046875,0.25524174342105255,90.49868421052632,0.037037037037037035,0.05555555555555555,0.04477611940298507,0.12962962962962962,0.2222222222222222,0.4444444444444444,0.037037037037037035,0.21596327222222225,90.63266666666665,R,0.024390243902439025,0.024390243902439025,0.0975609756097561,0.4827586206896552,0.24390243902439024,0.14634146341463414,0.2691610661764706,97.72,13.5,L,0.0,0.0,0.0,0.03,0.06,0.0,0,Citizens Bank Park,72.6,90.0,8.1,0.126,0.0,1.0646521739130437,0.05705446895883295,1653,,,,,,,,0.5,,,PASS
824798,2026-08-22 23:05:00+00:00,TB,BAL,TB,BAL,0,670764,Taylor Walls,confirmed,9.0,3.7,687064,0.008849557522123894,0.01327433628318584,0.011235955056179775,0.10176991150442478,0.2610619469026549,0.252212389380531,0.09292035398230089,0.25454415999999996,91.43633333333334,0.034482758620689655,0.0,0.0,0.06896551724137931,0.3275862068965517,0.1724137931034483,0.06896551724137931,0.26674541,91.68866666666666,R,0.026737967914438502,0.045454545454545456,0.1711229946524064,0.4800796812749004,0.19786096256684493,0.0748663101604278,0.32067729390014926,101.72666666666665,17.266666666666666,R,0.0,0.0,0.0,0.03,0.06,0.0,1,Oriole Park at Camden Yards,74.9,83.0,4.6,0.0,0.0,1.0571014492753623,0.05579794641251916,1692,,,,,,,,0.5,,,PASS
823910,2026-08-22 23:15:00+00:00,PIT,LAD,PIT,LAD,0,669707,Jared Triolo,confirmed,8.0,3.85,669373,0.009009009009009009,0.018018018018018018,0.015444015444015444,0.09009009009009009,0.22972972972972974,0.1981981981981982,0.08558558558558559,0.2921721141666666,94.65568965517242,0.019230769230769232,0.019230769230769232,0.016666666666666666,0.07692307692307693,0.21153846153846154,0.11538461538461539,0.07692307692307693,0.31060145777777787,93.72000000000001,R,0.03125,0.045454545454545456,0.15625,0.5470459518599562,0.3181818181818182,0.045454545454545456,0.2564228875383715,98.97733333333333,17.8,L,0.0,0.0,0.0,0.03,0.06,0.0,0,UNIQLO Field at Dodger Stadium,72.0,55.0,7.0,0.0,0.0,1.1042934782608695,0.05563894266033436,1697,,,,,,,,0.5,,,PASS
824073,2026-08-22 23:15:00+00:00,DET,KC,DET,KC,0,656716,Zach McKinstry,confirmed,5.0,4.3,608379,0.01282051282051282,0.021367521367521368,0.015337423312883436,0.11538461538461539,0.2948717948717949,0.14102564102564102,0.11965811965811966,0.31476016972222226,91.93066666666664,0.0,0.0,0.0,0.11864406779661017,0.3050847457627119,0.11864406779661017,0.13559322033898305,0.3219981566666667,90.52466666666668,L,0.03655352480417755,0.04960835509138381,0.19843342036553524,0.5386029411764706,0.16971279373368145,0.05483028720626632,0.3170644407680904,99.98200000000001,18.2,R,6.0,0.0,1.0,0.02608695652173913,0.07391304347826087,0.13043478260869565,0,Kauffman Stadium,84.8,47.0,6.7,0.0,0.0,1.0126854219948849,0.05447842738959777,1736,,,,,,,,0.5,,,PASS
824151,2026-08-22 23:10:00+00:00,ATH,HOU,ATH,HOU,0,622268,Donovan Walton,confirmed,8.0,3.85,686613,0.0196078431372549,0.032679738562091505,0.02252252252252252,0.1830065359477124,0.2679738562091503,0.16339869281045752,0.1111111111111111,0.31079548048780486,93.0319512195122,0.0,0.0196078431372549,0.013333333333333334,0.0784313725490196,0.21568627450980393,0.11764705882352941,0.1568627450980392,0.3040842833333333,89.03666666666666,L,0.030716723549488054,0.03754266211604096,0.11945392491467577,0.4494047619047619,0.24573378839590443,0.13651877133105803,0.30065203192850826,99.22153846153846,15.307692307692308,R,0.0,0.0,0.0,0.03,0.06,0.0,0,Daikin Park,98.7,29.0,1.7,0.0,0.5,0.9776201372997712,0.054190496098488444,1745,,,,,,,,0.5,,,PASS
823422,2026-08-22 22:05:00+00:00,STL,PHI,PHI,STL,1,650333,Luis Arraez,confirmed,4.0,4.45,687273,0.014760147601476014,0.01845018450184502,0.011574074074074073,0.12915129151291513,0.3505535055350554,0.04797047970479705,0.04428044280442804,0.3086377902777777,92.97366666666667,0.028169014084507043,0.04225352112676056,0.02586206896551724,0.1267605633802817,0.4647887323943662,0.04225352112676056,0.028169014084507043,0.3441017333333333,92.65666666666668,L,0.024390243902439025,0.024390243902439025,0.0975609756097561,0.4827586206896552,0.24390243902439024,0.14634146341463414,0.2691610661764706,97.72,13.5,L,0.0,0.0,0.0,0.03,0.06,0.0,1,Citizens Bank Park,72.6,90.0,8.1,0.126,0.0,1.0646521739130437,0.052233489152735395,1814,,,,,,,,0.5,,,PASS
823100,2026-08-22 23:15:00+00:00,CHC,SEA,SEA,CHC,1,660844,Leo Rivas,confirmed,9.0,3.7,656849,0.0,0.008264462809917356,0.007751937984496124,0.09090909090909091,0.256198347107438,0.2809917355371901,0.12396694214876033,0.22928907450980393,89.97911764705884,0.0,0.0,0.0,0.12244897959183673,0.1836734693877551,0.2857142857142857,0.10204081632653061,0.21756247222222225,88.22,R,0.020348837209302327,0.0377906976744186,0.16279069767441862,0.4172494172494173,0.19186046511627908,0.10174418604651163,0.3518052286814433,100.71133333333333,14.8,L,0.0,0.0,0.0,0.03,0.06,0.0,0,T-Mobile Park,71.8,66.0,5.6,0.0,0.5,1.3025,0.05008986648143709,1896,,,,,,,,0.5,,,PASS
824073,2026-08-22 23:15:00+00:00,DET,KC,KC,DET,1,686475,Tyler Tolbert,confirmed,8.0,3.85,623454,0.02912621359223301,0.02912621359223301,0.025210084033613446,0.11650485436893204,0.30097087378640774,0.13592233009708737,0.0970873786407767,0.3211516583333333,92.19399999999997,0.019230769230769232,0.019230769230769232,0.0196078431372549,0.09615384615384616,0.3269230769230769,0.1346153846153846,0.1346153846153846,0.3074562611111111,92.38933333333333,R,0.024691358024691357,0.04938271604938271,0.13580246913580246,0.4946236559139785,0.25925925925925924,0.1111111111111111,0.2700531245493069,98.174,11.8,R,0.0,0.0,0.0,0.03,0.06,0.0,1,Kauffman Stadium,84.8,47.0,6.7,0.0,0.0,1.0126854219948849,0.0498473070749481,1906,,,,,,,,0.5,,,PASS
824073,2026-08-22 23:15:00+00:00,DET,KC,KC,DET,1,664728,Kyle Isbel,confirmed,9.0,3.7,623454,0.014285714285714285,0.014285714285714285,0.01098901098901099,0.11904761904761904,0.22380952380952382,0.20952380952380953,0.05714285714285714,0.2575227580555556,94.1085,0.03636363636363636,0.01818181818181818,0.013888888888888888,0.12727272727272726,0.2,0.2,0.05454545454545454,0.24770240555555556,94.09400000000001,L,0.024691358024691357,0.04938271604938271,0.13580246913580246,0.4946236559139785,0.25925925925925924,0.1111111111111111,0.2700531245493069,98.174,11.8,R,2.0,0.0,0.0,0.02857142857142857,0.05714285714285714,0.047619047619047616,0,Kauffman Stadium,84.8,47.0,6.7,0.0,0.0,1.0126854219948849,0.04832506465932355,1969,,,,,,,,0.5,,,PASS
822858,2026-08-22 23:05:00+00:00,LAA,TEX,TEX,LAA,1,683227,Cody Freeman,confirmed,8.0,3.85,696270,0.0,0.0,0.0,0.0,0.07407407407407407,0.2222222222222222,0.14814814814814814,0.22447461250000003,85.54142857142857,0.0,0.0,0.0,0.0,0.07407407407407407,0.2222222222222222,0.14814814814814814,0.22447461250000003,85.54142857142857,R,0.056910569105691054,0.07723577235772358,0.1951219512195122,0.5363636363636364,0.17886178861788618,0.10569105691056911,0.3502786207169439,100.68833333333333,13.666666666666666,R,0.0,0.0,0.0,0.03,0.06,0.0,1,Globe Life Field,105.7,22.0,8.4,0.0,0.5,0.9537757437070936,0.03914311225766552,2455,,,,,,,,0.5,,,PASS
824798,2026-08-22 23:05:00+00:00,TB,BAL,TB,BAL,0,802415,Chandler Simpson,confirmed,3.0,4.55,687064,0.0,0.0,0.0,0.012195121951219513,0.23577235772357724,0.06910569105691057,0.032520325203252036,0.25353791694444444,90.44916666666667,0.0,0.0,0.0,0.014925373134328358,0.2537313432835821,0.04477611940298507,0.014925373134328358,0.24008514666666664,90.75933333333333,L,0.026737967914438502,0.045454545454545456,0.1711229946524064,0.4800796812749004,0.19786096256684493,0.0748663101604278,0.32067729390014926,101.72666666666665,17.266666666666666,R,2.0,0.0,0.0,0.02857142857142857,0.05714285714285714,0.047619047619047616,0,Oriole Park at Camden Yards,74.9,83.0,4.6,0.0,0.0,1.0571014492753623,0.036553368090041054,2636,,,,,,,,0.5,,,PASS
823910,2026-08-22 23:15:00+00:00,PIT,LAD,LAD,PIT,1,666163,Ben Rortvedt,confirmed,9.0,3.7,683003,0.0,0.0,0.0,0.0,0.21428571428571427,0.2857142857142857,0.0,0.22094444444444442,84.51833333333333,0.0,0.0,0.0,0.0,0.21428571428571427,0.2857142857142857,0.0,0.22094444444444442,84.51833333333333,L,0.040740740740740744,0.05555555555555555,0.16666666666666666,0.5534591194968553,0.26666666666666666,0.07777777777777778,0.29282506659878865,102.085,13.571428571428571,R,0.0,0.0,0.0,0.03,0.06,0.0,0,UNIQLO Field at Dodger Stadium,72.0,55.0,7.0,0.0,0.0,1.1042934782608695,0.029123803043868763,3334,,,,,,,,0.5,,,PASS
