game_pk,game_datetime,away_team,home_team,team,opponent,is_home,player_id,player_name,lineup_status,batting_order,expected_pa,opposing_starter_id,batter_hr_pa_long,batter_barrel_pa_long,batter_barrel_bbe_long,batter_hard_air_pa_long,batter_sweet_pa_long,batter_k_rate_long,batter_bb_rate_long,batter_xwoba_long,batter_ev90_long,batter_hr_pa_recent,batter_barrel_pa_recent,batter_barrel_bbe_recent,batter_hard_air_pa_recent,batter_sweet_pa_recent,batter_k_rate_recent,batter_bb_rate_recent,batter_xwoba_recent,batter_ev90_recent,batter_hand,pitcher_hr_bf,pitcher_barrel_bf,pitcher_hard_air_bf,pitcher_fly_rate,pitcher_k_rate,pitcher_bb_rate,pitcher_xwoba,pitcher_ev90,pitcher_outs,opposing_pitcher_hand,bvp_pa,bvp_hr,bvp_barrels,bvp_hr_shrunk,bvp_barrel_shrunk,bvp_reliability,same_hand,venue,temperature_f,humidity_pct,wind_speed_mph,precipitation_in,roof_control_factor,park_hr_factor,home_run_probability,fair_odds,point,over_odds,under_odds,over_no_vig_probability,under_no_vig_probability,over_book,under_book,line,market_edge,ev_per_unit,signal
822693,2026-08-25 22:45:00+00:00,COL,WSH,WSH,COL,1,694673,Abimelec Ortiz,confirmed,2.0,4.65,690279,0.0625,0.078125,0.047619047619047616,0.328125,0.375,0.25,0.0625,0.3379948291666667,100.29875000000001,0.06451612903225806,0.08064516129032258,0.05,0.3064516129032258,0.3709677419354839,0.25806451612903225,0.06451612903225806,0.3320278177777778,99.78933333333333,L,,,,,,,,,,,0.0,0.0,0.0,0.03,0.06,0.0,0,Nationals Park,80.3,45.0,3.5,0.0,0.0,1.290386260446141,0.17866782231791634,460,,,,,,,,0.5,,,HR WATCH
824881,2026-08-25 23:15:00+00:00,LAD,ATL,LAD,ATL,0,660271,Shohei Ohtani,confirmed,1.0,4.75,693821,0.07037037037037037,0.1111111111111111,0.09900990099009901,0.21851851851851853,0.24444444444444444,0.24074074074074073,0.12222222222222222,0.3952895644444444,100.47233333333334,0.05970149253731343,0.08955223880597014,0.06741573033707865,0.19402985074626866,0.23880597014925373,0.2835820895522388,0.1044776119402985,0.36625545666666665,100.58200000000001,L,0.052486187845303865,0.06077348066298342,0.17679558011049723,0.45614035087719296,0.16574585635359115,0.0718232044198895,0.3346475985206412,101.86533333333334,16.4,R,3.0,0.0,0.0,0.027906976744186046,0.05581395348837209,0.06976744186046512,0,Truist Park,88.4,38.0,6.7,0.0,0.0,1.45,0.1771418840269605,465,,,,,,,,0.5,,,HR WATCH
823016,2026-08-25 23:45:00+00:00,BAL,STL,STL,BAL,1,695491,Joshua Báez,confirmed,5.0,4.3,605135,0.10256410256410256,0.1282051282051282,0.10869565217391304,0.28205128205128205,0.2564102564102564,0.358974358974359,0.05128205128205128,0.30962457777777774,99.43444444444444,0.10256410256410256,0.1282051282051282,0.10869565217391304,0.28205128205128205,0.2564102564102564,0.358974358974359,0.05128205128205128,0.30962457777777774,99.43444444444444,R,0.026119402985074626,0.033582089552238806,0.15298507462686567,0.4355300859598854,0.13432835820895522,0.09328358208955224,0.36020923710772323,99.58,13.75,R,0.0,0.0,0.0,0.03,0.06,0.0,1,Busch Stadium,85.1,49.0,5.9,0.0,0.0,0.65,0.17022041795655107,487,,,,,,,,0.5,,,HR WATCH
824881,2026-08-25 23:15:00+00:00,LAD,ATL,LAD,ATL,0,571970,Max Muncy,confirmed,4.0,4.45,693821,0.04938271604938271,0.06584362139917696,0.05351170568561873,0.2674897119341564,0.20987654320987653,0.24279835390946503,0.10699588477366255,0.32015943249999995,96.72633333333334,0.06779661016949153,0.06779661016949153,0.05405405405405406,0.3389830508474576,0.1694915254237288,0.3050847457627119,0.11864406779661017,0.34729315111111114,98.20733333333332,L,0.052486187845303865,0.06077348066298342,0.17679558011049723,0.45614035087719296,0.16574585635359115,0.0718232044198895,0.3346475985206412,101.86533333333334,16.4,R,2.0,0.0,0.0,0.02857142857142857,0.05714285714285714,0.047619047619047616,0,Truist Park,88.4,38.0,6.7,0.0,0.0,1.45,0.16355186128021265,511,,,,,,,,0.5,,,HR WATCH
824881,2026-08-25 23:15:00+00:00,LAD,ATL,ATL,LAD,1,621566,Matt Olson,confirmed,3.0,4.55,607192,0.06201550387596899,0.10465116279069768,0.07758620689655173,0.2441860465116279,0.3023255813953488,0.2868217054263566,0.10077519379844961,0.34327784777777776,98.51333333333334,0.04838709677419355,0.0967741935483871,0.07058823529411765,0.25806451612903225,0.3870967741935484,0.3548387096774194,0.06451612903225806,0.32249903333333335,98.49666666666666,L,0.033783783783783786,0.0472972972972973,0.16891891891891891,0.4909090909090909,0.3310810810810811,0.08783783783783784,0.2700904761283644,100.53714285714285,16.714285714285715,R,0.0,0.0,0.0,0.03,0.06,0.0,0,Truist Park,88.4,38.0,6.7,0.0,0.0,1.45,0.16220043670271292,517,,,,,,,,0.5,,,HR WATCH
824556,2026-08-25 23:40:00+00:00,TEX,CWS,CWS,TEX,1,808959,Munetaka Murakami,confirmed,2.0,4.65,594798,0.0599250936329588,0.09363295880149813,0.10080645161290322,0.2209737827715356,0.16104868913857678,0.33707865168539325,0.1647940074906367,0.3458324822619048,98.40683333333335,0.058823529411764705,0.10294117647058823,0.12727272727272726,0.20588235294117646,0.14705882352941177,0.3382352941176471,0.16176470588235295,0.3665160733333332,101.55266666666667,L,0.021806853582554516,0.04672897196261682,0.17133956386292834,0.5488721804511278,0.29906542056074764,0.07476635514018691,0.30826962179092515,100.88333333333334,15.066666666666666,R,3.0,0.0,1.0,0.027906976744186046,0.07906976744186046,0.06976744186046512,0,Rate Field,72.0,64.0,7.8,0.0,0.0,1.1838228305294174,0.1618937537208432,518,,,,,,,,0.5,,,HR WATCH
823016,2026-08-25 23:45:00+00:00,BAL,STL,BAL,STL,0,624413,Pete Alonso,confirmed,2.0,4.65,669461,0.057692307692307696,0.09615384615384616,0.07204610951008646,0.27307692307692305,0.26153846153846155,0.25384615384615383,0.11538461538461539,0.4116676475,99.75733333333332,0.1076923076923077,0.13846153846153847,0.09782608695652174,0.35384615384615387,0.2923076923076923,0.15384615384615385,0.09230769230769231,0.4943353100000001,102.94666666666667,R,0.03785488958990536,0.05362776025236593,0.20504731861198738,0.4844124700239808,0.2586750788643533,0.07570977917981073,0.3151454856610837,100.58933333333333,14.4,L,0.0,0.0,0.0,0.03,0.06,0.0,0,Busch Stadium,85.1,49.0,5.9,0.0,0.0,0.65,0.15059108146795613,564,,,,,,,,0.5,,,PASS
824962,2026-08-26 01:40:00+00:00,MIN,ATH,MIN,ATH,0,621439,Byron Buxton,confirmed,2.0,4.65,695611,0.05747126436781609,0.09578544061302682,0.07530120481927711,0.21839080459770116,0.19923371647509577,0.23371647509578544,0.08045977011494253,0.3594438283333333,98.53666666666666,0.0,0.015151515151515152,0.013333333333333334,0.22727272727272727,0.10606060606060606,0.21212121212121213,0.10606060606060606,0.3177958444444444,97.70599999999999,R,0.026627218934911243,0.04142011834319527,0.14497041420118342,0.5315315315315315,0.2455621301775148,0.11538461538461539,0.32438646621904144,99.974,15.066666666666666,L,0.0,0.0,0.0,0.03,0.06,0.0,0,Sutter Health Park,87.9,28.0,7.6,0.0,0.0,1.413475569868666,0.14386525164658653,595,,,,,,,,0.5,,,PASS
823505,2026-08-25 23:05:00+00:00,HOU,NYY,HOU,NYY,0,670541,Yordan Alvarez,confirmed,2.0,4.65,701542,0.05263157894736842,0.10526315789473684,0.08832807570977919,0.24436090225563908,0.23684210526315788,0.16165413533834586,0.16917293233082706,0.41408874972222226,99.8235,0.016129032258064516,0.06451612903225806,0.05555555555555555,0.1935483870967742,0.24193548387096775,0.14516129032258066,0.16129032258064516,0.33670247999999997,96.97599999999998,L,0.03903903903903904,0.06006006006006006,0.1921921921921922,0.46265060240963857,0.18618618618618618,0.09009009009009009,0.36299519380168305,102.34133333333334,14.8,R,3.0,0.0,0.0,0.027906976744186046,0.05581395348837209,0.06976744186046512,0,Yankee Stadium,76.7,53.0,7.0,0.0,0.0,1.032696511738428,0.14383980511851602,595,,,,,,,,0.5,,,PASS
823016,2026-08-25 23:45:00+00:00,BAL,STL,BAL,STL,0,691723,Coby Mayo,confirmed,4.0,4.45,669461,0.058823529411764705,0.09049773755656108,0.06896551724137931,0.29411764705882354,0.28054298642533937,0.3167420814479638,0.07239819004524888,0.32873059666666665,97.54783333333332,0.05263157894736842,0.10526315789473684,0.07142857142857142,0.2982456140350877,0.3684210526315789,0.24561403508771928,0.05263157894736842,0.3530235444444445,95.68800000000003,R,0.03785488958990536,0.05362776025236593,0.20504731861198738,0.4844124700239808,0.2586750788643533,0.07570977917981073,0.3151454856610837,100.58933333333333,14.4,L,0.0,0.0,0.0,0.03,0.06,0.0,0,Busch Stadium,85.1,49.0,5.9,0.0,0.0,0.65,0.1435569171452026,597,,,,,,,,0.5,,,PASS
822693,2026-08-25 22:45:00+00:00,COL,WSH,COL,WSH,0,696100,Hunter Goodman,confirmed,3.0,4.55,674841,0.08914728682170543,0.1124031007751938,0.09931506849315068,0.2248062015503876,0.2054263565891473,0.3062015503875969,0.10077519379844961,0.3578348866666667,96.48033333333335,0.04838709677419355,0.06451612903225806,0.05405405405405406,0.1935483870967742,0.25806451612903225,0.3548387096774194,0.08064516129032258,0.2858496611111111,94.378,R,0.013100436681222707,0.026200873362445413,0.13973799126637554,0.38223938223938225,0.20087336244541484,0.11353711790393013,0.31801848399689536,101.25272727272728,14.272727272727273,L,2.0,0.0,0.0,0.02857142857142857,0.05714285714285714,0.047619047619047616,0,Nationals Park,80.3,45.0,3.5,0.0,0.0,1.290386260446141,0.14332789032240537,598,,,,,,,,0.5,,,PASS
823826,2026-08-25 22:40:00+00:00,BOS,MIA,MIA,BOS,1,681715,Heriberto Hernández,confirmed,2.0,4.65,801139,0.058823529411764705,0.09019607843137255,0.08098591549295775,0.2,0.20392156862745098,0.3215686274509804,0.09803921568627451,0.332220993611111,98.72933333333336,0.045454545454545456,0.09090909090909091,0.0759493670886076,0.19696969696969696,0.21212121212121213,0.3484848484848485,0.13636363636363635,0.3503343466666667,99.05733333333333,R,0.029069767441860465,0.040697674418604654,0.14244186046511628,0.6234817813765182,0.2761627906976744,0.06976744186046512,0.2592397612294372,98.50266666666668,16.4,L,0.0,0.0,0.0,0.03,0.06,0.0,0,loanDepot park,85.3,65.0,7.3,0.0,0.5,0.8217493584260052,0.14324932850201957,598,,,,,,,,0.5,,,PASS
824962,2026-08-26 01:40:00+00:00,MIN,ATH,MIN,ATH,0,668904,Royce Lewis,confirmed,4.0,4.45,695611,0.03543307086614173,0.07874015748031496,0.062111801242236024,0.23228346456692914,0.21653543307086615,0.2283464566929134,0.07480314960629922,0.32764514027777786,98.38850000000002,0.0,0.03225806451612903,0.022727272727272728,0.14516129032258066,0.22580645161290322,0.27419354838709675,0.04838709677419355,0.2797370844444445,97.12666666666664,R,0.026627218934911243,0.04142011834319527,0.14497041420118342,0.5315315315315315,0.2455621301775148,0.11538461538461539,0.32438646621904144,99.974,15.066666666666666,L,0.0,0.0,0.0,0.03,0.06,0.0,0,Sutter Health Park,87.9,28.0,7.6,0.0,0.0,1.413475569868666,0.14240683509646118,602,,,,,,,,0.5,,,PASS
824233,2026-08-25 22:40:00+00:00,TB,DET,TB,DET,0,691406,Junior Caminero,confirmed,3.0,4.55,695549,0.07662835249042145,0.09961685823754789,0.08280254777070063,0.19923371647509577,0.17624521072796934,0.19540229885057472,0.09961685823754789,0.35742425833333336,101.22916666666666,0.03076923076923077,0.06153846153846154,0.05405405405405406,0.12307692307692308,0.07692307692307693,0.18461538461538463,0.07692307692307693,0.2833220855555556,101.80866666666667,R,0.03278688524590164,0.08196721311475409,0.14754098360655737,0.49382716049382713,0.18032786885245902,0.08196721311475409,0.3592698913043478,101.7,14.0,R,0.0,0.0,0.0,0.03,0.06,0.0,1,Comerica Park,77.5,43.0,8.5,0.0,0.0,1.00391054625443,0.1423524773258182,602,,,,,,,,0.5,,,PASS
824881,2026-08-25 23:15:00+00:00,LAD,ATL,ATL,LAD,1,660670,Ronald Acuña Jr.,confirmed,2.0,4.65,607192,0.045627376425855515,0.06844106463878327,0.05504587155963303,0.20532319391634982,0.23954372623574144,0.24714828897338403,0.12547528517110265,0.3409178155555555,96.54616666666666,0.03125,0.03125,0.023255813953488372,0.1875,0.25,0.28125,0.078125,0.28280424666666665,94.95800000000003,R,0.033783783783783786,0.0472972972972973,0.16891891891891891,0.4909090909090909,0.3310810810810811,0.08783783783783784,0.2700904761283644,100.53714285714285,16.714285714285715,R,0.0,0.0,0.0,0.03,0.06,0.0,1,Truist Park,88.4,38.0,6.7,0.0,0.0,1.45,0.1411232188578777,609,,,,,,,,0.5,,,PASS
823505,2026-08-25 23:05:00+00:00,HOU,NYY,NYY,HOU,1,700250,Ben Rice,confirmed,2.0,4.65,814490,0.06060606060606061,0.08712121212121213,0.0705521472392638,0.22348484848484848,0.2537878787878788,0.2803030303030303,0.10606060606060606,0.34416921027777786,98.3668333333333,0.045454545454545456,0.06060606060606061,0.047058823529411764,0.25757575757575757,0.2727272727272727,0.30303030303030304,0.09090909090909091,0.31186234999999995,97.39666666666668,L,0.0,0.0,0.1111111111111111,0.7142857142857143,0.2222222222222222,0.16666666666666666,0.30117011111111114,93.05,11.0,R,0.0,0.0,0.0,0.03,0.06,0.0,0,Yankee Stadium,76.7,53.0,7.0,0.0,0.0,1.032696511738428,0.13664319995342172,632,,,,,,,,0.5,,,PASS
824556,2026-08-25 23:40:00+00:00,TEX,CWS,CWS,TEX,1,678246,Miguel Vargas,confirmed,3.0,4.55,594798,0.04868913857677903,0.10486891385767791,0.08259587020648967,0.24719101123595505,0.2546816479400749,0.18726591760299627,0.12734082397003746,0.3751984417460318,97.98599999999998,0.07352941176470588,0.11764705882352941,0.08791208791208792,0.23529411764705882,0.3088235294117647,0.11764705882352941,0.22058823529411764,0.43809427666666667,96.60733333333334,R,0.021806853582554516,0.04672897196261682,0.17133956386292834,0.5488721804511278,0.29906542056074764,0.07476635514018691,0.30826962179092515,100.88333333333334,15.066666666666666,R,3.0,0.0,0.0,0.027906976744186046,0.05581395348837209,0.06976744186046512,1,Rate Field,72.0,64.0,7.8,0.0,0.0,1.1838228305294174,0.1345608982785195,643,,,,,,,,0.5,,,PASS
824881,2026-08-25 23:15:00+00:00,LAD,ATL,ATL,LAD,1,686948,Drake Baldwin,confirmed,1.0,4.75,607192,0.030418250950570342,0.057034220532319393,0.04120879120879121,0.22053231939163498,0.26996197718631176,0.20532319391634982,0.09505703422053231,0.3349490402777777,98.02633333333334,0.015625,0.046875,0.03571428571428571,0.296875,0.234375,0.1875,0.0625,0.3125163666666666,99.72399999999999,L,0.033783783783783786,0.0472972972972973,0.16891891891891891,0.4909090909090909,0.3310810810810811,0.08783783783783784,0.2700904761283644,100.53714285714285,16.714285714285715,R,0.0,0.0,0.0,0.03,0.06,0.0,0,Truist Park,88.4,38.0,6.7,0.0,0.0,1.45,0.13455797004838244,643,,,,,,,,0.5,,,PASS
824233,2026-08-25 22:40:00+00:00,TB,DET,DET,TB,1,680664,Eduardo Valencia,confirmed,5.0,4.3,668984,0.09090909090909091,0.10909090909090909,0.08571428571428572,0.2909090909090909,0.36363636363636365,0.2909090909090909,0.01818181818181818,0.277062,96.28499999999998,0.09090909090909091,0.10909090909090909,0.08571428571428572,0.2909090909090909,0.36363636363636365,0.2909090909090909,0.01818181818181818,0.277062,96.28499999999998,R,0.0,0.0,0.06451612903225806,0.4791666666666667,0.12903225806451613,0.06451612903225806,0.23163013015873016,96.036,4.8,R,0.0,0.0,0.0,0.03,0.06,0.0,1,Comerica Park,77.5,43.0,8.5,0.0,0.0,1.00391054625443,0.13417133363183004,645,,,,,,,,0.5,,,PASS
822773,2026-08-25 23:07:00+00:00,KC,TOR,KC,TOR,0,695600,Carter Jensen,confirmed,1.0,4.75,453286,0.03759398496240601,0.07518796992481203,0.058997050147492625,0.21052631578947367,0.20676691729323307,0.2669172932330827,0.10526315789473684,0.30739211821428564,97.4915,0.03076923076923077,0.09230769230769231,0.0821917808219178,0.2153846153846154,0.2,0.24615384615384617,0.16923076923076924,0.33501212333333336,97.07533333333332,L,0.0594059405940594,0.06930693069306931,0.20297029702970298,0.6204819277108434,0.15841584158415842,0.09900990099009901,0.3521916728643722,97.76909090909089,12.181818181818182,R,0.0,0.0,0.0,0.03,0.06,0.0,0,Rogers Centre,69.8,75.0,2.3,0.0,0.5,0.65,0.13318738899941931,651,,,,,,,,0.5,,,PASS
822693,2026-08-25 22:45:00+00:00,COL,WSH,WSH,COL,1,682928,CJ Abrams,confirmed,1.0,4.75,690279,0.06060606060606061,0.06060606060606061,0.0471976401179941,0.2196969696969697,0.2727272727272727,0.25757575757575757,0.06818181818181818,0.30353082027777784,96.13616666666667,0.014285714285714285,0.02857142857142857,0.020618556701030927,0.18571428571428572,0.3142857142857143,0.2857142857142857,0.07142857142857142,0.2825059711111111,94.596,L,,,,,,,,,,,0.0,0.0,0.0,0.03,0.06,0.0,0,Nationals Park,80.3,45.0,3.5,0.0,0.0,1.290386260446141,0.13283398290210582,653,,,,,,,,0.5,,,PASS
823826,2026-08-25 22:40:00+00:00,BOS,MIA,BOS,MIA,0,575929,Willson Contreras,confirmed,4.0,4.45,663969,0.05263157894736842,0.0728744939271255,0.06060606060606061,0.23481781376518218,0.19838056680161945,0.25101214574898784,0.1214574898785425,0.37476027166666676,97.66169491525423,0.045454545454545456,0.06060606060606061,0.046511627906976744,0.16666666666666666,0.15151515151515152,0.24242424242424243,0.12121212121212122,0.3303198333333333,93.55,R,0.040293040293040296,0.06227106227106227,0.19413919413919414,0.4171597633136095,0.1684981684981685,0.07692307692307693,0.3538694608993585,101.71142857142857,13.571428571428571,R,0.0,0.0,0.0,0.03,0.06,0.0,1,loanDepot park,85.3,65.0,7.3,0.0,0.5,0.8217493584260052,0.1315919972382991,660,,,,,,,,0.5,,,PASS
822693,2026-08-25 22:45:00+00:00,COL,WSH,WSH,COL,1,686611,Dylan Crews,confirmed,3.0,4.55,690279,0.03088803088803089,0.06563706563706563,0.056291390728476824,0.16602316602316602,0.26640926640926643,0.24324324324324326,0.08494208494208494,0.320255625,97.07066666666667,0.015873015873015872,0.06349206349206349,0.05063291139240506,0.2222222222222222,0.2857142857142857,0.2857142857142857,0.06349206349206349,0.30263087555555557,97.62466666666668,R,,,,,,,,,,,0.0,0.0,0.0,0.03,0.06,0.0,0,Nationals Park,80.3,45.0,3.5,0.0,0.0,1.290386260446141,0.1294439198064988,673,,,,,,,,0.5,,,PASS
823016,2026-08-25 23:45:00+00:00,BAL,STL,STL,BAL,1,676475,Alec Burleson,confirmed,3.0,4.55,605135,0.03515625,0.08203125,0.05303030303030303,0.28125,0.26953125,0.1796875,0.07421875,0.37735610555555554,100.57549999999999,0.046153846153846156,0.06153846153846154,0.039603960396039604,0.2,0.23076923076923078,0.24615384615384617,0.07692307692307693,0.37743089333333335,99.124,L,0.026119402985074626,0.033582089552238806,0.15298507462686567,0.4355300859598854,0.13432835820895522,0.09328358208955224,0.36020923710772323,99.58,13.75,R,0.0,0.0,0.0,0.03,0.06,0.0,0,Busch Stadium,85.1,49.0,5.9,0.0,0.0,0.65,0.12672883291556974,689,,,,,,,,0.5,,,PASS
824881,2026-08-25 23:15:00+00:00,LAD,ATL,LAD,ATL,0,605141,Mookie Betts,confirmed,3.0,4.55,693821,0.03937007874015748,0.05511811023622047,0.04294478527607362,0.2125984251968504,0.25984251968503935,0.11023622047244094,0.06692913385826772,0.31697139888888887,96.70766666666667,0.046875,0.0625,0.05,0.15625,0.203125,0.09375,0.078125,0.31087598666666666,96.10733333333333,R,0.052486187845303865,0.06077348066298342,0.17679558011049723,0.45614035087719296,0.16574585635359115,0.0718232044198895,0.3346475985206412,101.86533333333334,16.4,R,0.0,0.0,0.0,0.03,0.06,0.0,1,Truist Park,88.4,38.0,6.7,0.0,0.0,1.45,0.125637307174759,696,,,,,,,,0.5,,,PASS
824962,2026-08-26 01:40:00+00:00,MIN,ATH,MIN,ATH,0,680777,Ryan Jeffers,confirmed,3.0,4.55,695611,0.038314176245210725,0.07662835249042145,0.055248618784530384,0.19157088122605365,0.27586206896551724,0.1532567049808429,0.13026819923371646,0.35626006916666675,97.9115,0.0,0.05714285714285714,0.03636363636363636,0.22857142857142856,0.3,0.12857142857142856,0.12857142857142856,0.3218637622222223,99.00866666666666,R,0.026627218934911243,0.04142011834319527,0.14497041420118342,0.5315315315315315,0.2455621301775148,0.11538461538461539,0.32438646621904144,99.974,15.066666666666666,L,0.0,0.0,0.0,0.03,0.06,0.0,0,Sutter Health Park,87.9,28.0,7.6,0.0,0.0,1.413475569868666,0.12541251235464107,697,,,,,,,,0.5,,,PASS
822773,2026-08-25 23:07:00+00:00,KC,TOR,KC,TOR,0,677951,Bobby Witt Jr.,confirmed,2.0,4.65,453286,0.03409090909090909,0.07575757575757576,0.06309148264984227,0.20075757575757575,0.30303030303030304,0.17803030303030304,0.10984848484848485,0.3783174815873015,98.83016666666668,0.04411764705882353,0.04411764705882353,0.034482758620689655,0.11764705882352941,0.27941176470588236,0.20588235294117646,0.14705882352941177,0.3508969844444445,98.11200000000001,R,0.0594059405940594,0.06930693069306931,0.20297029702970298,0.6204819277108434,0.15841584158415842,0.09900990099009901,0.3521916728643722,97.76909090909089,12.181818181818182,R,0.0,0.0,0.0,0.03,0.06,0.0,1,Rogers Centre,69.8,75.0,2.3,0.0,0.5,0.65,0.12532934490266098,698,,,,,,,,0.5,,,PASS
823585,2026-08-25 23:10:00+00:00,MIL,NYM,NYM,MIL,1,596019,Francisco Lindor,confirmed,1.0,4.75,690986,0.046153846153846156,0.06538461538461539,0.0480225988700565,0.2923076923076923,0.23461538461538461,0.18846153846153846,0.09230769230769231,0.34455302861111115,98.57083333333335,0.03076923076923077,0.06153846153846154,0.05,0.2923076923076923,0.16923076923076924,0.12307692307692308,0.13846153846153847,0.35118341333333336,96.91999999999999,R,0.035830618892508145,0.04560260586319218,0.14006514657980457,0.5572519083969466,0.2996742671009772,0.05863192182410423,0.2668537423349691,98.35000000000001,14.866666666666667,L,0.0,0.0,0.0,0.03,0.06,0.0,0,Citi Field,75.9,53.0,5.5,0.0,0.0,0.9350940975192472,0.12526454941138146,698,,,,,,,,0.5,,,PASS
822693,2026-08-25 22:45:00+00:00,COL,WSH,WSH,COL,1,691781,Brady House,confirmed,5.0,4.3,690279,0.029166666666666667,0.07083333333333333,0.05985915492957746,0.17083333333333334,0.25,0.275,0.075,0.3149762696428571,97.9592857142857,0.016666666666666666,0.03333333333333333,0.030303030303030304,0.13333333333333333,0.3,0.26666666666666666,0.1,0.3263189466666666,97.148,R,,,,,,,,,,,0.0,0.0,0.0,0.03,0.06,0.0,0,Nationals Park,80.3,45.0,3.5,0.0,0.0,1.290386260446141,0.12516705222176577,699,,,,,,,,0.5,,,PASS
824556,2026-08-25 23:40:00+00:00,TEX,CWS,CWS,TEX,1,695657,Colson Montgomery,confirmed,5.0,4.3,594798,0.043478260869565216,0.05928853754940711,0.05244755244755245,0.18972332015810275,0.22134387351778656,0.37549407114624506,0.06719367588932806,0.2692116378174603,95.0622807017544,0.03225806451612903,0.06451612903225806,0.05194805194805195,0.25806451612903225,0.24193548387096775,0.45161290322580644,0.04838709677419355,0.26352184444444443,99.875,L,0.021806853582554516,0.04672897196261682,0.17133956386292834,0.5488721804511278,0.29906542056074764,0.07476635514018691,0.30826962179092515,100.88333333333334,15.066666666666666,R,3.0,0.0,0.0,0.027906976744186046,0.05581395348837209,0.06976744186046512,0,Rate Field,72.0,64.0,7.8,0.0,0.0,1.1838228305294174,0.12509461736058666,699,,,,,,,,0.5,,,PASS
824962,2026-08-26 01:40:00+00:00,MIN,ATH,MIN,ATH,0,665019,Kody Clemens,confirmed,5.0,4.3,695611,0.050980392156862744,0.07058823529411765,0.05217391304347826,0.2196078431372549,0.24313725490196078,0.22745098039215686,0.054901960784313725,0.3223502008333333,97.71916666666668,0.03278688524590164,0.08196721311475409,0.0684931506849315,0.26229508196721313,0.32786885245901637,0.22950819672131148,0.06557377049180328,0.36631525111111113,99.09,L,0.026627218934911243,0.04142011834319527,0.14497041420118342,0.5315315315315315,0.2455621301775148,0.11538461538461539,0.32438646621904144,99.974,15.066666666666666,L,0.0,0.0,0.0,0.03,0.06,0.0,1,Sutter Health Park,87.9,28.0,7.6,0.0,0.0,1.413475569868666,0.1249295446764058,700,,,,,,,,0.5,,,PASS
823505,2026-08-25 23:05:00+00:00,HOU,NYY,NYY,HOU,1,682987,Spencer Jones,confirmed,6.0,4.15,814490,0.04142011834319527,0.08284023668639054,0.06481481481481481,0.2603550295857988,0.25443786982248523,0.35502958579881655,0.10059171597633136,0.30808711041666664,97.62750000000001,0.034482758620689655,0.13793103448275862,0.10810810810810811,0.29310344827586204,0.2413793103448276,0.3275862068965517,0.10344827586206896,0.36186080555555555,98.89599999999999,L,0.0,0.0,0.1111111111111111,0.7142857142857143,0.2222222222222222,0.16666666666666666,0.30117011111111114,93.05,11.0,R,0.0,0.0,0.0,0.03,0.06,0.0,0,Yankee Stadium,76.7,53.0,7.0,0.0,0.0,1.032696511738428,0.12484606446560265,701,,,,,,,,0.5,,,PASS
823826,2026-08-25 22:40:00+00:00,BOS,MIA,BOS,MIA,0,677800,Wilyer Abreu,confirmed,3.0,4.55,663969,0.05263157894736842,0.09398496240601503,0.07102272727272728,0.20676691729323307,0.32706766917293234,0.21052631578947367,0.13533834586466165,0.3769632257142857,97.16350000000003,0.029850746268656716,0.07462686567164178,0.05952380952380952,0.19402985074626866,0.31343283582089554,0.16417910447761194,0.16417910447761194,0.37444496,97.18733333333331,L,0.040293040293040296,0.06227106227106227,0.19413919413919414,0.4171597633136095,0.1684981684981685,0.07692307692307693,0.3538694608993585,101.71142857142857,13.571428571428571,R,0.0,0.0,0.0,0.03,0.06,0.0,0,loanDepot park,85.3,65.0,7.3,0.0,0.5,0.8217493584260052,0.12458179230793812,703,,,,,,,,0.5,,,PASS
823505,2026-08-25 23:05:00+00:00,HOU,NYY,NYY,HOU,1,663757,Trent Grisham,confirmed,1.0,4.75,814490,0.04597701149425287,0.05363984674329502,0.040229885057471264,0.24521072796934865,0.2260536398467433,0.17624521072796934,0.09195402298850575,0.33605216039682534,97.843,0.09375,0.09375,0.0759493670886076,0.390625,0.28125,0.28125,0.109375,0.36651884666666673,97.108,L,0.0,0.0,0.1111111111111111,0.7142857142857143,0.2222222222222222,0.16666666666666666,0.30117011111111114,93.05,11.0,R,0.0,0.0,0.0,0.03,0.06,0.0,0,Yankee Stadium,76.7,53.0,7.0,0.0,0.0,1.032696511738428,0.12371842396337225,708,,,,,,,,0.5,,,PASS
823016,2026-08-25 23:45:00+00:00,BAL,STL,BAL,STL,0,687952,Christian Encarnacion-Strand,confirmed,5.0,4.3,669461,0.06060606060606061,0.12121212121212122,0.07453416149068323,0.25252525252525254,0.2828282828282828,0.26262626262626265,0.050505050505050504,0.33740129861111107,96.86375000000002,0.05084745762711865,0.11864406779661017,0.07142857142857142,0.2542372881355932,0.2542372881355932,0.3050847457627119,0.01694915254237288,0.31440284999999996,97.05133333333335,R,0.03785488958990536,0.05362776025236593,0.20504731861198738,0.4844124700239808,0.2586750788643533,0.07570977917981073,0.3151454856610837,100.58933333333333,14.4,L,0.0,0.0,0.0,0.03,0.06,0.0,0,Busch Stadium,85.1,49.0,5.9,0.0,0.0,0.65,0.12245769395384634,717,,,,,,,,0.5,,,PASS
822693,2026-08-25 22:45:00+00:00,COL,WSH,COL,WSH,0,666160,Mickey Moniak,confirmed,7.0,4.0,674841,0.052,0.068,0.05089820359281437,0.24,0.232,0.268,0.052,0.2642040044444445,97.07466666666666,0.03333333333333333,0.03333333333333333,0.022727272727272728,0.2833333333333333,0.2,0.31666666666666665,0.06666666666666667,0.2217491188888889,97.73466666666666,L,0.013100436681222707,0.026200873362445413,0.13973799126637554,0.38223938223938225,0.20087336244541484,0.11353711790393013,0.31801848399689536,101.25272727272728,14.272727272727273,L,0.0,0.0,0.0,0.03,0.06,0.0,1,Nationals Park,80.3,45.0,3.5,0.0,0.0,1.290386260446141,0.12153155761557437,723,,,,,,,,0.5,,,PASS
824881,2026-08-25 23:15:00+00:00,LAD,ATL,LAD,ATL,0,518692,Freddie Freeman,confirmed,2.0,4.65,693821,0.01984126984126984,0.03968253968253968,0.02531645569620253,0.23015873015873015,0.3253968253968254,0.1626984126984127,0.0873015873015873,0.3685933533333333,97.08683333333332,0.0,0.03125,0.02197802197802198,0.1875,0.28125,0.1875,0.078125,0.32975573111111106,95.49666666666667,L,0.052486187845303865,0.06077348066298342,0.17679558011049723,0.45614035087719296,0.16574585635359115,0.0718232044198895,0.3346475985206412,101.86533333333334,16.4,R,3.0,0.0,0.0,0.027906976744186046,0.05581395348837209,0.06976744186046512,0,Truist Park,88.4,38.0,6.7,0.0,0.0,1.45,0.12031129135561228,731,,,,,,,,0.5,,,PASS
823505,2026-08-25 23:05:00+00:00,HOU,NYY,HOU,NYY,0,665161,Jeremy Peña,confirmed,1.0,4.75,701542,0.04887218045112782,0.045112781954887216,0.03614457831325301,0.16541353383458646,0.18045112781954886,0.22932330827067668,0.06015037593984962,0.3197742369444444,97.6435,0.015625,0.03125,0.027777777777777776,0.109375,0.140625,0.328125,0.046875,0.20342506666666668,95.77866666666667,R,0.03903903903903904,0.06006006006006006,0.1921921921921922,0.46265060240963857,0.18618618618618618,0.09009009009009009,0.36299519380168305,102.34133333333334,14.8,R,0.0,0.0,0.0,0.03,0.06,0.0,1,Yankee Stadium,76.7,53.0,7.0,0.0,0.0,1.032696511738428,0.12023833683983826,732,,,,,,,,0.5,,,PASS
823505,2026-08-25 23:05:00+00:00,HOU,NYY,NYY,HOU,1,671277,Luis García Jr.,confirmed,3.0,4.55,814490,0.08366533864541832,0.12350597609561753,0.08446866485013624,0.24302788844621515,0.22310756972111553,0.16334661354581673,0.05976095617529881,0.3718530677777778,98.91383333333333,0.03125,0.0625,0.046511627906976744,0.234375,0.171875,0.1875,0.09375,0.31863306999999996,99.74266666666664,L,0.0,0.0,0.1111111111111111,0.7142857142857143,0.2222222222222222,0.16666666666666666,0.30117011111111114,93.05,11.0,R,0.0,0.0,0.0,0.03,0.06,0.0,0,Yankee Stadium,76.7,53.0,7.0,0.0,0.0,1.032696511738428,0.11965049179954994,736,,,,,,,,0.5,,,PASS
824881,2026-08-25 23:15:00+00:00,LAD,ATL,LAD,ATL,0,677950,Alek Thomas,confirmed,8.0,3.85,693821,0.018691588785046728,0.056074766355140186,0.043478260869565216,0.2336448598130841,0.2897196261682243,0.2336448598130841,0.028037383177570093,0.2831656861111111,97.03733333333335,0.04081632653061224,0.08163265306122448,0.05555555555555555,0.2653061224489796,0.30612244897959184,0.20408163265306123,0.02040816326530612,0.30357418333333336,96.05066666666666,L,0.052486187845303865,0.06077348066298342,0.17679558011049723,0.45614035087719296,0.16574585635359115,0.0718232044198895,0.3346475985206412,101.86533333333334,16.4,R,2.0,0.0,0.0,0.02857142857142857,0.05714285714285714,0.047619047619047616,0,Truist Park,88.4,38.0,6.7,0.0,0.0,1.45,0.11934508212017492,738,,,,,,,,0.5,,,PASS
823016,2026-08-25 23:45:00+00:00,BAL,STL,BAL,STL,0,694212,Samuel Basallo,confirmed,6.0,4.15,669461,0.0546218487394958,0.08823529411764706,0.0695364238410596,0.20168067226890757,0.23949579831932774,0.27310924369747897,0.06302521008403361,0.31872974444444435,97.77084745762714,0.07017543859649122,0.12280701754385964,0.11666666666666667,0.21052631578947367,0.19298245614035087,0.2982456140350877,0.05263157894736842,0.27436300222222226,97.30071428571429,L,0.03785488958990536,0.05362776025236593,0.20504731861198738,0.4844124700239808,0.2586750788643533,0.07570977917981073,0.3151454856610837,100.58933333333333,14.4,L,0.0,0.0,0.0,0.03,0.06,0.0,1,Busch Stadium,85.1,49.0,5.9,0.0,0.0,0.65,0.11885011292767297,741,,,,,,,,0.5,,,PASS
824233,2026-08-25 22:40:00+00:00,TB,DET,DET,TB,1,701678,Hao-Yu Lee,confirmed,2.0,4.65,668984,0.028985507246376812,0.06763285024154589,0.05622489959839357,0.21739130434782608,0.26570048309178745,0.2222222222222222,0.05314009661835749,0.28579785916666667,95.26050847457628,0.037037037037037035,0.07407407407407407,0.0625,0.25925925925925924,0.24074074074074073,0.16666666666666666,0.09259259259259259,0.3183182788888888,95.37266666666666,R,0.0,0.0,0.06451612903225806,0.4791666666666667,0.12903225806451613,0.06451612903225806,0.23163013015873016,96.036,4.8,R,0.0,0.0,0.0,0.03,0.06,0.0,1,Comerica Park,77.5,43.0,8.5,0.0,0.0,1.00391054625443,0.11825871502455614,746,,,,,,,,0.5,,,PASS
824881,2026-08-25 23:15:00+00:00,LAD,ATL,ATL,LAD,1,663586,Austin Riley,confirmed,8.0,3.85,607192,0.029787234042553193,0.08085106382978724,0.0657439446366782,0.225531914893617,0.2127659574468085,0.34893617021276596,0.06808510638297872,0.29556427166666666,97.39883333333334,0.017857142857142856,0.08928571428571429,0.06944444444444445,0.3392857142857143,0.30357142857142855,0.375,0.07142857142857142,0.3197417222222222,98.93466666666669,R,0.033783783783783786,0.0472972972972973,0.16891891891891891,0.4909090909090909,0.3310810810810811,0.08783783783783784,0.2700904761283644,100.53714285714285,16.714285714285715,R,0.0,0.0,0.0,0.03,0.06,0.0,1,Truist Park,88.4,38.0,6.7,0.0,0.0,1.45,0.11764528886762993,750,,,,,,,,0.5,,,PASS
824233,2026-08-25 22:40:00+00:00,TB,DET,TB,DET,0,666018,Jonathan Aranda,confirmed,2.0,4.65,695549,0.018726591760299626,0.056179775280898875,0.0395778364116095,0.19850187265917604,0.2808988764044944,0.2247191011235955,0.06741573033707865,0.3175427116666667,97.08066666666667,0.014705882352941176,0.04411764705882353,0.030927835051546393,0.19117647058823528,0.3088235294117647,0.25,0.058823529411764705,0.2623558266666667,96.23466666666667,L,0.03278688524590164,0.08196721311475409,0.14754098360655737,0.49382716049382713,0.18032786885245902,0.08196721311475409,0.3592698913043478,101.7,14.0,R,0.0,0.0,0.0,0.03,0.06,0.0,0,Comerica Park,77.5,43.0,8.5,0.0,0.0,1.00391054625443,0.11594684528058147,762,,,,,,,,0.5,,,PASS
823585,2026-08-25 23:10:00+00:00,MIL,NYM,MIL,NYM,0,661388,William Contreras,confirmed,3.0,4.55,804267,0.026119402985074626,0.06716417910447761,0.05278592375366569,0.22388059701492538,0.25,0.13432835820895522,0.09328358208955224,0.33813177126984134,98.26666666666668,0.014705882352941176,0.08823529411764706,0.06451612903225806,0.2647058823529412,0.23529411764705882,0.08823529411764706,0.1323529411764706,0.3849140077777778,100.66866666666665,R,0.03,0.07,0.215,0.4828767123287671,0.18,0.07,0.3379770672162895,102.74333333333334,16.444444444444443,L,2.0,0.0,0.0,0.02857142857142857,0.05714285714285714,0.047619047619047616,0,Citi Field,75.9,53.0,5.5,0.0,0.0,0.9350940975192472,0.11542039861305102,766,,,,,,,,0.5,,,PASS
823505,2026-08-25 23:05:00+00:00,HOU,NYY,NYY,HOU,1,665862,Jazz Chisholm Jr.,confirmed,7.0,4.0,814490,0.05128205128205128,0.06837606837606838,0.05776173285198556,0.2222222222222222,0.1752136752136752,0.3333333333333333,0.09401709401709402,0.2842749430555555,97.99152542372882,0.03508771929824561,0.03508771929824561,0.027777777777777776,0.21052631578947367,0.21052631578947367,0.2807017543859649,0.12280701754385964,0.27303293333333334,96.62266666666667,L,0.0,0.0,0.1111111111111111,0.7142857142857143,0.2222222222222222,0.16666666666666666,0.30117011111111114,93.05,11.0,R,0.0,0.0,0.0,0.03,0.06,0.0,0,Yankee Stadium,76.7,53.0,7.0,0.0,0.0,1.032696511738428,0.11539740641602135,767,,,,,,,,0.5,,,PASS
823016,2026-08-25 23:45:00+00:00,BAL,STL,STL,BAL,1,669357,Nolan Gorman,confirmed,6.0,4.15,605135,0.0273972602739726,0.0502283105022831,0.04263565891472868,0.2237442922374429,0.1689497716894977,0.3242009132420091,0.1095890410958904,0.26920419166666665,95.53698113207547,0.03636363636363636,0.03636363636363636,0.03636363636363636,0.16363636363636364,0.14545454545454545,0.45454545454545453,0.10909090909090909,0.16988965444444443,93.71642857142855,L,0.026119402985074626,0.033582089552238806,0.15298507462686567,0.4355300859598854,0.13432835820895522,0.09328358208955224,0.36020923710772323,99.58,13.75,R,0.0,0.0,0.0,0.03,0.06,0.0,0,Busch Stadium,85.1,49.0,5.9,0.0,0.0,0.65,0.11433976691862661,775,,,,,,,,0.5,,,PASS
822693,2026-08-25 22:45:00+00:00,COL,WSH,WSH,COL,1,695734,Daylen Lile,confirmed,4.0,4.45,690279,0.032,0.068,0.043256997455470736,0.204,0.364,0.212,0.036,0.3055763405555556,95.2645,0.015384615384615385,0.06153846153846154,0.034782608695652174,0.26153846153846155,0.4461538461538462,0.2153846153846154,0.03076923076923077,0.34267880444444443,97.13000000000001,L,,,,,,,,,,,0.0,0.0,0.0,0.03,0.06,0.0,0,Nationals Park,80.3,45.0,3.5,0.0,0.0,1.290386260446141,0.1127700830264675,787,,,,,,,,0.5,,,PASS
823016,2026-08-25 23:45:00+00:00,BAL,STL,STL,BAL,1,691023,Jordan Walker,confirmed,4.0,4.45,605135,0.03529411764705882,0.09019607843137255,0.07395498392282958,0.13725490196078433,0.21568627450980393,0.2235294117647059,0.08235294117647059,0.3350827830555556,98.70166666666665,0.0625,0.109375,0.08235294117647059,0.203125,0.34375,0.203125,0.078125,0.3528060622222222,98.64866666666667,R,0.026119402985074626,0.033582089552238806,0.15298507462686567,0.4355300859598854,0.13432835820895522,0.09328358208955224,0.36020923710772323,99.58,13.75,R,0.0,0.0,0.0,0.03,0.06,0.0,1,Busch Stadium,85.1,49.0,5.9,0.0,0.0,0.65,0.11253408342788415,789,,,,,,,,0.5,,,PASS
822773,2026-08-25 23:07:00+00:00,KC,TOR,TOR,KC,1,672960,Kazuma Okamoto,confirmed,4.0,4.45,607625,0.04780876494023904,0.06772908366533864,0.05105105105105105,0.21912350597609562,0.2549800796812749,0.28286852589641437,0.07171314741035857,0.29722374861111106,96.1176666666667,0.03076923076923077,0.07692307692307693,0.056179775280898875,0.23076923076923078,0.35384615384615387,0.24615384615384617,0.07692307692307693,0.3473145488888889,95.57133333333331,R,0.03757225433526012,0.04335260115606936,0.18497109826589594,0.4642857142857143,0.16473988439306358,0.06647398843930635,0.34222954131305,101.31733333333332,15.733333333333333,R,0.0,0.0,0.0,0.03,0.06,0.0,1,Rogers Centre,69.8,75.0,2.3,0.0,0.5,0.65,0.11228599450274528,791,,,,,,,,0.5,,,PASS
823505,2026-08-25 23:05:00+00:00,HOU,NYY,HOU,NYY,0,662139,Daulton Varsho,confirmed,5.0,4.3,701542,0.016736401673640166,0.04184100418410042,0.02865329512893983,0.18828451882845187,0.28870292887029286,0.20920502092050208,0.06694560669456066,0.2544391966666667,96.00966666666665,0.03225806451612903,0.03225806451612903,0.025,0.20967741935483872,0.3225806451612903,0.25806451612903225,0.04838709677419355,0.2448256244444444,97.182,L,0.03903903903903904,0.06006006006006006,0.1921921921921922,0.46265060240963857,0.18618618618618618,0.09009009009009009,0.36299519380168305,102.34133333333334,14.8,R,3.0,0.0,0.0,0.027906976744186046,0.05581395348837209,0.06976744186046512,0,Yankee Stadium,76.7,53.0,7.0,0.0,0.0,1.032696511738428,0.11035660964872657,806,,,,,,,,0.5,,,PASS
822773,2026-08-25 23:07:00+00:00,KC,TOR,KC,TOR,0,686469,Vinnie Pasquantino,confirmed,3.0,4.55,453286,0.019455252918287938,0.054474708171206226,0.03655352480417755,0.23346303501945526,0.311284046692607,0.14396887159533073,0.11284046692607004,0.33568052027777767,97.36916666666666,0.03225806451612903,0.06451612903225806,0.041237113402061855,0.24193548387096775,0.3548387096774194,0.0967741935483871,0.0967741935483871,0.3747116355555556,98.69333333333333,L,0.0594059405940594,0.06930693069306931,0.20297029702970298,0.6204819277108434,0.15841584158415842,0.09900990099009901,0.3521916728643722,97.76909090909089,12.181818181818182,R,0.0,0.0,0.0,0.03,0.06,0.0,0,Rogers Centre,69.8,75.0,2.3,0.0,0.5,0.65,0.11003214514052237,809,,,,,,,,0.5,,,PASS
824881,2026-08-25 23:15:00+00:00,LAD,ATL,ATL,LAD,1,671739,Michael Harris II,confirmed,5.0,4.3,607192,0.03137254901960784,0.050980392156862744,0.03523035230352303,0.18823529411764706,0.23921568627450981,0.19607843137254902,0.027450980392156862,0.30786395083333334,98.27383333333334,0.01639344262295082,0.03278688524590164,0.023529411764705882,0.13114754098360656,0.19672131147540983,0.22950819672131148,0.01639344262295082,0.26266174444444446,96.95200000000001,L,0.033783783783783786,0.0472972972972973,0.16891891891891891,0.4909090909090909,0.3310810810810811,0.08783783783783784,0.2700904761283644,100.53714285714285,16.714285714285715,R,0.0,0.0,0.0,0.03,0.06,0.0,0,Truist Park,88.4,38.0,6.7,0.0,0.0,1.45,0.10912338804449204,816,,,,,,,,0.5,,,PASS
823585,2026-08-25 23:10:00+00:00,MIL,NYM,MIL,NYM,0,694192,Jackson Chourio,confirmed,1.0,4.75,804267,0.02962962962962963,0.07037037037037037,0.05459770114942529,0.17037037037037037,0.22962962962962963,0.24074074074074073,0.09259259259259259,0.3245579877777777,96.15066666666667,0.015384615384615385,0.046153846153846156,0.041666666666666664,0.15384615384615385,0.16923076923076924,0.24615384615384617,0.12307692307692308,0.32087786888888886,93.64066666666666,R,0.03,0.07,0.215,0.4828767123287671,0.18,0.07,0.3379770672162895,102.74333333333334,16.444444444444443,L,3.0,0.0,1.0,0.027906976744186046,0.07906976744186046,0.06976744186046512,0,Citi Field,75.9,53.0,5.5,0.0,0.0,0.9350940975192472,0.108502297451976,822,,,,,,,,0.5,,,PASS
823016,2026-08-25 23:45:00+00:00,BAL,STL,BAL,STL,0,681047,Christian Franklin,confirmed,7.0,4.0,669461,0.0,0.10714285714285714,0.10344827586206896,0.17857142857142858,0.2857142857142857,0.25,0.21428571428571427,0.35266616666666667,96.515,0.0,0.10714285714285714,0.10344827586206896,0.17857142857142858,0.2857142857142857,0.25,0.21428571428571427,0.35266616666666667,96.515,R,0.03785488958990536,0.05362776025236593,0.20504731861198738,0.4844124700239808,0.2586750788643533,0.07570977917981073,0.3151454856610837,100.58933333333333,14.4,L,0.0,0.0,0.0,0.03,0.06,0.0,0,Busch Stadium,85.1,49.0,5.9,0.0,0.0,0.65,0.10816774826557927,824,,,,,,,,0.5,,,PASS
824881,2026-08-25 23:15:00+00:00,LAD,ATL,LAD,ATL,0,663656,Kyle Tucker,confirmed,6.0,4.15,693821,0.02459016393442623,0.040983606557377046,0.028328611898016998,0.1680327868852459,0.22131147540983606,0.18032786885245902,0.11475409836065574,0.31818706027777777,95.21966666666667,0.015625,0.0,0.0,0.15625,0.140625,0.140625,0.078125,0.21660275888888889,97.32133333333334,L,0.052486187845303865,0.06077348066298342,0.17679558011049723,0.45614035087719296,0.16574585635359115,0.0718232044198895,0.3346475985206412,101.86533333333334,16.4,R,3.0,0.0,0.0,0.027906976744186046,0.05581395348837209,0.06976744186046512,0,Truist Park,88.4,38.0,6.7,0.0,0.0,1.45,0.10721829145998588,833,,,,,,,,0.5,,,PASS
824233,2026-08-25 22:40:00+00:00,TB,DET,TB,DET,0,650490,Yandy Díaz,confirmed,1.0,4.75,695549,0.026022304832713755,0.040892193308550186,0.0275,0.17843866171003717,0.24535315985130113,0.15985130111524162,0.07434944237918216,0.3387236366666667,98.58366666666667,0.05714285714285714,0.05714285714285714,0.038461538461538464,0.15714285714285714,0.22857142857142856,0.08571428571428572,0.05714285714285714,0.39875653666666666,99.55866666666665,R,0.03278688524590164,0.08196721311475409,0.14754098360655737,0.49382716049382713,0.18032786885245902,0.08196721311475409,0.3592698913043478,101.7,14.0,R,0.0,0.0,0.0,0.03,0.06,0.0,1,Comerica Park,77.5,43.0,8.5,0.0,0.0,1.00391054625443,0.10682786412851088,836,,,,,,,,0.5,,,PASS
823585,2026-08-25 23:10:00+00:00,MIL,NYM,NYM,MIL,1,673357,Luis Robert Jr.,confirmed,4.0,4.45,690986,0.04736842105263158,0.05789473684210526,0.044534412955465584,0.1736842105263158,0.22105263157894736,0.23684210526315788,0.1,0.3214083051851852,98.60244444444446,0.07936507936507936,0.12698412698412698,0.0963855421686747,0.1746031746031746,0.30158730158730157,0.2857142857142857,0.06349206349206349,0.35993126111111107,97.05666666666666,R,0.035830618892508145,0.04560260586319218,0.14006514657980457,0.5572519083969466,0.2996742671009772,0.05863192182410423,0.2668537423349691,98.35000000000001,14.866666666666667,L,0.0,0.0,0.0,0.03,0.06,0.0,0,Citi Field,75.9,53.0,5.5,0.0,0.0,0.9350940975192472,0.10600472153879646,843,,,,,,,,0.5,,,PASS
824881,2026-08-25 23:15:00+00:00,LAD,ATL,ATL,LAD,1,573262,Mike Yastrzemski,confirmed,7.0,4.0,607192,0.03608247422680412,0.05670103092783505,0.044,0.23195876288659795,0.25257731958762886,0.22164948453608246,0.11855670103092783,0.33008152583333333,96.87200000000001,0.045454545454545456,0.06818181818181818,0.05555555555555555,0.22727272727272727,0.18181818181818182,0.20454545454545456,0.13636363636363635,0.4191833277777777,95.59400000000001,L,0.033783783783783786,0.0472972972972973,0.16891891891891891,0.4909090909090909,0.3310810810810811,0.08783783783783784,0.2700904761283644,100.53714285714285,16.714285714285715,R,0.0,0.0,0.0,0.03,0.06,0.0,0,Truist Park,88.4,38.0,6.7,0.0,0.0,1.45,0.10593382912448322,844,,,,,,,,0.5,,,PASS
822773,2026-08-25 23:07:00+00:00,KC,TOR,KC,TOR,0,521692,Salvador Perez,confirmed,4.0,4.45,453286,0.0321285140562249,0.08433734939759036,0.056,0.22088353413654618,0.3172690763052209,0.20080321285140562,0.028112449799196786,0.3084293619444445,96.04950000000001,0.016666666666666666,0.06666666666666667,0.043478260869565216,0.2,0.2833333333333333,0.1,0.03333333333333333,0.34767927777777774,95.36866666666667,R,0.0594059405940594,0.06930693069306931,0.20297029702970298,0.6204819277108434,0.15841584158415842,0.09900990099009901,0.3521916728643722,97.76909090909089,12.181818181818182,R,0.0,0.0,0.0,0.03,0.06,0.0,1,Rogers Centre,69.8,75.0,2.3,0.0,0.5,0.65,0.1050195310458879,852,,,,,,,,0.5,,,PASS
823826,2026-08-25 22:40:00+00:00,BOS,MIA,BOS,MIA,0,686765,Nick Sogard,confirmed,1.0,4.75,663969,0.012738853503184714,0.03184713375796178,0.026737967914438502,0.1592356687898089,0.21019108280254778,0.17197452229299362,0.15286624203821655,0.31374633931972784,94.14714285714287,0.028169014084507043,0.056338028169014086,0.046511627906976744,0.2112676056338028,0.18309859154929578,0.14084507042253522,0.15492957746478872,0.3496547566666667,96.52799999999999,L,0.040293040293040296,0.06227106227106227,0.19413919413919414,0.4171597633136095,0.1684981684981685,0.07692307692307693,0.3538694608993585,101.71142857142857,13.571428571428571,R,0.0,0.0,0.0,0.03,0.06,0.0,0,loanDepot park,85.3,65.0,7.3,0.0,0.5,0.8217493584260052,0.10470880341245067,855,,,,,,,,0.5,,,PASS
823826,2026-08-25 22:40:00+00:00,BOS,MIA,MIA,BOS,1,665052,Griffin Conine,confirmed,7.0,4.0,801139,0.053763440860215055,0.07526881720430108,0.06829268292682927,0.1827956989247312,0.24193548387096775,0.3118279569892473,0.11827956989247312,0.348812362,96.9866,0.06779661016949153,0.0847457627118644,0.08771929824561403,0.1864406779661017,0.23728813559322035,0.3389830508474576,0.13559322033898305,0.35483518888888893,99.99133333333334,L,0.029069767441860465,0.040697674418604654,0.14244186046511628,0.6234817813765182,0.2761627906976744,0.06976744186046512,0.2592397612294372,98.50266666666668,16.4,L,0.0,0.0,0.0,0.03,0.06,0.0,1,loanDepot park,85.3,65.0,7.3,0.0,0.5,0.8217493584260052,0.10326882697024323,868,,,,,,,,0.5,,,PASS
824881,2026-08-25 23:15:00+00:00,LAD,ATL,LAD,ATL,0,669242,Tommy Edman,confirmed,5.0,4.3,693821,0.015384615384615385,0.035897435897435895,0.02734375,0.13333333333333333,0.21025641025641026,0.21025641025641026,0.06666666666666667,0.3122318039007092,95.31127659574469,0.016129032258064516,0.016129032258064516,0.012048192771084338,0.11290322580645161,0.1774193548387097,0.22580645161290322,0.06451612903225806,0.24220572333333334,92.87333333333332,L,0.052486187845303865,0.06077348066298342,0.17679558011049723,0.45614035087719296,0.16574585635359115,0.0718232044198895,0.3346475985206412,101.86533333333334,16.4,R,0.0,0.0,0.0,0.03,0.06,0.0,0,Truist Park,88.4,38.0,6.7,0.0,0.0,1.45,0.10280848756353031,873,,,,,,,,0.5,,,PASS
823826,2026-08-25 22:40:00+00:00,BOS,MIA,BOS,MIA,0,681508,Mickey Gasper,confirmed,5.0,4.3,663969,0.022222222222222223,0.05925925925925926,0.049079754601226995,0.2222222222222222,0.2074074074074074,0.1259259259259259,0.0962962962962963,0.35189278383838385,97.40212121212122,0.05084745762711865,0.0847457627118644,0.07575757575757576,0.1864406779661017,0.1694915254237288,0.01694915254237288,0.15254237288135594,0.4232128977777778,96.71733333333333,L,0.040293040293040296,0.06227106227106227,0.19413919413919414,0.4171597633136095,0.1684981684981685,0.07692307692307693,0.3538694608993585,101.71142857142857,13.571428571428571,R,0.0,0.0,0.0,0.03,0.06,0.0,0,loanDepot park,85.3,65.0,7.3,0.0,0.5,0.8217493584260052,0.10114890228942398,889,,,,,,,,0.5,,,PASS
823585,2026-08-25 23:10:00+00:00,MIL,NYM,MIL,NYM,0,669003,Garrett Mitchell,confirmed,7.0,4.0,804267,0.024489795918367346,0.07755102040816327,0.07169811320754717,0.15510204081632653,0.20408163265306123,0.2897959183673469,0.09387755102040816,0.3519164605555556,98.04433333333333,0.016129032258064516,0.016129032258064516,0.014285714285714285,0.14516129032258066,0.12903225806451613,0.3225806451612903,0.11290322580645161,0.28921806333333333,95.58533333333331,L,0.03,0.07,0.215,0.4828767123287671,0.18,0.07,0.3379770672162895,102.74333333333334,16.444444444444443,L,2.0,0.0,1.0,0.02857142857142857,0.08095238095238096,0.047619047619047616,1,Citi Field,75.9,53.0,5.5,0.0,0.0,0.9350940975192472,0.1008593308657727,891,,,,,,,,0.5,,,PASS
823505,2026-08-25 23:05:00+00:00,HOU,NYY,HOU,NYY,0,670623,Isaac Paredes,confirmed,3.0,4.55,701542,0.03007518796992481,0.03007518796992481,0.019184652278177457,0.22932330827067668,0.2706766917293233,0.10150375939849623,0.09398496240601503,0.31957504222222216,95.117,0.03076923076923077,0.015384615384615385,0.01020408163265306,0.23076923076923078,0.16923076923076924,0.03076923076923077,0.09230769230769231,0.29897760888888886,95.93533333333333,R,0.03903903903903904,0.06006006006006006,0.1921921921921922,0.46265060240963857,0.18618618618618618,0.09009009009009009,0.36299519380168305,102.34133333333334,14.8,R,3.0,0.0,0.0,0.027906976744186046,0.05581395348837209,0.06976744186046512,1,Yankee Stadium,76.7,53.0,7.0,0.0,0.0,1.032696511738428,0.10024513530281373,898,,,,,,,,0.5,,,PASS
822773,2026-08-25 23:07:00+00:00,KC,TOR,KC,TOR,0,686681,Michael Massey,confirmed,5.0,4.3,453286,0.02553191489361702,0.03829787234042553,0.026470588235294117,0.22127659574468084,0.28936170212765955,0.16170212765957448,0.05106382978723404,0.30944525833333336,96.43749999999999,0.05263157894736842,0.05263157894736842,0.03333333333333333,0.22807017543859648,0.40350877192982454,0.17543859649122806,0.03508771929824561,0.31628316111111116,97.72599999999998,L,0.0594059405940594,0.06930693069306931,0.20297029702970298,0.6204819277108434,0.15841584158415842,0.09900990099009901,0.3521916728643722,97.76909090909089,12.181818181818182,R,0.0,0.0,0.0,0.03,0.06,0.0,0,Rogers Centre,69.8,75.0,2.3,0.0,0.5,0.65,0.09993950652328491,901,,,,,,,,0.5,,,PASS
822693,2026-08-25 22:45:00+00:00,COL,WSH,COL,WSH,0,650489,Willi Castro,confirmed,5.0,4.3,674841,0.04905660377358491,0.06792452830188679,0.05070422535211268,0.17358490566037735,0.27547169811320754,0.24528301886792453,0.09056603773584905,0.33213606615079366,96.16583333333331,0.03225806451612903,0.06451612903225806,0.047058823529411764,0.20967741935483872,0.2903225806451613,0.22580645161290322,0.08064516129032258,0.32985409333333326,99.67600000000002,L,0.013100436681222707,0.026200873362445413,0.13973799126637554,0.38223938223938225,0.20087336244541484,0.11353711790393013,0.31801848399689536,101.25272727272728,14.272727272727273,L,2.0,0.0,1.0,0.02857142857142857,0.08095238095238096,0.047619047619047616,1,Nationals Park,80.3,45.0,3.5,0.0,0.0,1.290386260446141,0.09992014617729883,901,,,,,,,,0.5,,,PASS
822773,2026-08-25 23:07:00+00:00,KC,TOR,TOR,KC,1,660821,Jesús Sánchez,confirmed,5.0,4.3,607625,0.02926829268292683,0.08780487804878048,0.06593406593406594,0.2048780487804878,0.2682926829268293,0.24390243902439024,0.06829268292682927,0.3222348205555556,94.81254237288135,0.02127659574468085,0.06382978723404255,0.075,0.10638297872340426,0.23404255319148937,0.3191489361702128,0.14893617021276595,0.26633492777777773,92.98214285714286,L,0.03757225433526012,0.04335260115606936,0.18497109826589594,0.4642857142857143,0.16473988439306358,0.06647398843930635,0.34222954131305,101.31733333333332,15.733333333333333,R,0.0,0.0,0.0,0.03,0.06,0.0,0,Rogers Centre,69.8,75.0,2.3,0.0,0.5,0.65,0.09978250132989264,902,,,,,,,,0.5,,,PASS
823585,2026-08-25 23:10:00+00:00,MIL,NYM,MIL,NYM,0,668930,Brice Turang,confirmed,2.0,4.65,804267,0.02197802197802198,0.04395604395604396,0.032520325203252036,0.16483516483516483,0.3333333333333333,0.26373626373626374,0.08424908424908426,0.3052474211111111,94.86400000000002,0.0,0.014492753623188406,0.01098901098901099,0.15942028985507245,0.36231884057971014,0.2898550724637681,0.11594202898550725,0.29365537222222227,95.20066666666666,L,0.03,0.07,0.215,0.4828767123287671,0.18,0.07,0.3379770672162895,102.74333333333334,16.444444444444443,L,3.0,0.0,1.0,0.027906976744186046,0.07906976744186046,0.06976744186046512,1,Citi Field,75.9,53.0,5.5,0.0,0.0,0.9350940975192472,0.09909576625338753,909,,,,,,,,0.5,,,PASS
824233,2026-08-25 22:40:00+00:00,TB,DET,DET,TB,1,805808,Kevin McGonigle,confirmed,3.0,4.55,668984,0.035842293906810034,0.043010752688172046,0.031578947368421054,0.22580645161290322,0.2616487455197133,0.13978494623655913,0.13261648745519714,0.3364327997222223,96.15766666666667,0.028985507246376812,0.07246376811594203,0.046296296296296294,0.2608695652173913,0.36231884057971014,0.14492753623188406,0.08695652173913043,0.33430518222222216,96.43599999999999,L,0.0,0.0,0.06451612903225806,0.4791666666666667,0.12903225806451613,0.06451612903225806,0.23163013015873016,96.036,4.8,R,0.0,0.0,0.0,0.03,0.06,0.0,0,Comerica Park,77.5,43.0,8.5,0.0,0.0,1.00391054625443,0.09907860439679027,909,,,,,,,,0.5,,,PASS
823016,2026-08-25 23:45:00+00:00,BAL,STL,STL,BAL,1,802139,JJ Wetherholt,confirmed,1.0,4.75,605135,0.025547445255474453,0.051094890510948905,0.0440251572327044,0.20437956204379562,0.2664233576642336,0.16058394160583941,0.10948905109489052,0.35039867972222216,96.67433333333334,0.013888888888888888,0.06944444444444445,0.05813953488372093,0.2638888888888889,0.2916666666666667,0.2361111111111111,0.09722222222222222,0.36234492,97.84533333333334,L,0.026119402985074626,0.033582089552238806,0.15298507462686567,0.4355300859598854,0.13432835820895522,0.09328358208955224,0.36020923710772323,99.58,13.75,R,0.0,0.0,0.0,0.03,0.06,0.0,0,Busch Stadium,85.1,49.0,5.9,0.0,0.0,0.65,0.09870127270555094,913,,,,,,,,0.5,,,PASS
824233,2026-08-25 22:40:00+00:00,TB,DET,DET,TB,1,693307,Dillon Dingler,confirmed,4.0,4.45,668984,0.04428044280442804,0.04797047970479705,0.036619718309859155,0.17712177121771217,0.25092250922509224,0.24723247232472326,0.03690036900369004,0.31213450916666674,96.13616666666667,0.014285714285714285,0.014285714285714285,0.010638297872340425,0.14285714285714285,0.22857142857142856,0.22857142857142856,0.05714285714285714,0.23019906555555555,94.658,R,0.0,0.0,0.06451612903225806,0.4791666666666667,0.12903225806451613,0.06451612903225806,0.23163013015873016,96.036,4.8,R,1.0,0.0,0.0,0.029268292682926828,0.058536585365853655,0.024390243902439025,1,Comerica Park,77.5,43.0,8.5,0.0,0.0,1.00391054625443,0.09859716721178921,914,,,,,,,,0.5,,,PASS
823016,2026-08-25 23:45:00+00:00,BAL,STL,BAL,STL,0,702616,Jackson Holliday,confirmed,1.0,4.75,669461,0.017699115044247787,0.04424778761061947,0.03802281368821293,0.17699115044247787,0.2345132743362832,0.2168141592920354,0.11504424778761062,0.29537774,91.96322033898305,0.014925373134328358,0.04477611940298507,0.03409090909090909,0.1791044776119403,0.2537313432835821,0.14925373134328357,0.05970149253731343,0.30584555999999996,94.962,L,0.03785488958990536,0.05362776025236593,0.20504731861198738,0.4844124700239808,0.2586750788643533,0.07570977917981073,0.3151454856610837,100.58933333333333,14.4,L,0.0,0.0,0.0,0.03,0.06,0.0,1,Busch Stadium,85.1,49.0,5.9,0.0,0.0,0.65,0.09796713974210193,921,,,,,,,,0.5,,,PASS
823505,2026-08-25 23:05:00+00:00,HOU,NYY,NYY,HOU,1,669224,Austin Wells,confirmed,8.0,3.85,814490,0.025510204081632654,0.04591836734693878,0.0379746835443038,0.23979591836734693,0.23469387755102042,0.3010204081632653,0.07653061224489796,0.2657151775,94.99666666666668,0.0,0.0,0.0,0.2826086956521739,0.15217391304347827,0.2608695652173913,0.043478260869565216,0.2204616444444444,96.51533333333332,L,0.0,0.0,0.1111111111111111,0.7142857142857143,0.2222222222222222,0.16666666666666666,0.30117011111111114,93.05,11.0,R,0.0,0.0,0.0,0.03,0.06,0.0,0,Yankee Stadium,76.7,53.0,7.0,0.0,0.0,1.032696511738428,0.09673265355387878,934,,,,,,,,0.5,,,PASS
824962,2026-08-26 01:40:00+00:00,MIN,ATH,MIN,ATH,0,686797,Brooks Lee,confirmed,7.0,4.0,695611,0.040160642570281124,0.020080321285140562,0.013054830287206266,0.19678714859437751,0.24096385542168675,0.14859437751004015,0.060240963855421686,0.2679705688888889,95.52133333333335,0.06666666666666667,0.05,0.028037383177570093,0.31666666666666665,0.3,0.15,0.016666666666666666,0.3060664177777778,97.19066666666664,R,0.026627218934911243,0.04142011834319527,0.14497041420118342,0.5315315315315315,0.2455621301775148,0.11538461538461539,0.32438646621904144,99.974,15.066666666666666,L,0.0,0.0,0.0,0.03,0.06,0.0,0,Sutter Health Park,87.9,28.0,7.6,0.0,0.0,1.413475569868666,0.09628743677366956,939,,,,,,,,0.5,,,PASS
823505,2026-08-25 23:05:00+00:00,HOU,NYY,HOU,NYY,0,572233,Christian Walker,confirmed,6.0,4.15,701542,0.027888446215139442,0.03187250996015936,0.023809523809523808,0.14741035856573706,0.22310756972111553,0.26693227091633465,0.08366533864541832,0.26673931944444446,96.54116666666667,0.01639344262295082,0.01639344262295082,0.012987012987012988,0.08196721311475409,0.11475409836065574,0.19672131147540983,0.08196721311475409,0.27469863222222224,97.81533333333336,R,0.03903903903903904,0.06006006006006006,0.1921921921921922,0.46265060240963857,0.18618618618618618,0.09009009009009009,0.36299519380168305,102.34133333333334,14.8,R,3.0,0.0,0.0,0.027906976744186046,0.05581395348837209,0.06976744186046512,1,Yankee Stadium,76.7,53.0,7.0,0.0,0.0,1.032696511738428,0.0962756577367042,939,,,,,,,,0.5,,,PASS
824962,2026-08-26 01:40:00+00:00,MIN,ATH,MIN,ATH,0,605170,Victor Caratini,confirmed,8.0,3.85,695611,0.025,0.04583333333333333,0.03900709219858156,0.17083333333333334,0.2125,0.2125,0.09583333333333334,0.30919160861111106,96.62333333333332,0.0,0.017857142857142856,0.013333333333333334,0.10714285714285714,0.17857142857142858,0.23214285714285715,0.10714285714285714,0.2368824811111111,95.318,L,0.026627218934911243,0.04142011834319527,0.14497041420118342,0.5315315315315315,0.2455621301775148,0.11538461538461539,0.32438646621904144,99.974,15.066666666666666,L,0.0,0.0,0.0,0.03,0.06,0.0,1,Sutter Health Park,87.9,28.0,7.6,0.0,0.0,1.413475569868666,0.09521610443682774,950,,,,,,,,0.5,,,PASS
822693,2026-08-25 22:45:00+00:00,COL,WSH,COL,WSH,0,681393,Connor Norby,confirmed,6.0,4.15,674841,0.017467248908296942,0.034934497816593885,0.02867383512544803,0.19213973799126638,0.26200873362445415,0.314410480349345,0.11353711790393013,0.2838757141666667,92.30466666666666,0.0,0.0,0.0,0.18181818181818182,0.2727272727272727,0.34545454545454546,0.10909090909090909,0.2837378222222222,93.62333333333332,R,0.013100436681222707,0.026200873362445413,0.13973799126637554,0.38223938223938225,0.20087336244541484,0.11353711790393013,0.31801848399689536,101.25272727272728,14.272727272727273,L,2.0,0.0,0.0,0.02857142857142857,0.05714285714285714,0.047619047619047616,0,Nationals Park,80.3,45.0,3.5,0.0,0.0,1.290386260446141,0.09470165883397152,956,,,,,,,,0.5,,,PASS
824233,2026-08-25 22:40:00+00:00,TB,DET,DET,TB,1,679529,Spencer Torkelson,confirmed,7.0,4.0,668984,0.04048582995951417,0.06477732793522267,0.05536332179930796,0.17408906882591094,0.2145748987854251,0.30364372469635625,0.10931174089068826,0.29803479861111104,96.09149999999998,0.0,0.017241379310344827,0.016129032258064516,0.15517241379310345,0.1896551724137931,0.29310344827586204,0.1724137931034483,0.2585994255555556,92.92533333333333,R,0.0,0.0,0.06451612903225806,0.4791666666666667,0.12903225806451613,0.06451612903225806,0.23163013015873016,96.036,4.8,R,1.0,0.0,0.0,0.029268292682926828,0.058536585365853655,0.024390243902439025,1,Comerica Park,77.5,43.0,8.5,0.0,0.0,1.00391054625443,0.09434458909499102,960,,,,,,,,0.5,,,PASS
823585,2026-08-25 23:10:00+00:00,MIL,NYM,MIL,NYM,0,687401,Joey Ortiz,confirmed,8.0,3.85,804267,0.03167420814479638,0.03167420814479638,0.02464788732394366,0.17647058823529413,0.23529411764705882,0.18099547511312217,0.09049773755656108,0.2985374919444445,97.41559322033899,0.03508771929824561,0.03508771929824561,0.0273972602739726,0.15789473684210525,0.19298245614035087,0.24561403508771928,0.08771929824561403,0.22515434111111113,97.29785714285715,R,0.03,0.07,0.215,0.4828767123287671,0.18,0.07,0.3379770672162895,102.74333333333334,16.444444444444443,L,2.0,0.0,0.0,0.02857142857142857,0.05714285714285714,0.047619047619047616,0,Citi Field,75.9,53.0,5.5,0.0,0.0,0.9350940975192472,0.09374043876236604,967,,,,,,,,0.5,,,PASS
823016,2026-08-25 23:45:00+00:00,BAL,STL,BAL,STL,0,683002,Gunnar Henderson,confirmed,3.0,4.55,669461,0.02247191011235955,0.033707865168539325,0.025787965616045846,0.15730337078651685,0.24719101123595505,0.19101123595505617,0.10861423220973783,0.3326615958333333,97.0435,0.03076923076923077,0.046153846153846156,0.03125,0.23076923076923078,0.26153846153846155,0.16923076923076924,0.13846153846153847,0.3975123366666667,97.07933333333332,L,0.03785488958990536,0.05362776025236593,0.20504731861198738,0.4844124700239808,0.2586750788643533,0.07570977917981073,0.3151454856610837,100.58933333333333,14.4,L,0.0,0.0,0.0,0.03,0.06,0.0,1,Busch Stadium,85.1,49.0,5.9,0.0,0.0,0.65,0.09317852994080693,973,,,,,,,,0.5,,,PASS
824962,2026-08-26 01:40:00+00:00,MIN,ATH,MIN,ATH,0,807712,Luke Keaschall,confirmed,1.0,4.75,695611,0.02880658436213992,0.03292181069958848,0.028268551236749116,0.1440329218106996,0.2551440329218107,0.1440329218106996,0.10699588477366255,0.3442986883333334,94.49271186440677,0.030303030303030304,0.045454545454545456,0.04477611940298507,0.22727272727272727,0.3181818181818182,0.15151515151515152,0.06060606060606061,0.3817935011111111,95.74533333333333,R,0.026627218934911243,0.04142011834319527,0.14497041420118342,0.5315315315315315,0.2455621301775148,0.11538461538461539,0.32438646621904144,99.974,15.066666666666666,L,0.0,0.0,0.0,0.03,0.06,0.0,0,Sutter Health Park,87.9,28.0,7.6,0.0,0.0,1.413475569868666,0.09271270506936131,979,,,,,,,,0.5,,,PASS
822773,2026-08-25 23:07:00+00:00,KC,TOR,KC,TOR,0,670231,John Rave,confirmed,8.0,3.85,453286,0.04838709677419355,0.11290322580645161,0.10294117647058823,0.16129032258064516,0.25806451612903225,0.1935483870967742,0.08064516129032258,0.315428050925926,96.93,0.04,0.1,0.08928571428571429,0.14,0.28,0.2,0.06,0.29345653888888884,95.42800000000001,L,0.0594059405940594,0.06930693069306931,0.20297029702970298,0.6204819277108434,0.15841584158415842,0.09900990099009901,0.3521916728643722,97.76909090909089,12.181818181818182,R,0.0,0.0,0.0,0.03,0.06,0.0,0,Rogers Centre,69.8,75.0,2.3,0.0,0.5,0.65,0.0924241007548892,982,,,,,,,,0.5,,,PASS
823505,2026-08-25 23:05:00+00:00,HOU,NYY,HOU,NYY,0,666211,Taylor Trammell,confirmed,9.0,3.7,701542,0.036458333333333336,0.078125,0.07246376811594203,0.16145833333333334,0.22916666666666666,0.296875,0.09375,0.3159620981132076,95.50288461538463,0.03508771929824561,0.10526315789473684,0.09836065573770492,0.17543859649122806,0.17543859649122806,0.3157894736842105,0.10526315789473684,0.313059,97.19857142857144,L,0.03903903903903904,0.06006006006006006,0.1921921921921922,0.46265060240963857,0.18618618618618618,0.09009009009009009,0.36299519380168305,102.34133333333334,14.8,R,0.0,0.0,0.0,0.03,0.06,0.0,0,Yankee Stadium,76.7,53.0,7.0,0.0,0.0,1.032696511738428,0.09233397333315617,983,,,,,,,,0.5,,,PASS
822693,2026-08-25 22:45:00+00:00,COL,WSH,COL,WSH,0,694249,Cole Carrigg,confirmed,2.0,4.65,674841,0.020833333333333332,0.029166666666666667,0.021212121212121213,0.17083333333333334,0.2791666666666667,0.20416666666666666,0.10416666666666667,0.3221235681818182,94.2610909090909,0.0,0.014925373134328358,0.010752688172043012,0.08955223880597014,0.23880597014925373,0.2537313432835821,0.08955223880597014,0.27091074222222217,92.62666666666665,R,0.013100436681222707,0.026200873362445413,0.13973799126637554,0.38223938223938225,0.20087336244541484,0.11353711790393013,0.31801848399689536,101.25272727272728,14.272727272727273,L,3.0,0.0,0.0,0.027906976744186046,0.05581395348837209,0.06976744186046512,0,Nationals Park,80.3,45.0,3.5,0.0,0.0,1.290386260446141,0.09221248733432455,984,,,,,,,,0.5,,,PASS
822773,2026-08-25 23:07:00+00:00,KC,TOR,TOR,KC,1,665489,Vladimir Guerrero Jr.,confirmed,3.0,4.55,607625,0.015625,0.05078125,0.040372670807453416,0.125,0.2109375,0.15625,0.06640625,0.30301561861111104,98.59666666666666,0.016129032258064516,0.06451612903225806,0.04938271604938271,0.0967741935483871,0.12903225806451613,0.12903225806451613,0.03225806451612903,0.2867572711111111,99.08666666666667,R,0.03757225433526012,0.04335260115606936,0.18497109826589594,0.4642857142857143,0.16473988439306358,0.06647398843930635,0.34222954131305,101.31733333333332,15.733333333333333,R,0.0,0.0,0.0,0.03,0.06,0.0,1,Rogers Centre,69.8,75.0,2.3,0.0,0.5,0.65,0.09165487828594399,991,,,,,,,,0.5,,,PASS
824881,2026-08-25 23:15:00+00:00,LAD,ATL,ATL,LAD,1,645277,Ozzie Albies,confirmed,6.0,4.15,607192,0.0390625,0.02734375,0.01728395061728395,0.18359375,0.29296875,0.16796875,0.0625,0.25028811444444443,94.62083333333332,0.01639344262295082,0.01639344262295082,0.009615384615384616,0.14754098360655737,0.32786885245901637,0.11475409836065574,0.08196721311475409,0.2625702277777778,93.46800000000002,R,0.033783783783783786,0.0472972972972973,0.16891891891891891,0.4909090909090909,0.3310810810810811,0.08783783783783784,0.2700904761283644,100.53714285714285,16.714285714285715,R,0.0,0.0,0.0,0.03,0.06,0.0,1,Truist Park,88.4,38.0,6.7,0.0,0.0,1.45,0.09094680607828676,1000,,,,,,,,0.5,,,PASS
823826,2026-08-25 22:40:00+00:00,BOS,MIA,BOS,MIA,0,680776,Jarren Duran,confirmed,7.0,4.0,663969,0.028112449799196786,0.04819277108433735,0.039473684210526314,0.12048192771084337,0.2248995983935743,0.27309236947791166,0.060240963855421686,0.2862055988888889,95.73616666666666,0.03333333333333333,0.03333333333333333,0.02702702702702703,0.15,0.23333333333333334,0.25,0.06666666666666667,0.2769951933333334,96.42000000000002,L,0.040293040293040296,0.06227106227106227,0.19413919413919414,0.4171597633136095,0.1684981684981685,0.07692307692307693,0.3538694608993585,101.71142857142857,13.571428571428571,R,0.0,0.0,0.0,0.03,0.06,0.0,0,loanDepot park,85.3,65.0,7.3,0.0,0.5,0.8217493584260052,0.09077731431011946,1002,,,,,,,,0.5,,,PASS
823585,2026-08-25 23:10:00+00:00,MIL,NYM,MIL,NYM,0,683734,Andrew Vaughn,confirmed,4.0,4.45,804267,0.01702127659574468,0.03829787234042553,0.032490974729241874,0.1702127659574468,0.2170212765957447,0.1574468085106383,0.11914893617021277,0.3364820533333333,96.04299999999999,0.017543859649122806,0.03508771929824561,0.03389830508474576,0.14035087719298245,0.07017543859649122,0.22807017543859648,0.10526315789473684,0.31598521555555553,95.94533333333335,R,0.03,0.07,0.215,0.4828767123287671,0.18,0.07,0.3379770672162895,102.74333333333334,16.444444444444443,L,2.0,0.0,1.0,0.02857142857142857,0.08095238095238096,0.047619047619047616,0,Citi Field,75.9,53.0,5.5,0.0,0.0,0.9350940975192472,0.09052317794826586,1005,,,,,,,,0.5,,,PASS
824881,2026-08-25 23:15:00+00:00,LAD,ATL,LAD,ATL,0,676439,Hunter Feduccia,confirmed,9.0,3.7,693821,0.016304347826086956,0.059782608695652176,0.04583333333333333,0.19021739130434784,0.2717391304347826,0.24456521739130435,0.08695652173913043,0.32410613833333335,93.66616666666667,0.02127659574468085,0.06382978723404255,0.05172413793103448,0.23404255319148937,0.3404255319148936,0.1702127659574468,0.0851063829787234,0.36433385333333335,93.46666666666667,L,0.052486187845303865,0.06077348066298342,0.17679558011049723,0.45614035087719296,0.16574585635359115,0.0718232044198895,0.3346475985206412,101.86533333333334,16.4,R,0.0,0.0,0.0,0.03,0.06,0.0,0,Truist Park,88.4,38.0,6.7,0.0,0.0,1.45,0.09048689256383885,1005,,,,,,,,0.5,,,PASS
823826,2026-08-25 22:40:00+00:00,BOS,MIA,BOS,MIA,0,678882,Ceddanne Rafaela,confirmed,2.0,4.65,663969,0.032846715328467155,0.0364963503649635,0.02358490566037736,0.14963503649635038,0.3175182481751825,0.19708029197080293,0.025547445255474453,0.2727942088095238,93.76433333333331,0.014084507042253521,0.04225352112676056,0.029411764705882353,0.14084507042253522,0.2535211267605634,0.19718309859154928,0.028169014084507043,0.2902593333333333,92.28133333333332,R,0.040293040293040296,0.06227106227106227,0.19413919413919414,0.4171597633136095,0.1684981684981685,0.07692307692307693,0.3538694608993585,101.71142857142857,13.571428571428571,R,0.0,0.0,0.0,0.03,0.06,0.0,1,loanDepot park,85.3,65.0,7.3,0.0,0.5,0.8217493584260052,0.09016466073059101,1009,,,,,,,,0.5,,,PASS
824556,2026-08-25 23:40:00+00:00,TEX,CWS,CWS,TEX,1,695731,Braden Montgomery,confirmed,4.0,4.45,594798,0.016,0.02,0.0165016501650165,0.132,0.216,0.224,0.116,0.3057427688888889,95.44881355932203,0.015625,0.03125,0.0273972602739726,0.109375,0.21875,0.25,0.15625,0.31509738000000004,95.53333333333335,L,0.021806853582554516,0.04672897196261682,0.17133956386292834,0.5488721804511278,0.29906542056074764,0.07476635514018691,0.30826962179092515,100.88333333333334,15.066666666666666,R,2.0,0.0,0.0,0.02857142857142857,0.05714285714285714,0.047619047619047616,0,Rate Field,72.0,64.0,7.8,0.0,0.0,1.1838228305294174,0.08994075344349825,1012,,,,,,,,0.5,,,PASS
823585,2026-08-25 23:10:00+00:00,MIL,NYM,MIL,NYM,0,596142,Gary Sánchez,confirmed,5.0,4.3,804267,0.0430622009569378,0.05263157894736842,0.05188679245283019,0.13875598086124402,0.22009569377990432,0.19138755980861244,0.17703349282296652,0.3690245762820513,94.98250000000002,0.03278688524590164,0.03278688524590164,0.028169014084507043,0.09836065573770492,0.29508196721311475,0.21311475409836064,0.16393442622950818,0.31141900000000006,95.53066666666665,R,0.03,0.07,0.215,0.4828767123287671,0.18,0.07,0.3379770672162895,102.74333333333334,16.444444444444443,L,2.0,0.0,0.0,0.02857142857142857,0.05714285714285714,0.047619047619047616,0,Citi Field,75.9,53.0,5.5,0.0,0.0,0.9350940975192472,0.08949956117633001,1017,,,,,,,,0.5,,,PASS
824962,2026-08-26 01:40:00+00:00,MIN,ATH,MIN,ATH,0,701785,Kaelen Culpepper,confirmed,6.0,4.15,695611,0.03636363636363636,0.03636363636363636,0.029850746268656716,0.16363636363636364,0.16363636363636364,0.23636363636363636,0.03636363636363636,0.33931184523809527,95.66785714285716,0.03636363636363636,0.03636363636363636,0.029850746268656716,0.16363636363636364,0.16363636363636364,0.23636363636363636,0.03636363636363636,0.33931184523809527,95.66785714285716,R,0.026627218934911243,0.04142011834319527,0.14497041420118342,0.5315315315315315,0.2455621301775148,0.11538461538461539,0.32438646621904144,99.974,15.066666666666666,L,0.0,0.0,0.0,0.03,0.06,0.0,0,Sutter Health Park,87.9,28.0,7.6,0.0,0.0,1.413475569868666,0.08946767378754797,1018,,,,,,,,0.5,,,PASS
823585,2026-08-25 23:10:00+00:00,MIL,NYM,NYM,MIL,1,701807,Carson Benge,confirmed,3.0,4.55,690986,0.034482758620689655,0.038314176245210725,0.028089887640449437,0.14942528735632185,0.2796934865900383,0.20689655172413793,0.07662835249042145,0.3341881486111111,96.29750000000003,0.047619047619047616,0.047619047619047616,0.030612244897959183,0.2222222222222222,0.31746031746031744,0.15873015873015872,0.06349206349206349,0.3589622488888889,96.74533333333333,L,0.035830618892508145,0.04560260586319218,0.14006514657980457,0.5572519083969466,0.2996742671009772,0.05863192182410423,0.2668537423349691,98.35000000000001,14.866666666666667,L,0.0,0.0,0.0,0.03,0.06,0.0,1,Citi Field,75.9,53.0,5.5,0.0,0.0,0.9350940975192472,0.08934763428330053,1019,,,,,,,,0.5,,,PASS
823826,2026-08-25 22:40:00+00:00,BOS,MIA,MIA,BOS,1,682663,Agustín Ramírez,confirmed,3.0,4.55,801139,0.011976047904191617,0.023952095808383235,0.018779342723004695,0.1317365269461078,0.23353293413173654,0.2155688622754491,0.11976047904191617,0.28426771916666665,97.69225,0.0,0.0,0.0,0.06779661016949153,0.2033898305084746,0.22033898305084745,0.1864406779661017,0.29121238111111114,95.78533333333331,R,0.029069767441860465,0.040697674418604654,0.14244186046511628,0.6234817813765182,0.2761627906976744,0.06976744186046512,0.2592397612294372,98.50266666666668,16.4,L,0.0,0.0,0.0,0.03,0.06,0.0,0,loanDepot park,85.3,65.0,7.3,0.0,0.5,0.8217493584260052,0.08907397090735744,1023,,,,,,,,0.5,,,PASS
823826,2026-08-25 22:40:00+00:00,BOS,MIA,BOS,MIA,0,657136,Connor Wong,confirmed,9.0,3.7,663969,0.015544041450777202,0.031088082901554404,0.02459016393442623,0.17616580310880828,0.21761658031088082,0.23316062176165803,0.08290155440414508,0.28289193969696974,95.3476363636364,0.0392156862745098,0.0392156862745098,0.02857142857142857,0.19607843137254902,0.21568627450980393,0.27450980392156865,0.0196078431372549,0.24639382111111108,96.55600000000001,R,0.040293040293040296,0.06227106227106227,0.19413919413919414,0.4171597633136095,0.1684981684981685,0.07692307692307693,0.3538694608993585,101.71142857142857,13.571428571428571,R,0.0,0.0,0.0,0.03,0.06,0.0,1,loanDepot park,85.3,65.0,7.3,0.0,0.5,0.8217493584260052,0.08902864431729292,1023,,,,,,,,0.5,,,PASS
824556,2026-08-25 23:40:00+00:00,TEX,CWS,CWS,TEX,1,803011,Sam Antonacci,confirmed,1.0,4.75,594798,0.026923076923076925,0.03461538461538462,0.025423728813559324,0.13846153846153847,0.3269230769230769,0.16538461538461538,0.09230769230769231,0.31363955444444436,95.39433333333335,0.0,0.0,0.0,0.03125,0.3125,0.203125,0.125,0.2741575766666667,93.43866666666668,L,0.021806853582554516,0.04672897196261682,0.17133956386292834,0.5488721804511278,0.29906542056074764,0.07476635514018691,0.30826962179092515,100.88333333333334,15.066666666666666,R,3.0,0.0,0.0,0.027906976744186046,0.05581395348837209,0.06976744186046512,0,Rate Field,72.0,64.0,7.8,0.0,0.0,1.1838228305294174,0.08846659044903042,1030,,,,,,,,0.5,,,PASS
823016,2026-08-25 23:45:00+00:00,BAL,STL,STL,BAL,1,671056,Iván Herrera,confirmed,2.0,4.65,605135,0.019011406844106463,0.026615969581749048,0.018518518518518517,0.1482889733840304,0.24334600760456274,0.21292775665399238,0.08365019011406843,0.2754084097222222,95.90466666666667,0.014285714285714285,0.02857142857142857,0.02247191011235955,0.11428571428571428,0.2,0.21428571428571427,0.15714285714285714,0.29425363666666665,94.958,R,0.026119402985074626,0.033582089552238806,0.15298507462686567,0.4355300859598854,0.13432835820895522,0.09328358208955224,0.36020923710772323,99.58,13.75,R,0.0,0.0,0.0,0.03,0.06,0.0,1,Busch Stadium,85.1,49.0,5.9,0.0,0.0,0.65,0.0874050856444065,1044,,,,,,,,0.5,,,PASS
822693,2026-08-25 22:45:00+00:00,COL,WSH,COL,WSH,0,664983,Jake McCarthy,confirmed,1.0,4.75,674841,0.033210332103321034,0.03690036900369004,0.02702702702702703,0.15867158671586715,0.23616236162361623,0.14760147601476015,0.04797047970479705,0.3194603886111111,94.43916666666668,0.029850746268656716,0.05970149253731343,0.041237113402061855,0.16417910447761194,0.2835820895522388,0.11940298507462686,0.08955223880597014,0.3733718877777778,95.80666666666667,L,0.013100436681222707,0.026200873362445413,0.13973799126637554,0.38223938223938225,0.20087336244541484,0.11353711790393013,0.31801848399689536,101.25272727272728,14.272727272727273,L,3.0,0.0,0.0,0.027906976744186046,0.05581395348837209,0.06976744186046512,1,Nationals Park,80.3,45.0,3.5,0.0,0.0,1.290386260446141,0.08677738532090161,1052,,,,,,,,0.5,,,PASS
823585,2026-08-25 23:10:00+00:00,MIL,NYM,NYM,MIL,1,666182,Bo Bichette,confirmed,2.0,4.65,690986,0.030418250950570342,0.03802281368821293,0.025380710659898477,0.1596958174904943,0.3916349809885932,0.19011406844106463,0.060836501901140684,0.3171240658333334,95.10116666666667,0.047619047619047616,0.06349206349206349,0.03636363636363636,0.25396825396825395,0.47619047619047616,0.14285714285714285,0.09523809523809523,0.3571881522222222,96.58733333333332,R,0.035830618892508145,0.04560260586319218,0.14006514657980457,0.5572519083969466,0.2996742671009772,0.05863192182410423,0.2668537423349691,98.35000000000001,14.866666666666667,L,0.0,0.0,0.0,0.03,0.06,0.0,0,Citi Field,75.9,53.0,5.5,0.0,0.0,0.9350940975192472,0.08516146217117446,1074,,,,,,,,0.5,,,PASS
823505,2026-08-25 23:05:00+00:00,HOU,NYY,NYY,HOU,1,806146,George Lombard Jr.,confirmed,5.0,4.3,814490,0.030303030303030304,0.045454545454545456,0.04054054054054054,0.15151515151515152,0.2727272727272727,0.25757575757575757,0.09090909090909091,0.29910754117647054,94.47941176470589,0.01694915254237288,0.03389830508474576,0.030303030303030304,0.13559322033898305,0.288135593220339,0.2542372881355932,0.0847457627118644,0.2863413911111111,94.35533333333336,R,0.0,0.0,0.1111111111111111,0.7142857142857143,0.2222222222222222,0.16666666666666666,0.30117011111111114,93.05,11.0,R,0.0,0.0,0.0,0.03,0.06,0.0,1,Yankee Stadium,76.7,53.0,7.0,0.0,0.0,1.032696511738428,0.08464216533108938,1081,,,,,,,,0.5,,,PASS
824556,2026-08-25 23:40:00+00:00,TEX,CWS,CWS,TEX,1,805367,Chase Meidroth,confirmed,6.0,4.15,594798,0.028112449799196786,0.024096385542168676,0.01812688821752266,0.14859437751004015,0.28112449799196787,0.23694779116465864,0.0963855421686747,0.281953851984127,94.526,0.015625,0.015625,0.011235955056179775,0.125,0.296875,0.21875,0.0625,0.24960710444444445,94.12933333333335,R,0.021806853582554516,0.04672897196261682,0.17133956386292834,0.5488721804511278,0.29906542056074764,0.07476635514018691,0.30826962179092515,100.88333333333334,15.066666666666666,R,2.0,0.0,0.0,0.02857142857142857,0.05714285714285714,0.047619047619047616,1,Rate Field,72.0,64.0,7.8,0.0,0.0,1.1838228305294174,0.08437536667312533,1085,,,,,,,,0.5,,,PASS
823585,2026-08-25 23:10:00+00:00,MIL,NYM,MIL,NYM,0,800325,Luis Lara,confirmed,6.0,4.15,804267,0.008928571428571428,0.03571428571428571,0.026845637583892617,0.15178571428571427,0.29464285714285715,0.17857142857142858,0.09821428571428571,0.3124563017857143,94.81535714285714,0.01694915254237288,0.03389830508474576,0.023809523809523808,0.1694915254237288,0.3389830508474576,0.2033898305084746,0.06779661016949153,0.29985916444444444,96.05533333333332,R,0.03,0.07,0.215,0.4828767123287671,0.18,0.07,0.3379770672162895,102.74333333333334,16.444444444444443,L,2.0,0.0,0.0,0.02857142857142857,0.05714285714285714,0.047619047619047616,0,Citi Field,75.9,53.0,5.5,0.0,0.0,0.9350940975192472,0.08428232237856663,1086,,,,,,,,0.5,,,PASS
823826,2026-08-25 22:40:00+00:00,BOS,MIA,MIA,BOS,1,672640,Otto Lopez,confirmed,1.0,4.75,801139,0.01486988847583643,0.040892193308550186,0.03216374269005848,0.15613382899628253,0.1821561338289963,0.08921933085501858,0.07434944237918216,0.3024114786111112,96.646,0.0,0.045454545454545456,0.03488372093023256,0.13636363636363635,0.21212121212121213,0.07575757575757576,0.10606060606060606,0.31025133222222223,95.47533333333334,R,0.029069767441860465,0.040697674418604654,0.14244186046511628,0.6234817813765182,0.2761627906976744,0.06976744186046512,0.2592397612294372,98.50266666666668,16.4,L,0.0,0.0,0.0,0.03,0.06,0.0,0,loanDepot park,85.3,65.0,7.3,0.0,0.5,0.8217493584260052,0.08354647002665094,1097,,,,,,,,0.5,,,PASS
823585,2026-08-25 23:10:00+00:00,MIL,NYM,NYM,MIL,1,676724,Jared Young,confirmed,6.0,4.15,690986,0.03070175438596491,0.04824561403508772,0.03819444444444445,0.16666666666666666,0.25,0.19298245614035087,0.06140350877192982,0.30603293,96.87186440677965,0.015873015873015872,0.031746031746031744,0.023809523809523808,0.2222222222222222,0.2698412698412698,0.15873015873015872,0.047619047619047616,0.2920713611111111,98.90066666666667,L,0.035830618892508145,0.04560260586319218,0.14006514657980457,0.5572519083969466,0.2996742671009772,0.05863192182410423,0.2668537423349691,98.35000000000001,14.866666666666667,L,0.0,0.0,0.0,0.03,0.06,0.0,1,Citi Field,75.9,53.0,5.5,0.0,0.0,0.9350940975192472,0.08349160952010766,1098,,,,,,,,0.5,,,PASS
824233,2026-08-25 22:40:00+00:00,TB,DET,DET,TB,1,650402,Gleyber Torres,confirmed,1.0,4.75,668984,0.026022304832713755,0.04460966542750929,0.033426183844011144,0.13382899628252787,0.2862453531598513,0.17472118959107807,0.12267657992565056,0.3191573480555555,92.80600000000001,0.014492753623188406,0.014492753623188406,0.010309278350515464,0.13043478260869565,0.18840579710144928,0.11594202898550725,0.08695652173913043,0.31459393444444433,93.97466666666666,R,0.0,0.0,0.06451612903225806,0.4791666666666667,0.12903225806451613,0.06451612903225806,0.23163013015873016,96.036,4.8,R,0.0,0.0,0.0,0.03,0.06,0.0,1,Comerica Park,77.5,43.0,8.5,0.0,0.0,1.00391054625443,0.08276907063839106,1108,,,,,,,,0.5,,,PASS
823505,2026-08-25 23:05:00+00:00,HOU,NYY,NYY,HOU,1,641355,Cody Bellinger,confirmed,4.0,4.45,814490,0.023715415019762844,0.03162055335968379,0.023809523809523808,0.17391304347826086,0.23715415019762845,0.19367588932806323,0.1067193675889328,0.3233084416666667,95.79299999999999,0.0,0.0,0.0,0.15,0.3,0.26666666666666666,0.08333333333333333,0.3271819433333333,95.16000000000001,L,0.0,0.0,0.1111111111111111,0.7142857142857143,0.2222222222222222,0.16666666666666666,0.30117011111111114,93.05,11.0,R,0.0,0.0,0.0,0.03,0.06,0.0,0,Yankee Stadium,76.7,53.0,7.0,0.0,0.0,1.032696511738428,0.08251358857635327,1112,,,,,,,,0.5,,,PASS
823016,2026-08-25 23:45:00+00:00,BAL,STL,BAL,STL,0,687637,Dylan Beavers,confirmed,8.0,3.85,669461,0.02654867256637168,0.048672566371681415,0.03806228373702422,0.19469026548672566,0.24778761061946902,0.25663716814159293,0.08849557522123894,0.29195305805555555,93.60516666666665,0.07407407407407407,0.09259259259259259,0.08196721311475409,0.24074074074074073,0.25925925925925924,0.35185185185185186,0.07407407407407407,0.29985672111111117,91.46666666666665,L,0.03785488958990536,0.05362776025236593,0.20504731861198738,0.4844124700239808,0.2586750788643533,0.07570977917981073,0.3151454856610837,100.58933333333333,14.4,L,0.0,0.0,0.0,0.03,0.06,0.0,1,Busch Stadium,85.1,49.0,5.9,0.0,0.0,0.65,0.0823990690856812,1114,,,,,,,,0.5,,,PASS
823826,2026-08-25 22:40:00+00:00,BOS,MIA,BOS,MIA,0,655316,Andruw Monasterio,confirmed,6.0,4.15,663969,0.02127659574468085,0.05106382978723404,0.03560830860534125,0.1574468085106383,0.3148936170212766,0.1829787234042553,0.07659574468085106,0.2918957875,93.12883333333333,0.0,0.015873015873015872,0.011111111111111112,0.12698412698412698,0.25396825396825395,0.09523809523809523,0.1111111111111111,0.25658238333333333,92.43133333333334,R,0.040293040293040296,0.06227106227106227,0.19413919413919414,0.4171597633136095,0.1684981684981685,0.07692307692307693,0.3538694608993585,101.71142857142857,13.571428571428571,R,0.0,0.0,0.0,0.03,0.06,0.0,1,loanDepot park,85.3,65.0,7.3,0.0,0.5,0.8217493584260052,0.08205338407310309,1119,,,,,,,,0.5,,,PASS
824233,2026-08-25 22:40:00+00:00,TB,DET,TB,DET,0,656775,Cedric Mullins,confirmed,7.0,4.0,695549,0.04081632653061224,0.04081632653061224,0.03134796238244514,0.19183673469387755,0.2,0.20816326530612245,0.10204081632653061,0.2787497283333334,93.30783333333332,0.0,0.03278688524590164,0.023255813953488372,0.22950819672131148,0.22950819672131148,0.11475409836065574,0.13114754098360656,0.3200441122222222,95.74866666666667,L,0.03278688524590164,0.08196721311475409,0.14754098360655737,0.49382716049382713,0.18032786885245902,0.08196721311475409,0.3592698913043478,101.7,14.0,R,0.0,0.0,0.0,0.03,0.06,0.0,0,Comerica Park,77.5,43.0,8.5,0.0,0.0,1.00391054625443,0.08201216040233122,1119,,,,,,,,0.5,,,PASS
822773,2026-08-25 23:07:00+00:00,KC,TOR,KC,TOR,0,686555,Isaac Collins,confirmed,7.0,4.0,453286,0.013043478260869565,0.02608695652173913,0.020833333333333332,0.14782608695652175,0.1956521739130435,0.1956521739130435,0.1,0.29468279555555554,96.53299999999999,0.0,0.03389830508474576,0.02666666666666667,0.13559322033898305,0.15254237288135594,0.22033898305084745,0.1016949152542373,0.2585006277777778,98.002,L,0.0594059405940594,0.06930693069306931,0.20297029702970298,0.6204819277108434,0.15841584158415842,0.09900990099009901,0.3521916728643722,97.76909090909089,12.181818181818182,R,0.0,0.0,0.0,0.03,0.06,0.0,0,Rogers Centre,69.8,75.0,2.3,0.0,0.5,0.65,0.08075331006778999,1138,,,,,,,,0.5,,,PASS
824556,2026-08-25 23:40:00+00:00,TEX,CWS,CWS,TEX,1,671976,Tristan Peters,confirmed,7.0,4.0,594798,0.03619909502262444,0.049773755656108594,0.03503184713375796,0.22624434389140272,0.25339366515837103,0.16289592760180996,0.06334841628959276,0.3292031222222222,94.43683333333333,0.07547169811320754,0.07547169811320754,0.06153846153846154,0.24528301886792453,0.3018867924528302,0.16981132075471697,0.11320754716981132,0.39178511666666677,93.99866666666665,L,0.021806853582554516,0.04672897196261682,0.17133956386292834,0.5488721804511278,0.29906542056074764,0.07476635514018691,0.30826962179092515,100.88333333333334,15.066666666666666,R,2.0,0.0,1.0,0.02857142857142857,0.08095238095238096,0.047619047619047616,0,Rate Field,72.0,64.0,7.8,0.0,0.0,1.1838228305294174,0.08062846397143238,1140,,,,,,,,0.5,,,PASS
822773,2026-08-25 23:07:00+00:00,KC,TOR,TOR,KC,1,678218,Brandon Valenzuela,confirmed,8.0,3.85,607625,0.035398230088495575,0.048672566371681415,0.03594771241830065,0.18584070796460178,0.24336283185840707,0.2743362831858407,0.09734513274336283,0.3001930761111111,94.13813559322037,0.017543859649122806,0.03508771929824561,0.024691358024691357,0.15789473684210525,0.2631578947368421,0.3333333333333333,0.03508771929824561,0.2464591877777778,96.84428571428573,L,0.03757225433526012,0.04335260115606936,0.18497109826589594,0.4642857142857143,0.16473988439306358,0.06647398843930635,0.34222954131305,101.31733333333332,15.733333333333333,R,0.0,0.0,0.0,0.03,0.06,0.0,0,Rogers Centre,69.8,75.0,2.3,0.0,0.5,0.65,0.08058581356702224,1141,,,,,,,,0.5,,,PASS
823505,2026-08-25 23:05:00+00:00,HOU,NYY,HOU,NYY,0,514888,Jose Altuve,confirmed,4.0,4.45,701542,0.03571428571428571,0.027777777777777776,0.021604938271604937,0.13095238095238096,0.21031746031746032,0.21031746031746032,0.06349206349206349,0.25134183972222224,91.73483333333334,0.03389830508474576,0.01694915254237288,0.013888888888888888,0.13559322033898305,0.2542372881355932,0.2033898305084746,0.0847457627118644,0.28014098666666665,90.76733333333333,R,0.03903903903903904,0.06006006006006006,0.1921921921921922,0.46265060240963857,0.18618618618618618,0.09009009009009009,0.36299519380168305,102.34133333333334,14.8,R,3.0,0.0,0.0,0.027906976744186046,0.05581395348837209,0.06976744186046512,1,Yankee Stadium,76.7,53.0,7.0,0.0,0.0,1.032696511738428,0.08056388693520372,1141,,,,,,,,0.5,,,PASS
823016,2026-08-25 23:45:00+00:00,BAL,STL,STL,BAL,1,602104,Ramón Urías,confirmed,7.0,4.0,605135,0.029411764705882353,0.07352941176470588,0.056179775280898875,0.19117647058823528,0.29411764705882354,0.17647058823529413,0.07352941176470588,0.29349182894736847,94.7984210526316,0.017857142857142856,0.05357142857142857,0.04054054054054054,0.16071428571428573,0.26785714285714285,0.10714285714285714,0.08928571428571429,0.3134340944444444,94.80066666666667,R,0.026119402985074626,0.033582089552238806,0.15298507462686567,0.4355300859598854,0.13432835820895522,0.09328358208955224,0.36020923710772323,99.58,13.75,R,0.0,0.0,0.0,0.03,0.06,0.0,1,Busch Stadium,85.1,49.0,5.9,0.0,0.0,0.65,0.07986540287664802,1152,,,,,,,,0.5,,,PASS
824556,2026-08-25 23:40:00+00:00,TEX,CWS,CWS,TEX,1,686668,Brenton Doyle,confirmed,8.0,3.85,594798,0.0136986301369863,0.0410958904109589,0.034482758620689655,0.10273972602739725,0.1095890410958904,0.3082191780821918,0.0821917808219178,0.2196371308333333,92.16615384615385,0.018867924528301886,0.07547169811320754,0.06349206349206349,0.1320754716981132,0.11320754716981132,0.20754716981132076,0.03773584905660377,0.23963126111111113,94.62733333333333,R,0.021806853582554516,0.04672897196261682,0.17133956386292834,0.5488721804511278,0.29906542056074764,0.07476635514018691,0.30826962179092515,100.88333333333334,15.066666666666666,R,0.0,0.0,0.0,0.03,0.06,0.0,1,Rate Field,72.0,64.0,7.8,0.0,0.0,1.1838228305294174,0.07912090924902106,1164,,,,,,,,0.5,,,PASS
823505,2026-08-25 23:05:00+00:00,HOU,NYY,HOU,NYY,0,664774,LaMonte Wade Jr.,confirmed,7.0,4.0,701542,0.02,0.02,0.015748031496062992,0.13,0.22,0.25,0.15,0.28164770297619046,92.96500000000002,0.0,0.0,0.0,0.1509433962264151,0.1320754716981132,0.24528301886792453,0.1320754716981132,0.28853890111111113,94.108,L,0.03903903903903904,0.06006006006006006,0.1921921921921922,0.46265060240963857,0.18618618618618618,0.09009009009009009,0.36299519380168305,102.34133333333334,14.8,R,0.0,0.0,0.0,0.03,0.06,0.0,0,Yankee Stadium,76.7,53.0,7.0,0.0,0.0,1.032696511738428,0.07863579275696073,1172,,,,,,,,0.5,,,PASS
823505,2026-08-25 23:05:00+00:00,HOU,NYY,HOU,NYY,0,673237,Yainer Diaz,confirmed,8.0,3.85,701542,0.032520325203252036,0.044715447154471545,0.03235294117647059,0.14634146341463414,0.1951219512195122,0.15853658536585366,0.024390243902439025,0.3022839402777777,96.77316666666665,0.03278688524590164,0.04918032786885246,0.03125,0.14754098360655737,0.18032786885245902,0.18032786885245902,0.01639344262295082,0.29311396666666667,95.66733333333333,R,0.03903903903903904,0.06006006006006006,0.1921921921921922,0.46265060240963857,0.18618618618618618,0.09009009009009009,0.36299519380168305,102.34133333333334,14.8,R,2.0,0.0,0.0,0.02857142857142857,0.05714285714285714,0.047619047619047616,1,Yankee Stadium,76.7,53.0,7.0,0.0,0.0,1.032696511738428,0.07814907084362432,1180,,,,,,,,0.5,,,PASS
823826,2026-08-25 22:40:00+00:00,BOS,MIA,MIA,BOS,1,691594,Javier Sanoja,confirmed,4.0,4.45,801139,0.02127659574468085,0.02127659574468085,0.014005602240896359,0.15319148936170213,0.23829787234042554,0.059574468085106386,0.03829787234042553,0.2808231733333333,95.53083333333335,0.03508771929824561,0.03508771929824561,0.02127659574468085,0.24561403508771928,0.3157894736842105,0.10526315789473684,0.05263157894736842,0.2665179822222222,97.46333333333335,R,0.029069767441860465,0.040697674418604654,0.14244186046511628,0.6234817813765182,0.2761627906976744,0.06976744186046512,0.2592397612294372,98.50266666666668,16.4,L,0.0,0.0,0.0,0.03,0.06,0.0,0,loanDepot park,85.3,65.0,7.3,0.0,0.5,0.8217493584260052,0.07807878617874939,1181,,,,,,,,0.5,,,PASS
824233,2026-08-25 22:40:00+00:00,TB,DET,TB,DET,0,676356,Jonny DeLuca,confirmed,6.0,4.15,695549,0.028925619834710745,0.024793388429752067,0.01775147928994083,0.13636363636363635,0.23553719008264462,0.18181818181818182,0.045454545454545456,0.2757190325,94.62816666666666,0.03389830508474576,0.03389830508474576,0.023255813953488372,0.15254237288135594,0.2033898305084746,0.15254237288135594,0.01694915254237288,0.26410992,95.21133333333333,R,0.03278688524590164,0.08196721311475409,0.14754098360655737,0.49382716049382713,0.18032786885245902,0.08196721311475409,0.3592698913043478,101.7,14.0,R,0.0,0.0,0.0,0.03,0.06,0.0,1,Comerica Park,77.5,43.0,8.5,0.0,0.0,1.00391054625443,0.07743911655116974,1191,,,,,,,,0.5,,,PASS
822693,2026-08-25 22:45:00+00:00,COL,WSH,WSH,COL,1,695670,Harry Ford,confirmed,7.0,4.0,690279,0.03389830508474576,0.06779661016949153,0.05714285714285714,0.06779661016949153,0.3220338983050847,0.288135593220339,0.1016949152542373,0.2720505777777778,90.97333333333334,0.03389830508474576,0.06779661016949153,0.05714285714285714,0.06779661016949153,0.3220338983050847,0.288135593220339,0.1016949152542373,0.2720505777777778,90.97333333333334,R,,,,,,,,,,,0.0,0.0,0.0,0.03,0.06,0.0,0,Nationals Park,80.3,45.0,3.5,0.0,0.0,1.290386260446141,0.07689045930331234,1201,,,,,,,,0.5,,,PASS
823585,2026-08-25 23:10:00+00:00,MIL,NYM,NYM,MIL,1,543760,Marcus Semien,confirmed,7.0,4.0,690986,0.04184100418410042,0.04184100418410042,0.03115264797507788,0.17154811715481172,0.21338912133891214,0.2217573221757322,0.08368200836820083,0.2969744580555556,94.286,0.03278688524590164,0.01639344262295082,0.012195121951219513,0.11475409836065574,0.18032786885245902,0.18032786885245902,0.09836065573770492,0.27902779333333333,93.23199999999999,R,0.035830618892508145,0.04560260586319218,0.14006514657980457,0.5572519083969466,0.2996742671009772,0.05863192182410423,0.2668537423349691,98.35000000000001,14.866666666666667,L,0.0,0.0,0.0,0.03,0.06,0.0,0,Citi Field,75.9,53.0,5.5,0.0,0.0,0.9350940975192472,0.07608494699908214,1214,,,,,,,,0.5,,,PASS
823826,2026-08-25 22:40:00+00:00,BOS,MIA,MIA,BOS,1,677870,Leo Jiménez,confirmed,6.0,4.15,801139,0.012738853503184714,0.03184713375796178,0.026595744680851064,0.12738853503184713,0.22929936305732485,0.21019108280254778,0.08280254777070063,0.3142825914728682,95.3547619047619,0.03636363636363636,0.03636363636363636,0.03773584905660377,0.10909090909090909,0.18181818181818182,0.16363636363636364,0.09090909090909091,0.3116846855555556,96.34571428571428,R,0.029069767441860465,0.040697674418604654,0.14244186046511628,0.6234817813765182,0.2761627906976744,0.06976744186046512,0.2592397612294372,98.50266666666668,16.4,L,0.0,0.0,0.0,0.03,0.06,0.0,0,loanDepot park,85.3,65.0,7.3,0.0,0.5,0.8217493584260052,0.07599908957874286,1216,,,,,,,,0.5,,,PASS
823826,2026-08-25 22:40:00+00:00,BOS,MIA,MIA,BOS,1,665923,Esteury Ruiz,confirmed,8.0,3.85,801139,0.03821656050955414,0.050955414012738856,0.045454545454545456,0.18471337579617833,0.2229299363057325,0.3248407643312102,0.09554140127388536,0.30004679782608695,90.50173913043479,0.0196078431372549,0.0392156862745098,0.04,0.23529411764705882,0.17647058823529413,0.37254901960784315,0.0784313725490196,0.25833072555555553,91.64800000000001,R,0.029069767441860465,0.040697674418604654,0.14244186046511628,0.6234817813765182,0.2761627906976744,0.06976744186046512,0.2592397612294372,98.50266666666668,16.4,L,0.0,0.0,0.0,0.03,0.06,0.0,0,loanDepot park,85.3,65.0,7.3,0.0,0.5,0.8217493584260052,0.0754446029477977,1225,,,,,,,,0.5,,,PASS
823826,2026-08-25 22:40:00+00:00,BOS,MIA,BOS,MIA,0,678011,Anthony Seigler,confirmed,8.0,3.85,663969,0.02027027027027027,0.04054054054054054,0.03225806451612903,0.19594594594594594,0.32432432432432434,0.14864864864864866,0.0945945945945946,0.33058288333333335,94.26166666666667,0.015384615384615385,0.046153846153846156,0.036585365853658534,0.16923076923076924,0.35384615384615387,0.12307692307692308,0.09230769230769231,0.30363551666666666,92.732,L,0.040293040293040296,0.06227106227106227,0.19413919413919414,0.4171597633136095,0.1684981684981685,0.07692307692307693,0.3538694608993585,101.71142857142857,13.571428571428571,R,0.0,0.0,0.0,0.03,0.06,0.0,0,loanDepot park,85.3,65.0,7.3,0.0,0.5,0.8217493584260052,0.07544063574397247,1226,,,,,,,,0.5,,,PASS
824881,2026-08-25 23:15:00+00:00,LAD,ATL,ATL,LAD,1,643289,Mauricio Dubón,confirmed,4.0,4.45,607192,0.016,0.02,0.012106537530266344,0.116,0.352,0.084,0.052,0.3065320727777777,94.49250000000002,0.0,0.01694915254237288,0.01020408163265306,0.0847457627118644,0.4915254237288136,0.03389830508474576,0.05084745762711865,0.28078816666666667,94.23666666666668,R,0.033783783783783786,0.0472972972972973,0.16891891891891891,0.4909090909090909,0.3310810810810811,0.08783783783783784,0.2700904761283644,100.53714285714285,16.714285714285715,R,0.0,0.0,0.0,0.03,0.06,0.0,1,Truist Park,88.4,38.0,6.7,0.0,0.0,1.45,0.07464978114651147,1240,,,,,,,,0.5,,,PASS
824881,2026-08-25 23:15:00+00:00,LAD,ATL,ATL,LAD,1,669221,Sean Murphy,confirmed,9.0,3.7,607192,0.0,0.0,0.0,0.07142857142857142,0.16666666666666666,0.38095238095238093,0.0,0.16365972222222222,94.2425,0.0,0.0,0.0,0.07142857142857142,0.16666666666666666,0.38095238095238093,0.0,0.16365972222222222,94.2425,R,0.033783783783783786,0.0472972972972973,0.16891891891891891,0.4909090909090909,0.3310810810810811,0.08783783783783784,0.2700904761283644,100.53714285714285,16.714285714285715,R,0.0,0.0,0.0,0.03,0.06,0.0,1,Truist Park,88.4,38.0,6.7,0.0,0.0,1.45,0.07452962728976391,1242,,,,,,,,0.5,,,PASS
822693,2026-08-25 22:45:00+00:00,COL,WSH,COL,WSH,0,687597,Jordan Beck,confirmed,8.0,3.85,674841,0.008771929824561403,0.03508771929824561,0.02857142857142857,0.13157894736842105,0.15789473684210525,0.2894736842105263,0.07017543859649122,0.2504714349462366,91.7264516129032,0.0,0.05454545454545454,0.047619047619047616,0.18181818181818182,0.14545454545454545,0.34545454545454546,0.09090909090909091,0.2762856222222222,94.028,R,0.013100436681222707,0.026200873362445413,0.13973799126637554,0.38223938223938225,0.20087336244541484,0.11353711790393013,0.31801848399689536,101.25272727272728,14.272727272727273,L,0.0,0.0,0.0,0.03,0.06,0.0,0,Nationals Park,80.3,45.0,3.5,0.0,0.0,1.290386260446141,0.07392054914482525,1253,,,,,,,,0.5,,,PASS
822773,2026-08-25 23:07:00+00:00,KC,TOR,KC,TOR,0,679845,Nick Loftin,confirmed,6.0,4.15,453286,0.024691358024691357,0.02880658436213992,0.024475524475524476,0.1440329218106996,0.23045267489711935,0.15637860082304528,0.1111111111111111,0.2980838597222223,93.74416666666666,0.01639344262295082,0.01639344262295082,0.015151515151515152,0.14754098360655737,0.21311475409836064,0.21311475409836064,0.16393442622950818,0.29475336999999996,92.51066666666664,R,0.0594059405940594,0.06930693069306931,0.20297029702970298,0.6204819277108434,0.15841584158415842,0.09900990099009901,0.3521916728643722,97.76909090909089,12.181818181818182,R,0.0,0.0,0.0,0.03,0.06,0.0,1,Rogers Centre,69.8,75.0,2.3,0.0,0.5,0.65,0.07380138180664467,1255,,,,,,,,0.5,,,PASS
824881,2026-08-25 23:15:00+00:00,LAD,ATL,LAD,ATL,0,669743,Alex Call,confirmed,7.0,4.0,693821,0.008849557522123894,0.017699115044247787,0.012903225806451613,0.09734513274336283,0.22123893805309736,0.18584070796460178,0.13274336283185842,0.26613816206896546,90.76965517241379,0.01818181818181818,0.01818181818181818,0.0136986301369863,0.09090909090909091,0.23636363636363636,0.23636363636363636,0.09090909090909091,0.22808663888888894,88.95266666666666,R,0.052486187845303865,0.06077348066298342,0.17679558011049723,0.45614035087719296,0.16574585635359115,0.0718232044198895,0.3346475985206412,101.86533333333334,16.4,R,2.0,0.0,0.0,0.02857142857142857,0.05714285714285714,0.047619047619047616,1,Truist Park,88.4,38.0,6.7,0.0,0.0,1.45,0.07279249449536492,1274,,,,,,,,0.5,,,PASS
822773,2026-08-25 23:07:00+00:00,KC,TOR,TOR,KC,1,664770,Nathan Lukes,confirmed,2.0,4.65,607625,0.027559055118110236,0.011811023622047244,0.007751937984496124,0.10236220472440945,0.3110236220472441,0.15354330708661418,0.07086614173228346,0.27391451194444444,93.16133333333333,0.029850746268656716,0.029850746268656716,0.02040816326530612,0.07462686567164178,0.34328358208955223,0.1791044776119403,0.029850746268656716,0.2389059222222222,93.56866666666666,L,0.03757225433526012,0.04335260115606936,0.18497109826589594,0.4642857142857143,0.16473988439306358,0.06647398843930635,0.34222954131305,101.31733333333332,15.733333333333333,R,0.0,0.0,0.0,0.03,0.06,0.0,0,Rogers Centre,69.8,75.0,2.3,0.0,0.5,0.65,0.06904390398239466,1348,,,,,,,,0.5,,,PASS
824962,2026-08-26 01:40:00+00:00,MIN,ATH,MIN,ATH,0,668952,Ryan Kreidler,confirmed,9.0,3.7,695611,0.024752475247524754,0.04950495049504951,0.03861003861003861,0.1188118811881188,0.15841584158415842,0.23267326732673269,0.06435643564356436,0.280045498275862,93.55775862068964,0.018867924528301886,0.07547169811320754,0.06451612903225806,0.16981132075471697,0.11320754716981132,0.2641509433962264,0.03773584905660377,0.28693026666666666,91.81333333333335,R,0.026627218934911243,0.04142011834319527,0.14497041420118342,0.5315315315315315,0.2455621301775148,0.11538461538461539,0.32438646621904144,99.974,15.066666666666666,L,0.0,0.0,0.0,0.03,0.06,0.0,0,Sutter Health Park,87.9,28.0,7.6,0.0,0.0,1.413475569868666,0.06828180415064716,1365,,,,,,,,0.5,,,PASS
822693,2026-08-25 22:45:00+00:00,COL,WSH,COL,WSH,0,681198,TJ Rumfield,confirmed,4.0,4.45,674841,0.023166023166023165,0.015444015444015444,0.011428571428571429,0.10038610038610038,0.2857142857142857,0.138996138996139,0.10810810810810811,0.3055170602777778,91.89750000000001,0.0,0.015151515151515152,0.010869565217391304,0.12121212121212122,0.2727272727272727,0.12121212121212122,0.10606060606060606,0.3344110266666666,93.44866666666667,L,0.013100436681222707,0.026200873362445413,0.13973799126637554,0.38223938223938225,0.20087336244541484,0.11353711790393013,0.31801848399689536,101.25272727272728,14.272727272727273,L,2.0,0.0,0.0,0.02857142857142857,0.05714285714285714,0.047619047619047616,1,Nationals Park,80.3,45.0,3.5,0.0,0.0,1.290386260446141,0.06819312438707457,1366,,,,,,,,0.5,,,PASS
822693,2026-08-25 22:45:00+00:00,COL,WSH,WSH,COL,1,678391,Jorbit Vivas,confirmed,6.0,4.15,690279,0.0136986301369863,0.0273972602739726,0.02097902097902098,0.1278538812785388,0.2876712328767123,0.1232876712328767,0.1141552511415525,0.29837351305555554,91.99433333333333,0.0,0.018867924528301886,0.012987012987012988,0.07547169811320754,0.39622641509433965,0.11320754716981132,0.1320754716981132,0.2769935611111111,89.75466666666667,L,,,,,,,,,,,0.0,0.0,0.0,0.03,0.06,0.0,0,Nationals Park,80.3,45.0,3.5,0.0,0.0,1.290386260446141,0.06752556846824871,1381,,,,,,,,0.5,,,PASS
824233,2026-08-25 22:40:00+00:00,TB,DET,DET,TB,1,703601,Max Clark,confirmed,9.0,3.7,668984,0.011363636363636364,0.011363636363636364,0.007518796992481203,0.19318181818181818,0.32954545454545453,0.2159090909090909,0.06818181818181818,0.29645916904761904,94.70714285714287,0.0,0.01694915254237288,0.010752688172043012,0.1864406779661017,0.288135593220339,0.1694915254237288,0.03389830508474576,0.2665746,95.22266666666665,L,0.0,0.0,0.06451612903225806,0.4791666666666667,0.12903225806451613,0.06451612903225806,0.23163013015873016,96.036,4.8,R,0.0,0.0,0.0,0.03,0.06,0.0,0,Comerica Park,77.5,43.0,8.5,0.0,0.0,1.00391054625443,0.06725178666450299,1387,,,,,,,,0.5,,,PASS
823585,2026-08-25 23:10:00+00:00,MIL,NYM,NYM,MIL,1,620443,Luis Torrens,confirmed,8.0,3.85,690986,0.03286384976525822,0.04225352112676056,0.031141868512110725,0.17370892018779344,0.24413145539906103,0.19248826291079812,0.06103286384976526,0.2891250052777778,94.19866666666664,0.09090909090909091,0.07272727272727272,0.05063291139240506,0.21818181818181817,0.2909090909090909,0.10909090909090909,0.10909090909090909,0.3712418222222222,96.05400000000002,R,0.035830618892508145,0.04560260586319218,0.14006514657980457,0.5572519083969466,0.2996742671009772,0.05863192182410423,0.2668537423349691,98.35000000000001,14.866666666666667,L,0.0,0.0,0.0,0.03,0.06,0.0,0,Citi Field,75.9,53.0,5.5,0.0,0.0,0.9350940975192472,0.06671283892545303,1399,,,,,,,,0.5,,,PASS
822773,2026-08-25 23:07:00+00:00,KC,TOR,KC,TOR,0,664728,Kyle Isbel,confirmed,9.0,3.7,453286,0.018957345971563982,0.014218009478672985,0.011111111111111112,0.11848341232227488,0.22748815165876776,0.2037914691943128,0.05687203791469194,0.2723019247222222,94.13050000000001,0.05454545454545454,0.01818181818181818,0.014285714285714285,0.12727272727272726,0.2,0.18181818181818182,0.03636363636363636,0.28306691666666667,96.37666666666665,L,0.0594059405940594,0.06930693069306931,0.20297029702970298,0.6204819277108434,0.15841584158415842,0.09900990099009901,0.3521916728643722,97.76909090909089,12.181818181818182,R,0.0,0.0,0.0,0.03,0.06,0.0,0,Rogers Centre,69.8,75.0,2.3,0.0,0.5,0.65,0.06619128620006429,1411,,,,,,,,0.5,,,PASS
823016,2026-08-25 23:45:00+00:00,BAL,STL,BAL,STL,0,665750,Leody Taveras,confirmed,9.0,3.7,669461,0.016597510373443983,0.024896265560165973,0.01929260450160772,0.11203319502074689,0.1908713692946058,0.2572614107883817,0.06639004149377593,0.24216792722222222,92.49549999999999,0.017543859649122806,0.017543859649122806,0.012658227848101266,0.10526315789473684,0.24561403508771928,0.17543859649122806,0.03508771929824561,0.23451514222222222,94.83666666666664,L,0.03785488958990536,0.05362776025236593,0.20504731861198738,0.4844124700239808,0.2586750788643533,0.07570977917981073,0.3151454856610837,100.58933333333333,14.4,L,0.0,0.0,0.0,0.03,0.06,0.0,1,Busch Stadium,85.1,49.0,5.9,0.0,0.0,0.65,0.06543591429226832,1428,,,,,,,,0.5,,,PASS
824233,2026-08-25 22:40:00+00:00,TB,DET,TB,DET,0,689414,Liam Hicks,confirmed,4.0,4.45,695549,0.022727272727272728,0.026515151515151516,0.0220125786163522,0.08333333333333333,0.16666666666666666,0.0946969696969697,0.11363636363636363,0.30338398000000005,92.83016666666667,0.04918032786885246,0.04918032786885246,0.0410958904109589,0.11475409836065574,0.19672131147540983,0.08196721311475409,0.14754098360655737,0.3494979011111112,90.87533333333334,L,0.03278688524590164,0.08196721311475409,0.14754098360655737,0.49382716049382713,0.18032786885245902,0.08196721311475409,0.3592698913043478,101.7,14.0,R,0.0,0.0,0.0,0.03,0.06,0.0,0,Comerica Park,77.5,43.0,8.5,0.0,0.0,1.00391054625443,0.06524077023120042,1433,,,,,,,,0.5,,,PASS
822693,2026-08-25 22:45:00+00:00,COL,WSH,WSH,COL,1,696285,Jacob Young,confirmed,9.0,3.7,690279,0.01818181818181818,0.05454545454545454,0.048582995951417005,0.1318181818181818,0.2545454545454545,0.17727272727272728,0.08181818181818182,0.3111569411111111,93.93966666666667,0.017857142857142856,0.05357142857142857,0.05084745762711865,0.10714285714285714,0.32142857142857145,0.14285714285714285,0.03571428571428571,0.31173076111111103,92.57733333333333,R,,,,,,,,,,,0.0,0.0,0.0,0.03,0.06,0.0,0,Nationals Park,80.3,45.0,3.5,0.0,0.0,1.290386260446141,0.06470736848390482,1445,,,,,,,,0.5,,,PASS
824233,2026-08-25 22:40:00+00:00,TB,DET,TB,DET,0,680700,Richie Palacios,confirmed,8.0,3.85,695549,0.013392857142857142,0.022321428571428572,0.016722408026755852,0.13839285714285715,0.23214285714285715,0.15178571428571427,0.12053571428571429,0.29798772277777774,93.0895,0.0,0.0,0.0,0.18181818181818182,0.23636363636363636,0.14545454545454545,0.14545454545454545,0.3135570877777779,94.05133333333335,L,0.03278688524590164,0.08196721311475409,0.14754098360655737,0.49382716049382713,0.18032786885245902,0.08196721311475409,0.3592698913043478,101.7,14.0,R,0.0,0.0,0.0,0.03,0.06,0.0,0,Comerica Park,77.5,43.0,8.5,0.0,0.0,1.00391054625443,0.06413262807833135,1459,,,,,,,,0.5,,,PASS
823016,2026-08-25 23:45:00+00:00,BAL,STL,STL,BAL,1,665877,José Fermín,confirmed,9.0,3.7,605135,0.021367521367521368,0.021367521367521368,0.01567398119122257,0.1752136752136752,0.27350427350427353,0.13247863247863248,0.08547008547008547,0.2994364947222222,94.85033333333331,0.01694915254237288,0.03389830508474576,0.023809523809523808,0.1694915254237288,0.22033898305084745,0.1016949152542373,0.11864406779661017,0.3424159022222222,95.68,R,0.026119402985074626,0.033582089552238806,0.15298507462686567,0.4355300859598854,0.13432835820895522,0.09328358208955224,0.36020923710772323,99.58,13.75,R,0.0,0.0,0.0,0.03,0.06,0.0,1,Busch Stadium,85.1,49.0,5.9,0.0,0.0,0.65,0.0625945900630179,1498,,,,,,,,0.5,,,PASS
824556,2026-08-25 23:40:00+00:00,TEX,CWS,CWS,TEX,1,691011,Drew Romo,confirmed,9.0,3.7,594798,0.03977272727272727,0.045454545454545456,0.037914691943127965,0.13636363636363635,0.21022727272727273,0.23295454545454544,0.07954545454545454,0.24657296866666667,91.4042,0.0392156862745098,0.0392156862745098,0.028985507246376812,0.1568627450980392,0.23529411764705882,0.1568627450980392,0.058823529411764705,0.2800809633333333,90.50866666666666,L,0.021806853582554516,0.04672897196261682,0.17133956386292834,0.5488721804511278,0.29906542056074764,0.07476635514018691,0.30826962179092515,100.88333333333334,15.066666666666666,R,1.0,0.0,0.0,0.029268292682926828,0.058536585365853655,0.024390243902439025,0,Rate Field,72.0,64.0,7.8,0.0,0.0,1.1838228305294174,0.06256264455782323,1498,,,,,,,,0.5,,,PASS
823585,2026-08-25 23:10:00+00:00,MIL,NYM,NYM,MIL,1,805999,A.J. Ewing,confirmed,9.0,3.7,690986,0.019083969465648856,0.04580152671755725,0.037037037037037035,0.13358778625954199,0.2633587786259542,0.25190839694656486,0.0916030534351145,0.3026368202777778,95.40066666666667,0.0,0.030303030303030304,0.024691358024691357,0.12121212121212122,0.24242424242424243,0.30303030303030304,0.12121212121212122,0.29542337,92.76399999999998,L,0.035830618892508145,0.04560260586319218,0.14006514657980457,0.5572519083969466,0.2996742671009772,0.05863192182410423,0.2668537423349691,98.35000000000001,14.866666666666667,L,0.0,0.0,0.0,0.03,0.06,0.0,1,Citi Field,75.9,53.0,5.5,0.0,0.0,0.9350940975192472,0.062237779889217755,1507,,,,,,,,0.5,,,PASS
824233,2026-08-25 22:40:00+00:00,TB,DET,DET,TB,1,595879,Javier Báez,confirmed,8.0,3.85,668984,0.013157894736842105,0.013157894736842105,0.010101010101010102,0.10526315789473684,0.18421052631578946,0.19078947368421054,0.02631578947368421,0.26893473617886177,93.64634146341463,0.0,0.0,0.0,0.08771929824561403,0.10526315789473684,0.21052631578947367,0.03508771929824561,0.22147357333333334,95.50933333333336,R,0.0,0.0,0.06451612903225806,0.4791666666666667,0.12903225806451613,0.06451612903225806,0.23163013015873016,96.036,4.8,R,0.0,0.0,0.0,0.03,0.06,0.0,1,Comerica Park,77.5,43.0,8.5,0.0,0.0,1.00391054625443,0.06183914626199316,1517,,,,,,,,0.5,,,PASS
822773,2026-08-25 23:07:00+00:00,KC,TOR,TOR,KC,1,665926,Andrés Giménez,confirmed,7.0,4.0,607625,0.013574660633484163,0.02262443438914027,0.01529051987767584,0.13574660633484162,0.2579185520361991,0.20361990950226244,0.03619909502262444,0.27409593555555556,91.66833333333334,0.01639344262295082,0.0,0.0,0.14754098360655737,0.2786885245901639,0.21311475409836064,0.04918032786885246,0.2741637611111111,90.78666666666668,L,0.03757225433526012,0.04335260115606936,0.18497109826589594,0.4642857142857143,0.16473988439306358,0.06647398843930635,0.34222954131305,101.31733333333332,15.733333333333333,R,0.0,0.0,0.0,0.03,0.06,0.0,0,Rogers Centre,69.8,75.0,2.3,0.0,0.5,0.65,0.06036954966003398,1556,,,,,,,,0.5,,,PASS
824233,2026-08-25 22:40:00+00:00,TB,DET,DET,TB,1,656716,Zach McKinstry,confirmed,6.0,4.15,668984,0.01282051282051282,0.021367521367521368,0.015384615384615385,0.1111111111111111,0.3034188034188034,0.1452991452991453,0.11965811965811966,0.3165520572222222,91.82316666666665,0.0,0.0,0.0,0.08620689655172414,0.29310344827586204,0.10344827586206896,0.15517241379310345,0.32144649,89.42733333333334,L,0.0,0.0,0.06451612903225806,0.4791666666666667,0.12903225806451613,0.06451612903225806,0.23163013015873016,96.036,4.8,R,0.0,0.0,0.0,0.03,0.06,0.0,0,Comerica Park,77.5,43.0,8.5,0.0,0.0,1.00391054625443,0.05938889121804179,1584,,,,,,,,0.5,,,PASS
823826,2026-08-25 22:40:00+00:00,BOS,MIA,MIA,BOS,1,669364,Xavier Edwards,confirmed,5.0,4.3,801139,0.0,0.0038314176245210726,0.0028735632183908046,0.10727969348659004,0.2222222222222222,0.1532567049808429,0.10344827586206896,0.2859546716666667,92.8495,0.0,0.0,0.0,0.1076923076923077,0.2153846153846154,0.16923076923076924,0.09230769230769231,0.29976526111111107,93.84333333333333,R,0.029069767441860465,0.040697674418604654,0.14244186046511628,0.6234817813765182,0.2761627906976744,0.06976744186046512,0.2592397612294372,98.50266666666668,16.4,L,0.0,0.0,0.0,0.03,0.06,0.0,0,loanDepot park,85.3,65.0,7.3,0.0,0.5,0.8217493584260052,0.05643634086686377,1672,,,,,,,,0.5,,,PASS
822773,2026-08-25 23:07:00+00:00,KC,TOR,TOR,KC,1,676391,Ernie Clement,confirmed,6.0,4.15,607625,0.011857707509881422,0.015810276679841896,0.01084010840108401,0.10276679841897234,0.31620553359683795,0.10276679841897234,0.039525691699604744,0.255630835,92.31033333333335,0.015625,0.015625,0.010869565217391304,0.0625,0.28125,0.109375,0.046875,0.24979334999999997,91.61133333333333,R,0.03757225433526012,0.04335260115606936,0.18497109826589594,0.4642857142857143,0.16473988439306358,0.06647398843930635,0.34222954131305,101.31733333333332,15.733333333333333,R,0.0,0.0,0.0,0.03,0.06,0.0,1,Rogers Centre,69.8,75.0,2.3,0.0,0.5,0.65,0.05626620816718239,1677,,,,,,,,0.5,,,PASS
822773,2026-08-25 23:07:00+00:00,KC,TOR,TOR,KC,1,703520,Brett Bateman,confirmed,1.0,4.75,607625,0.0,0.0,0.0,0.07692307692307693,0.26153846153846155,0.2,0.06153846153846154,0.2614878666666666,91.09714285714286,0.0,0.0,0.0,0.07692307692307693,0.26153846153846155,0.2,0.06153846153846154,0.2614878666666666,91.09714285714286,L,0.03757225433526012,0.04335260115606936,0.18497109826589594,0.4642857142857143,0.16473988439306358,0.06647398843930635,0.34222954131305,101.31733333333332,15.733333333333333,R,0.0,0.0,0.0,0.03,0.06,0.0,0,Rogers Centre,69.8,75.0,2.3,0.0,0.5,0.65,0.05602488487380988,1685,,,,,,,,0.5,,,PASS
823585,2026-08-25 23:10:00+00:00,MIL,NYM,NYM,MIL,1,676572,Eric Wagaman,confirmed,5.0,4.3,690986,0.030303030303030304,0.030303030303030304,0.02564102564102564,0.06060606060606061,0.18181818181818182,0.24242424242424243,0.09090909090909091,0.3047810416666666,90.22727272727273,0.030303030303030304,0.030303030303030304,0.02564102564102564,0.06060606060606061,0.18181818181818182,0.24242424242424243,0.09090909090909091,0.3047810416666666,90.22727272727273,R,0.035830618892508145,0.04560260586319218,0.14006514657980457,0.5572519083969466,0.2996742671009772,0.05863192182410423,0.2668537423349691,98.35000000000001,14.866666666666667,L,0.0,0.0,0.0,0.03,0.06,0.0,0,Citi Field,75.9,53.0,5.5,0.0,0.0,0.9350940975192472,0.055399452698858466,1705,,,,,,,,0.5,,,PASS
824233,2026-08-25 22:40:00+00:00,TB,DET,TB,DET,0,670764,Taylor Walls,confirmed,9.0,3.7,695549,0.008888888888888889,0.013333333333333334,0.011235955056179775,0.09333333333333334,0.25333333333333335,0.24,0.09777777777777778,0.25372104888888886,91.45283333333334,0.034482758620689655,0.0,0.0,0.06896551724137931,0.29310344827586204,0.1896551724137931,0.08620689655172414,0.2559899,91.67333333333333,R,0.03278688524590164,0.08196721311475409,0.14754098360655737,0.49382716049382713,0.18032786885245902,0.08196721311475409,0.3592698913043478,101.7,14.0,R,0.0,0.0,0.0,0.03,0.06,0.0,1,Comerica Park,77.5,43.0,8.5,0.0,0.0,1.00391054625443,0.05434043798078744,1740,,,,,,,,0.5,,,PASS
823016,2026-08-25 23:45:00+00:00,BAL,STL,STL,BAL,1,701675,Nathan Church,confirmed,8.0,3.85,605135,0.01818181818181818,0.031818181818181815,0.01907356948228883,0.10909090909090909,0.37272727272727274,0.17272727272727273,0.06363636363636363,0.2717450719444444,92.21866666666666,0.016666666666666666,0.016666666666666666,0.010309278350515464,0.11666666666666667,0.38333333333333336,0.1,0.08333333333333333,0.2947258677777778,91.07666666666667,L,0.026119402985074626,0.033582089552238806,0.15298507462686567,0.4355300859598854,0.13432835820895522,0.09328358208955224,0.36020923710772323,99.58,13.75,R,0.0,0.0,0.0,0.03,0.06,0.0,0,Busch Stadium,85.1,49.0,5.9,0.0,0.0,0.65,0.05327253020664282,1777,,,,,,,,0.5,,,PASS
823826,2026-08-25 22:40:00+00:00,BOS,MIA,MIA,BOS,1,640459,Brian Navarreto,confirmed,9.0,3.7,801139,0.029411764705882353,0.058823529411764705,0.05405405405405406,0.08823529411764706,0.14705882352941177,0.3235294117647059,0.058823529411764705,0.2012812196969697,84.69000000000001,0.029411764705882353,0.058823529411764705,0.05405405405405406,0.08823529411764706,0.14705882352941177,0.3235294117647059,0.058823529411764705,0.2012812196969697,84.69000000000001,R,0.029069767441860465,0.040697674418604654,0.14244186046511628,0.6234817813765182,0.2761627906976744,0.06976744186046512,0.2592397612294372,98.50266666666668,16.4,L,0.0,0.0,0.0,0.03,0.06,0.0,0,loanDepot park,85.3,65.0,7.3,0.0,0.5,0.8217493584260052,0.05287420176077145,1791,,,,,,,,0.5,,,PASS
823505,2026-08-25 23:05:00+00:00,HOU,NYY,NYY,HOU,1,676609,José Caballero,confirmed,9.0,3.7,814490,0.03463203463203463,0.03463203463203463,0.025559105431309903,0.09956709956709957,0.3203463203463203,0.2597402597402597,0.0735930735930736,0.28723523444444443,90.26133333333334,0.03508771929824561,0.05263157894736842,0.0410958904109589,0.10526315789473684,0.2982456140350877,0.2807017543859649,0.10526315789473684,0.36505100555555553,88.796,R,0.0,0.0,0.1111111111111111,0.7142857142857143,0.2222222222222222,0.16666666666666666,0.30117011111111114,93.05,11.0,R,0.0,0.0,0.0,0.03,0.06,0.0,1,Yankee Stadium,76.7,53.0,7.0,0.0,0.0,1.032696511738428,0.052603195633831354,1801,,,,,,,,0.5,,,PASS
823585,2026-08-25 23:10:00+00:00,MIL,NYM,MIL,NYM,0,806198,Cooper Pratt,confirmed,9.0,3.7,804267,0.011976047904191617,0.023952095808383235,0.01904761904761905,0.10778443113772455,0.2694610778443114,0.19760479041916168,0.10778443113772455,0.30201827462121217,92.07863636363636,0.0,0.0,0.0,0.10714285714285714,0.23214285714285715,0.23214285714285715,0.10714285714285714,0.24944223000000001,91.20800000000001,R,0.03,0.07,0.215,0.4828767123287671,0.18,0.07,0.3379770672162895,102.74333333333334,16.444444444444443,L,2.0,0.0,0.0,0.02857142857142857,0.05714285714285714,0.047619047619047616,0,Citi Field,75.9,53.0,5.5,0.0,0.0,0.9350940975192472,0.05099226846401201,1861,,,,,,,,0.5,,,PASS
822773,2026-08-25 23:07:00+00:00,KC,TOR,TOR,KC,1,664702,Myles Straw,confirmed,9.0,3.7,607625,0.005128205128205128,0.020512820512820513,0.015810276679841896,0.13333333333333333,0.28717948717948716,0.11794871794871795,0.07179487179487179,0.31755127499999997,92.30607142857141,0.0,0.017857142857142856,0.013333333333333334,0.17857142857142858,0.26785714285714285,0.16071428571428573,0.05357142857142857,0.30443135444444447,91.03733333333334,R,0.03757225433526012,0.04335260115606936,0.18497109826589594,0.4642857142857143,0.16473988439306358,0.06647398843930635,0.34222954131305,101.31733333333332,15.733333333333333,R,0.0,0.0,0.0,0.03,0.06,0.0,1,Rogers Centre,69.8,75.0,2.3,0.0,0.5,0.65,0.04893623044555241,1943,,,,,,,,0.5,,,PASS
822693,2026-08-25 22:45:00+00:00,COL,WSH,WSH,COL,1,683083,Nasim Nuñez,confirmed,8.0,3.85,690279,0.004424778761061947,0.004424778761061947,0.0031545741324921135,0.06637168141592921,0.2168141592920354,0.19469026548672566,0.10176991150442478,0.2727624611111111,90.65550000000002,0.0,0.0,0.0,0.05263157894736842,0.14035087719298245,0.15789473684210525,0.08771929824561403,0.25552066777777777,93.31066666666669,L,,,,,,,,,,,0.0,0.0,0.0,0.03,0.06,0.0,0,Nationals Park,80.3,45.0,3.5,0.0,0.0,1.290386260446141,0.04817831449382302,1976,,,,,,,,0.5,,,PASS
822693,2026-08-25 22:45:00+00:00,COL,WSH,COL,WSH,0,690022,Ryan Ritter,confirmed,9.0,3.7,674841,0.0,0.0,0.0,0.0,0.5,0.0,0.0,0.12924999999999998,91.105,0.0,0.0,0.0,0.0,0.5,0.0,0.0,0.12924999999999998,91.105,R,0.013100436681222707,0.026200873362445413,0.13973799126637554,0.38223938223938225,0.20087336244541484,0.11353711790393013,0.31801848399689536,101.25272727272728,14.272727272727273,L,0.0,0.0,0.0,0.03,0.06,0.0,0,Nationals Park,80.3,45.0,3.5,0.0,0.0,1.290386260446141,0.03399592740122326,2842,,,,,,,,0.5,,,PASS
824233,2026-08-25 22:40:00+00:00,TB,DET,TB,DET,0,802415,Chandler Simpson,confirmed,5.0,4.3,695549,0.0,0.0,0.0,0.012096774193548387,0.23790322580645162,0.06048387096774194,0.036290322580645164,0.2623739461111111,90.54583333333332,0.0,0.0,0.0,0.0,0.19696969696969696,0.045454545454545456,0.030303030303030304,0.24540592999999997,90.31133333333332,L,0.03278688524590164,0.08196721311475409,0.14754098360655737,0.49382716049382713,0.18032786885245902,0.08196721311475409,0.3592698913043478,101.7,14.0,R,0.0,0.0,0.0,0.03,0.06,0.0,0,Comerica Park,77.5,43.0,8.5,0.0,0.0,1.00391054625443,0.03197454310142913,3027,,,,,,,,0.5,,,PASS
