game_pk,game_datetime,away_team,home_team,team,opponent,is_home,player_id,player_name,lineup_status,batting_order,expected_pa,opposing_starter_id,batter_hr_pa_long,batter_barrel_pa_long,batter_barrel_bbe_long,batter_hard_air_pa_long,batter_sweet_pa_long,batter_k_rate_long,batter_bb_rate_long,batter_xwoba_long,batter_ev90_long,batter_hr_pa_recent,batter_barrel_pa_recent,batter_barrel_bbe_recent,batter_hard_air_pa_recent,batter_sweet_pa_recent,batter_k_rate_recent,batter_bb_rate_recent,batter_xwoba_recent,batter_ev90_recent,batter_hand,pitcher_hr_bf,pitcher_barrel_bf,pitcher_hard_air_bf,pitcher_fly_rate,pitcher_k_rate,pitcher_bb_rate,pitcher_xwoba,pitcher_ev90,pitcher_outs,opposing_pitcher_hand,bvp_pa,bvp_hr,bvp_barrels,bvp_hr_shrunk,bvp_barrel_shrunk,bvp_reliability,same_hand,venue,temperature_f,humidity_pct,wind_speed_mph,precipitation_in,roof_control_factor,park_hr_factor,home_run_probability,fair_odds,point,over_odds,under_odds,over_no_vig_probability,under_no_vig_probability,over_book,under_book,line,market_edge,ev_per_unit,signal
822706,2026-07-26 17:35:00+00:00,ARI,WSH,WSH,ARI,1,695578,James Wood,confirmed,1.0,4.75,684442,0.05653710247349823,0.10247349823321555,0.0935483870967742,0.23674911660777384,0.2049469964664311,0.2756183745583039,0.15547703180212014,0.418739858611111,100.22166666666668,0.0684931506849315,0.0821917808219178,0.0821917808219178,0.1643835616438356,0.1917808219178082,0.273972602739726,0.1780821917808219,0.3959247,100.308,L,0.0,0.09523809523809523,0.09523809523809523,0.68,0.23809523809523808,0.09523809523809523,0.35915576190476195,102.94,15.0,L,0.0,0.0,0.0,0.03,0.06,0.0,1,Nationals Park,85.3,49.0,3.0,0.0,0.0,1.2992202729044835,0.2413179585354959,314,,,,,,,,0.5,,,HR WATCH
823840,2026-07-26 17:40:00+00:00,SD,MIA,MIA,SD,1,669065,Kyle Stowers,confirmed,2.0,4.65,621111,0.04247104247104247,0.07335907335907337,0.06597222222222222,0.22393822393822393,0.23166023166023167,0.3474903474903475,0.0888030888030888,0.31365350166666667,99.45933333333332,0.06060606060606061,0.06060606060606061,0.0547945205479452,0.24242424242424243,0.19696969696969696,0.3484848484848485,0.07575757575757576,0.2832742255555555,99.538,L,0.034375,0.065625,0.175,0.5333333333333333,0.2,0.096875,0.31650763544956656,101.058,14.666666666666666,R,0.0,0.0,0.0,0.03,0.06,0.0,0,loanDepot park,91.3,61.0,5.6,0.0,0.5,0.8531746031746031,0.21118816005372318,374,,,,,,,,0.5,,,HR WATCH
822706,2026-07-26 17:35:00+00:00,ARI,WSH,ARI,WSH,0,682998,Corbin Carroll,confirmed,1.0,4.75,571945,0.03816793893129771,0.08396946564885496,0.06707317073170732,0.1984732824427481,0.23282442748091603,0.23282442748091603,0.09923664122137404,0.33419378888888895,98.57516666666668,0.030303030303030304,0.09090909090909091,0.06896551724137931,0.22727272727272727,0.21212121212121213,0.2727272727272727,0.12121212121212122,0.30437871,95.62133333333333,L,0.06285714285714286,0.08571428571428572,0.2342857142857143,0.5161290322580645,0.14285714285714285,0.06857142857142857,0.3657347997467678,102.69624999999999,14.375,R,0.0,0.0,0.0,0.03,0.06,0.0,0,Nationals Park,85.3,49.0,3.0,0.0,0.0,1.2992202729044835,0.2073112080755321,382,,,,,,,,0.5,,,HR WATCH
822706,2026-07-26 17:35:00+00:00,ARI,WSH,ARI,WSH,0,682988,Tyler Locklear,confirmed,8.0,3.85,571945,0.058823529411764705,0.17647058823529413,0.125,0.4117647058823529,0.35294117647058826,0.11764705882352941,0.17647058823529413,0.48161924999999994,100.81,0.058823529411764705,0.17647058823529413,0.125,0.4117647058823529,0.35294117647058826,0.11764705882352941,0.17647058823529413,0.48161924999999994,100.81,R,0.06285714285714286,0.08571428571428572,0.2342857142857143,0.5161290322580645,0.14285714285714285,0.06857142857142857,0.3657347997467678,102.69624999999999,14.375,R,0.0,0.0,0.0,0.03,0.06,0.0,1,Nationals Park,85.3,49.0,3.0,0.0,0.0,1.2992202729044835,0.20723692943892064,383,,,,,,,,0.5,,,HR WATCH
822706,2026-07-26 17:35:00+00:00,ARI,WSH,ARI,WSH,0,606466,Ketel Marte,confirmed,4.0,4.45,571945,0.04797047970479705,0.08487084870848709,0.06460674157303371,0.2177121771217712,0.22509225092250923,0.12915129151291513,0.07011070110701106,0.36224467611111105,101.6175,0.014925373134328358,0.029850746268656716,0.022727272727272728,0.11940298507462686,0.2537313432835821,0.23880597014925373,0.04477611940298507,0.25776527666666665,97.96933333333332,R,0.06285714285714286,0.08571428571428572,0.2342857142857143,0.5161290322580645,0.14285714285714285,0.06857142857142857,0.3657347997467678,102.69624999999999,14.375,R,0.0,0.0,0.0,0.03,0.06,0.0,1,Nationals Park,85.3,49.0,3.0,0.0,0.0,1.2992202729044835,0.19127806641237097,423,,,,,,,,0.5,,,HR WATCH
824810,2026-07-26 17:35:00+00:00,ATL,BAL,ATL,BAL,0,686948,Drake Baldwin,confirmed,1.0,4.75,669358,0.055970149253731345,0.09701492537313433,0.07471264367816093,0.23507462686567165,0.27238805970149255,0.22388059701492538,0.11940298507462686,0.3813118327777778,99.15616666666666,0.07462686567164178,0.08955223880597014,0.06060606060606061,0.23880597014925373,0.31343283582089554,0.13432835820895522,0.16417910447761194,0.4082794855555555,99.31666666666666,L,0.01837270341207349,0.049868766404199474,0.2125984251968504,0.4943181818181818,0.2152230971128609,0.08398950131233596,0.311892212631768,101.194,17.8,R,0.0,0.0,0.0,0.03,0.06,0.0,0,Oriole Park at Camden Yards,82.5,41.0,5.1,0.0,0.0,1.008641975308642,0.18391111563431056,444,,,,,,,,0.5,,,HR WATCH
823599,2026-07-26 17:40:00+00:00,LAD,NYM,LAD,NYM,0,660271,Shohei Ohtani,confirmed,1.0,4.75,642547,0.057971014492753624,0.10144927536231885,0.09090909090909091,0.2536231884057971,0.213768115942029,0.22826086956521738,0.12681159420289856,0.41148509055555554,100.50983333333332,0.05970149253731343,0.13432835820895522,0.140625,0.2835820895522388,0.22388059701492538,0.22388059701492538,0.07462686567164178,0.3798565211111111,101.23533333333334,L,0.036827195467422094,0.036827195467422094,0.17280453257790368,0.5411255411255411,0.2096317280453258,0.09348441926345609,0.3079476092561644,99.68266666666666,15.266666666666667,R,0.0,0.0,0.0,0.03,0.06,0.0,0,Citi Field,84.2,33.0,5.7,0.0,0.0,0.970486111111111,0.18277002364090864,447,,,,,,,,0.5,,,HR WATCH
823840,2026-07-26 17:40:00+00:00,SD,MIA,SD,MIA,0,592518,Manny Machado,confirmed,3.0,4.55,676083,0.0622568093385214,0.0933852140077821,0.07741935483870968,0.20233463035019456,0.2607003891050584,0.2178988326848249,0.10894941634241245,0.3422027341666667,97.1895,0.06060606060606061,0.07575757575757576,0.06172839506172839,0.21212121212121213,0.2878787878787879,0.19696969696969696,0.09090909090909091,0.37961375222222216,99.78666666666668,R,0.037162162162162164,0.05405405405405406,0.20945945945945946,0.52,0.17229729729729729,0.06756756756756757,0.31755622864464783,101.91,15.615384615384615,R,0.0,0.0,0.0,0.03,0.06,0.0,1,loanDepot park,91.3,61.0,5.6,0.0,0.5,0.8531746031746031,0.178685500419885,460,,,,,,,,0.5,,,HR WATCH
822706,2026-07-26 17:35:00+00:00,ARI,WSH,WSH,ARI,1,682928,CJ Abrams,confirmed,4.0,4.45,684442,0.061068702290076333,0.06870229007633588,0.05217391304347826,0.26717557251908397,0.2480916030534351,0.22519083969465647,0.06870229007633588,0.3234902980952381,97.91550000000001,0.10294117647058823,0.11764705882352941,0.08602150537634409,0.3088235294117647,0.35294117647058826,0.17647058823529413,0.07352941176470588,0.4155585066666666,99.00999999999999,L,0.0,0.09523809523809523,0.09523809523809523,0.68,0.23809523809523808,0.09523809523809523,0.35915576190476195,102.94,15.0,L,0.0,0.0,0.0,0.03,0.06,0.0,1,Nationals Park,85.3,49.0,3.0,0.0,0.0,1.2992202729044835,0.17846728525929545,460,,,,,,,,0.5,,,HR WATCH
822950,2026-07-26 16:15:00+00:00,CLE,TB,TB,CLE,1,691406,Junior Caminero,confirmed,3.0,4.55,800048,0.06741573033707865,0.10112359550561797,0.09,0.2209737827715356,0.19101123595505617,0.19850187265917604,0.1348314606741573,0.370567626468254,102.62266666666666,0.04477611940298507,0.1044776119402985,0.08860759493670886,0.19402985074626866,0.1791044776119403,0.19402985074626866,0.11940298507462686,0.38164643777777774,99.908,R,0.02824858757062147,0.0423728813559322,0.1553672316384181,0.5302013422818792,0.2457627118644068,0.07909604519774012,0.28050877254540574,100.25533333333333,17.333333333333332,L,3.0,0.0,0.0,0.027906976744186046,0.05581395348837209,0.06976744186046512,0,Tropicana Field,89.5,66.0,7.1,0.0,1.0,1.0896686159844056,0.1774678319897049,463,,,,,,,,0.5,,,HR WATCH
823840,2026-07-26 17:40:00+00:00,SD,MIA,SD,MIA,0,665487,Fernando Tatis Jr.,confirmed,1.0,4.75,676083,0.029197080291970802,0.07664233576642336,0.0695364238410596,0.20437956204379562,0.11678832116788321,0.17153284671532848,0.08394160583941605,0.3579644091666666,100.38716666666667,0.04285714285714286,0.07142857142857142,0.06944444444444445,0.17142857142857143,0.11428571428571428,0.17142857142857143,0.12857142857142856,0.3879106266666667,101.13933333333333,R,0.037162162162162164,0.05405405405405406,0.20945945945945946,0.52,0.17229729729729729,0.06756756756756757,0.31755622864464783,101.91,15.615384615384615,R,0.0,0.0,0.0,0.03,0.06,0.0,1,loanDepot park,91.3,61.0,5.6,0.0,0.5,0.8531746031746031,0.17544372554403292,470,,,,,,,,0.5,,,HR WATCH
824810,2026-07-26 17:35:00+00:00,ATL,BAL,BAL,ATL,1,687952,Christian Encarnacion-Strand,confirmed,5.0,4.3,625643,0.11538461538461539,0.15384615384615385,0.08888888888888889,0.34615384615384615,0.4230769230769231,0.23076923076923078,0.038461538461538464,0.40948333333333325,98.08333333333333,0.11538461538461539,0.15384615384615385,0.08888888888888889,0.34615384615384615,0.4230769230769231,0.23076923076923078,0.038461538461538464,0.40948333333333325,98.08333333333333,R,0.042328042328042326,0.06349206349206349,0.15873015873015872,0.531496062992126,0.21693121693121692,0.09523809523809523,0.3587181295027919,100.00800000000001,12.9,R,0.0,0.0,0.0,0.03,0.06,0.0,1,Oriole Park at Camden Yards,82.5,41.0,5.1,0.0,0.0,1.008641975308642,0.17491116517382513,472,,,,,,,,0.5,,,HR WATCH
824810,2026-07-26 17:35:00+00:00,ATL,BAL,BAL,ATL,1,624413,Pete Alonso,confirmed,2.0,4.65,625643,0.04887218045112782,0.07518796992481203,0.057803468208092484,0.2556390977443609,0.2706766917293233,0.24812030075187969,0.12406015037593984,0.40067540805555557,99.74316666666668,0.029411764705882353,0.07352941176470588,0.05555555555555555,0.23529411764705882,0.27941176470588236,0.2647058823529412,0.10294117647058823,0.3803988533333334,99.17933333333335,R,0.042328042328042326,0.06349206349206349,0.15873015873015872,0.531496062992126,0.21693121693121692,0.09523809523809523,0.3587181295027919,100.00800000000001,12.9,R,0.0,0.0,0.0,0.03,0.06,0.0,1,Oriole Park at Camden Yards,82.5,41.0,5.1,0.0,0.0,1.008641975308642,0.1730026928215506,478,,,,,,,,0.5,,,HR WATCH
824810,2026-07-26 17:35:00+00:00,ATL,BAL,ATL,BAL,0,621566,Matt Olson,confirmed,3.0,4.55,669358,0.049429657794676805,0.06844106463878327,0.049723756906077346,0.2585551330798479,0.24334600760456274,0.23954372623574144,0.09505703422053231,0.3226412608333333,100.1905,0.04477611940298507,0.05970149253731343,0.05128205128205128,0.14925373134328357,0.26865671641791045,0.29850746268656714,0.13432835820895522,0.3023750822222222,98.64733333333332,L,0.01837270341207349,0.049868766404199474,0.2125984251968504,0.4943181818181818,0.2152230971128609,0.08398950131233596,0.311892212631768,101.194,17.8,R,0.0,0.0,0.0,0.03,0.06,0.0,0,Oriole Park at Camden Yards,82.5,41.0,5.1,0.0,0.0,1.008641975308642,0.1724186045213685,480,,,,,,,,0.5,,,HR WATCH
824246,2026-07-26 17:40:00+00:00,KC,DET,DET,KC,1,682985,Riley Greene,confirmed,4.0,4.45,679883,0.04330708661417323,0.10236220472440945,0.08024691358024691,0.3031496062992126,0.2440944881889764,0.27165354330708663,0.11023622047244094,0.3589779405555555,98.84683333333335,0.03333333333333333,0.15,0.1232876712328767,0.31666666666666665,0.25,0.26666666666666666,0.13333333333333333,0.41178790555555556,96.65799999999999,L,0.030303030303030304,0.03535353535353535,0.1414141414141414,0.4349775784753363,0.20707070707070707,0.13131313131313133,0.35120880522362724,100.69699999999999,12.9,R,0.0,0.0,0.0,0.03,0.06,0.0,0,Comerica Park,84.0,57.0,8.2,0.0,0.0,0.9010721247563352,0.1699857401307846,488,,,,,,,,0.5,,,HR WATCH
824246,2026-07-26 17:40:00+00:00,KC,DET,KC,DET,0,695506,Jac Caglianone,confirmed,4.0,4.45,664285,0.04897959183673469,0.09387755102040816,0.0701219512195122,0.22448979591836735,0.21224489795918366,0.2693877551020408,0.05714285714285714,0.35727302666666666,100.97016666666666,0.03225806451612903,0.08064516129032258,0.0625,0.16129032258064516,0.0967741935483871,0.20967741935483872,0.0,0.25465,100.546,L,0.028409090909090908,0.05113636363636364,0.17897727272727273,0.3986013986013986,0.19318181818181818,0.08238636363636363,0.3407335089125904,102.64133333333334,15.666666666666666,L,0.0,0.0,0.0,0.03,0.06,0.0,1,Comerica Park,84.0,57.0,8.2,0.0,0.0,0.9010721247563352,0.16755144667787913,497,,,,,,,,0.5,,,HR WATCH
823028,2026-07-26 18:15:00+00:00,CIN,STL,CIN,STL,0,682829,Elly De La Cruz,confirmed,1.0,4.75,681517,0.033582089552238806,0.08208955223880597,0.07746478873239436,0.17164179104477612,0.22761194029850745,0.26119402985074625,0.10820895522388059,0.3547429341666666,99.51316666666666,0.058823529411764705,0.08823529411764706,0.0821917808219178,0.14705882352941177,0.23529411764705882,0.19117647058823528,0.14705882352941177,0.39016428666666664,99.196,L,0.018575851393188854,0.06811145510835913,0.23529411764705882,0.45161290322580644,0.2043343653250774,0.07739938080495357,0.33326353062898023,102.62733333333334,14.866666666666667,R,3.0,1.0,1.0,0.051162790697674425,0.07906976744186046,0.06976744186046512,0,Busch Stadium,97.3,55.0,4.3,0.0,0.0,0.65,0.1662334365798113,502,,,,,,,,0.5,,,HR WATCH
823599,2026-07-26 17:40:00+00:00,LAD,NYM,NYM,LAD,1,596019,Francisco Lindor,confirmed,2.0,4.65,686218,0.02912621359223301,0.06310679611650485,0.046263345195729534,0.2621359223300971,0.23786407766990292,0.17475728155339806,0.10194174757281553,0.34059756702127664,99.01255319148939,0.030303030303030304,0.06060606060606061,0.043478260869565216,0.3484848484848485,0.30303030303030304,0.18181818181818182,0.12121212121212122,0.31448782333333336,99.53533333333333,L,0.041935483870967745,0.06451612903225806,0.2129032258064516,0.5871559633027523,0.27419354838709675,0.06774193548387097,0.297149381273315,100.71133333333333,14.333333333333334,R,0.0,0.0,0.0,0.03,0.06,0.0,0,Citi Field,84.2,33.0,5.7,0.0,0.0,0.970486111111111,0.16535886437159375,505,,,,,,,,0.5,,,HR WATCH
822706,2026-07-26 17:35:00+00:00,ARI,WSH,WSH,ARI,1,665953,Andrés Chaparro,confirmed,2.0,4.65,684442,0.057971014492753624,0.10144927536231885,0.07954545454545454,0.2028985507246377,0.2608695652173913,0.21739130434782608,0.10144927536231885,0.38453242424242423,96.15454545454548,0.0851063829787234,0.1276595744680851,0.1016949152542373,0.2127659574468085,0.23404255319148937,0.23404255319148937,0.0851063829787234,0.3787461222222222,96.63000000000002,R,0.0,0.09523809523809523,0.09523809523809523,0.68,0.23809523809523808,0.09523809523809523,0.35915576190476195,102.94,15.0,L,0.0,0.0,0.0,0.03,0.06,0.0,0,Nationals Park,85.3,49.0,3.0,0.0,0.0,1.2992202729044835,0.1648383396169042,507,,,,,,,,0.5,,,HR WATCH
823840,2026-07-26 17:40:00+00:00,SD,MIA,MIA,SD,1,681715,Heriberto Hernández,confirmed,3.0,4.55,621111,0.043478260869565216,0.08260869565217391,0.07851239669421488,0.21304347826086956,0.19130434782608696,0.26956521739130435,0.08260869565217391,0.3292990300595238,97.90874999999998,0.078125,0.171875,0.16176470588235295,0.21875,0.234375,0.328125,0.078125,0.3879686666666666,99.26133333333333,R,0.034375,0.065625,0.175,0.5333333333333333,0.2,0.096875,0.31650763544956656,101.058,14.666666666666666,R,0.0,0.0,0.0,0.03,0.06,0.0,1,loanDepot park,91.3,61.0,5.6,0.0,0.5,0.8531746031746031,0.16481940130874354,507,,,,,,,,0.5,,,HR WATCH
822706,2026-07-26 17:35:00+00:00,ARI,WSH,ARI,WSH,0,596146,Max Kepler,confirmed,5.0,4.3,571945,0.03278688524590164,0.06557377049180328,0.045454545454545456,0.22950819672131148,0.19672131147540983,0.19672131147540983,0.08196721311475409,0.2856011104166667,95.30812499999999,0.03389830508474576,0.06779661016949153,0.04819277108433735,0.22033898305084745,0.1694915254237288,0.2033898305084746,0.0847457627118644,0.29430785111111113,95.88066666666667,L,0.06285714285714286,0.08571428571428572,0.2342857142857143,0.5161290322580645,0.14285714285714285,0.06857142857142857,0.3657347997467678,102.69624999999999,14.375,R,0.0,0.0,0.0,0.03,0.06,0.0,0,Nationals Park,85.3,49.0,3.0,0.0,0.0,1.2992202729044835,0.16429984696019187,509,,,,,,,,0.5,,,HR WATCH
823028,2026-07-26 18:15:00+00:00,CIN,STL,STL,CIN,1,676475,Alec Burleson,confirmed,4.0,4.45,671096,0.03488372093023256,0.08527131782945736,0.060109289617486336,0.29457364341085274,0.2596899224806202,0.14728682170542637,0.06201550387596899,0.38629209277777776,100.69716666666667,0.016129032258064516,0.11290322580645161,0.07692307692307693,0.3387096774193548,0.20967741935483872,0.16129032258064516,0.06451612903225806,0.37205139444444446,101.42666666666666,L,0.034482758620689655,0.04310344827586207,0.1810344827586207,0.6059957173447538,0.20402298850574713,0.10632183908045977,0.31392533030986775,100.83866666666667,16.133333333333333,L,0.0,0.0,0.0,0.03,0.06,0.0,1,Busch Stadium,97.3,55.0,4.3,0.0,0.0,0.65,0.1619612871966025,517,,,,,,,,0.5,,,HR WATCH
823840,2026-07-26 17:40:00+00:00,SD,MIA,SD,MIA,0,664034,Ty France,confirmed,4.0,4.45,676083,0.06172839506172839,0.07818930041152264,0.05367231638418079,0.20987654320987653,0.37037037037037035,0.23045267489711935,0.04526748971193416,0.3281367616666667,97.35983333333333,0.09230769230769231,0.1076923076923077,0.06862745098039216,0.2923076923076923,0.36923076923076925,0.2,0.03076923076923077,0.379741388888889,99.69800000000001,R,0.037162162162162164,0.05405405405405406,0.20945945945945946,0.52,0.17229729729729729,0.06756756756756757,0.31755622864464783,101.91,15.615384615384615,R,0.0,0.0,0.0,0.03,0.06,0.0,1,loanDepot park,91.3,61.0,5.6,0.0,0.5,0.8531746031746031,0.16108720017088496,521,,,,,,,,0.5,,,HR WATCH
823028,2026-07-26 18:15:00+00:00,CIN,STL,CIN,STL,0,553993,Eugenio Suárez,confirmed,4.0,4.45,681517,0.049586776859504134,0.05371900826446281,0.048507462686567165,0.1487603305785124,0.2231404958677686,0.3677685950413223,0.08677685950413223,0.26199677083333334,94.74833333333335,0.09836065573770492,0.09836065573770492,0.09375,0.21311475409836064,0.22950819672131148,0.45901639344262296,0.08196721311475409,0.2829766466666667,97.24733333333333,R,0.018575851393188854,0.06811145510835913,0.23529411764705882,0.45161290322580644,0.2043343653250774,0.07739938080495357,0.33326353062898023,102.62733333333334,14.866666666666667,R,2.0,0.0,0.0,0.02857142857142857,0.05714285714285714,0.047619047619047616,1,Busch Stadium,97.3,55.0,4.3,0.0,0.0,0.65,0.16006147095523698,525,,,,,,,,0.5,,,HR WATCH
822706,2026-07-26 17:35:00+00:00,ARI,WSH,WSH,ARI,1,691781,Brady House,confirmed,5.0,4.3,684442,0.03571428571428571,0.06547619047619048,0.05472636815920398,0.15476190476190477,0.22023809523809523,0.27976190476190477,0.07142857142857142,0.2934514096491228,97.81684210526315,0.046875,0.046875,0.039473684210526314,0.1875,0.1875,0.234375,0.078125,0.3040244266666667,97.61266666666666,R,0.0,0.09523809523809523,0.09523809523809523,0.68,0.23809523809523808,0.09523809523809523,0.35915576190476195,102.94,15.0,L,0.0,0.0,0.0,0.03,0.06,0.0,0,Nationals Park,85.3,49.0,3.0,0.0,0.0,1.2992202729044835,0.15636227529727445,540,,,,,,,,0.5,,,PASS
824810,2026-07-26 17:35:00+00:00,ATL,BAL,ATL,BAL,0,671739,Michael Harris II,confirmed,4.0,4.45,669358,0.045283018867924525,0.07169811320754717,0.051771117166212535,0.21132075471698114,0.2188679245283019,0.2037735849056604,0.033962264150943396,0.3202180380555555,99.15149999999998,0.04285714285714286,0.05714285714285714,0.0392156862745098,0.2,0.2,0.15714285714285714,0.0,0.27753095555555557,99.218,L,0.01837270341207349,0.049868766404199474,0.2125984251968504,0.4943181818181818,0.2152230971128609,0.08398950131233596,0.311892212631768,101.194,17.8,R,0.0,0.0,0.0,0.03,0.06,0.0,0,Oriole Park at Camden Yards,82.5,41.0,5.1,0.0,0.0,1.008641975308642,0.14937622613690202,569,,,,,,,,0.5,,,PASS
823599,2026-07-26 17:40:00+00:00,LAD,NYM,LAD,NYM,0,571970,Max Muncy,confirmed,4.0,4.45,642547,0.04564315352697095,0.07883817427385892,0.06397306397306397,0.22821576763485477,0.22406639004149378,0.22821576763485477,0.12033195020746888,0.3375319236111111,95.92383333333333,0.04918032786885246,0.06557377049180328,0.04819277108433735,0.26229508196721313,0.19672131147540983,0.26229508196721313,0.11475409836065574,0.29787974888888885,94.51399999999998,L,0.036827195467422094,0.036827195467422094,0.17280453257790368,0.5411255411255411,0.2096317280453258,0.09348441926345609,0.3079476092561644,99.68266666666666,15.266666666666667,R,0.0,0.0,0.0,0.03,0.06,0.0,0,Citi Field,84.2,33.0,5.7,0.0,0.0,0.970486111111111,0.1493580376535273,570,,,,,,,,0.5,,,PASS
823840,2026-07-26 17:40:00+00:00,SD,MIA,SD,MIA,0,701538,Jackson Merrill,confirmed,5.0,4.3,676083,0.039525691699604744,0.07114624505928854,0.04699738903394256,0.23715415019762845,0.35968379446640314,0.24110671936758893,0.05533596837944664,0.30024662194444446,95.99399999999999,0.05970149253731343,0.07462686567164178,0.045454545454545456,0.2835820895522388,0.3880597014925373,0.1791044776119403,0.05970149253731343,0.3698718177777778,96.0,L,0.037162162162162164,0.05405405405405406,0.20945945945945946,0.52,0.17229729729729729,0.06756756756756757,0.31755622864464783,101.91,15.615384615384615,R,0.0,0.0,0.0,0.03,0.06,0.0,0,loanDepot park,91.3,61.0,5.6,0.0,0.5,0.8531746031746031,0.14751623234426542,578,,,,,,,,0.5,,,PASS
823028,2026-07-26 18:15:00+00:00,CIN,STL,STL,CIN,1,691023,Jordan Walker,confirmed,3.0,4.55,671096,0.039525691699604744,0.07905138339920949,0.06493506493506493,0.1383399209486166,0.15019762845849802,0.22529644268774704,0.06324110671936758,0.34011490055555554,100.26883333333333,0.03225806451612903,0.0967741935483871,0.07228915662650602,0.11290322580645161,0.22580645161290322,0.20967741935483872,0.06451612903225806,0.33609232777777787,101.41666666666666,R,0.034482758620689655,0.04310344827586207,0.1810344827586207,0.6059957173447538,0.20402298850574713,0.10632183908045977,0.31392533030986775,100.83866666666667,16.133333333333333,L,0.0,0.0,0.0,0.03,0.06,0.0,0,Busch Stadium,97.3,55.0,4.3,0.0,0.0,0.65,0.14739462656079294,578,,,,,,,,0.5,,,PASS
824730,2026-07-26 17:35:00+00:00,TOR,BOS,BOS,TOR,1,575929,Willson Contreras,confirmed,4.0,4.45,592332,0.05714285714285714,0.07755102040816327,0.061488673139158574,0.23673469387755103,0.2163265306122449,0.23265306122448978,0.08979591836734693,0.3854230558333333,99.59593220338982,0.06557377049180328,0.11475409836065574,0.0958904109589041,0.3114754098360656,0.18032786885245902,0.19672131147540983,0.13114754098360656,0.46495802333333336,100.42466666666668,R,0.03389830508474576,0.059322033898305086,0.192090395480226,0.5654885654885655,0.2231638418079096,0.07909604519774012,0.3263742612726831,100.72600000000001,16.066666666666666,R,0.0,0.0,0.0,0.03,0.06,0.0,1,Fenway Park,73.9,46.0,10.4,0.0,0.0,0.9157407407407406,0.14701138775824432,580,,,,,,,,0.5,,,PASS
824730,2026-07-26 17:35:00+00:00,TOR,BOS,BOS,TOR,1,677800,Wilyer Abreu,confirmed,3.0,4.55,592332,0.03409090909090909,0.09090909090909091,0.06504065040650407,0.20454545454545456,0.3333333333333333,0.2196969696969697,0.08333333333333333,0.3227580825,96.48933333333333,0.07692307692307693,0.13846153846153847,0.1232876712328767,0.27692307692307694,0.3230769230769231,0.23076923076923078,0.09230769230769231,0.4081952066666667,98.94066666666667,L,0.03389830508474576,0.059322033898305086,0.192090395480226,0.5654885654885655,0.2231638418079096,0.07909604519774012,0.3263742612726831,100.72600000000001,16.066666666666666,R,0.0,0.0,0.0,0.03,0.06,0.0,0,Fenway Park,73.9,46.0,10.4,0.0,0.0,0.9157407407407406,0.1425706179613031,601,,,,,,,,0.5,,,PASS
822706,2026-07-26 17:35:00+00:00,ARI,WSH,ARI,WSH,0,571448,Nolan Arenado,confirmed,6.0,4.15,571945,0.03305785123966942,0.045454545454545456,0.034055727554179564,0.19834710743801653,0.2603305785123967,0.21487603305785125,0.10330578512396695,0.2864917541666667,95.9165,0.08064516129032258,0.08064516129032258,0.07462686567164178,0.14516129032258066,0.20967741935483872,0.22580645161290322,0.16129032258064516,0.33447603000000004,94.438,R,0.06285714285714286,0.08571428571428572,0.2342857142857143,0.5161290322580645,0.14285714285714285,0.06857142857142857,0.3657347997467678,102.69624999999999,14.375,R,0.0,0.0,0.0,0.03,0.06,0.0,1,Nationals Park,85.3,49.0,3.0,0.0,0.0,1.2992202729044835,0.14105104887244282,609,,,,,,,,0.5,,,PASS
824246,2026-07-26 17:40:00+00:00,KC,DET,KC,DET,0,521692,Salvador Perez,confirmed,3.0,4.55,664285,0.03968253968253968,0.08333333333333333,0.057065217391304345,0.24206349206349206,0.2896825396825397,0.1984126984126984,0.03968253968253968,0.3061034097222222,96.6465,0.06349206349206349,0.09523809523809523,0.06666666666666667,0.19047619047619047,0.2698412698412698,0.23809523809523808,0.06349206349206349,0.34683242333333336,97.16400000000002,R,0.028409090909090908,0.05113636363636364,0.17897727272727273,0.3986013986013986,0.19318181818181818,0.08238636363636363,0.3407335089125904,102.64133333333334,15.666666666666666,L,3.0,0.0,0.0,0.027906976744186046,0.05581395348837209,0.06976744186046512,0,Comerica Park,84.0,57.0,8.2,0.0,0.0,0.9010721247563352,0.14025362650496445,613,,,,,,,,0.5,,,PASS
823028,2026-07-26 18:15:00+00:00,CIN,STL,CIN,STL,0,668715,Spencer Steer,confirmed,2.0,4.65,681517,0.04330708661417323,0.06692913385826772,0.056291390728476824,0.20078740157480315,0.23622047244094488,0.20078740157480315,0.0984251968503937,0.3265864474999999,95.34169491525424,0.04918032786885246,0.04918032786885246,0.0410958904109589,0.18032786885245902,0.22950819672131148,0.14754098360655737,0.08196721311475409,0.37745356,96.10285714285715,R,0.018575851393188854,0.06811145510835913,0.23529411764705882,0.45161290322580644,0.2043343653250774,0.07739938080495357,0.33326353062898023,102.62733333333334,14.866666666666667,R,2.0,0.0,0.0,0.02857142857142857,0.05714285714285714,0.047619047619047616,1,Busch Stadium,97.3,55.0,4.3,0.0,0.0,0.65,0.13948043503209312,617,,,,,,,,0.5,,,PASS
823840,2026-07-26 17:40:00+00:00,SD,MIA,SD,MIA,0,630105,Jake Cronenworth,confirmed,2.0,4.65,676083,0.015384615384615385,0.035897435897435895,0.026923076923076925,0.15897435897435896,0.2,0.21025641025641026,0.11282051282051282,0.3056573003333333,94.6384,0.016666666666666666,0.016666666666666666,0.011235955056179775,0.21666666666666667,0.16666666666666666,0.21666666666666667,0.11666666666666667,0.3251735422222222,97.30999999999999,L,0.037162162162162164,0.05405405405405406,0.20945945945945946,0.52,0.17229729729729729,0.06756756756756757,0.31755622864464783,101.91,15.615384615384615,R,0.0,0.0,0.0,0.03,0.06,0.0,0,loanDepot park,91.3,61.0,5.6,0.0,0.5,0.8531746031746031,0.1378503568431856,625,,,,,,,,0.5,,,PASS
823755,2026-07-26 18:10:00+00:00,COL,MIL,COL,MIL,0,666160,Mickey Moniak,confirmed,2.0,4.65,694819,0.06779661016949153,0.08050847457627118,0.05956112852664577,0.2457627118644068,0.25,0.2457627118644068,0.05508474576271186,0.29540741666666664,96.90421052631578,0.04918032786885246,0.04918032786885246,0.03488372093023256,0.21311475409836064,0.16393442622950818,0.21311475409836064,0.03278688524590164,0.26596200555555555,96.51533333333333,L,0.014245014245014245,0.011396011396011397,0.09686609686609686,0.5235732009925558,0.39886039886039887,0.05413105413105413,0.20848664900726258,97.97666666666666,18.666666666666668,R,0.0,0.0,0.0,0.03,0.06,0.0,0,American Family Field,84.1,70.0,8.4,0.0,0.5,0.9220272904483432,0.1376576586441176,626,,,,,,,,0.5,,,PASS
823028,2026-07-26 18:15:00+00:00,CIN,STL,STL,CIN,1,676369,Nelson Velázquez,confirmed,7.0,4.0,671096,0.06666666666666667,0.08333333333333333,0.07042253521126761,0.31666666666666665,0.18333333333333332,0.23333333333333334,0.1,0.3750299156862745,97.02588235294118,0.057692307692307696,0.07692307692307693,0.06779661016949153,0.3269230769230769,0.19230769230769232,0.2692307692307692,0.11538461538461539,0.34220632111111104,96.31733333333334,R,0.034482758620689655,0.04310344827586207,0.1810344827586207,0.6059957173447538,0.20402298850574713,0.10632183908045977,0.31392533030986775,100.83866666666667,16.133333333333333,L,0.0,0.0,0.0,0.03,0.06,0.0,0,Busch Stadium,97.3,55.0,4.3,0.0,0.0,0.65,0.13738999536989802,628,,,,,,,,0.5,,,PASS
822706,2026-07-26 17:35:00+00:00,ARI,WSH,WSH,ARI,1,686611,Dylan Crews,confirmed,3.0,4.55,684442,0.037037037037037035,0.06481481481481481,0.0546875,0.14351851851851852,0.25462962962962965,0.2175925925925926,0.07407407407407407,0.32830805333333335,97.07719999999999,0.046153846153846156,0.06153846153846154,0.056338028169014086,0.1076923076923077,0.26153846153846155,0.24615384615384617,0.16923076923076924,0.34030688666666664,93.79133333333331,R,0.0,0.09523809523809523,0.09523809523809523,0.68,0.23809523809523808,0.09523809523809523,0.35915576190476195,102.94,15.0,L,0.0,0.0,0.0,0.03,0.06,0.0,0,Nationals Park,85.3,49.0,3.0,0.0,0.0,1.2992202729044835,0.13517190011442365,640,,,,,,,,0.5,,,PASS
822706,2026-07-26 17:35:00+00:00,ARI,WSH,ARI,WSH,0,680728,Adrian Del Castillo,confirmed,7.0,4.0,571945,0.023668639053254437,0.04142011834319527,0.03271028037383177,0.16568047337278108,0.20710059171597633,0.30177514792899407,0.07100591715976332,0.2561731611111111,93.34613636363635,0.03636363636363636,0.03636363636363636,0.028169014084507043,0.16363636363636364,0.23636363636363636,0.2545454545454545,0.05454545454545454,0.2867247222222221,92.26733333333333,L,0.06285714285714286,0.08571428571428572,0.2342857142857143,0.5161290322580645,0.14285714285714285,0.06857142857142857,0.3657347997467678,102.69624999999999,14.375,R,0.0,0.0,0.0,0.03,0.06,0.0,0,Nationals Park,85.3,49.0,3.0,0.0,0.0,1.2992202729044835,0.13407908768309965,646,,,,,,,,0.5,,,PASS
823028,2026-07-26 18:15:00+00:00,CIN,STL,CIN,STL,0,668709,JJ Bleday,confirmed,3.0,4.55,681517,0.04961832061068702,0.05725190839694656,0.04573170731707317,0.20229007633587787,0.2633587786259542,0.21374045801526717,0.12595419847328243,0.3441420466666667,96.72049999999999,0.06451612903225806,0.08064516129032258,0.058823529411764705,0.22580645161290322,0.3064516129032258,0.24193548387096775,0.12903225806451613,0.3495377033333334,97.2,L,0.018575851393188854,0.06811145510835913,0.23529411764705882,0.45161290322580644,0.2043343653250774,0.07739938080495357,0.33326353062898023,102.62733333333334,14.866666666666667,R,5.0,0.0,0.0,0.026666666666666665,0.05333333333333333,0.1111111111111111,0,Busch Stadium,97.3,55.0,4.3,0.0,0.0,0.65,0.13388160920613532,647,,,,,,,,0.5,,,PASS
823028,2026-07-26 18:15:00+00:00,CIN,STL,STL,CIN,1,802139,JJ Wetherholt,confirmed,1.0,4.75,671096,0.029197080291970802,0.04744525547445255,0.03823529411764706,0.20802919708029197,0.24087591240875914,0.14963503649635038,0.09124087591240876,0.3430036363888889,96.39000000000001,0.03076923076923077,0.046153846153846156,0.04411764705882353,0.2,0.16923076923076924,0.16923076923076924,0.1076923076923077,0.3225158166666667,95.51666666666667,L,0.034482758620689655,0.04310344827586207,0.1810344827586207,0.6059957173447538,0.20402298850574713,0.10632183908045977,0.31392533030986775,100.83866666666667,16.133333333333333,L,0.0,0.0,0.0,0.03,0.06,0.0,1,Busch Stadium,97.3,55.0,4.3,0.0,0.0,0.65,0.13334654058432097,650,,,,,,,,0.5,,,PASS
824810,2026-07-26 17:35:00+00:00,ATL,BAL,ATL,BAL,0,663586,Austin Riley,confirmed,7.0,4.0,669358,0.024793388429752067,0.06611570247933884,0.054982817869415807,0.2066115702479339,0.17768595041322313,0.32644628099173556,0.07851239669421488,0.29022211805555553,96.81083333333332,0.04918032786885246,0.08196721311475409,0.0641025641025641,0.21311475409836064,0.18032786885245902,0.3442622950819672,0.04918032786885246,0.33147004888888887,98.61866666666667,R,0.01837270341207349,0.049868766404199474,0.2125984251968504,0.4943181818181818,0.2152230971128609,0.08398950131233596,0.311892212631768,101.194,17.8,R,0.0,0.0,0.0,0.03,0.06,0.0,1,Oriole Park at Camden Yards,82.5,41.0,5.1,0.0,0.0,1.008641975308642,0.13236891661644415,655,,,,,,,,0.5,,,PASS
824246,2026-07-26 17:40:00+00:00,KC,DET,KC,DET,0,657041,Lane Thomas,confirmed,1.0,4.75,664285,0.036290322580645164,0.05241935483870968,0.041935483870967745,0.1774193548387097,0.20967741935483872,0.23790322580645162,0.0967741935483871,0.3145411872222222,96.16333333333331,0.046875,0.09375,0.0821917808219178,0.265625,0.140625,0.296875,0.078125,0.3235240588888889,99.10799999999999,R,0.028409090909090908,0.05113636363636364,0.17897727272727273,0.3986013986013986,0.19318181818181818,0.08238636363636363,0.3407335089125904,102.64133333333334,15.666666666666666,L,3.0,0.0,0.0,0.027906976744186046,0.05581395348837209,0.06976744186046512,0,Comerica Park,84.0,57.0,8.2,0.0,0.0,0.9010721247563352,0.13096456511430865,664,,,,,,,,0.5,,,PASS
822950,2026-07-26 16:15:00+00:00,CLE,TB,TB,CLE,1,650490,Yandy Díaz,confirmed,1.0,4.75,800048,0.033962264150943396,0.05660377358490566,0.040106951871657755,0.18867924528301888,0.21132075471698114,0.15471698113207547,0.09811320754716982,0.35906151638888884,99.24266666666666,0.014492753623188406,0.057971014492753624,0.037383177570093455,0.18840579710144928,0.2753623188405797,0.15942028985507245,0.043478260869565216,0.3009736755555556,98.36066666666665,R,0.02824858757062147,0.0423728813559322,0.1553672316384181,0.5302013422818792,0.2457627118644068,0.07909604519774012,0.28050877254540574,100.25533333333333,17.333333333333332,L,3.0,0.0,0.0,0.027906976744186046,0.05581395348837209,0.06976744186046512,0,Tropicana Field,89.5,66.0,7.1,0.0,1.0,1.0896686159844056,0.12961456623575623,672,,,,,,,,0.5,,,PASS
824246,2026-07-26 17:40:00+00:00,KC,DET,DET,KC,1,693307,Dillon Dingler,confirmed,5.0,4.3,679883,0.06153846153846154,0.06538461538461539,0.05167173252279635,0.23846153846153847,0.25384615384615383,0.23461538461538461,0.06923076923076923,0.36623313583333333,97.5275,0.04918032786885246,0.03278688524590164,0.0273972602739726,0.21311475409836064,0.2459016393442623,0.2459016393442623,0.03278688524590164,0.31344999333333334,94.62066666666668,R,0.030303030303030304,0.03535353535353535,0.1414141414141414,0.4349775784753363,0.20707070707070707,0.13131313131313133,0.35120880522362724,100.69699999999999,12.9,R,0.0,0.0,0.0,0.03,0.06,0.0,1,Comerica Park,84.0,57.0,8.2,0.0,0.0,0.9010721247563352,0.12849765466340632,678,,,,,,,,0.5,,,PASS
823755,2026-07-26 18:10:00+00:00,COL,MIL,COL,MIL,0,696100,Hunter Goodman,confirmed,3.0,4.55,694819,0.08494208494208494,0.11196911196911197,0.09235668789808917,0.22393822393822393,0.18146718146718147,0.2857142857142857,0.09652509652509653,0.3501030263888889,96.87466666666666,0.0625,0.09375,0.07692307692307693,0.21875,0.1875,0.28125,0.171875,0.41574274222222224,93.96133333333333,R,0.014245014245014245,0.011396011396011397,0.09686609686609686,0.5235732009925558,0.39886039886039887,0.05413105413105413,0.20848664900726258,97.97666666666666,18.666666666666668,R,3.0,0.0,0.0,0.027906976744186046,0.05581395348837209,0.06976744186046512,1,American Family Field,84.1,70.0,8.4,0.0,0.5,0.9220272904483432,0.12832680671819682,679,,,,,,,,0.5,,,PASS
823599,2026-07-26 17:40:00+00:00,LAD,NYM,LAD,NYM,0,518692,Freddie Freeman,confirmed,3.0,4.55,642547,0.0421455938697318,0.06130268199233716,0.03980099502487562,0.2222222222222222,0.3563218390804598,0.19157088122605365,0.12643678160919541,0.3839960369444445,96.89016666666667,0.0,0.016129032258064516,0.010869565217391304,0.20967741935483872,0.2903225806451613,0.1774193548387097,0.04838709677419355,0.3470826377777778,96.71333333333332,L,0.036827195467422094,0.036827195467422094,0.17280453257790368,0.5411255411255411,0.2096317280453258,0.09348441926345609,0.3079476092561644,99.68266666666666,15.266666666666667,R,0.0,0.0,0.0,0.03,0.06,0.0,0,Citi Field,84.2,33.0,5.7,0.0,0.0,0.970486111111111,0.12755602763536597,684,,,,,,,,0.5,,,PASS
822950,2026-07-26 16:15:00+00:00,CLE,TB,CLE,TB,0,608070,José Ramírez,confirmed,2.0,4.65,656876,0.030418250950570342,0.03802281368821293,0.026041666666666668,0.23193916349809887,0.25475285171102663,0.13307984790874525,0.13307984790874525,0.3463299969444444,98.298,0.030303030303030304,0.015151515151515152,0.010869565217391304,0.18181818181818182,0.25757575757575757,0.13636363636363635,0.06060606060606061,0.2685519955555556,96.12866666666666,L,0.02346041055718475,0.04105571847507331,0.1436950146627566,0.5020661157024794,0.2434017595307918,0.04398826979472141,0.2906183141602472,100.2846666666667,16.733333333333334,R,3.0,0.0,0.0,0.027906976744186046,0.05581395348837209,0.06976744186046512,0,Tropicana Field,89.5,66.0,7.1,0.0,1.0,1.0896686159844056,0.12733727844555823,685,,,,,,,,0.5,,,PASS
823599,2026-07-26 17:40:00+00:00,LAD,NYM,LAD,NYM,0,681624,Andy Pages,confirmed,2.0,4.65,642547,0.02909090909090909,0.06181818181818182,0.04722222222222222,0.1781818181818182,0.3018181818181818,0.19636363636363635,0.09454545454545454,0.3246235672222222,96.07800000000002,0.015151515151515152,0.030303030303030304,0.020618556701030927,0.16666666666666666,0.3484848484848485,0.22727272727272727,0.12121212121212122,0.32510556,94.38866666666667,R,0.036827195467422094,0.036827195467422094,0.17280453257790368,0.5411255411255411,0.2096317280453258,0.09348441926345609,0.3079476092561644,99.68266666666666,15.266666666666667,R,0.0,0.0,0.0,0.03,0.06,0.0,1,Citi Field,84.2,33.0,5.7,0.0,0.0,0.970486111111111,0.12568419600635497,696,,,,,,,,0.5,,,PASS
824810,2026-07-26 17:35:00+00:00,ATL,BAL,BAL,ATL,1,687637,Dylan Beavers,confirmed,1.0,4.75,625643,0.012195121951219513,0.036585365853658534,0.027777777777777776,0.17682926829268292,0.22560975609756098,0.23170731707317074,0.09146341463414634,0.28697286976744185,94.30023255813954,0.0,0.03508771929824561,0.028169014084507043,0.15789473684210525,0.21052631578947367,0.22807017543859648,0.05263157894736842,0.2951423955555556,95.25466666666665,L,0.042328042328042326,0.06349206349206349,0.15873015873015872,0.531496062992126,0.21693121693121692,0.09523809523809523,0.3587181295027919,100.00800000000001,12.9,R,0.0,0.0,0.0,0.03,0.06,0.0,0,Oriole Park at Camden Yards,82.5,41.0,5.1,0.0,0.0,1.008641975308642,0.12534704459901996,698,,,,,,,,0.5,,,PASS
822706,2026-07-26 17:35:00+00:00,ARI,WSH,ARI,WSH,0,672515,Gabriel Moreno,confirmed,3.0,4.55,571945,0.023166023166023165,0.04633204633204633,0.0332409972299169,0.15057915057915058,0.2972972972972973,0.13127413127413126,0.1274131274131274,0.3844983966666667,96.01916666666666,0.014925373134328358,0.04477611940298507,0.030303030303030304,0.13432835820895522,0.3582089552238806,0.11940298507462686,0.11940298507462686,0.43764874333333326,96.696,R,0.06285714285714286,0.08571428571428572,0.2342857142857143,0.5161290322580645,0.14285714285714285,0.06857142857142857,0.3657347997467678,102.69624999999999,14.375,R,0.0,0.0,0.0,0.03,0.06,0.0,1,Nationals Park,85.3,49.0,3.0,0.0,0.0,1.2992202729044835,0.12338920333229024,710,,,,,,,,0.5,,,PASS
824810,2026-07-26 17:35:00+00:00,ATL,BAL,BAL,ATL,1,681297,Colton Cowser,confirmed,6.0,4.15,625643,0.02843601895734597,0.061611374407582936,0.05555555555555555,0.17061611374407584,0.2132701421800948,0.3080568720379147,0.12796208530805686,0.3150813008333333,93.6628813559322,0.0,0.018867924528301886,0.02127659574468085,0.18867924528301888,0.20754716981132076,0.3584905660377358,0.1509433962264151,0.26965543222222216,96.096,L,0.042328042328042326,0.06349206349206349,0.15873015873015872,0.531496062992126,0.21693121693121692,0.09523809523809523,0.3587181295027919,100.00800000000001,12.9,R,0.0,0.0,0.0,0.03,0.06,0.0,0,Oriole Park at Camden Yards,82.5,41.0,5.1,0.0,0.0,1.008641975308642,0.12272442351380168,715,,,,,,,,0.5,,,PASS
823028,2026-07-26 18:15:00+00:00,CIN,STL,STL,CIN,1,671056,Iván Herrera,confirmed,2.0,4.65,671096,0.026717557251908396,0.030534351145038167,0.0221606648199446,0.14885496183206107,0.2480916030534351,0.17557251908396945,0.08778625954198473,0.30736776472222227,97.21566666666666,0.015873015873015872,0.0,0.0,0.14285714285714285,0.25396825396825395,0.2222222222222222,0.031746031746031744,0.2096758277777778,94.14933333333333,R,0.034482758620689655,0.04310344827586207,0.1810344827586207,0.6059957173447538,0.20402298850574713,0.10632183908045977,0.31392533030986775,100.83866666666667,16.133333333333333,L,0.0,0.0,0.0,0.03,0.06,0.0,0,Busch Stadium,97.3,55.0,4.3,0.0,0.0,0.65,0.12192424645655393,720,,,,,,,,0.5,,,PASS
822706,2026-07-26 17:35:00+00:00,ARI,WSH,ARI,WSH,0,672695,Geraldo Perdomo,confirmed,2.0,4.65,571945,0.01893939393939394,0.01893939393939394,0.014204545454545454,0.13636363636363635,0.20454545454545456,0.10984848484848485,0.15151515151515152,0.3251946272222222,94.2371666666667,0.028985507246376812,0.014492753623188406,0.011494252873563218,0.10144927536231885,0.2028985507246377,0.08695652173913043,0.18840579710144928,0.30623283,94.12733333333333,R,0.06285714285714286,0.08571428571428572,0.2342857142857143,0.5161290322580645,0.14285714285714285,0.06857142857142857,0.3657347997467678,102.69624999999999,14.375,R,0.0,0.0,0.0,0.03,0.06,0.0,1,Nationals Park,85.3,49.0,3.0,0.0,0.0,1.2992202729044835,0.12119883962021166,725,,,,,,,,0.5,,,PASS
824246,2026-07-26 17:40:00+00:00,KC,DET,DET,KC,1,679529,Spencer Torkelson,confirmed,7.0,4.0,679883,0.049586776859504134,0.0743801652892562,0.06338028169014084,0.19421487603305784,0.26859504132231404,0.34297520661157027,0.08264462809917356,0.284233815,94.75416666666666,0.08333333333333333,0.08333333333333333,0.06756756756756757,0.15,0.26666666666666666,0.36666666666666664,0.06666666666666667,0.23999417111111113,94.468,R,0.030303030303030304,0.03535353535353535,0.1414141414141414,0.4349775784753363,0.20707070707070707,0.13131313131313133,0.35120880522362724,100.69699999999999,12.9,R,0.0,0.0,0.0,0.03,0.06,0.0,1,Comerica Park,84.0,57.0,8.2,0.0,0.0,0.9010721247563352,0.12104140212616522,726,,,,,,,,0.5,,,PASS
824246,2026-07-26 17:40:00+00:00,KC,DET,DET,KC,1,681481,Kerry Carpenter,confirmed,6.0,4.15,679883,0.05687203791469194,0.06635071090047394,0.05090909090909091,0.24644549763033174,0.24170616113744076,0.2890995260663507,0.05687203791469194,0.2832092872222223,95.11216666666668,0.01818181818181818,0.03636363636363636,0.025974025974025976,0.16363636363636364,0.21818181818181817,0.2545454545454545,0.03636363636363636,0.2599126655555556,91.02266666666665,L,0.030303030303030304,0.03535353535353535,0.1414141414141414,0.4349775784753363,0.20707070707070707,0.13131313131313133,0.35120880522362724,100.69699999999999,12.9,R,0.0,0.0,0.0,0.03,0.06,0.0,0,Comerica Park,84.0,57.0,8.2,0.0,0.0,0.9010721247563352,0.12041089004203083,730,,,,,,,,0.5,,,PASS
822950,2026-07-26 16:15:00+00:00,CLE,TB,CLE,TB,0,800050,Chase DeLauter,confirmed,3.0,4.55,656876,0.022900763358778626,0.04198473282442748,0.03133903133903134,0.18702290076335878,0.22137404580152673,0.1450381679389313,0.08396946564885496,0.34291410277777773,99.33133333333333,0.05970149253731343,0.1044776119402985,0.07777777777777778,0.22388059701492538,0.2835820895522388,0.11940298507462686,0.1044776119402985,0.41728845,101.44933333333337,L,0.02346041055718475,0.04105571847507331,0.1436950146627566,0.5020661157024794,0.2434017595307918,0.04398826979472141,0.2906183141602472,100.2846666666667,16.733333333333334,R,3.0,0.0,0.0,0.027906976744186046,0.05581395348837209,0.06976744186046512,0,Tropicana Field,89.5,66.0,7.1,0.0,1.0,1.0896686159844056,0.1199576417094352,734,,,,,,,,0.5,,,PASS
823028,2026-07-26 18:15:00+00:00,CIN,STL,CIN,STL,0,663993,Nathaniel Lowe,confirmed,5.0,4.3,681517,0.05217391304347826,0.07391304347826087,0.05555555555555555,0.1782608695652174,0.26521739130434785,0.25217391304347825,0.10434782608695652,0.3370580105555555,95.21016666666667,0.05172413793103448,0.05172413793103448,0.03529411764705882,0.1896551724137931,0.25862068965517243,0.3448275862068966,0.05172413793103448,0.25511730444444447,94.31666666666666,L,0.018575851393188854,0.06811145510835913,0.23529411764705882,0.45161290322580644,0.2043343653250774,0.07739938080495357,0.33326353062898023,102.62733333333334,14.866666666666667,R,5.0,1.0,2.0,0.04888888888888889,0.09777777777777778,0.1111111111111111,0,Busch Stadium,97.3,55.0,4.3,0.0,0.0,0.65,0.11990080214645037,734,,,,,,,,0.5,,,PASS
822706,2026-07-26 17:35:00+00:00,ARI,WSH,ARI,WSH,0,694374,Tim Tawa,confirmed,9.0,3.7,571945,0.03389830508474576,0.059322033898305086,0.045454545454545456,0.2033898305084746,0.2711864406779661,0.19491525423728814,0.06779661016949153,0.3058207731182796,95.81967741935483,0.05,0.1,0.08,0.26666666666666666,0.3333333333333333,0.2,0.03333333333333333,0.34526797000000004,98.03733333333335,R,0.06285714285714286,0.08571428571428572,0.2342857142857143,0.5161290322580645,0.14285714285714285,0.06857142857142857,0.3657347997467678,102.69624999999999,14.375,R,0.0,0.0,0.0,0.03,0.06,0.0,1,Nationals Park,85.3,49.0,3.0,0.0,0.0,1.2992202729044835,0.11970578685803328,735,,,,,,,,0.5,,,PASS
824810,2026-07-26 17:35:00+00:00,ATL,BAL,ATL,BAL,0,645277,Ozzie Albies,confirmed,2.0,4.65,669358,0.03409090909090909,0.03409090909090909,0.023017902813299233,0.1893939393939394,0.29545454545454547,0.16287878787878787,0.06060606060606061,0.27791151222222227,95.67783333333334,0.04477611940298507,0.029850746268656716,0.019801980198019802,0.16417910447761194,0.29850746268656714,0.29850746268656714,0.05970149253731343,0.22667269444444443,93.86933333333334,L,0.01837270341207349,0.049868766404199474,0.2125984251968504,0.4943181818181818,0.2152230971128609,0.08398950131233596,0.311892212631768,101.194,17.8,R,0.0,0.0,0.0,0.03,0.06,0.0,0,Oriole Park at Camden Yards,82.5,41.0,5.1,0.0,0.0,1.008641975308642,0.11959468914712006,736,,,,,,,,0.5,,,PASS
823840,2026-07-26 17:40:00+00:00,SD,MIA,MIA,SD,1,665052,Griffin Conine,confirmed,6.0,4.15,621111,0.041237113402061855,0.07216494845360824,0.058333333333333334,0.18556701030927836,0.24742268041237114,0.30927835051546393,0.09278350515463918,0.3398254018518518,94.09592592592593,0.03508771929824561,0.07017543859649122,0.05,0.17543859649122806,0.2982456140350877,0.3157894736842105,0.10526315789473684,0.33083379222222214,94.44933333333334,L,0.034375,0.065625,0.175,0.5333333333333333,0.2,0.096875,0.31650763544956656,101.058,14.666666666666666,R,0.0,0.0,0.0,0.03,0.06,0.0,0,loanDepot park,91.3,61.0,5.6,0.0,0.5,0.8531746031746031,0.11794833129158847,748,,,,,,,,0.5,,,PASS
824246,2026-07-26 17:40:00+00:00,KC,DET,DET,KC,1,805808,Kevin McGonigle,confirmed,2.0,4.65,679883,0.026119402985074626,0.03731343283582089,0.02881844380403458,0.21641791044776118,0.21641791044776118,0.14925373134328357,0.13805970149253732,0.3300008674999999,96.11766666666664,0.030303030303030304,0.030303030303030304,0.021052631578947368,0.19696969696969696,0.2727272727272727,0.15151515151515152,0.10606060606060606,0.2980071811111111,95.26066666666665,L,0.030303030303030304,0.03535353535353535,0.1414141414141414,0.4349775784753363,0.20707070707070707,0.13131313131313133,0.35120880522362724,100.69699999999999,12.9,R,1.0,0.0,0.0,0.029268292682926828,0.058536585365853655,0.024390243902439025,0,Comerica Park,84.0,57.0,8.2,0.0,0.0,0.9010721247563352,0.11718742395511393,753,,,,,,,,0.5,,,PASS
823599,2026-07-26 17:40:00+00:00,LAD,NYM,NYM,LAD,1,805999,A.J. Ewing,confirmed,1.0,4.75,686218,0.023809523809523808,0.03571428571428571,0.02830188679245283,0.11507936507936507,0.27380952380952384,0.27380952380952384,0.09523809523809523,0.31222115055555555,94.69599999999998,0.02857142857142857,0.02857142857142857,0.022727272727272728,0.08571428571428572,0.2714285714285714,0.32857142857142857,0.05714285714285714,0.25202179555555554,95.65200000000002,L,0.041935483870967745,0.06451612903225806,0.2129032258064516,0.5871559633027523,0.27419354838709675,0.06774193548387097,0.297149381273315,100.71133333333333,14.333333333333334,R,0.0,0.0,0.0,0.03,0.06,0.0,0,Citi Field,84.2,33.0,5.7,0.0,0.0,0.970486111111111,0.11676053214241293,756,,,,,,,,0.5,,,PASS
823599,2026-07-26 17:40:00+00:00,LAD,NYM,NYM,LAD,1,701807,Carson Benge,confirmed,4.0,4.45,686218,0.02952029520295203,0.05904059040590406,0.046511627906976744,0.16236162361623616,0.24723247232472326,0.22509225092250923,0.07011070110701106,0.34840376888888897,96.41583333333332,0.015151515151515152,0.030303030303030304,0.025,0.07575757575757576,0.16666666666666666,0.24242424242424243,0.10606060606060606,0.30507770999999995,95.54800000000002,L,0.041935483870967745,0.06451612903225806,0.2129032258064516,0.5871559633027523,0.27419354838709675,0.06774193548387097,0.297149381273315,100.71133333333333,14.333333333333334,R,0.0,0.0,0.0,0.03,0.06,0.0,0,Citi Field,84.2,33.0,5.7,0.0,0.0,0.970486111111111,0.11655805266313747,758,,,,,,,,0.5,,,PASS
824246,2026-07-26 17:40:00+00:00,KC,DET,KC,DET,0,516782,Starling Marte,confirmed,5.0,4.3,664285,0.008130081300813009,0.07317073170731707,0.05454545454545454,0.14634146341463414,0.23577235772357724,0.24390243902439024,0.056910569105691054,0.31193660364583337,97.10749999999999,0.0,0.03389830508474576,0.023529411764705882,0.11864406779661017,0.2711864406779661,0.2033898305084746,0.05084745762711865,0.2686539711111111,95.67733333333332,R,0.028409090909090908,0.05113636363636364,0.17897727272727273,0.3986013986013986,0.19318181818181818,0.08238636363636363,0.3407335089125904,102.64133333333334,15.666666666666666,L,3.0,0.0,0.0,0.027906976744186046,0.05581395348837209,0.06976744186046512,0,Comerica Park,84.0,57.0,8.2,0.0,0.0,0.9010721247563352,0.11653979569466473,758,,,,,,,,0.5,,,PASS
824246,2026-07-26 17:40:00+00:00,KC,DET,DET,KC,1,690993,Colt Keith,confirmed,1.0,4.75,679883,0.037914691943127965,0.05687203791469194,0.046875,0.18009478672985782,0.3222748815165877,0.2037914691943128,0.052132701421800945,0.3126474972222221,95.14799999999998,0.061224489795918366,0.08163265306122448,0.058823529411764705,0.1836734693877551,0.42857142857142855,0.24489795918367346,0.061224489795918366,0.3685745055555556,95.01266666666668,L,0.030303030303030304,0.03535353535353535,0.1414141414141414,0.4349775784753363,0.20707070707070707,0.13131313131313133,0.35120880522362724,100.69699999999999,12.9,R,1.0,0.0,0.0,0.029268292682926828,0.058536585365853655,0.024390243902439025,0,Comerica Park,84.0,57.0,8.2,0.0,0.0,0.9010721247563352,0.1152908361014748,767,,,,,,,,0.5,,,PASS
822950,2026-07-26 16:15:00+00:00,CLE,TB,CLE,TB,0,700932,Kyle Manzardo,confirmed,7.0,4.0,656876,0.03319502074688797,0.05394190871369295,0.041935483870967745,0.2074688796680498,0.22406639004149378,0.3029045643153527,0.1078838174273859,0.29109423,93.69783333333334,0.017543859649122806,0.03508771929824561,0.02564102564102564,0.19298245614035087,0.15789473684210525,0.3157894736842105,0.08771929824561403,0.23649919888888887,93.36266666666664,L,0.02346041055718475,0.04105571847507331,0.1436950146627566,0.5020661157024794,0.2434017595307918,0.04398826979472141,0.2906183141602472,100.2846666666667,16.733333333333334,R,3.0,0.0,0.0,0.027906976744186046,0.05581395348837209,0.06976744186046512,0,Tropicana Field,89.5,66.0,7.1,0.0,1.0,1.0896686159844056,0.11409493890886897,776,,,,,,,,0.5,,,PASS
823840,2026-07-26 17:40:00+00:00,SD,MIA,MIA,SD,1,672640,Otto Lopez,confirmed,1.0,4.75,621111,0.018726591760299626,0.04119850187265917,0.03293413173652695,0.15355805243445692,0.1760299625468165,0.11235955056179775,0.06367041198501873,0.3220998513888889,97.154,0.02857142857142857,0.04285714285714286,0.03488372093023256,0.12857142857142856,0.17142857142857143,0.14285714285714285,0.1,0.3092977511111111,95.89066666666666,R,0.034375,0.065625,0.175,0.5333333333333333,0.2,0.096875,0.31650763544956656,101.058,14.666666666666666,R,0.0,0.0,0.0,0.03,0.06,0.0,1,loanDepot park,91.3,61.0,5.6,0.0,0.5,0.8531746031746031,0.11195578933062132,793,,,,,,,,0.5,,,PASS
824730,2026-07-26 17:35:00+00:00,TOR,BOS,BOS,TOR,1,678882,Ceddanne Rafaela,confirmed,2.0,4.65,592332,0.022556390977443608,0.02631578947368421,0.016826923076923076,0.16917293233082706,0.3383458646616541,0.18796992481203006,0.03759398496240601,0.26418220416666666,94.66966666666667,0.04477611940298507,0.04477611940298507,0.02702702702702703,0.16417910447761194,0.34328358208955223,0.1791044776119403,0.014925373134328358,0.24812129333333333,95.62866666666667,R,0.03389830508474576,0.059322033898305086,0.192090395480226,0.5654885654885655,0.2231638418079096,0.07909604519774012,0.3263742612726831,100.72600000000001,16.066666666666666,R,0.0,0.0,0.0,0.03,0.06,0.0,1,Fenway Park,73.9,46.0,10.4,0.0,0.0,0.9157407407407406,0.11109303463373191,800,,,,,,,,0.5,,,PASS
823599,2026-07-26 17:40:00+00:00,LAD,NYM,NYM,LAD,1,666182,Bo Bichette,confirmed,3.0,4.55,686218,0.030418250950570342,0.060836501901140684,0.04177545691906005,0.17110266159695817,0.4372623574144487,0.19391634980988592,0.060836501901140684,0.32010088813492066,96.39083333333335,0.0,0.028985507246376812,0.01904761904761905,0.10144927536231885,0.34782608695652173,0.15942028985507245,0.07246376811594203,0.2761510644444444,91.77933333333334,R,0.041935483870967745,0.06451612903225806,0.2129032258064516,0.5871559633027523,0.27419354838709675,0.06774193548387097,0.297149381273315,100.71133333333333,14.333333333333334,R,0.0,0.0,0.0,0.03,0.06,0.0,1,Citi Field,84.2,33.0,5.7,0.0,0.0,0.970486111111111,0.11047294682384297,805,,,,,,,,0.5,,,PASS
824810,2026-07-26 17:35:00+00:00,ATL,BAL,BAL,ATL,1,621493,Taylor Ward,confirmed,4.0,4.45,625643,0.02158273381294964,0.03597122302158273,0.03257328990228013,0.16546762589928057,0.21942446043165467,0.22302158273381295,0.1366906474820144,0.3370362161111112,95.39233333333333,0.029411764705882353,0.04411764705882353,0.0410958904109589,0.16176470588235295,0.20588235294117646,0.16176470588235295,0.20588235294117646,0.38149656666666665,95.18,R,0.042328042328042326,0.06349206349206349,0.15873015873015872,0.531496062992126,0.21693121693121692,0.09523809523809523,0.3587181295027919,100.00800000000001,12.9,R,0.0,0.0,0.0,0.03,0.06,0.0,1,Oriole Park at Camden Yards,82.5,41.0,5.1,0.0,0.0,1.008641975308642,0.11006466054990192,809,,,,,,,,0.5,,,PASS
823599,2026-07-26 17:40:00+00:00,LAD,NYM,LAD,NYM,0,605141,Mookie Betts,confirmed,5.0,4.3,642547,0.04230769230769231,0.06538461538461539,0.05014749262536873,0.2076923076923077,0.2692307692307692,0.12307692307692308,0.07692307692307693,0.32293106055555565,96.65133333333334,0.03333333333333333,0.06666666666666667,0.05333333333333334,0.16666666666666666,0.21666666666666667,0.13333333333333333,0.1,0.2750865544444444,94.80133333333333,R,0.036827195467422094,0.036827195467422094,0.17280453257790368,0.5411255411255411,0.2096317280453258,0.09348441926345609,0.3079476092561644,99.68266666666666,15.266666666666667,R,0.0,0.0,0.0,0.03,0.06,0.0,1,Citi Field,84.2,33.0,5.7,0.0,0.0,0.970486111111111,0.10924568178521522,815,,,,,,,,0.5,,,PASS
824730,2026-07-26 17:35:00+00:00,TOR,BOS,BOS,TOR,1,663853,Romy Gonzalez,confirmed,6.0,4.15,592332,0.018518518518518517,0.037037037037037035,0.03076923076923077,0.16666666666666666,0.24074074074074073,0.2962962962962963,0.07407407407407407,0.3133130948717949,97.09384615384616,0.018518518518518517,0.037037037037037035,0.03076923076923077,0.16666666666666666,0.24074074074074073,0.2962962962962963,0.07407407407407407,0.3133130948717949,97.09384615384616,R,0.03389830508474576,0.059322033898305086,0.192090395480226,0.5654885654885655,0.2231638418079096,0.07909604519774012,0.3263742612726831,100.72600000000001,16.066666666666666,R,0.0,0.0,0.0,0.03,0.06,0.0,1,Fenway Park,73.9,46.0,10.4,0.0,0.0,0.9157407407407406,0.10846368894609608,822,,,,,,,,0.5,,,PASS
823599,2026-07-26 17:40:00+00:00,LAD,NYM,NYM,LAD,1,683146,Brett Baty,confirmed,8.0,3.85,686218,0.022123893805309734,0.061946902654867256,0.04912280701754386,0.18141592920353983,0.22123893805309736,0.27876106194690264,0.084070796460177,0.3125286722222222,95.64033333333333,0.05,0.08333333333333333,0.05952380952380952,0.26666666666666666,0.18333333333333332,0.26666666666666666,0.03333333333333333,0.35293934444444447,99.83466666666665,L,0.041935483870967745,0.06451612903225806,0.2129032258064516,0.5871559633027523,0.27419354838709675,0.06774193548387097,0.297149381273315,100.71133333333333,14.333333333333334,R,0.0,0.0,0.0,0.03,0.06,0.0,0,Citi Field,84.2,33.0,5.7,0.0,0.0,0.970486111111111,0.10664716647253576,838,,,,,,,,0.5,,,PASS
824810,2026-07-26 17:35:00+00:00,ATL,BAL,BAL,ATL,1,683002,Gunnar Henderson,confirmed,3.0,4.55,625643,0.032846715328467155,0.040145985401459854,0.03021978021978022,0.1386861313868613,0.23722627737226276,0.19343065693430658,0.08394160583941605,0.31368103416666665,97.00316666666667,0.028985507246376812,0.028985507246376812,0.023809523809523808,0.08695652173913043,0.2898550724637681,0.2608695652173913,0.028985507246376812,0.2767877611111111,95.02266666666668,L,0.042328042328042326,0.06349206349206349,0.15873015873015872,0.531496062992126,0.21693121693121692,0.09523809523809523,0.3587181295027919,100.00800000000001,12.9,R,0.0,0.0,0.0,0.03,0.06,0.0,0,Oriole Park at Camden Yards,82.5,41.0,5.1,0.0,0.0,1.008641975308642,0.10562610782975314,847,,,,,,,,0.5,,,PASS
823840,2026-07-26 17:40:00+00:00,SD,MIA,SD,MIA,0,669134,Luis Campusano,confirmed,8.0,3.85,676083,0.0425531914893617,0.06382978723404255,0.056074766355140186,0.19148936170212766,0.1702127659574468,0.2553191489361702,0.14893617021276595,0.33143306250000004,94.20785714285715,0.019230769230769232,0.038461538461538464,0.03636363636363636,0.09615384615384616,0.15384615384615385,0.28846153846153844,0.21153846153846154,0.31837969444444447,93.49,R,0.037162162162162164,0.05405405405405406,0.20945945945945946,0.52,0.17229729729729729,0.06756756756756757,0.31755622864464783,101.91,15.615384615384615,R,0.0,0.0,0.0,0.03,0.06,0.0,1,loanDepot park,91.3,61.0,5.6,0.0,0.5,0.8531746031746031,0.10543010023752379,848,,,,,,,,0.5,,,PASS
822950,2026-07-26 16:15:00+00:00,CLE,TB,TB,CLE,1,668723,Ryan Vilade,confirmed,2.0,4.65,800048,0.04054054054054054,0.033783783783783786,0.023255813953488372,0.12162162162162163,0.25,0.19594594594594594,0.0945945945945946,0.31788028625,95.12800000000001,0.06779661016949153,0.05084745762711865,0.04,0.1016949152542373,0.23728813559322035,0.2033898305084746,0.06779661016949153,0.30901701,98.07600000000001,R,0.02824858757062147,0.0423728813559322,0.1553672316384181,0.5302013422818792,0.2457627118644068,0.07909604519774012,0.28050877254540574,100.25533333333333,17.333333333333332,L,3.0,0.0,0.0,0.027906976744186046,0.05581395348837209,0.06976744186046512,0,Tropicana Field,89.5,66.0,7.1,0.0,1.0,1.0896686159844056,0.10384687817284359,863,,,,,,,,0.5,,,PASS
822950,2026-07-26 16:15:00+00:00,CLE,TB,CLE,TB,0,677587,Brayan Rocchio,confirmed,4.0,4.45,656876,0.025,0.025,0.017964071856287425,0.16666666666666666,0.2791666666666667,0.17916666666666667,0.05416666666666667,0.2847372533333333,94.79499999999999,0.046153846153846156,0.046153846153846156,0.03296703296703297,0.2153846153846154,0.2153846153846154,0.16923076923076924,0.0,0.26830777777777776,96.61133333333333,L,0.02346041055718475,0.04105571847507331,0.1436950146627566,0.5020661157024794,0.2434017595307918,0.04398826979472141,0.2906183141602472,100.2846666666667,16.733333333333334,R,2.0,0.0,0.0,0.02857142857142857,0.05714285714285714,0.047619047619047616,0,Tropicana Field,89.5,66.0,7.1,0.0,1.0,1.0896686159844056,0.10320009723408229,869,,,,,,,,0.5,,,PASS
823599,2026-07-26 17:40:00+00:00,LAD,NYM,NYM,LAD,1,676724,Jared Young,confirmed,6.0,4.15,686218,0.03773584905660377,0.06918238993710692,0.054455445544554455,0.1509433962264151,0.2389937106918239,0.1949685534591195,0.06918238993710692,0.3268090712121212,96.27395348837209,0.017857142857142856,0.03571428571428571,0.02857142857142857,0.17857142857142858,0.2857142857142857,0.16071428571428573,0.05357142857142857,0.31050849999999997,94.506,L,0.041935483870967745,0.06451612903225806,0.2129032258064516,0.5871559633027523,0.27419354838709675,0.06774193548387097,0.297149381273315,100.71133333333333,14.333333333333334,R,0.0,0.0,0.0,0.03,0.06,0.0,0,Citi Field,84.2,33.0,5.7,0.0,0.0,0.970486111111111,0.10309698790686969,870,,,,,,,,0.5,,,PASS
822706,2026-07-26 17:35:00+00:00,ARI,WSH,WSH,ARI,1,671277,Luis García Jr.,confirmed,8.0,3.85,684442,0.07818930041152264,0.102880658436214,0.06906077348066299,0.20987654320987653,0.2222222222222222,0.16872427983539096,0.04526748971193416,0.3594996363888889,98.35516666666668,0.078125,0.125,0.08791208791208792,0.21875,0.140625,0.203125,0.078125,0.37292367555555556,96.34999999999998,L,0.0,0.09523809523809523,0.09523809523809523,0.68,0.23809523809523808,0.09523809523809523,0.35915576190476195,102.94,15.0,L,0.0,0.0,0.0,0.03,0.06,0.0,1,Nationals Park,85.3,49.0,3.0,0.0,0.0,1.2992202729044835,0.10147149658948737,885,,,,,,,,0.5,,,PASS
823599,2026-07-26 17:40:00+00:00,LAD,NYM,NYM,LAD,1,593871,Jorge Polanco,confirmed,5.0,4.3,686218,0.010638297872340425,0.02127659574468085,0.01680672268907563,0.14893617021276595,0.1702127659574468,0.20212765957446807,0.06382978723404255,0.23624013939393942,95.08636363636364,0.01639344262295082,0.01639344262295082,0.01282051282051282,0.13114754098360656,0.14754098360655737,0.22950819672131148,0.01639344262295082,0.19318240444444443,94.444,L,0.041935483870967745,0.06451612903225806,0.2129032258064516,0.5871559633027523,0.27419354838709675,0.06774193548387097,0.297149381273315,100.71133333333333,14.333333333333334,R,0.0,0.0,0.0,0.03,0.06,0.0,0,Citi Field,84.2,33.0,5.7,0.0,0.0,0.970486111111111,0.10048319780887059,895,,,,,,,,0.5,,,PASS
824246,2026-07-26 17:40:00+00:00,KC,DET,KC,DET,0,679845,Nick Loftin,confirmed,2.0,4.65,664285,0.02304147465437788,0.03686635944700461,0.031007751937984496,0.1382488479262673,0.25806451612903225,0.14285714285714285,0.09216589861751152,0.28152105575757574,93.63509090909089,0.031746031746031744,0.015873015873015872,0.014084507042253521,0.12698412698412698,0.23809523809523808,0.14285714285714285,0.06349206349206349,0.2677341833333333,93.25199999999998,R,0.028409090909090908,0.05113636363636364,0.17897727272727273,0.3986013986013986,0.19318181818181818,0.08238636363636363,0.3407335089125904,102.64133333333334,15.666666666666666,L,0.0,0.0,0.0,0.03,0.06,0.0,0,Comerica Park,84.0,57.0,8.2,0.0,0.0,0.9010721247563352,0.10026808374874725,897,,,,,,,,0.5,,,PASS
823599,2026-07-26 17:40:00+00:00,LAD,NYM,LAD,NYM,0,606192,Teoscar Hernández,confirmed,8.0,3.85,642547,0.024896265560165973,0.058091286307053944,0.04912280701754386,0.17012448132780084,0.2157676348547718,0.27385892116182575,0.0954356846473029,0.3110348016666667,94.9915,0.017241379310344827,0.034482758620689655,0.03076923076923077,0.13793103448275862,0.1896551724137931,0.29310344827586204,0.06896551724137931,0.2544542222222222,94.44399999999999,R,0.036827195467422094,0.036827195467422094,0.17280453257790368,0.5411255411255411,0.2096317280453258,0.09348441926345609,0.3079476092561644,99.68266666666666,15.266666666666667,R,0.0,0.0,0.0,0.03,0.06,0.0,1,Citi Field,84.2,33.0,5.7,0.0,0.0,0.970486111111111,0.09939621280167708,906,,,,,,,,0.5,,,PASS
822950,2026-07-26 16:15:00+00:00,CLE,TB,CLE,TB,0,683953,Travis Bazzana,confirmed,5.0,4.3,656876,0.03018867924528302,0.03018867924528302,0.02359882005899705,0.17735849056603772,0.22264150943396227,0.23018867924528302,0.09811320754716982,0.2861045575,95.58166666666666,0.029411764705882353,0.029411764705882353,0.02247191011235955,0.1323529411764706,0.19117647058823528,0.23529411764705882,0.1323529411764706,0.3028526366666667,93.38533333333334,L,0.02346041055718475,0.04105571847507331,0.1436950146627566,0.5020661157024794,0.2434017595307918,0.04398826979472141,0.2906183141602472,100.2846666666667,16.733333333333334,R,2.0,0.0,0.0,0.02857142857142857,0.05714285714285714,0.047619047619047616,0,Tropicana Field,89.5,66.0,7.1,0.0,1.0,1.0896686159844056,0.09845053350495343,916,,,,,,,,0.5,,,PASS
824246,2026-07-26 17:40:00+00:00,KC,DET,KC,DET,0,686555,Isaac Collins,confirmed,6.0,4.15,664285,0.017467248908296942,0.039301310043668124,0.03409090909090909,0.1615720524017467,0.18777292576419213,0.2052401746724891,0.10480349344978165,0.31240457277777783,96.3635,0.03571428571428571,0.03571428571428571,0.02857142857142857,0.16071428571428573,0.16071428571428573,0.23214285714285715,0.08928571428571429,0.30463298333333333,93.58000000000001,L,0.028409090909090908,0.05113636363636364,0.17897727272727273,0.3986013986013986,0.19318181818181818,0.08238636363636363,0.3407335089125904,102.64133333333334,15.666666666666666,L,0.0,0.0,0.0,0.03,0.06,0.0,1,Comerica Park,84.0,57.0,8.2,0.0,0.0,0.9010721247563352,0.09834081056963748,917,,,,,,,,0.5,,,PASS
824810,2026-07-26 17:35:00+00:00,ATL,BAL,ATL,BAL,0,642086,Dominic Smith,confirmed,6.0,4.15,669358,0.03139013452914798,0.04484304932735426,0.03115264797507788,0.21076233183856502,0.2600896860986547,0.13452914798206278,0.06726457399103139,0.2997147581920904,94.73084745762712,0.01818181818181818,0.0,0.0,0.16363636363636364,0.2,0.16363636363636364,0.12727272727272726,0.23015749333333332,93.73066666666665,L,0.01837270341207349,0.049868766404199474,0.2125984251968504,0.4943181818181818,0.2152230971128609,0.08398950131233596,0.311892212631768,101.194,17.8,R,0.0,0.0,0.0,0.03,0.06,0.0,0,Oriole Park at Camden Yards,82.5,41.0,5.1,0.0,0.0,1.008641975308642,0.0982672039115927,918,,,,,,,,0.5,,,PASS
823028,2026-07-26 18:15:00+00:00,CIN,STL,CIN,STL,0,663647,Ke'Bryan Hayes,confirmed,9.0,3.7,681517,0.013422818791946308,0.06040268456375839,0.05732484076433121,0.16778523489932887,0.2214765100671141,0.16778523489932887,0.053691275167785234,0.2936888093023256,97.62883720930232,0.0,0.0,0.0,0.11764705882352941,0.13725490196078433,0.17647058823529413,0.0196078431372549,0.32181671111111115,97.91066666666667,R,0.018575851393188854,0.06811145510835913,0.23529411764705882,0.45161290322580644,0.2043343653250774,0.07739938080495357,0.33326353062898023,102.62733333333334,14.866666666666667,R,0.0,0.0,0.0,0.03,0.06,0.0,1,Busch Stadium,97.3,55.0,4.3,0.0,0.0,0.65,0.0980980904654768,919,,,,,,,,0.5,,,PASS
824730,2026-07-26 17:35:00+00:00,TOR,BOS,BOS,TOR,1,680776,Jarren Duran,confirmed,7.0,4.0,592332,0.033962264150943396,0.06415094339622641,0.05723905723905724,0.14339622641509434,0.2188679245283019,0.3018867924528302,0.06415094339622641,0.2819503127777778,96.50683333333335,0.015625,0.0625,0.05194805194805195,0.125,0.234375,0.25,0.09375,0.3081548522222223,95.468,L,0.03389830508474576,0.059322033898305086,0.192090395480226,0.5654885654885655,0.2231638418079096,0.07909604519774012,0.3263742612726831,100.72600000000001,16.066666666666666,R,0.0,0.0,0.0,0.03,0.06,0.0,0,Fenway Park,73.9,46.0,10.4,0.0,0.0,0.9157407407407406,0.09689424147138422,932,,,,,,,,0.5,,,PASS
822706,2026-07-26 17:35:00+00:00,ARI,WSH,WSH,ARI,1,696285,Jacob Young,confirmed,6.0,4.15,684442,0.03139013452914798,0.053811659192825115,0.04669260700389105,0.13452914798206278,0.22869955156950672,0.19730941704035873,0.06278026905829596,0.2985904280555556,93.79483333333333,0.01818181818181818,0.07272727272727272,0.06451612903225806,0.16363636363636364,0.2727272727272727,0.14545454545454545,0.09090909090909091,0.32333677,93.94933333333333,R,0.0,0.09523809523809523,0.09523809523809523,0.68,0.23809523809523808,0.09523809523809523,0.35915576190476195,102.94,15.0,L,0.0,0.0,0.0,0.03,0.06,0.0,0,Nationals Park,85.3,49.0,3.0,0.0,0.0,1.2992202729044835,0.09639951562055733,937,,,,,,,,0.5,,,PASS
823840,2026-07-26 17:40:00+00:00,SD,MIA,MIA,SD,1,691788,Joe Mack,confirmed,9.0,3.7,621111,0.0481283422459893,0.06951871657754011,0.05485232067510549,0.2192513368983957,0.20855614973262032,0.25668449197860965,0.06417112299465241,0.29975878974358977,95.91480769230769,0.08620689655172414,0.08620689655172414,0.08333333333333333,0.15517241379310345,0.1896551724137931,0.25862068965517243,0.034482758620689655,0.31024267777777775,96.142,L,0.034375,0.065625,0.175,0.5333333333333333,0.2,0.096875,0.31650763544956656,101.058,14.666666666666666,R,0.0,0.0,0.0,0.03,0.06,0.0,0,loanDepot park,91.3,61.0,5.6,0.0,0.5,0.8531746031746031,0.09638799081632206,937,,,,,,,,0.5,,,PASS
824810,2026-07-26 17:35:00+00:00,ATL,BAL,ATL,BAL,0,573262,Mike Yastrzemski,confirmed,8.0,3.85,669358,0.023923444976076555,0.0430622009569378,0.033962264150943396,0.19617224880382775,0.24880382775119617,0.22966507177033493,0.09090909090909091,0.2977405822222222,97.10783333333332,0.02040816326530612,0.10204081632653061,0.08333333333333333,0.30612244897959184,0.2857142857142857,0.20408163265306123,0.12244897959183673,0.28611009777777774,97.23800000000001,L,0.01837270341207349,0.049868766404199474,0.2125984251968504,0.4943181818181818,0.2152230971128609,0.08398950131233596,0.311892212631768,101.194,17.8,R,0.0,0.0,0.0,0.03,0.06,0.0,0,Oriole Park at Camden Yards,82.5,41.0,5.1,0.0,0.0,1.008641975308642,0.09539944625378748,948,,,,,,,,0.5,,,PASS
824730,2026-07-26 17:35:00+00:00,TOR,BOS,BOS,TOR,1,807799,Masataka Yoshida,confirmed,1.0,4.75,592332,0.01951219512195122,0.024390243902439025,0.018796992481203006,0.15121951219512195,0.2926829268292683,0.1073170731707317,0.08780487804878048,0.3334036781045751,96.62784313725491,0.04918032786885246,0.04918032786885246,0.03333333333333333,0.13114754098360656,0.3442622950819672,0.08196721311475409,0.11475409836065574,0.38056572666666677,97.20133333333334,L,0.03389830508474576,0.059322033898305086,0.192090395480226,0.5654885654885655,0.2231638418079096,0.07909604519774012,0.3263742612726831,100.72600000000001,16.066666666666666,R,0.0,0.0,0.0,0.03,0.06,0.0,0,Fenway Park,73.9,46.0,10.4,0.0,0.0,0.9157407407407406,0.09508773725949407,952,,,,,,,,0.5,,,PASS
824246,2026-07-26 17:40:00+00:00,KC,DET,DET,KC,1,681546,James Outman,confirmed,8.0,3.85,679883,0.027972027972027972,0.03496503496503497,0.03205128205128205,0.18181818181818182,0.1958041958041958,0.43356643356643354,0.04895104895104895,0.1923155162601626,88.44829268292683,0.03636363636363636,0.03636363636363636,0.034482758620689655,0.16363636363636364,0.21818181818181817,0.4,0.01818181818181818,0.16550633888888885,88.80199999999999,L,0.030303030303030304,0.03535353535353535,0.1414141414141414,0.4349775784753363,0.20707070707070707,0.13131313131313133,0.35120880522362724,100.69699999999999,12.9,R,0.0,0.0,0.0,0.03,0.06,0.0,0,Comerica Park,84.0,57.0,8.2,0.0,0.0,0.9010721247563352,0.09428580710947133,961,,,,,,,,0.5,,,PASS
824246,2026-07-26 17:40:00+00:00,KC,DET,DET,KC,1,701678,Hao-Yu Lee,confirmed,9.0,3.7,679883,0.03184713375796178,0.06369426751592357,0.05291005291005291,0.21019108280254778,0.267515923566879,0.24203821656050956,0.03821656050955414,0.2747738557971014,95.36177777777777,0.07017543859649122,0.07017543859649122,0.056338028169014086,0.22807017543859648,0.3157894736842105,0.19298245614035087,0.017543859649122806,0.3098812933333333,99.40933333333332,R,0.030303030303030304,0.03535353535353535,0.1414141414141414,0.4349775784753363,0.20707070707070707,0.13131313131313133,0.35120880522362724,100.69699999999999,12.9,R,0.0,0.0,0.0,0.03,0.06,0.0,1,Comerica Park,84.0,57.0,8.2,0.0,0.0,0.9010721247563352,0.09410263846373726,963,,,,,,,,0.5,,,PASS
823028,2026-07-26 18:15:00+00:00,CIN,STL,STL,CIN,1,665877,José Fermín,confirmed,6.0,4.15,671096,0.019230769230769232,0.01282051282051282,0.009259259259259259,0.1794871794871795,0.28846153846153844,0.15384615384615385,0.07051282051282051,0.2730403,94.12317073170732,0.017543859649122806,0.017543859649122806,0.012658227848101266,0.21052631578947367,0.3157894736842105,0.15789473684210525,0.10526315789473684,0.27998734777777773,95.24066666666666,R,0.034482758620689655,0.04310344827586207,0.1810344827586207,0.6059957173447538,0.20402298850574713,0.10632183908045977,0.31392533030986775,100.83866666666667,16.133333333333333,L,0.0,0.0,0.0,0.03,0.06,0.0,0,Busch Stadium,97.3,55.0,4.3,0.0,0.0,0.65,0.09343861434794717,970,,,,,,,,0.5,,,PASS
823028,2026-07-26 18:15:00+00:00,CIN,STL,CIN,STL,0,667472,Dane Myers,confirmed,6.0,4.15,681517,0.0297029702970297,0.0297029702970297,0.023809523809523808,0.12871287128712872,0.22772277227722773,0.2376237623762376,0.15841584158415842,0.30390263266666667,93.20200000000001,0.0,0.0,0.0,0.08620689655172414,0.20689655172413793,0.20689655172413793,0.15517241379310345,0.26896104555555556,92.09133333333332,R,0.018575851393188854,0.06811145510835913,0.23529411764705882,0.45161290322580644,0.2043343653250774,0.07739938080495357,0.33326353062898023,102.62733333333334,14.866666666666667,R,0.0,0.0,0.0,0.03,0.06,0.0,1,Busch Stadium,97.3,55.0,4.3,0.0,0.0,0.65,0.09183474225453062,989,,,,,,,,0.5,,,PASS
823599,2026-07-26 17:40:00+00:00,LAD,NYM,NYM,LAD,1,621438,Tyrone Taylor,confirmed,7.0,4.0,686218,0.041666666666666664,0.0625,0.046875,0.16666666666666666,0.28125,0.16666666666666666,0.052083333333333336,0.27704756321839075,94.80551724137928,0.05660377358490566,0.09433962264150944,0.07692307692307693,0.18867924528301888,0.2830188679245283,0.18867924528301888,0.05660377358490566,0.2707867944444444,95.17533333333334,R,0.041935483870967745,0.06451612903225806,0.2129032258064516,0.5871559633027523,0.27419354838709675,0.06774193548387097,0.297149381273315,100.71133333333333,14.333333333333334,R,0.0,0.0,0.0,0.03,0.06,0.0,1,Citi Field,84.2,33.0,5.7,0.0,0.0,0.970486111111111,0.09155970171399844,992,,,,,,,,0.5,,,PASS
822950,2026-07-26 16:15:00+00:00,CLE,TB,TB,CLE,1,676356,Jonny DeLuca,confirmed,4.0,4.45,800048,0.0273224043715847,0.02185792349726776,0.015873015873015872,0.13114754098360656,0.2459016393442623,0.1912568306010929,0.0546448087431694,0.2795887366666667,94.43377777777776,0.03076923076923077,0.015384615384615385,0.011494252873563218,0.13846153846153847,0.23076923076923078,0.15384615384615385,0.07692307692307693,0.2674598888888889,92.62133333333333,R,0.02824858757062147,0.0423728813559322,0.1553672316384181,0.5302013422818792,0.2457627118644068,0.07909604519774012,0.28050877254540574,100.25533333333333,17.333333333333332,L,2.0,0.0,0.0,0.02857142857142857,0.05714285714285714,0.047619047619047616,0,Tropicana Field,89.5,66.0,7.1,0.0,1.0,1.0896686159844056,0.09017715725436469,1009,,,,,,,,0.5,,,PASS
823028,2026-07-26 18:15:00+00:00,CIN,STL,STL,CIN,1,691026,Masyn Winn,confirmed,5.0,4.3,671096,0.012195121951219513,0.024390243902439025,0.020338983050847456,0.0975609756097561,0.2032520325203252,0.18699186991869918,0.08943089430894309,0.29250593861111107,96.44600000000001,0.0,0.017543859649122806,0.01694915254237288,0.10526315789473684,0.21052631578947367,0.21052631578947367,0.10526315789473684,0.2673337466666667,95.73666666666668,R,0.034482758620689655,0.04310344827586207,0.1810344827586207,0.6059957173447538,0.20402298850574713,0.10632183908045977,0.31392533030986775,100.83866666666667,16.133333333333333,L,0.0,0.0,0.0,0.03,0.06,0.0,0,Busch Stadium,97.3,55.0,4.3,0.0,0.0,0.65,0.09000638293433884,1011,,,,,,,,0.5,,,PASS
823840,2026-07-26 17:40:00+00:00,SD,MIA,SD,MIA,0,657757,Gavin Sheets,confirmed,7.0,4.0,676083,0.03389830508474576,0.029661016949152543,0.023026315789473683,0.13983050847457626,0.2288135593220339,0.211864406779661,0.1483050847457627,0.3117727922222223,95.88266666666665,0.0,0.0,0.0,0.05,0.21666666666666667,0.15,0.15,0.20884853888888888,91.06933333333333,L,0.037162162162162164,0.05405405405405406,0.20945945945945946,0.52,0.17229729729729729,0.06756756756756757,0.31755622864464783,101.91,15.615384615384615,R,0.0,0.0,0.0,0.03,0.06,0.0,0,loanDepot park,91.3,61.0,5.6,0.0,0.5,0.8531746031746031,0.08983764393076876,1013,,,,,,,,0.5,,,PASS
822950,2026-07-26 16:15:00+00:00,CLE,TB,CLE,TB,0,682657,Angel Martínez,confirmed,6.0,4.15,656876,0.04564315352697095,0.058091286307053944,0.03910614525139665,0.15767634854771784,0.3112033195020747,0.21161825726141079,0.029045643153526972,0.3014257979885057,95.37068965517241,0.03333333333333333,0.03333333333333333,0.02564102564102564,0.15,0.26666666666666666,0.26666666666666666,0.016666666666666666,0.28209336,91.36999999999998,L,0.02346041055718475,0.04105571847507331,0.1436950146627566,0.5020661157024794,0.2434017595307918,0.04398826979472141,0.2906183141602472,100.2846666666667,16.733333333333334,R,3.0,0.0,0.0,0.027906976744186046,0.05581395348837209,0.06976744186046512,0,Tropicana Field,89.5,66.0,7.1,0.0,1.0,1.0896686159844056,0.08975188695201418,1014,,,,,,,,0.5,,,PASS
823840,2026-07-26 17:40:00+00:00,SD,MIA,SD,MIA,0,650859,Luis Rengifo,confirmed,6.0,4.15,676083,0.0045871559633027525,0.04128440366972477,0.0297029702970297,0.13302752293577982,0.27522935779816515,0.11467889908256881,0.0963302752293578,0.3054542625,96.05000000000001,0.015151515151515152,0.030303030303030304,0.020833333333333332,0.13636363636363635,0.2727272727272727,0.15151515151515152,0.13636363636363635,0.30493145222222223,96.11133333333335,L,0.037162162162162164,0.05405405405405406,0.20945945945945946,0.52,0.17229729729729729,0.06756756756756757,0.31755622864464783,101.91,15.615384615384615,R,3.0,0.0,0.0,0.027906976744186046,0.05581395348837209,0.06976744186046512,0,loanDepot park,91.3,61.0,5.6,0.0,0.5,0.8531746031746031,0.08968608784509835,1015,,,,,,,,0.5,,,PASS
822950,2026-07-26 16:15:00+00:00,CLE,TB,TB,CLE,1,656775,Cedric Mullins,confirmed,7.0,4.0,800048,0.04,0.032,0.024922118380062305,0.176,0.192,0.204,0.096,0.27562944111111115,93.38516666666666,0.03225806451612903,0.03225806451612903,0.027777777777777776,0.16129032258064516,0.11290322580645161,0.27419354838709675,0.0967741935483871,0.23707773666666665,91.37400000000002,L,0.02824858757062147,0.0423728813559322,0.1553672316384181,0.5302013422818792,0.2457627118644068,0.07909604519774012,0.28050877254540574,100.25533333333333,17.333333333333332,L,0.0,0.0,0.0,0.03,0.06,0.0,1,Tropicana Field,89.5,66.0,7.1,0.0,1.0,1.0896686159844056,0.08899797362422833,1024,,,,,,,,0.5,,,PASS
823028,2026-07-26 18:15:00+00:00,CIN,STL,STL,CIN,1,691458,Blaze Jordan,confirmed,8.0,3.85,671096,0.009174311926605505,0.05504587155963303,0.03896103896103896,0.1834862385321101,0.24770642201834864,0.13761467889908258,0.027522935779816515,0.2901242138888889,96.37266666666666,0.0,0.038461538461538464,0.028985507246376812,0.17307692307692307,0.23076923076923078,0.19230769230769232,0.019230769230769232,0.2975743777777778,95.98266666666667,R,0.034482758620689655,0.04310344827586207,0.1810344827586207,0.6059957173447538,0.20402298850574713,0.10632183908045977,0.31392533030986775,100.83866666666667,16.133333333333333,L,0.0,0.0,0.0,0.03,0.06,0.0,0,Busch Stadium,97.3,55.0,4.3,0.0,0.0,0.65,0.08766093341180756,1041,,,,,,,,0.5,,,PASS
823840,2026-07-26 17:40:00+00:00,SD,MIA,MIA,SD,1,688363,Graham Pauley,confirmed,8.0,3.85,621111,0.01098901098901099,0.03296703296703297,0.024,0.16483516483516483,0.25274725274725274,0.25274725274725274,0.054945054945054944,0.21131799404761903,91.94714285714285,0.022222222222222223,0.044444444444444446,0.027777777777777776,0.2222222222222222,0.28888888888888886,0.2222222222222222,0.08888888888888889,0.28180391666666665,92.10799999999999,L,0.034375,0.065625,0.175,0.5333333333333333,0.2,0.096875,0.31650763544956656,101.058,14.666666666666666,R,0.0,0.0,0.0,0.03,0.06,0.0,0,loanDepot park,91.3,61.0,5.6,0.0,0.5,0.8531746031746031,0.08722019520974715,1047,,,,,,,,0.5,,,PASS
824810,2026-07-26 17:35:00+00:00,ATL,BAL,BAL,ATL,1,702616,Jackson Holliday,confirmed,8.0,3.85,625643,0.03205128205128205,0.057692307692307696,0.05232558139534884,0.19230769230769232,0.2564102564102564,0.23717948717948717,0.1346153846153846,0.3151551435606061,92.6406976744186,0.0,0.0,0.0,0.08,0.2,0.18,0.2,0.3422981833333333,89.67733333333334,L,0.042328042328042326,0.06349206349206349,0.15873015873015872,0.531496062992126,0.21693121693121692,0.09523809523809523,0.3587181295027919,100.00800000000001,12.9,R,0.0,0.0,0.0,0.03,0.06,0.0,0,Oriole Park at Camden Yards,82.5,41.0,5.1,0.0,0.0,1.008641975308642,0.08537002007209236,1071,,,,,,,,0.5,,,PASS
823599,2026-07-26 17:40:00+00:00,LAD,NYM,LAD,NYM,0,669242,Tommy Edman,confirmed,6.0,4.15,642547,0.00980392156862745,0.049019607843137254,0.03731343283582089,0.1568627450980392,0.2549019607843137,0.18627450980392157,0.06862745098039216,0.37079643819444447,97.21833333333332,0.0,0.03278688524590164,0.02631578947368421,0.11475409836065574,0.21311475409836064,0.19672131147540983,0.04918032786885246,0.35749314111111113,96.33933333333333,L,0.036827195467422094,0.036827195467422094,0.17280453257790368,0.5411255411255411,0.2096317280453258,0.09348441926345609,0.3079476092561644,99.68266666666666,15.266666666666667,R,0.0,0.0,0.0,0.03,0.06,0.0,0,Citi Field,84.2,33.0,5.7,0.0,0.0,0.970486111111111,0.08481916802201377,1079,,,,,,,,0.5,,,PASS
823840,2026-07-26 17:40:00+00:00,SD,MIA,MIA,SD,1,665923,Esteury Ruiz,confirmed,7.0,4.0,621111,0.04716981132075472,0.05660377358490566,0.047619047619047616,0.16037735849056603,0.24528301886792453,0.3018867924528302,0.10377358490566038,0.32023199408602154,89.94709677419357,0.03773584905660377,0.05660377358490566,0.04477611940298507,0.11320754716981132,0.3018867924528302,0.2830188679245283,0.09433962264150944,0.36008383777777786,88.56266666666666,R,0.034375,0.065625,0.175,0.5333333333333333,0.2,0.096875,0.31650763544956656,101.058,14.666666666666666,R,0.0,0.0,0.0,0.03,0.06,0.0,1,loanDepot park,91.3,61.0,5.6,0.0,0.5,0.8531746031746031,0.08462659841075301,1082,,,,,,,,0.5,,,PASS
823028,2026-07-26 18:15:00+00:00,CIN,STL,STL,CIN,1,686780,Pedro Pagés,confirmed,9.0,3.7,671096,0.025,0.0375,0.026785714285714284,0.1875,0.2375,0.26875,0.0375,0.25186696702898553,93.05444444444444,0.0,0.023809523809523808,0.015625,0.23809523809523808,0.2619047619047619,0.35714285714285715,0.023809523809523808,0.23565934444444447,91.62533333333334,R,0.034482758620689655,0.04310344827586207,0.1810344827586207,0.6059957173447538,0.20402298850574713,0.10632183908045977,0.31392533030986775,100.83866666666667,16.133333333333333,L,0.0,0.0,0.0,0.03,0.06,0.0,0,Busch Stadium,97.3,55.0,4.3,0.0,0.0,0.65,0.08400265893137614,1090,,,,,,,,0.5,,,PASS
822950,2026-07-26 16:15:00+00:00,CLE,TB,CLE,TB,0,595978,Austin Hedges,confirmed,8.0,3.85,656876,0.025974025974025976,0.03896103896103896,0.031413612565445025,0.14935064935064934,0.18831168831168832,0.15584415584415584,0.08441558441558442,0.2961956571969697,93.89136363636366,0.058823529411764705,0.0784313725490196,0.06153846153846154,0.21568627450980393,0.17647058823529413,0.13725490196078433,0.058823529411764705,0.30573838333333325,94.86266666666667,R,0.02346041055718475,0.04105571847507331,0.1436950146627566,0.5020661157024794,0.2434017595307918,0.04398826979472141,0.2906183141602472,100.2846666666667,16.733333333333334,R,0.0,0.0,0.0,0.03,0.06,0.0,1,Tropicana Field,89.5,66.0,7.1,0.0,1.0,1.0896686159844056,0.08398050039521596,1091,,,,,,,,0.5,,,PASS
823599,2026-07-26 17:40:00+00:00,LAD,NYM,LAD,NYM,0,663656,Kyle Tucker,confirmed,7.0,4.0,642547,0.02040816326530612,0.044897959183673466,0.03197674418604651,0.1673469387755102,0.23265306122448978,0.18775510204081633,0.12653061224489795,0.3434850561111111,94.87683333333334,0.034482758620689655,0.10344827586206896,0.07228915662650602,0.1724137931034483,0.3620689655172414,0.1206896551724138,0.05172413793103448,0.34696384444444445,95.29400000000001,L,0.036827195467422094,0.036827195467422094,0.17280453257790368,0.5411255411255411,0.2096317280453258,0.09348441926345609,0.3079476092561644,99.68266666666666,15.266666666666667,R,0.0,0.0,0.0,0.03,0.06,0.0,0,Citi Field,84.2,33.0,5.7,0.0,0.0,0.970486111111111,0.08337838335197198,1099,,,,,,,,0.5,,,PASS
823028,2026-07-26 18:15:00+00:00,CIN,STL,CIN,STL,0,682622,Noelvi Marte,confirmed,7.0,4.0,681517,0.034722222222222224,0.034722222222222224,0.028409090909090908,0.05555555555555555,0.1736111111111111,0.2222222222222222,0.05555555555555555,0.2505443057017544,94.61052631578947,0.03333333333333333,0.03333333333333333,0.02631578947368421,0.05,0.23333333333333334,0.18333333333333332,0.03333333333333333,0.21027378888888887,92.81133333333334,R,0.018575851393188854,0.06811145510835913,0.23529411764705882,0.45161290322580644,0.2043343653250774,0.07739938080495357,0.33326353062898023,102.62733333333334,14.866666666666667,R,2.0,0.0,0.0,0.02857142857142857,0.05714285714285714,0.047619047619047616,1,Busch Stadium,97.3,55.0,4.3,0.0,0.0,0.65,0.08254934975305817,1111,,,,,,,,0.5,,,PASS
824246,2026-07-26 17:40:00+00:00,KC,DET,DET,KC,1,650402,Gleyber Torres,confirmed,3.0,4.55,679883,0.018957345971563982,0.04739336492890995,0.03745318352059925,0.10426540284360189,0.3080568720379147,0.1848341232227488,0.16113744075829384,0.33478637083333335,90.64854166666667,0.016129032258064516,0.04838709677419355,0.0379746835443038,0.12903225806451613,0.2903225806451613,0.25806451612903225,0.12903225806451613,0.29275337333333334,91.76399999999997,R,0.030303030303030304,0.03535353535353535,0.1414141414141414,0.4349775784753363,0.20707070707070707,0.13131313131313133,0.35120880522362724,100.69699999999999,12.9,R,0.0,0.0,0.0,0.03,0.06,0.0,1,Comerica Park,84.0,57.0,8.2,0.0,0.0,0.9010721247563352,0.08253363585082775,1112,,,,,,,,0.5,,,PASS
823755,2026-07-26 18:10:00+00:00,COL,MIL,COL,MIL,0,650489,Willi Castro,confirmed,7.0,4.0,694819,0.030303030303030304,0.045454545454545456,0.031914893617021274,0.18181818181818182,0.26515151515151514,0.24242424242424243,0.07954545454545454,0.29439186531746037,96.27199999999999,0.046153846153846156,0.07692307692307693,0.05154639175257732,0.2153846153846154,0.3230769230769231,0.3230769230769231,0.046153846153846156,0.24062348777777778,96.07333333333332,R,0.014245014245014245,0.011396011396011397,0.09686609686609686,0.5235732009925558,0.39886039886039887,0.05413105413105413,0.20848664900726258,97.97666666666666,18.666666666666668,R,0.0,0.0,0.0,0.03,0.06,0.0,1,American Family Field,84.1,70.0,8.4,0.0,0.5,0.9220272904483432,0.08240718484584161,1113,,,,,,,,0.5,,,PASS
824730,2026-07-26 17:35:00+00:00,TOR,BOS,BOS,TOR,1,665966,Carlos Narváez,confirmed,9.0,3.7,592332,0.016574585635359115,0.04419889502762431,0.032520325203252036,0.17679558011049723,0.2983425414364641,0.3149171270718232,0.06629834254143646,0.27824180929487174,94.0126923076923,0.0196078431372549,0.058823529411764705,0.046875,0.23529411764705882,0.37254901960784315,0.37254901960784315,0.0392156862745098,0.26138915,94.45266666666666,R,0.03389830508474576,0.059322033898305086,0.192090395480226,0.5654885654885655,0.2231638418079096,0.07909604519774012,0.3263742612726831,100.72600000000001,16.066666666666666,R,0.0,0.0,0.0,0.03,0.06,0.0,1,Fenway Park,73.9,46.0,10.4,0.0,0.0,0.9157407407407406,0.07935891456324635,1160,,,,,,,,0.5,,,PASS
824730,2026-07-26 17:35:00+00:00,TOR,BOS,BOS,TOR,1,702332,Caleb Durbin,confirmed,5.0,4.3,592332,0.03982300884955752,0.02654867256637168,0.018808777429467086,0.1592920353982301,0.252212389380531,0.1415929203539823,0.05752212389380531,0.28447122694444443,91.71783333333333,0.031746031746031744,0.0,0.0,0.1111111111111111,0.2857142857142857,0.1111111111111111,0.07936507936507936,0.2885617966666667,91.10666666666667,R,0.03389830508474576,0.059322033898305086,0.192090395480226,0.5654885654885655,0.2231638418079096,0.07909604519774012,0.3263742612726831,100.72600000000001,16.066666666666666,R,0.0,0.0,0.0,0.03,0.06,0.0,1,Fenway Park,73.9,46.0,10.4,0.0,0.0,0.9157407407407406,0.07916499304761147,1163,,,,,,,,0.5,,,PASS
823840,2026-07-26 17:40:00+00:00,SD,MIA,MIA,SD,1,669364,Xavier Edwards,confirmed,4.0,4.45,621111,0.007692307692307693,0.019230769230769232,0.013888888888888888,0.09615384615384616,0.23461538461538461,0.15384615384615385,0.11153846153846154,0.2848599605555556,91.89116666666668,0.0,0.015384615384615385,0.01098901098901099,0.07692307692307693,0.2923076923076923,0.24615384615384617,0.07692307692307693,0.25011932444444446,91.11599999999999,L,0.034375,0.065625,0.175,0.5333333333333333,0.2,0.096875,0.31650763544956656,101.058,14.666666666666666,R,0.0,0.0,0.0,0.03,0.06,0.0,0,loanDepot park,91.3,61.0,5.6,0.0,0.5,0.8531746031746031,0.07889258453409537,1168,,,,,,,,0.5,,,PASS
822950,2026-07-26 16:15:00+00:00,CLE,TB,CLE,TB,0,690984,Petey Halpin,confirmed,9.0,3.7,656876,0.024390243902439025,0.06097560975609756,0.04201680672268908,0.17073170731707318,0.3048780487804878,0.23170731707317074,0.024390243902439025,0.24065497753623186,92.14565217391304,0.0392156862745098,0.058823529411764705,0.039473684210526314,0.17647058823529413,0.3137254901960784,0.21568627450980393,0.0196078431372549,0.22397078333333334,91.39666666666668,L,0.02346041055718475,0.04105571847507331,0.1436950146627566,0.5020661157024794,0.2434017595307918,0.04398826979472141,0.2906183141602472,100.2846666666667,16.733333333333334,R,0.0,0.0,0.0,0.03,0.06,0.0,0,Tropicana Field,89.5,66.0,7.1,0.0,1.0,1.0896686159844056,0.07837434526481285,1176,,,,,,,,0.5,,,PASS
824810,2026-07-26 17:35:00+00:00,ATL,BAL,ATL,BAL,0,643289,Mauricio Dubón,confirmed,5.0,4.3,669358,0.0311284046692607,0.03501945525291829,0.021844660194174758,0.13618677042801555,0.3424124513618677,0.1245136186770428,0.058365758754863814,0.31478856805555555,94.36366666666666,0.015625,0.03125,0.018018018018018018,0.109375,0.3125,0.15625,0.015625,0.2788463111111111,94.14999999999999,R,0.01837270341207349,0.049868766404199474,0.2125984251968504,0.4943181818181818,0.2152230971128609,0.08398950131233596,0.311892212631768,101.194,17.8,R,0.0,0.0,0.0,0.03,0.06,0.0,1,Oriole Park at Camden Yards,82.5,41.0,5.1,0.0,0.0,1.008641975308642,0.07801732190990598,1182,,,,,,,,0.5,,,PASS
823755,2026-07-26 18:10:00+00:00,COL,MIL,COL,MIL,0,691720,Kyle Karros,confirmed,5.0,4.3,694819,0.029661016949152543,0.05508474576271186,0.04234527687296417,0.15254237288135594,0.2457627118644068,0.1906779661016949,0.11440677966101695,0.3302250583333333,96.43966666666667,0.046153846153846156,0.06153846153846154,0.045454545454545456,0.12307692307692308,0.2923076923076923,0.18461538461538463,0.13846153846153847,0.33758846666666664,95.44066666666667,R,0.014245014245014245,0.011396011396011397,0.09686609686609686,0.5235732009925558,0.39886039886039887,0.05413105413105413,0.20848664900726258,97.97666666666666,18.666666666666668,R,3.0,0.0,0.0,0.027906976744186046,0.05581395348837209,0.06976744186046512,1,American Family Field,84.1,70.0,8.4,0.0,0.5,0.9220272904483432,0.07732847668798175,1193,,,,,,,,0.5,,,PASS
823755,2026-07-26 18:10:00+00:00,COL,MIL,COL,MIL,0,664983,Jake McCarthy,confirmed,1.0,4.75,694819,0.03065134099616858,0.038314176245210725,0.029498525073746312,0.13026819923371646,0.25287356321839083,0.1839080459770115,0.0421455938697318,0.2866209747222222,93.59583333333335,0.014925373134328358,0.014925373134328358,0.011904761904761904,0.11940298507462686,0.14925373134328357,0.19402985074626866,0.04477611940298507,0.28490115999999993,93.29666666666667,L,0.014245014245014245,0.011396011396011397,0.09686609686609686,0.5235732009925558,0.39886039886039887,0.05413105413105413,0.20848664900726258,97.97666666666666,18.666666666666668,R,4.0,0.0,0.0,0.02727272727272727,0.05454545454545454,0.09090909090909091,0,American Family Field,84.1,70.0,8.4,0.0,0.5,0.9220272904483432,0.07626951980666799,1211,,,,,,,,0.5,,,PASS
824730,2026-07-26 17:35:00+00:00,TOR,BOS,BOS,TOR,1,655316,Andruw Monasterio,confirmed,8.0,3.85,592332,0.03184713375796178,0.06369426751592357,0.04405286343612335,0.17834394904458598,0.3375796178343949,0.21019108280254778,0.07643312101910828,0.3063015695121951,93.52365853658536,0.05172413793103448,0.10344827586206896,0.0759493670886076,0.22413793103448276,0.3448275862068966,0.15517241379310345,0.10344827586206896,0.37327975999999996,96.15533333333335,R,0.03389830508474576,0.059322033898305086,0.192090395480226,0.5654885654885655,0.2231638418079096,0.07909604519774012,0.3263742612726831,100.72600000000001,16.066666666666666,R,0.0,0.0,0.0,0.03,0.06,0.0,1,Fenway Park,73.9,46.0,10.4,0.0,0.0,0.9157407407407406,0.07585509347526082,1218,,,,,,,,0.5,,,PASS
822706,2026-07-26 17:35:00+00:00,ARI,WSH,WSH,ARI,1,695670,Harry Ford,confirmed,7.0,4.0,684442,0.0625,0.0625,0.05263157894736842,0.0625,0.25,0.375,0.0625,0.2621859375,84.97500000000001,0.0625,0.0625,0.05263157894736842,0.0625,0.25,0.375,0.0625,0.2621859375,84.97500000000001,R,0.0,0.09523809523809523,0.09523809523809523,0.68,0.23809523809523808,0.09523809523809523,0.35915576190476195,102.94,15.0,L,0.0,0.0,0.0,0.03,0.06,0.0,0,Nationals Park,85.3,49.0,3.0,0.0,0.0,1.2992202729044835,0.07555361190434894,1224,,,,,,,,0.5,,,PASS
823755,2026-07-26 18:10:00+00:00,COL,MIL,COL,MIL,0,694249,Cole Carrigg,confirmed,6.0,4.15,694819,0.028169014084507043,0.04225352112676056,0.030303030303030304,0.20422535211267606,0.31690140845070425,0.19014084507042253,0.09859154929577464,0.3304311565656565,94.95484848484848,0.014925373134328358,0.04477611940298507,0.033707865168539325,0.19402985074626866,0.373134328358209,0.1791044776119403,0.07462686567164178,0.3062733566666667,96.206,R,0.014245014245014245,0.011396011396011397,0.09686609686609686,0.5235732009925558,0.39886039886039887,0.05413105413105413,0.20848664900726258,97.97666666666666,18.666666666666668,R,0.0,0.0,0.0,0.03,0.06,0.0,1,American Family Field,84.1,70.0,8.4,0.0,0.5,0.9220272904483432,0.07451988661410332,1242,,,,,,,,0.5,,,PASS
824810,2026-07-26 17:35:00+00:00,ATL,BAL,BAL,ATL,1,665750,Leody Taveras,confirmed,7.0,4.0,625643,0.00816326530612245,0.024489795918367346,0.0196078431372549,0.12244897959183673,0.17959183673469387,0.2653061224489796,0.08979591836734693,0.2543919258333333,91.60550000000002,0.03225806451612903,0.03225806451612903,0.028169014084507043,0.06451612903225806,0.1774193548387097,0.3064516129032258,0.14516129032258066,0.2554036222222222,87.32133333333333,L,0.042328042328042326,0.06349206349206349,0.15873015873015872,0.531496062992126,0.21693121693121692,0.09523809523809523,0.3587181295027919,100.00800000000001,12.9,R,0.0,0.0,0.0,0.03,0.06,0.0,0,Oriole Park at Camden Yards,82.5,41.0,5.1,0.0,0.0,1.008641975308642,0.07298301652613476,1270,,,,,,,,0.5,,,PASS
823840,2026-07-26 17:40:00+00:00,SD,MIA,SD,MIA,0,823550,Sung-Mun Song,confirmed,9.0,3.7,676083,0.010416666666666666,0.041666666666666664,0.03278688524590164,0.10416666666666667,0.2604166666666667,0.1875,0.13541666666666666,0.2683771875,92.55407407407408,0.018518518518518517,0.037037037037037035,0.03076923076923077,0.1111111111111111,0.24074074074074073,0.12962962962962962,0.14814814814814814,0.2625138944444444,93.77933333333334,L,0.037162162162162164,0.05405405405405406,0.20945945945945946,0.52,0.17229729729729729,0.06756756756756757,0.31755622864464783,101.91,15.615384615384615,R,0.0,0.0,0.0,0.03,0.06,0.0,0,loanDepot park,91.3,61.0,5.6,0.0,0.5,0.8531746031746031,0.07226655498591565,1284,,,,,,,,0.5,,,PASS
822950,2026-07-26 16:15:00+00:00,CLE,TB,TB,CLE,1,810938,Ben Williamson,confirmed,6.0,4.15,800048,0.0091324200913242,0.0136986301369863,0.01048951048951049,0.1187214611872146,0.2831050228310502,0.1917808219178082,0.0821917808219178,0.2857177716374269,93.62824561403508,0.017241379310344827,0.017241379310344827,0.012658227848101266,0.08620689655172414,0.1724137931034483,0.1724137931034483,0.05172413793103448,0.2722867033333333,94.41799999999998,R,0.02824858757062147,0.0423728813559322,0.1553672316384181,0.5302013422818792,0.2457627118644068,0.07909604519774012,0.28050877254540574,100.25533333333333,17.333333333333332,L,2.0,0.0,0.0,0.02857142857142857,0.05714285714285714,0.047619047619047616,0,Tropicana Field,89.5,66.0,7.1,0.0,1.0,1.0896686159844056,0.07079061520278059,1313,,,,,,,,0.5,,,PASS
822950,2026-07-26 16:15:00+00:00,CLE,TB,TB,CLE,1,663743,Nick Fortes,confirmed,8.0,3.85,800048,0.01932367149758454,0.024154589371980676,0.01773049645390071,0.15458937198067632,0.18840579710144928,0.13526570048309178,0.01932367149758454,0.29601335833333337,96.93999999999998,0.05357142857142857,0.05357142857142857,0.043478260869565216,0.125,0.16071428571428573,0.125,0.017857142857142856,0.3052032333333333,94.93266666666666,R,0.02824858757062147,0.0423728813559322,0.1553672316384181,0.5302013422818792,0.2457627118644068,0.07909604519774012,0.28050877254540574,100.25533333333333,17.333333333333332,L,2.0,0.0,0.0,0.02857142857142857,0.05714285714285714,0.047619047619047616,0,Tropicana Field,89.5,66.0,7.1,0.0,1.0,1.0896686159844056,0.07076867476482661,1313,,,,,,,,0.5,,,PASS
823028,2026-07-26 18:15:00+00:00,CIN,STL,CIN,STL,0,624431,Jose Trevino,confirmed,8.0,3.85,681517,0.03896103896103896,0.025974025974025976,0.02247191011235955,0.06493506493506493,0.15584415584415584,0.15584415584415584,0.012987012987012988,0.23303328787878785,92.71636363636361,0.05555555555555555,0.037037037037037035,0.031746031746031744,0.09259259259259259,0.18518518518518517,0.14814814814814814,0.0,0.2444066666666667,93.17399999999999,R,0.018575851393188854,0.06811145510835913,0.23529411764705882,0.45161290322580644,0.2043343653250774,0.07739938080495357,0.33326353062898023,102.62733333333334,14.866666666666667,R,0.0,0.0,0.0,0.03,0.06,0.0,1,Busch Stadium,97.3,55.0,4.3,0.0,0.0,0.65,0.07054057062354928,1318,,,,,,,,0.5,,,PASS
824246,2026-07-26 17:40:00+00:00,KC,DET,KC,DET,0,686475,Tyler Tolbert,confirmed,7.0,4.0,664285,0.03225806451612903,0.03225806451612903,0.025,0.14516129032258066,0.25806451612903225,0.11290322580645161,0.04838709677419355,0.30821976851851857,92.21055555555556,0.038461538461538464,0.038461538461538464,0.028985507246376812,0.15384615384615385,0.28846153846153844,0.057692307692307696,0.019230769230769232,0.31536882222222223,94.65533333333333,R,0.028409090909090908,0.05113636363636364,0.17897727272727273,0.3986013986013986,0.19318181818181818,0.08238636363636363,0.3407335089125904,102.64133333333334,15.666666666666666,L,2.0,0.0,0.0,0.02857142857142857,0.05714285714285714,0.047619047619047616,0,Comerica Park,84.0,57.0,8.2,0.0,0.0,0.9010721247563352,0.07009874042340246,1327,,,,,,,,0.5,,,PASS
823840,2026-07-26 17:40:00+00:00,SD,MIA,MIA,SD,1,689414,Liam Hicks,confirmed,5.0,4.3,621111,0.0299625468164794,0.02247191011235955,0.018808777429467086,0.09363295880149813,0.16104868913857678,0.10486891385767791,0.10486891385767791,0.28423689972222216,94.0651666666667,0.015151515151515152,0.030303030303030304,0.022222222222222223,0.09090909090909091,0.16666666666666666,0.10606060606060606,0.06060606060606061,0.2993685944444444,93.18733333333334,L,0.034375,0.065625,0.175,0.5333333333333333,0.2,0.096875,0.31650763544956656,101.058,14.666666666666666,R,0.0,0.0,0.0,0.03,0.06,0.0,0,loanDepot park,91.3,61.0,5.6,0.0,0.5,0.8531746031746031,0.0690791813819845,1348,,,,,,,,0.5,,,PASS
823599,2026-07-26 17:40:00+00:00,LAD,NYM,NYM,LAD,1,620443,Luis Torrens,confirmed,9.0,3.7,686218,0.011764705882352941,0.029411764705882353,0.021834061135371178,0.1588235294117647,0.22941176470588234,0.21176470588235294,0.047058823529411764,0.2662114107638889,93.92104166666667,0.01694915254237288,0.01694915254237288,0.011904761904761904,0.1016949152542373,0.23728813559322035,0.1864406779661017,0.0847457627118644,0.25143751444444445,91.73666666666668,R,0.041935483870967745,0.06451612903225806,0.2129032258064516,0.5871559633027523,0.27419354838709675,0.06774193548387097,0.297149381273315,100.71133333333333,14.333333333333334,R,0.0,0.0,0.0,0.03,0.06,0.0,1,Citi Field,84.2,33.0,5.7,0.0,0.0,0.970486111111111,0.06616614741550554,1411,,,,,,,,0.5,,,PASS
824246,2026-07-26 17:40:00+00:00,KC,DET,KC,DET,0,571912,Luke Maile,confirmed,8.0,3.85,664285,0.09090909090909091,0.09090909090909091,0.07692307692307693,0.09090909090909091,0.2727272727272727,0.2727272727272727,0.09090909090909091,0.18363980000000002,79.65666666666665,0.09090909090909091,0.09090909090909091,0.07692307692307693,0.09090909090909091,0.2727272727272727,0.2727272727272727,0.09090909090909091,0.18363980000000002,79.65666666666665,R,0.028409090909090908,0.05113636363636364,0.17897727272727273,0.3986013986013986,0.19318181818181818,0.08238636363636363,0.3407335089125904,102.64133333333334,15.666666666666666,L,0.0,0.0,0.0,0.03,0.06,0.0,0,Comerica Park,84.0,57.0,8.2,0.0,0.0,0.9010721247563352,0.061135103971783976,1536,,,,,,,,0.5,,,PASS
824246,2026-07-26 17:40:00+00:00,KC,DET,KC,DET,0,623205,Andrew Velazquez,confirmed,9.0,3.7,664285,0.0,0.0,0.0,0.2222222222222222,0.1111111111111111,0.1111111111111111,0.0,0.16652777777777777,85.04,0.0,0.0,0.0,0.2222222222222222,0.1111111111111111,0.1111111111111111,0.0,0.16652777777777777,85.04,L,0.028409090909090908,0.05113636363636364,0.17897727272727273,0.3986013986013986,0.19318181818181818,0.08238636363636363,0.3407335089125904,102.64133333333334,15.666666666666666,L,0.0,0.0,0.0,0.03,0.06,0.0,1,Comerica Park,84.0,57.0,8.2,0.0,0.0,0.9010721247563352,0.0604182119910722,1555,,,,,,,,0.5,,,PASS
823599,2026-07-26 17:40:00+00:00,LAD,NYM,LAD,NYM,0,672613,Eliezer Alfonzo,confirmed,9.0,3.7,642547,0.0,0.0,0.0,0.18181818181818182,0.6363636363636364,0.18181818181818182,0.0,0.20349999999999996,91.58399999999999,0.0,0.0,0.0,0.18181818181818182,0.6363636363636364,0.18181818181818182,0.0,0.20349999999999996,91.58399999999999,L,0.036827195467422094,0.036827195467422094,0.17280453257790368,0.5411255411255411,0.2096317280453258,0.09348441926345609,0.3079476092561644,99.68266666666666,15.266666666666667,R,0.0,0.0,0.0,0.03,0.06,0.0,0,Citi Field,84.2,33.0,5.7,0.0,0.0,0.970486111111111,0.0604098891220441,1555,,,,,,,,0.5,,,PASS
823755,2026-07-26 18:10:00+00:00,COL,MIL,COL,MIL,0,681198,TJ Rumfield,confirmed,4.0,4.45,694819,0.03187250996015936,0.027888446215139442,0.021212121212121213,0.12350597609561753,0.29880478087649404,0.13147410358565736,0.12350597609561753,0.3226467905555555,92.10550000000002,0.016129032258064516,0.016129032258064516,0.012048192771084338,0.0967741935483871,0.24193548387096775,0.12903225806451613,0.16129032258064516,0.3242888666666667,91.67866666666666,L,0.014245014245014245,0.011396011396011397,0.09686609686609686,0.5235732009925558,0.39886039886039887,0.05413105413105413,0.20848664900726258,97.97666666666666,18.666666666666668,R,3.0,0.0,0.0,0.027906976744186046,0.05581395348837209,0.06976744186046512,0,American Family Field,84.1,70.0,8.4,0.0,0.5,0.9220272904483432,0.059256080028688096,1588,,,,,,,,0.5,,,PASS
824810,2026-07-26 17:35:00+00:00,ATL,BAL,ATL,BAL,0,805347,Jim Jarvis,confirmed,9.0,3.7,669358,0.01639344262295082,0.04918032786885246,0.03409090909090909,0.08196721311475409,0.22950819672131148,0.18032786885245902,0.03278688524590164,0.28407125882352935,94.10529411764706,0.017857142857142856,0.05357142857142857,0.037037037037037035,0.08928571428571429,0.21428571428571427,0.16071428571428573,0.03571428571428571,0.2995585377777778,94.64333333333333,L,0.01837270341207349,0.049868766404199474,0.2125984251968504,0.4943181818181818,0.2152230971128609,0.08398950131233596,0.311892212631768,101.194,17.8,R,0.0,0.0,0.0,0.03,0.06,0.0,0,Oriole Park at Camden Yards,82.5,41.0,5.1,0.0,0.0,1.008641975308642,0.05695489590727727,1656,,,,,,,,0.5,,,PASS
822950,2026-07-26 16:15:00+00:00,CLE,TB,TB,CLE,1,680700,Richie Palacios,confirmed,9.0,3.7,800048,0.013333333333333334,0.022222222222222223,0.01773049645390071,0.12,0.23555555555555555,0.17777777777777778,0.12,0.30176982333333335,92.29949152542372,0.038461538461538464,0.038461538461538464,0.03076923076923077,0.15384615384615385,0.23076923076923078,0.1346153846153846,0.11538461538461539,0.31476807111111105,89.93866666666666,L,0.02824858757062147,0.0423728813559322,0.1553672316384181,0.5302013422818792,0.2457627118644068,0.07909604519774012,0.28050877254540574,100.25533333333333,17.333333333333332,L,0.0,0.0,0.0,0.03,0.06,0.0,1,Tropicana Field,89.5,66.0,7.1,0.0,1.0,1.0896686159844056,0.056146018602290855,1681,,,,,,,,0.5,,,PASS
823755,2026-07-26 18:10:00+00:00,COL,MIL,COL,MIL,0,666397,Edouard Julien,confirmed,9.0,3.7,694819,0.012987012987012988,0.03896103896103896,0.03202846975088968,0.18181818181818182,0.31601731601731603,0.2554112554112554,0.1341991341991342,0.3395900502777778,96.51333333333334,0.01694915254237288,0.05084745762711865,0.046153846153846156,0.11864406779661017,0.2711864406779661,0.22033898305084745,0.1864406779661017,0.39185754,96.752,L,0.014245014245014245,0.011396011396011397,0.09686609686609686,0.5235732009925558,0.39886039886039887,0.05413105413105413,0.20848664900726258,97.97666666666666,18.666666666666668,R,3.0,0.0,0.0,0.027906976744186046,0.05581395348837209,0.06976744186046512,0,American Family Field,84.1,70.0,8.4,0.0,0.5,0.9220272904483432,0.055945254887336336,1687,,,,,,,,0.5,,,PASS
823755,2026-07-26 18:10:00+00:00,COL,MIL,COL,MIL,0,687859,Troy Johnston,confirmed,8.0,3.85,694819,0.0041841004184100415,0.012552301255230125,0.00911854103343465,0.13807531380753138,0.24686192468619247,0.1506276150627615,0.08786610878661087,0.3128840597222222,94.74333333333334,0.0,0.0,0.0,0.19642857142857142,0.3392857142857143,0.16071428571428573,0.08928571428571429,0.25934756555555555,96.30533333333332,L,0.014245014245014245,0.011396011396011397,0.09686609686609686,0.5235732009925558,0.39886039886039887,0.05413105413105413,0.20848664900726258,97.97666666666666,18.666666666666668,R,3.0,0.0,0.0,0.027906976744186046,0.05581395348837209,0.06976744186046512,0,American Family Field,84.1,70.0,8.4,0.0,0.5,0.9220272904483432,0.053465137033876474,1770,,,,,,,,0.5,,,PASS
824810,2026-07-26 17:35:00+00:00,ATL,BAL,BAL,ATL,1,644433,Chadwick Tromp,confirmed,9.0,3.7,625643,0.0,0.0,0.0,0.09375,0.28125,0.28125,0.0,0.19079166666666666,87.81555555555555,0.0,0.0,0.0,0.09375,0.28125,0.28125,0.0,0.19079166666666666,87.81555555555555,R,0.042328042328042326,0.06349206349206349,0.15873015873015872,0.531496062992126,0.21693121693121692,0.09523809523809523,0.3587181295027919,100.00800000000001,12.9,R,0.0,0.0,0.0,0.03,0.06,0.0,1,Oriole Park at Camden Yards,82.5,41.0,5.1,0.0,0.0,1.008641975308642,0.05004155043850847,1898,,,,,,,,0.5,,,PASS
822706,2026-07-26 17:35:00+00:00,ARI,WSH,WSH,ARI,1,683083,Nasim Nuñez,confirmed,9.0,3.7,684442,0.004545454545454545,0.004545454545454545,0.003389830508474576,0.06363636363636363,0.2909090909090909,0.2318181818181818,0.1,0.2748990488888889,90.05850000000001,0.017543859649122806,0.017543859649122806,0.012345679012345678,0.10526315789473684,0.22807017543859648,0.14035087719298245,0.10526315789473684,0.28085108777777784,88.43333333333334,R,0.0,0.09523809523809523,0.09523809523809523,0.68,0.23809523809523808,0.09523809523809523,0.35915576190476195,102.94,15.0,L,0.0,0.0,0.0,0.03,0.06,0.0,0,Nationals Park,85.3,49.0,3.0,0.0,0.0,1.2992202729044835,0.04617688761659712,2066,,,,,,,,0.5,,,PASS
822950,2026-07-26 16:15:00+00:00,CLE,TB,CLE,TB,0,680757,Steven Kwan,confirmed,1.0,4.75,656876,0.0,0.0,0.0,0.03361344537815126,0.2857142857142857,0.08823529411764706,0.13025210084033614,0.32647690305555555,89.65683333333331,0.0,0.0,0.0,0.01694915254237288,0.23728813559322035,0.06779661016949153,0.13559322033898305,0.40202442888888884,89.90666666666668,L,0.02346041055718475,0.04105571847507331,0.1436950146627566,0.5020661157024794,0.2434017595307918,0.04398826979472141,0.2906183141602472,100.2846666666667,16.733333333333334,R,3.0,0.0,0.0,0.027906976744186046,0.05581395348837209,0.06976744186046512,0,Tropicana Field,89.5,66.0,7.1,0.0,1.0,1.0896686159844056,0.0397083836129513,2418,,,,,,,,0.5,,,PASS
822950,2026-07-26 16:15:00+00:00,CLE,TB,TB,CLE,1,802415,Chandler Simpson,confirmed,5.0,4.3,800048,0.0,0.0,0.0,0.02834008097165992,0.18218623481781376,0.08906882591093117,0.048582995951417005,0.2618171358333333,90.67849999999999,0.0,0.0,0.0,0.03278688524590164,0.32786885245901637,0.04918032786885246,0.03278688524590164,0.3065120944444445,89.63333333333335,L,0.02824858757062147,0.0423728813559322,0.1553672316384181,0.5302013422818792,0.2457627118644068,0.07909604519774012,0.28050877254540574,100.25533333333333,17.333333333333332,L,2.0,0.0,0.0,0.02857142857142857,0.05714285714285714,0.047619047619047616,1,Tropicana Field,89.5,66.0,7.1,0.0,1.0,1.0896686159844056,0.0338600799509288,2853,,,,,,,,0.5,,,PASS
