game_pk,game_datetime,away_team,home_team,team,opponent,is_home,player_id,player_name,lineup_status,batting_order,expected_pa,opposing_starter_id,batter_hr_pa_long,batter_barrel_pa_long,batter_barrel_bbe_long,batter_hard_air_pa_long,batter_sweet_pa_long,batter_k_rate_long,batter_bb_rate_long,batter_xwoba_long,batter_ev90_long,batter_hr_pa_recent,batter_barrel_pa_recent,batter_barrel_bbe_recent,batter_hard_air_pa_recent,batter_sweet_pa_recent,batter_k_rate_recent,batter_bb_rate_recent,batter_xwoba_recent,batter_ev90_recent,batter_hand,pitcher_hr_bf,pitcher_barrel_bf,pitcher_hard_air_bf,pitcher_fly_rate,pitcher_k_rate,pitcher_bb_rate,pitcher_xwoba,pitcher_ev90,pitcher_outs,opposing_pitcher_hand,bvp_pa,bvp_hr,bvp_barrels,bvp_hr_shrunk,bvp_barrel_shrunk,bvp_reliability,same_hand,venue,temperature_f,humidity_pct,wind_speed_mph,precipitation_in,roof_control_factor,park_hr_factor,home_run_probability,fair_odds,point,over_odds,under_odds,over_no_vig_probability,under_no_vig_probability,over_book,under_book,line,market_edge,ev_per_unit,signal
822684,2026-09-11 22:45:00+00:00,LAA,WSH,WSH,LAA,1,691002,Yohandy Morales,confirmed,6.0,4.15,579328,0.11764705882352941,0.17647058823529413,0.15,0.35294117647058826,0.29411764705882354,0.35294117647058826,0.0,0.3332666666666667,100.15400000000001,0.11764705882352941,0.17647058823529413,0.15,0.35294117647058826,0.29411764705882354,0.35294117647058826,0.0,0.3332666666666667,100.15400000000001,R,0.032407407407407406,0.06481481481481481,0.19907407407407407,0.5287769784172662,0.22685185185185186,0.08796296296296297,0.34348328404994766,102.87199999999999,14.6,L,0.0,0.0,0.0,0.03,0.06,0.0,0,Nationals Park,77.3,69.0,3.5,0.0,0.0,1.225851148060174,0.25086688027510146,299,,,,,,,,0.5,,,HR WATCH
822684,2026-09-11 22:45:00+00:00,LAA,WSH,WSH,LAA,1,695578,James Wood,confirmed,1.0,4.75,579328,0.05,0.08928571428571429,0.08741258741258741,0.19285714285714287,0.18214285714285713,0.275,0.16071428571428573,0.3927980036111111,100.51916666666668,0.0,0.058823529411764705,0.05714285714285714,0.11764705882352941,0.16176470588235295,0.20588235294117646,0.19117647058823528,0.34167044,101.236,L,0.032407407407407406,0.06481481481481481,0.19907407407407407,0.5287769784172662,0.22685185185185186,0.08796296296296297,0.34348328404994766,102.87199999999999,14.6,L,0.0,0.0,0.0,0.03,0.06,0.0,1,Nationals Park,77.3,69.0,3.5,0.0,0.0,1.225851148060174,0.19681539988841185,408,,,,,,,,0.5,,,HR WATCH
823498,2026-09-11 23:05:00+00:00,NYM,NYY,NYM,NYY,0,596019,Francisco Lindor,confirmed,1.0,4.75,607074,0.05555555555555555,0.06296296296296296,0.04885057471264368,0.2777777777777778,0.21851851851851853,0.21481481481481482,0.0962962962962963,0.32275364833333337,98.16216666666666,0.08571428571428572,0.05714285714285714,0.04597701149425287,0.22857142857142856,0.17142857142857143,0.2571428571428571,0.05714285714285714,0.28301737888888895,98.07333333333332,L,0.022388059701492536,0.041044776119402986,0.17164179104477612,0.5776566757493188,0.26119402985074625,0.12686567164179105,0.30450127443367914,99.88692307692307,14.615384615384615,L,0.0,0.0,0.0,0.03,0.06,0.0,1,Yankee Stadium,76.0,37.0,2.1,0.0,0.0,1.195458144389261,0.17814027284691814,461,,,,,,,,0.5,,,HR WATCH
823817,2026-09-11 23:10:00+00:00,LAD,MIA,LAD,MIA,0,571970,Max Muncy,confirmed,2.0,4.65,687473,0.048582995951417005,0.06072874493927125,0.049019607843137254,0.29554655870445345,0.21862348178137653,0.2591093117408907,0.12550607287449392,0.3072134766666667,96.93433333333336,0.03125,0.046875,0.036585365853658534,0.3125,0.203125,0.25,0.171875,0.34716273111111107,97.33200000000002,L,0.0313588850174216,0.0627177700348432,0.1916376306620209,0.4898989898989899,0.18466898954703834,0.07665505226480836,0.32869257526997714,101.40466666666667,12.4,R,0.0,0.0,0.0,0.03,0.06,0.0,0,loanDepot park,80.8,87.0,2.1,0.0,0.5,0.8667634380223453,0.17505644647586602,471,,,,,,,,0.5,,,HR WATCH
824873,2026-09-11 23:15:00+00:00,PHI,ATL,PHI,ATL,0,656941,Kyle Schwarber,confirmed,1.0,4.75,519242,0.05166051660516605,0.07011070110701106,0.061488673139158574,0.2177121771217712,0.1918819188191882,0.3062730627306273,0.14391143911439114,0.3358678855555556,97.91966666666666,0.07352941176470588,0.08823529411764706,0.06521739130434782,0.23529411764705882,0.22058823529411764,0.2647058823529412,0.11764705882352941,0.36659528333333335,97.96733333333333,L,0.008310249307479225,0.030470914127423823,0.15512465373961218,0.4592274678111588,0.31024930747922436,0.04155124653739612,0.2657349766797526,100.006,17.466666666666665,L,9.0,0.0,0.0,0.024489795918367346,0.04897959183673469,0.1836734693877551,1,Truist Park,75.5,88.0,3.5,0.087,0.0,1.0131001223637803,0.1726558194726752,479,,,,,,,,0.5,,,HR WATCH
822930,2026-09-11 23:10:00+00:00,HOU,TB,TB,HOU,1,691406,Junior Caminero,confirmed,3.0,4.55,699044,0.04961832061068702,0.08778625954198473,0.07301587301587302,0.17557251908396945,0.16793893129770993,0.19083969465648856,0.09923664122137404,0.33443794250000003,100.51683333333334,0.058823529411764705,0.08823529411764706,0.06521739130434782,0.22058823529411764,0.23529411764705882,0.17647058823529413,0.08823529411764706,0.34042093,101.41799999999999,R,,,,,,,,,,,0.0,0.0,0.0,0.03,0.06,0.0,0,Tropicana Field,83.0,83.0,5.4,0.0,1.0,1.1701306413301662,0.17225985739349922,481,,,,,,,,0.5,,,HR WATCH
824873,2026-09-11 23:15:00+00:00,PHI,ATL,ATL,PHI,1,621566,Matt Olson,confirmed,3.0,4.55,605400,0.05859375,0.09765625,0.0744047619047619,0.26171875,0.296875,0.2890625,0.09375,0.32805181333333333,98.417,0.01639344262295082,0.04918032786885246,0.03614457831325301,0.32786885245901637,0.21311475409836064,0.2459016393442623,0.08196721311475409,0.2981170711111111,99.02866666666667,L,0.05367231638418079,0.059322033898305086,0.2231638418079096,0.4719626168224299,0.2570621468926554,0.07909604519774012,0.29299882416203066,101.64066666666668,16.6,R,6.0,1.0,1.0,0.04782608695652174,0.07391304347826087,0.13043478260869565,0,Truist Park,75.5,88.0,3.5,0.087,0.0,1.0131001223637803,0.17024948026767553,487,,,,,,,,0.5,,,HR WATCH
824711,2026-09-11 23:10:00+00:00,KC,BOS,BOS,KC,1,701350,Roman Anthony,confirmed,1.0,4.75,607625,0.01639344262295082,0.06557377049180328,0.06417112299465241,0.18032786885245902,0.18032786885245902,0.273224043715847,0.1366120218579235,0.33721272083333337,99.01575,0.04411764705882353,0.10294117647058823,0.09722222222222222,0.2647058823529412,0.25,0.2647058823529412,0.10294117647058823,0.38156601333333334,100.258,L,0.03133903133903134,0.02849002849002849,0.18518518518518517,0.46153846153846156,0.150997150997151,0.07407407407407407,0.33504074078604085,101.14666666666666,15.466666666666667,R,0.0,0.0,0.0,0.03,0.06,0.0,0,Fenway Park,72.3,33.0,5.6,0.0,0.0,1.163939473915721,0.16658766924059565,500,,,,,,,,0.5,,,HR WATCH
823498,2026-09-11 23:05:00+00:00,NYM,NYY,NYY,NYM,1,700250,Ben Rice,confirmed,1.0,4.75,690997,0.052830188679245285,0.09056603773584905,0.07430340557275542,0.2490566037735849,0.26037735849056604,0.26037735849056604,0.12075471698113208,0.3726264466666667,98.47916666666669,0.029411764705882353,0.07352941176470588,0.0641025641025641,0.2647058823529412,0.2647058823529412,0.19117647058823528,0.11764705882352941,0.3965287333333333,98.53066666666668,L,0.01881720430107527,0.03763440860215054,0.1424731182795699,0.46993318485523383,0.260752688172043,0.10215053763440861,0.29302749213078283,100.102,17.466666666666665,R,0.0,0.0,0.0,0.03,0.06,0.0,0,Yankee Stadium,76.0,37.0,2.1,0.0,0.0,1.195458144389261,0.16638165632240917,501,,,,,,,,0.5,,,HR WATCH
823173,2026-09-12 02:15:00+00:00,SD,SF,SF,SD,1,646240,Rafael Devers,confirmed,2.0,4.65,592662,0.07662835249042145,0.08812260536398467,0.07210031347962383,0.23371647509578544,0.24521072796934865,0.20689655172413793,0.14559386973180077,0.3725177463888889,100.84800000000001,0.11594202898550725,0.15942028985507245,0.13253012048192772,0.2898550724637681,0.2898550724637681,0.21739130434782608,0.15942028985507245,0.4480803933333333,103.70466666666667,L,0.020114942528735632,0.03735632183908046,0.16379310344827586,0.528604118993135,0.1724137931034483,0.12643678160919541,0.3311489924246125,101.00333333333333,16.0,L,0.0,0.0,0.0,0.03,0.06,0.0,1,Oracle Park,62.2,79.0,16.2,0.0,0.0,0.7742217777222153,0.16602193496695153,502,,,,,,,,0.5,,,HR WATCH
822684,2026-09-11 22:45:00+00:00,LAA,WSH,WSH,LAA,1,682928,CJ Abrams,confirmed,4.0,4.45,579328,0.048507462686567165,0.05970149253731343,0.0486322188449848,0.2126865671641791,0.2462686567164179,0.30597014925373134,0.08582089552238806,0.2840241044444444,96.24666666666667,0.015151515151515152,0.045454545454545456,0.0379746835443038,0.19696969696969696,0.18181818181818182,0.3787878787878788,0.10606060606060606,0.20230881,96.98999999999998,L,0.032407407407407406,0.06481481481481481,0.19907407407407407,0.5287769784172662,0.22685185185185186,0.08796296296296297,0.34348328404994766,102.87199999999999,14.6,L,0.0,0.0,0.0,0.03,0.06,0.0,1,Nationals Park,77.3,69.0,3.5,0.0,0.0,1.225851148060174,0.1657871488075756,503,,,,,,,,0.5,,,HR WATCH
823736,2026-09-11 23:45:00+00:00,CIN,MIL,CIN,MIL,0,682829,Elly De La Cruz,confirmed,2.0,4.65,669160,0.048327137546468404,0.10408921933085502,0.09302325581395349,0.21189591078066913,0.20446096654275092,0.2527881040892193,0.13011152416356878,0.38777409666666673,100.80474576271186,0.07692307692307693,0.2,0.1566265060240964,0.3230769230769231,0.24615384615384617,0.26153846153846155,0.1076923076923077,0.4876634277777778,104.38000000000002,L,0.0196078431372549,0.049019607843137254,0.1568627450980392,0.4696969696969697,0.24836601307189543,0.0915032679738562,0.3437150083372658,100.60199999999999,14.066666666666666,R,5.0,1.0,1.0,0.04888888888888889,0.07555555555555556,0.1111111111111111,0,American Family Field,70.5,60.0,6.9,0.0,0.5,0.8915281076801267,0.16329457823315818,512,,,,,,,,0.5,,,HR WATCH
824873,2026-09-11 23:15:00+00:00,PHI,ATL,ATL,PHI,1,660670,Ronald Acuña Jr.,confirmed,2.0,4.65,605400,0.05363984674329502,0.08045977011494253,0.06086956521739131,0.23371647509578544,0.25287356321839083,0.23754789272030652,0.10727969348659004,0.3423716294444445,97.47216666666668,0.046153846153846156,0.09230769230769231,0.06382978723404255,0.23076923076923078,0.26153846153846155,0.16923076923076924,0.07692307692307693,0.3694616533333333,99.98733333333331,R,0.05367231638418079,0.059322033898305086,0.2231638418079096,0.4719626168224299,0.2570621468926554,0.07909604519774012,0.29299882416203066,101.64066666666668,16.6,R,6.0,0.0,0.0,0.02608695652173913,0.05217391304347826,0.13043478260869565,1,Truist Park,75.5,88.0,3.5,0.087,0.0,1.0131001223637803,0.16134097187851526,520,,,,,,,,0.5,,,HR WATCH
822767,2026-09-11 23:07:00+00:00,BAL,TOR,BAL,TOR,0,624413,Pete Alonso,confirmed,2.0,4.65,453286,0.05747126436781609,0.09961685823754789,0.07428571428571429,0.28735632183908044,0.2720306513409962,0.23371647509578544,0.11494252873563218,0.41824740083333334,100.29516666666667,0.045454545454545456,0.07575757575757576,0.0641025641025641,0.22727272727272727,0.25757575757575757,0.2727272727272727,0.16666666666666666,0.3785305866666667,98.14200000000002,R,0.04779411764705882,0.0661764705882353,0.19852941176470587,0.6172248803827751,0.17647058823529413,0.09926470588235294,0.3347376842174518,98.70642857142856,13.357142857142858,R,0.0,0.0,0.0,0.03,0.06,0.0,1,Rogers Centre,67.2,62.0,4.7,0.0,0.5,0.65,0.16116469794020816,520,,,,,,,,0.5,,,HR WATCH
823012,2026-09-12 00:15:00+00:00,CWS,STL,CWS,STL,0,695657,Colson Montgomery,confirmed,4.0,4.45,669461,0.04263565891472868,0.05813953488372093,0.048701298701298704,0.20155038759689922,0.21705426356589147,0.3875968992248062,0.06976744186046512,0.2649907717063492,96.85724137931035,0.06349206349206349,0.07936507936507936,0.056818181818181816,0.25396825396825395,0.25396825396825395,0.42857142857142855,0.09523809523809523,0.2934659166666667,99.97533333333331,L,0.0438871473354232,0.05956112852664577,0.21316614420062696,0.47880299251870323,0.2601880877742947,0.07210031347962383,0.32706245094468894,100.90333333333334,14.4,L,0.0,0.0,0.0,0.03,0.06,0.0,1,Busch Stadium,78.1,81.0,2.9,0.0,0.0,0.8543811031934547,0.1584636294559008,531,,,,,,,,0.5,,,PASS
823498,2026-09-11 23:05:00+00:00,NYM,NYY,NYY,NYM,1,592450,Aaron Judge,confirmed,3.0,4.55,690997,0.06463878326996197,0.11787072243346007,0.10197368421052631,0.22813688212927757,0.24714828897338403,0.26996197718631176,0.1596958174904943,0.4114832511111111,99.0876666666667,0.015625,0.09375,0.07792207792207792,0.234375,0.28125,0.28125,0.109375,0.3234463211111111,98.94999999999999,R,0.01881720430107527,0.03763440860215054,0.1424731182795699,0.46993318485523383,0.260752688172043,0.10215053763440861,0.29302749213078283,100.102,17.466666666666665,R,0.0,0.0,0.0,0.03,0.06,0.0,1,Yankee Stadium,76.0,37.0,2.1,0.0,0.0,1.195458144389261,0.15785252677022016,534,,,,,,,,0.5,,,PASS
824711,2026-09-11 23:10:00+00:00,KC,BOS,KC,BOS,0,695600,Carter Jensen,confirmed,1.0,4.75,543243,0.04814814814814815,0.08518518518518518,0.0705521472392638,0.2037037037037037,0.21851851851851853,0.2814814814814815,0.13333333333333333,0.3315069207142857,97.54899999999999,0.08695652173913043,0.11594202898550725,0.10666666666666667,0.21739130434782608,0.2463768115942029,0.2318840579710145,0.17391304347826086,0.45862438333333333,101.53133333333334,L,0.023746701846965697,0.036939313984168866,0.1503957783641161,0.3963963963963964,0.24010554089709762,0.0633245382585752,0.27402682207078216,100.51466666666667,18.6,R,3.0,0.0,0.0,0.027906976744186046,0.05581395348837209,0.06976744186046512,0,Fenway Park,72.3,33.0,5.6,0.0,0.0,1.163939473915721,0.15589501414980253,541,,,,,,,,0.5,,,PASS
822684,2026-09-11 22:45:00+00:00,LAA,WSH,WSH,LAA,1,665953,Andrés Chaparro,confirmed,2.0,4.65,579328,0.045454545454545456,0.07792207792207792,0.06030150753768844,0.2012987012987013,0.18831168831168832,0.21428571428571427,0.09740259740259741,0.34526249814814813,96.00955555555556,0.05084745762711865,0.0847457627118644,0.05952380952380952,0.22033898305084745,0.15254237288135594,0.22033898305084745,0.1016949152542373,0.3023458777777778,96.88933333333334,R,0.032407407407407406,0.06481481481481481,0.19907407407407407,0.5287769784172662,0.22685185185185186,0.08796296296296297,0.34348328404994766,102.87199999999999,14.6,L,0.0,0.0,0.0,0.03,0.06,0.0,0,Nationals Park,77.3,69.0,3.5,0.0,0.0,1.225851148060174,0.1554987588584502,543,,,,,,,,0.5,,,PASS
822684,2026-09-11 22:45:00+00:00,LAA,WSH,LAA,WSH,0,687263,Zach Neto,confirmed,1.0,4.75,676917,0.030418250950570342,0.06463878326996197,0.0480225988700565,0.24334600760456274,0.22053231939163498,0.27756653992395436,0.060836501901140684,0.3007208338888889,96.96183333333333,0.05970149253731343,0.07462686567164178,0.052083333333333336,0.26865671641791045,0.26865671641791045,0.26865671641791045,0.04477611940298507,0.39622852666666675,97.75733333333334,R,0.03333333333333333,0.03939393939393939,0.1484848484848485,0.47058823529411764,0.3151515151515151,0.06363636363636363,0.2688631296703683,99.63000000000002,16.666666666666668,R,0.0,0.0,0.0,0.03,0.06,0.0,1,Nationals Park,77.3,69.0,3.5,0.0,0.0,1.225851148060174,0.155358753937778,544,,,,,,,,0.5,,,PASS
823012,2026-09-12 00:15:00+00:00,CWS,STL,CWS,STL,0,545341,Randal Grichuk,confirmed,2.0,4.65,669461,0.04666666666666667,0.1,0.07614213197969544,0.23333333333333334,0.21333333333333335,0.23333333333333334,0.03333333333333333,0.36923089492753625,98.0508695652174,0.041666666666666664,0.08333333333333333,0.058823529411764705,0.25,0.125,0.22916666666666666,0.020833333333333332,0.33737553333333337,101.18333333333335,R,0.0438871473354232,0.05956112852664577,0.21316614420062696,0.47880299251870323,0.2601880877742947,0.07210031347962383,0.32706245094468894,100.90333333333334,14.4,L,0.0,0.0,0.0,0.03,0.06,0.0,0,Busch Stadium,78.1,81.0,2.9,0.0,0.0,0.8543811031934547,0.1521376665837357,557,,,,,,,,0.5,,,PASS
823173,2026-09-12 02:15:00+00:00,SD,SF,SD,SF,0,665487,Fernando Tatis Jr.,confirmed,1.0,4.75,683627,0.055762081784386616,0.10408921933085502,0.08974358974358974,0.241635687732342,0.21561338289962825,0.15985130111524162,0.08921933085501858,0.3892610902777777,101.11916666666669,0.046153846153846156,0.09230769230769231,0.0759493670886076,0.23076923076923078,0.26153846153846155,0.18461538461538463,0.03076923076923077,0.3407613833333334,100.53666666666666,R,0.05128205128205128,0.05128205128205128,0.15384615384615385,0.6129032258064516,0.3076923076923077,0.02564102564102564,0.2525070912698413,97.44999999999999,15.0,R,0.0,0.0,0.0,0.03,0.06,0.0,1,Oracle Park,62.2,79.0,16.2,0.0,0.0,0.7742217777222153,0.15210558000820495,557,,,,,,,,0.5,,,PASS
824873,2026-09-11 23:15:00+00:00,PHI,ATL,ATL,PHI,1,686948,Drake Baldwin,confirmed,1.0,4.75,605400,0.03409090909090909,0.06818181818181818,0.048,0.23106060606060605,0.2878787878787879,0.1893939393939394,0.09090909090909091,0.3532602247222221,98.67983333333336,0.030303030303030304,0.07575757575757576,0.05813953488372093,0.21212121212121213,0.3181818181818182,0.2727272727272727,0.045454545454545456,0.3353905533333333,96.99399999999999,L,0.05367231638418079,0.059322033898305086,0.2231638418079096,0.4719626168224299,0.2570621468926554,0.07909604519774012,0.29299882416203066,101.64066666666668,16.6,R,6.0,0.0,0.0,0.02608695652173913,0.05217391304347826,0.13043478260869565,0,Truist Park,75.5,88.0,3.5,0.087,0.0,1.0131001223637803,0.15052418233300036,564,,,,,,,,0.5,,,PASS
823012,2026-09-12 00:15:00+00:00,CWS,STL,STL,CWS,1,695491,Joshua Báez,confirmed,5.0,4.3,641743,0.08333333333333333,0.08333333333333333,0.07368421052631578,0.2261904761904762,0.25,0.34523809523809523,0.03571428571428571,0.30278196,97.64150000000002,0.06557377049180328,0.04918032786885246,0.04285714285714286,0.18032786885245902,0.22950819672131148,0.36065573770491804,0.04918032786885246,0.2776833066666667,96.09866666666669,R,0.03003003003003003,0.05105105105105105,0.1831831831831832,0.43507972665148065,0.1891891891891892,0.06906906906906907,0.3147078343022136,101.37866666666667,14.866666666666667,L,0.0,0.0,0.0,0.03,0.06,0.0,0,Busch Stadium,78.1,81.0,2.9,0.0,0.0,0.8543811031934547,0.1502851966606489,565,,,,,,,,0.5,,,PASS
822767,2026-09-11 23:07:00+00:00,BAL,TOR,BAL,TOR,0,691723,Coby Mayo,confirmed,4.0,4.45,453286,0.06637168141592921,0.09292035398230089,0.0707070707070707,0.27876106194690264,0.3008849557522124,0.3141592920353982,0.06637168141592921,0.32159931333333347,96.59766666666665,0.08620689655172414,0.1206896551724138,0.08641975308641975,0.29310344827586204,0.29310344827586204,0.2413793103448276,0.06896551724137931,0.39479191,98.14133333333335,R,0.04779411764705882,0.0661764705882353,0.19852941176470587,0.6172248803827751,0.17647058823529413,0.09926470588235294,0.3347376842174518,98.70642857142856,13.357142857142858,R,0.0,0.0,0.0,0.03,0.06,0.0,1,Rogers Centre,67.2,62.0,4.7,0.0,0.5,0.65,0.14905494285691365,571,,,,,,,,0.5,,,PASS
823498,2026-09-11 23:05:00+00:00,NYM,NYY,NYY,NYM,1,682987,Spencer Jones,confirmed,5.0,4.3,690997,0.04128440366972477,0.0871559633027523,0.06597222222222222,0.2706422018348624,0.26605504587155965,0.3394495412844037,0.10091743119266056,0.3305981872222222,98.33466666666666,0.03389830508474576,0.1016949152542373,0.07228915662650602,0.288135593220339,0.2711864406779661,0.3220338983050847,0.11864406779661017,0.3976102677777778,98.96333333333335,L,0.01881720430107527,0.03763440860215054,0.1424731182795699,0.46993318485523383,0.260752688172043,0.10215053763440861,0.29302749213078283,100.102,17.466666666666665,R,0.0,0.0,0.0,0.03,0.06,0.0,0,Yankee Stadium,76.0,37.0,2.1,0.0,0.0,1.195458144389261,0.1453986902138194,588,,,,,,,,0.5,,,PASS
822930,2026-09-11 23:10:00+00:00,HOU,TB,TB,HOU,1,666018,Jonathan Aranda,confirmed,2.0,4.65,699044,0.022304832713754646,0.06319702602230483,0.04271356783919598,0.21561338289962825,0.30855018587360594,0.24535315985130113,0.06319702602230483,0.3225868558333333,96.83249999999998,0.05970149253731343,0.05970149253731343,0.038834951456310676,0.2537313432835821,0.26865671641791045,0.23880597014925373,0.05970149253731343,0.34219490333333336,95.99066666666667,L,,,,,,,,,,,0.0,0.0,0.0,0.03,0.06,0.0,0,Tropicana Field,83.0,83.0,5.4,0.0,1.0,1.1701306413301662,0.14522234371897716,589,,,,,,,,0.5,,,PASS
822930,2026-09-11 23:10:00+00:00,HOU,TB,TB,HOU,1,650490,Yandy Díaz,confirmed,1.0,4.75,699044,0.03663003663003663,0.05860805860805861,0.03827751196172249,0.18681318681318682,0.27472527472527475,0.1575091575091575,0.054945054945054944,0.32651129000000007,98.75500000000001,0.043478260869565216,0.08695652173913043,0.05714285714285714,0.21739130434782608,0.2898550724637681,0.14492753623188406,0.07246376811594203,0.3540993533333333,101.08333333333333,R,,,,,,,,,,,0.0,0.0,0.0,0.03,0.06,0.0,0,Tropicana Field,83.0,83.0,5.4,0.0,1.0,1.1701306413301662,0.14503485951470266,589,,,,,,,,0.5,,,PASS
824227,2026-09-11 22:40:00+00:00,COL,DET,DET,COL,1,682985,Riley Greene,confirmed,4.0,4.45,690279,0.05078125,0.11328125,0.08868501529051988,0.2734375,0.28515625,0.26171875,0.12109375,0.3853478427777777,96.85203389830507,0.06349206349206349,0.09523809523809523,0.08450704225352113,0.20634920634920634,0.3492063492063492,0.31746031746031744,0.07936507936507936,0.3980745288888889,93.87142857142855,L,0.06779661016949153,0.0847457627118644,0.288135593220339,0.4875,0.288135593220339,0.1016949152542373,0.3666968047619048,102.51666666666667,13.0,R,0.0,0.0,0.0,0.03,0.06,0.0,0,Comerica Park,72.1,65.0,5.4,0.0,0.0,0.8023752969121141,0.14434917050490192,593,,,,,,,,0.5,,,PASS
823498,2026-09-11 23:05:00+00:00,NYM,NYY,NYM,NYY,0,665742,Juan Soto,confirmed,2.0,4.65,607074,0.05813953488372093,0.07751937984496124,0.06756756756756757,0.2054263565891473,0.20155038759689922,0.1124031007751938,0.18992248062015504,0.4304115263888889,100.07661016949153,0.04411764705882353,0.07352941176470588,0.07042253521126761,0.19117647058823528,0.19117647058823528,0.1323529411764706,0.16176470588235295,0.35421695888888893,100.17857142857143,L,0.022388059701492536,0.041044776119402986,0.17164179104477612,0.5776566757493188,0.26119402985074625,0.12686567164179105,0.30450127443367914,99.88692307692307,14.615384615384615,L,2.0,0.0,0.0,0.02857142857142857,0.05714285714285714,0.047619047619047616,1,Yankee Stadium,76.0,37.0,2.1,0.0,0.0,1.195458144389261,0.14338043361272915,597,,,,,,,,0.5,,,PASS
822684,2026-09-11 22:45:00+00:00,LAA,WSH,WSH,LAA,1,691781,Brady House,confirmed,3.0,4.55,579328,0.027777777777777776,0.06349206349206349,0.05144694533762058,0.1746031746031746,0.2619047619047619,0.25396825396825395,0.06349206349206349,0.3167806169444445,98.13133333333333,0.016129032258064516,0.04838709677419355,0.03571428571428571,0.1935483870967742,0.3870967741935484,0.1774193548387097,0.0967741935483871,0.3483570977777778,98.19933333333334,R,0.032407407407407406,0.06481481481481481,0.19907407407407407,0.5287769784172662,0.22685185185185186,0.08796296296296297,0.34348328404994766,102.87199999999999,14.6,L,0.0,0.0,0.0,0.03,0.06,0.0,0,Nationals Park,77.3,69.0,3.5,0.0,0.0,1.225851148060174,0.14314811723529153,599,,,,,,,,0.5,,,PASS
823498,2026-09-11 23:05:00+00:00,NYM,NYY,NYY,NYM,1,671277,Luis García Jr.,confirmed,4.0,4.45,690997,0.078125,0.125,0.08791208791208792,0.26171875,0.21875,0.18359375,0.0546875,0.36337152305555553,99.32316666666667,0.09230769230769231,0.12307692307692308,0.09523809523809523,0.26153846153846155,0.2153846153846154,0.2,0.06153846153846154,0.41027901333333333,101.03999999999999,L,0.01881720430107527,0.03763440860215054,0.1424731182795699,0.46993318485523383,0.260752688172043,0.10215053763440861,0.29302749213078283,100.102,17.466666666666665,R,4.0,0.0,0.0,0.02727272727272727,0.05454545454545454,0.09090909090909091,0,Yankee Stadium,76.0,37.0,2.1,0.0,0.0,1.195458144389261,0.14254668088858172,602,,,,,,,,0.5,,,PASS
823012,2026-09-12 00:15:00+00:00,CWS,STL,STL,CWS,1,676475,Alec Burleson,confirmed,4.0,4.45,641743,0.03474903474903475,0.08108108108108109,0.052763819095477386,0.25868725868725867,0.2548262548262548,0.19305019305019305,0.08494208494208494,0.36718129861111115,99.99983333333333,0.014925373134328358,0.05970149253731343,0.037383177570093455,0.23880597014925373,0.2537313432835821,0.16417910447761194,0.1044776119402985,0.34400932111111115,98.02333333333333,L,0.03003003003003003,0.05105105105105105,0.1831831831831832,0.43507972665148065,0.1891891891891892,0.06906906906906907,0.3147078343022136,101.37866666666667,14.866666666666667,L,0.0,0.0,0.0,0.03,0.06,0.0,1,Busch Stadium,78.1,81.0,2.9,0.0,0.0,0.8543811031934547,0.14221272273153682,603,,,,,,,,0.5,,,PASS
823736,2026-09-11 23:45:00+00:00,CIN,MIL,MIL,CIN,1,694192,Jackson Chourio,confirmed,1.0,4.75,671096,0.0364963503649635,0.072992700729927,0.056022408963585436,0.19343065693430658,0.23722627737226276,0.22627737226277372,0.08029197080291971,0.33466910861111115,96.39650000000002,0.08333333333333333,0.08333333333333333,0.06,0.2361111111111111,0.2638888888888889,0.18055555555555555,0.027777777777777776,0.34764454666666667,99.63666666666668,R,0.03508771929824561,0.06432748538011696,0.1608187134502924,0.5583524027459954,0.195906432748538,0.10818713450292397,0.33288090842628837,101.49066666666666,15.4,L,5.0,0.0,0.0,0.026666666666666665,0.05333333333333333,0.1111111111111111,0,American Family Field,70.5,60.0,6.9,0.0,0.5,0.8915281076801267,0.1397682499257125,615,,,,,,,,0.5,,,PASS
822930,2026-09-11 23:10:00+00:00,HOU,TB,HOU,TB,0,665161,Jeremy Peña,confirmed,2.0,4.65,656876,0.052830188679245285,0.052830188679245285,0.043478260869565216,0.17358490566037735,0.18867924528301888,0.2792452830188679,0.03773584905660377,0.2974126916666667,97.19133333333333,0.030303030303030304,0.06060606060606061,0.04938271604938271,0.15151515151515152,0.15151515151515152,0.3181818181818182,0.030303030303030304,0.2811614333333334,95.71933333333332,R,0.017595307917888565,0.03225806451612903,0.15542521994134897,0.5488565488565489,0.2697947214076246,0.04398826979472141,0.2752624444168295,100.088,17.2,R,0.0,0.0,0.0,0.03,0.06,0.0,1,Tropicana Field,83.0,83.0,5.4,0.0,1.0,1.1701306413301662,0.13972909760816363,616,,,,,,,,0.5,,,PASS
823012,2026-09-12 00:15:00+00:00,CWS,STL,STL,CWS,1,691023,Jordan Walker,confirmed,3.0,4.55,641743,0.03461538461538462,0.08461538461538462,0.06811145510835913,0.13846153846153847,0.2153846153846154,0.24615384615384617,0.07307692307692308,0.32376660027777776,99.87766666666668,0.015151515151515152,0.045454545454545456,0.04054054054054054,0.12121212121212122,0.13636363636363635,0.3484848484848485,0.045454545454545456,0.2627794222222222,101.08933333333333,R,0.03003003003003003,0.05105105105105105,0.1831831831831832,0.43507972665148065,0.1891891891891892,0.06906906906906907,0.3147078343022136,101.37866666666667,14.866666666666667,L,0.0,0.0,0.0,0.03,0.06,0.0,0,Busch Stadium,78.1,81.0,2.9,0.0,0.0,0.8543811031934547,0.13750745607926562,627,,,,,,,,0.5,,,PASS
823173,2026-09-12 02:15:00+00:00,SD,SF,SF,SD,1,805811,Bryce Eldridge,confirmed,3.0,4.55,592662,0.03861003861003861,0.06563706563706563,0.05537459283387622,0.21235521235521235,0.25096525096525096,0.29343629343629346,0.1274131274131274,0.34148405472222226,98.102,0.029411764705882353,0.058823529411764705,0.047058823529411764,0.29411764705882354,0.3235294117647059,0.2647058823529412,0.14705882352941177,0.3838241544444444,99.53333333333332,L,0.020114942528735632,0.03735632183908046,0.16379310344827586,0.528604118993135,0.1724137931034483,0.12643678160919541,0.3311489924246125,101.00333333333333,16.0,L,0.0,0.0,0.0,0.03,0.06,0.0,1,Oracle Park,62.2,79.0,16.2,0.0,0.0,0.7742217777222153,0.1365007813375541,633,,,,,,,,0.5,,,PASS
823012,2026-09-12 00:15:00+00:00,CWS,STL,CWS,STL,0,678246,Miguel Vargas,confirmed,3.0,4.55,669461,0.040740740740740744,0.08148148148148149,0.06395348837209303,0.22962962962962963,0.24444444444444444,0.1925925925925926,0.14074074074074075,0.35216593980158734,97.2705,0.014925373134328358,0.014925373134328358,0.011764705882352941,0.13432835820895522,0.22388059701492538,0.19402985074626866,0.14925373134328357,0.31800045111111114,95.684,R,0.0438871473354232,0.05956112852664577,0.21316614420062696,0.47880299251870323,0.2601880877742947,0.07210031347962383,0.32706245094468894,100.90333333333334,14.4,L,0.0,0.0,0.0,0.03,0.06,0.0,0,Busch Stadium,78.1,81.0,2.9,0.0,0.0,0.8543811031934547,0.13638343522033755,633,,,,,,,,0.5,,,PASS
823817,2026-09-11 23:10:00+00:00,LAD,MIA,MIA,LAD,1,669065,Kyle Stowers,confirmed,6.0,4.15,605483,0.05303030303030303,0.08333333333333333,0.07457627118644068,0.2878787878787879,0.21212121212121213,0.3333333333333333,0.10984848484848485,0.35385245888888883,100.62416666666667,0.04411764705882353,0.08823529411764706,0.08450704225352113,0.27941176470588236,0.16176470588235295,0.3235294117647059,0.1323529411764706,0.3843321766666667,103.10866666666666,L,0.0,0.007575757575757576,0.03787878787878788,0.51875,0.32575757575757575,0.10606060606060606,0.23319664777302007,93.68166666666667,16.0,L,0.0,0.0,0.0,0.03,0.06,0.0,1,loanDepot park,80.8,87.0,2.1,0.0,0.5,0.8667634380223453,0.13581205000584545,636,,,,,,,,0.5,,,PASS
824954,2026-09-12 01:40:00+00:00,SEA,ATH,ATH,SEA,1,703607,Henry Bolte,confirmed,1.0,4.75,669923,0.0321285140562249,0.05220883534136546,0.04406779661016949,0.10040160642570281,0.20883534136546184,0.27309236947791166,0.07630522088353414,0.30974851444444446,97.32616666666667,0.05714285714285714,0.05714285714285714,0.04938271604938271,0.11428571428571428,0.18571428571428572,0.3142857142857143,0.11428571428571428,0.3597386911111112,98.11466666666666,R,0.03523035230352303,0.05962059620596206,0.17886178861788618,0.5164410058027079,0.2005420054200542,0.05420054200542006,0.3259068667052196,101.45133333333334,16.6,R,3.0,0.0,0.0,0.027906976744186046,0.05581395348837209,0.06976744186046512,1,Sutter Health Park,79.8,41.0,8.1,0.0,0.0,1.262998152546846,0.13501116793167384,641,,,,,,,,0.5,,,PASS
823498,2026-09-11 23:05:00+00:00,NYM,NYY,NYM,NYY,0,668901,Mark Vientos,confirmed,4.0,4.45,607074,0.04700854700854701,0.07692307692307693,0.0636042402826855,0.19230769230769232,0.21794871794871795,0.23504273504273504,0.038461538461538464,0.30227448388888895,96.5008474576271,0.09433962264150944,0.07547169811320754,0.06896551724137931,0.22641509433962265,0.18867924528301888,0.3018867924528302,0.03773584905660377,0.2597554944444444,94.13785714285714,R,0.022388059701492536,0.041044776119402986,0.17164179104477612,0.5776566757493188,0.26119402985074625,0.12686567164179105,0.30450127443367914,99.88692307692307,14.615384615384615,L,2.0,0.0,0.0,0.02857142857142857,0.05714285714285714,0.047619047619047616,0,Yankee Stadium,76.0,37.0,2.1,0.0,0.0,1.195458144389261,0.13477394454816372,642,,,,,,,,0.5,,,PASS
824711,2026-09-11 23:10:00+00:00,KC,BOS,BOS,KC,1,681508,Mickey Gasper,confirmed,2.0,4.65,607625,0.043478260869565216,0.07065217391304347,0.06074766355140187,0.22826086956521738,0.22282608695652173,0.13043478260869565,0.1358695652173913,0.38482063481481477,96.94954545454544,0.08333333333333333,0.1,0.0967741935483871,0.23333333333333334,0.23333333333333334,0.11666666666666667,0.23333333333333334,0.4980397911111112,96.00071428571428,L,0.03133903133903134,0.02849002849002849,0.18518518518518517,0.46153846153846156,0.150997150997151,0.07407407407407407,0.33504074078604085,101.14666666666666,15.466666666666667,R,3.0,0.0,0.0,0.027906976744186046,0.05581395348837209,0.06976744186046512,0,Fenway Park,72.3,33.0,5.6,0.0,0.0,1.163939473915721,0.1346074782403007,643,,,,,,,,0.5,,,PASS
823012,2026-09-12 00:15:00+00:00,CWS,STL,STL,CWS,1,699024,Leo Bernal,confirmed,6.0,4.15,641743,0.05,0.05,0.046511627906976744,0.25,0.175,0.175,0.1,0.37003386666666666,102.48222222222223,0.05,0.05,0.046511627906976744,0.25,0.175,0.175,0.1,0.37003386666666666,102.48222222222223,L,0.03003003003003003,0.05105105105105105,0.1831831831831832,0.43507972665148065,0.1891891891891892,0.06906906906906907,0.3147078343022136,101.37866666666667,14.866666666666667,L,0.0,0.0,0.0,0.03,0.06,0.0,1,Busch Stadium,78.1,81.0,2.9,0.0,0.0,0.8543811031934547,0.13433088533557322,644,,,,,,,,0.5,,,PASS
822930,2026-09-11 23:10:00+00:00,HOU,TB,HOU,TB,0,701358,Cam Smith,confirmed,7.0,4.0,656876,0.055793991416309016,0.06866952789699571,0.0471976401179941,0.2446351931330472,0.26180257510729615,0.21888412017167383,0.05150214592274678,0.31371221000000005,98.56322033898304,0.05555555555555555,0.07407407407407407,0.05063291139240506,0.2962962962962963,0.35185185185185186,0.2777777777777778,0.07407407407407407,0.3051255055555556,95.91285714285716,R,0.017595307917888565,0.03225806451612903,0.15542521994134897,0.5488565488565489,0.2697947214076246,0.04398826979472141,0.2752624444168295,100.088,17.2,R,2.0,0.0,0.0,0.02857142857142857,0.05714285714285714,0.047619047619047616,1,Tropicana Field,83.0,83.0,5.4,0.0,1.0,1.1701306413301662,0.13369937827097897,648,,,,,,,,0.5,,,PASS
824711,2026-09-11 23:10:00+00:00,KC,BOS,BOS,KC,1,677800,Wilyer Abreu,confirmed,4.0,4.45,607625,0.05263157894736842,0.09398496240601503,0.07331378299120235,0.21052631578947367,0.3308270676691729,0.20300751879699247,0.12781954887218044,0.3801221598809523,97.12566666666666,0.03076923076923077,0.06153846153846154,0.045454545454545456,0.18461538461538463,0.36923076923076925,0.2,0.1076923076923077,0.3231943166666667,94.77600000000001,L,0.03133903133903134,0.02849002849002849,0.18518518518518517,0.46153846153846156,0.150997150997151,0.07407407407407407,0.33504074078604085,101.14666666666666,15.466666666666667,R,3.0,0.0,0.0,0.027906976744186046,0.05581395348837209,0.06976744186046512,0,Fenway Park,72.3,33.0,5.6,0.0,0.0,1.163939473915721,0.1333789634693211,650,,,,,,,,0.5,,,PASS
823817,2026-09-11 23:10:00+00:00,LAD,MIA,MIA,LAD,1,681715,Heriberto Hernández,confirmed,1.0,4.75,605483,0.06153846153846154,0.10384615384615385,0.09375,0.20384615384615384,0.23076923076923078,0.2923076923076923,0.11538461538461539,0.3517465927777777,98.27866666666668,0.07352941176470588,0.11764705882352941,0.11594202898550725,0.23529411764705882,0.25,0.25,0.11764705882352941,0.3930724333333334,97.59066666666668,R,0.0,0.007575757575757576,0.03787878787878788,0.51875,0.32575757575757575,0.10606060606060606,0.23319664777302007,93.68166666666667,16.0,L,0.0,0.0,0.0,0.03,0.06,0.0,0,loanDepot park,80.8,87.0,2.1,0.0,0.5,0.8667634380223453,0.13319859122897207,651,,,,,,,,0.5,,,PASS
823817,2026-09-11 23:10:00+00:00,LAD,MIA,LAD,MIA,0,669257,Will Smith,confirmed,5.0,4.3,687473,0.03167420814479638,0.09502262443438914,0.06930693069306931,0.2669683257918552,0.3438914027149321,0.16289592760180996,0.11312217194570136,0.3883061794871795,97.04076923076924,0.04918032786885246,0.08196721311475409,0.06329113924050633,0.2459016393442623,0.3442622950819672,0.14754098360655737,0.18032786885245902,0.4324202833333333,95.72266666666668,R,0.0313588850174216,0.0627177700348432,0.1916376306620209,0.4898989898989899,0.18466898954703834,0.07665505226480836,0.32869257526997714,101.40466666666667,12.4,R,0.0,0.0,0.0,0.03,0.06,0.0,1,loanDepot park,80.8,87.0,2.1,0.0,0.5,0.8667634380223453,0.1322860544841574,656,,,,,,,,0.5,,,PASS
822684,2026-09-11 22:45:00+00:00,LAA,WSH,WSH,LAA,1,686611,Dylan Crews,confirmed,5.0,4.3,579328,0.023076923076923078,0.05384615384615385,0.04560260586319218,0.1576923076923077,0.25,0.2653846153846154,0.09615384615384616,0.3059743077777778,97.02449999999999,0.015384615384615385,0.015384615384615385,0.011904761904761904,0.12307692307692308,0.2153846153846154,0.3076923076923077,0.09230769230769231,0.27768427333333334,97.338,R,0.032407407407407406,0.06481481481481481,0.19907407407407407,0.5287769784172662,0.22685185185185186,0.08796296296296297,0.34348328404994766,102.87199999999999,14.6,L,0.0,0.0,0.0,0.03,0.06,0.0,0,Nationals Park,77.3,69.0,3.5,0.0,0.0,1.225851148060174,0.13048108427971494,666,,,,,,,,0.5,,,PASS
822930,2026-09-11 23:10:00+00:00,HOU,TB,TB,HOU,1,683748,Victor Mesa Jr.,confirmed,5.0,4.3,699044,0.05527638190954774,0.08040201005025126,0.06015037593984962,0.22613065326633167,0.2663316582914573,0.19597989949748743,0.08040201005025126,0.3171228134615385,95.2651923076923,0.04918032786885246,0.08196721311475409,0.06666666666666667,0.21311475409836064,0.22950819672131148,0.09836065573770492,0.03278688524590164,0.36458335777777773,96.63866666666668,L,,,,,,,,,,,0.0,0.0,0.0,0.03,0.06,0.0,0,Tropicana Field,83.0,83.0,5.4,0.0,1.0,1.1701306413301662,0.12961967692988388,671,,,,,,,,0.5,,,PASS
824954,2026-09-12 01:40:00+00:00,SEA,ATH,ATH,SEA,1,680869,Zack Gelof,confirmed,3.0,4.55,669923,0.043478260869565216,0.05928853754940711,0.04966887417218543,0.17786561264822134,0.17786561264822134,0.2648221343873518,0.07905138339920949,0.28963294444444443,95.097,0.046153846153846156,0.09230769230769231,0.07894736842105263,0.18461538461538463,0.23076923076923078,0.26153846153846155,0.09230769230769231,0.3076738288888889,97.05733333333335,R,0.03523035230352303,0.05962059620596206,0.17886178861788618,0.5164410058027079,0.2005420054200542,0.05420054200542006,0.3259068667052196,101.45133333333334,16.6,R,3.0,0.0,1.0,0.027906976744186046,0.07906976744186046,0.06976744186046512,1,Sutter Health Park,79.8,41.0,8.1,0.0,0.0,1.262998152546846,0.12942430842923805,673,,,,,,,,0.5,,,PASS
825036,2026-09-12 01:40:00+00:00,TEX,ARI,ARI,TEX,1,606466,Ketel Marte,confirmed,2.0,4.65,669022,0.04150943396226415,0.06415094339622641,0.04857142857142857,0.17358490566037735,0.21132075471698114,0.13584905660377358,0.09433962264150944,0.32551307916666666,98.88133333333332,0.046153846153846156,0.06153846153846154,0.041237113402061855,0.18461538461538463,0.27692307692307694,0.07692307692307693,0.15384615384615385,0.3622559277777777,98.12466666666667,R,0.028735632183908046,0.04885057471264368,0.15229885057471265,0.5104602510460251,0.2413793103448276,0.08045977011494253,0.29620167199370523,100.76666666666664,15.866666666666667,L,4.0,0.0,0.0,0.02727272727272727,0.05454545454545454,0.09090909090909091,0,Chase Field,98.6,30.0,6.4,0.0,0.5,1.0,0.12778960902408495,683,,,,,,,,0.5,,,PASS
823736,2026-09-11 23:45:00+00:00,CIN,MIL,MIL,CIN,1,641343,Jake Bauers,confirmed,5.0,4.3,671096,0.04263565891472868,0.07364341085271318,0.06909090909090909,0.2131782945736434,0.21705426356589147,0.2751937984496124,0.19767441860465115,0.3829475086111112,97.45883333333335,0.04477611940298507,0.04477611940298507,0.045454545454545456,0.13432835820895522,0.22388059701492538,0.31343283582089554,0.2835820895522388,0.42075185444444446,93.88666666666667,L,0.03508771929824561,0.06432748538011696,0.1608187134502924,0.5583524027459954,0.195906432748538,0.10818713450292397,0.33288090842628837,101.49066666666666,15.4,L,3.0,0.0,0.0,0.027906976744186046,0.05581395348837209,0.06976744186046512,1,American Family Field,70.5,60.0,6.9,0.0,0.5,0.8915281076801267,0.1275804996616534,684,,,,,,,,0.5,,,PASS
825036,2026-09-12 01:40:00+00:00,TEX,ARI,ARI,TEX,1,682998,Corbin Carroll,confirmed,5.0,4.3,669022,0.022641509433962263,0.07547169811320754,0.06116207951070336,0.23018867924528302,0.21509433962264152,0.22641509433962265,0.12452830188679245,0.3214421620634921,97.70250000000003,0.015873015873015872,0.1111111111111111,0.0875,0.2222222222222222,0.2222222222222222,0.25396825396825395,0.06349206349206349,0.3186722266666667,98.16199999999999,L,0.028735632183908046,0.04885057471264368,0.15229885057471265,0.5104602510460251,0.2413793103448276,0.08045977011494253,0.29620167199370523,100.76666666666664,15.866666666666667,L,3.0,0.0,1.0,0.027906976744186046,0.07906976744186046,0.06976744186046512,1,Chase Field,98.6,30.0,6.4,0.0,0.5,1.0,0.12704678549991746,687,,,,,,,,0.5,,,PASS
824227,2026-09-11 22:40:00+00:00,COL,DET,COL,DET,0,696100,Hunter Goodman,confirmed,4.0,4.45,664285,0.07335907335907337,0.0888030888030888,0.07419354838709677,0.21235521235521235,0.20463320463320464,0.3088803088803089,0.07722007722007722,0.3184694894444444,96.00416666666666,0.04477611940298507,0.04477611940298507,0.031578947368421054,0.19402985074626866,0.3283582089552239,0.2537313432835821,0.05970149253731343,0.26082931666666664,97.2393333333333,R,0.0215633423180593,0.03773584905660377,0.13746630727762804,0.3051948051948052,0.16172506738544473,0.08355795148247978,0.32372571702709474,102.77666666666666,16.933333333333334,L,0.0,0.0,0.0,0.03,0.06,0.0,0,Comerica Park,72.1,65.0,5.4,0.0,0.0,0.8023752969121141,0.126658394965971,690,,,,,,,,0.5,,,PASS
823173,2026-09-12 02:15:00+00:00,SD,SF,SD,SF,0,701538,Jackson Merrill,confirmed,5.0,4.3,683627,0.06299212598425197,0.1141732283464567,0.07651715039577836,0.3031496062992126,0.3543307086614173,0.22440944881889763,0.051181102362204724,0.3943904027777778,98.42550000000001,0.046875,0.15625,0.10869565217391304,0.3125,0.265625,0.171875,0.0625,0.4601211800000001,101.13000000000001,L,0.05128205128205128,0.05128205128205128,0.15384615384615385,0.6129032258064516,0.3076923076923077,0.02564102564102564,0.2525070912698413,97.44999999999999,15.0,R,0.0,0.0,0.0,0.03,0.06,0.0,0,Oracle Park,62.2,79.0,16.2,0.0,0.0,0.7742217777222153,0.12413118237250372,706,,,,,,,,0.5,,,PASS
824954,2026-09-12 01:40:00+00:00,SEA,ATH,ATH,SEA,1,691777,Max Muncy,confirmed,5.0,4.3,669923,0.025974025974025976,0.05194805194805195,0.043010752688172046,0.1645021645021645,0.18614718614718614,0.30735930735930733,0.08658008658008658,0.28065865611111107,94.99316666666667,0.05263157894736842,0.07017543859649122,0.06153846153846154,0.17543859649122806,0.14035087719298245,0.2807017543859649,0.08771929824561403,0.3049849255555556,93.88199999999999,R,0.03523035230352303,0.05962059620596206,0.17886178861788618,0.5164410058027079,0.2005420054200542,0.05420054200542006,0.3259068667052196,101.45133333333334,16.6,R,3.0,1.0,1.0,0.051162790697674425,0.07906976744186046,0.06976744186046512,1,Sutter Health Park,79.8,41.0,8.1,0.0,0.0,1.262998152546846,0.12373733016081115,708,,,,,,,,0.5,,,PASS
823736,2026-09-11 23:45:00+00:00,CIN,MIL,CIN,MIL,0,701398,Sal Stewart,confirmed,3.0,4.55,669160,0.05725190839694656,0.07251908396946564,0.05337078651685393,0.22519083969465647,0.2862595419847328,0.2099236641221374,0.06870229007633588,0.32525364500000004,96.78783333333332,0.0625,0.109375,0.07446808510638298,0.328125,0.4375,0.140625,0.078125,0.37406517,98.62533333333333,R,0.0196078431372549,0.049019607843137254,0.1568627450980392,0.4696969696969697,0.24836601307189543,0.0915032679738562,0.3437150083372658,100.60199999999999,14.066666666666666,R,5.0,0.0,0.0,0.026666666666666665,0.05333333333333333,0.1111111111111111,1,American Family Field,70.5,60.0,6.9,0.0,0.5,0.8915281076801267,0.12252184502613418,716,,,,,,,,0.5,,,PASS
823659,2026-09-12 00:10:00+00:00,CLE,MIN,MIN,CLE,1,665019,Kody Clemens,confirmed,5.0,4.3,800048,0.055776892430278883,0.0796812749003984,0.05747126436781609,0.26693227091633465,0.2589641434262948,0.2350597609561753,0.06772908366533864,0.34324683527777783,97.86316666666667,0.07936507936507936,0.09523809523809523,0.06976744186046512,0.31746031746031744,0.2698412698412698,0.2222222222222222,0.12698412698412698,0.40420684777777777,98.20533333333334,L,0.021739130434782608,0.02717391304347826,0.12228260869565218,0.5177453027139874,0.25815217391304346,0.0625,0.2559131512936156,99.13933333333334,18.333333333333332,L,2.0,0.0,0.0,0.02857142857142857,0.05714285714285714,0.047619047619047616,1,Target Field,79.1,44.0,13.8,0.0,0.0,0.9212457112694644,0.121417173938318,724,,,,,,,,0.5,,,PASS
824873,2026-09-11 23:15:00+00:00,PHI,ATL,ATL,PHI,1,663586,Austin Riley,confirmed,7.0,4.0,605400,0.034934497816593885,0.09170305676855896,0.06840390879478828,0.22707423580786026,0.24890829694323144,0.35807860262008734,0.0611353711790393,0.3035607052777778,96.92566666666666,0.018867924528301886,0.07547169811320754,0.05194805194805195,0.16981132075471697,0.32075471698113206,0.33962264150943394,0.03773584905660377,0.2438016,93.00666666666667,R,0.05367231638418079,0.059322033898305086,0.2231638418079096,0.4719626168224299,0.2570621468926554,0.07909604519774012,0.29299882416203066,101.64066666666668,16.6,R,5.0,0.0,1.0,0.026666666666666665,0.07555555555555556,0.1111111111111111,1,Truist Park,75.5,88.0,3.5,0.087,0.0,1.0131001223637803,0.12106338014156465,726,,,,,,,,0.5,,,PASS
824954,2026-09-12 01:40:00+00:00,SEA,ATH,ATH,SEA,1,671732,Lawrence Butler,confirmed,4.0,4.45,669923,0.0326530612244898,0.04897959183673469,0.03488372093023256,0.12244897959183673,0.2530612244897959,0.2693877551020408,0.12244897959183673,0.30928282888888886,95.8195,0.031746031746031744,0.047619047619047616,0.03296703296703297,0.09523809523809523,0.2222222222222222,0.3333333333333333,0.09523809523809523,0.31528917888888885,97.70133333333334,L,0.03523035230352303,0.05962059620596206,0.17886178861788618,0.5164410058027079,0.2005420054200542,0.05420054200542006,0.3259068667052196,101.45133333333334,16.6,R,3.0,0.0,0.0,0.027906976744186046,0.05581395348837209,0.06976744186046512,0,Sutter Health Park,79.8,41.0,8.1,0.0,0.0,1.262998152546846,0.12096785730402007,727,,,,,,,,0.5,,,PASS
823736,2026-09-11 23:45:00+00:00,CIN,MIL,CIN,MIL,0,553993,Eugenio Suárez,confirmed,6.0,4.15,669160,0.06097560975609756,0.07317073170731707,0.06642066420664207,0.2032520325203252,0.17479674796747968,0.34959349593495936,0.13414634146341464,0.31172567194444445,95.71300000000001,0.06349206349206349,0.06349206349206349,0.058823529411764705,0.15873015873015872,0.1111111111111111,0.25396825396825395,0.19047619047619047,0.37450433333333333,95.55466666666666,R,0.0196078431372549,0.049019607843137254,0.1568627450980392,0.4696969696969697,0.24836601307189543,0.0915032679738562,0.3437150083372658,100.60199999999999,14.066666666666666,R,5.0,0.0,0.0,0.026666666666666665,0.05333333333333333,0.1111111111111111,1,American Family Field,70.5,60.0,6.9,0.0,0.5,0.8915281076801267,0.12080435990397105,728,,,,,,,,0.5,,,PASS
824711,2026-09-11 23:10:00+00:00,KC,BOS,KC,BOS,0,677951,Bobby Witt Jr.,confirmed,2.0,4.65,543243,0.03409090909090909,0.07954545454545454,0.06402439024390244,0.20075757575757575,0.29545454545454547,0.15151515151515152,0.10984848484848485,0.3879670890873016,98.65883333333335,0.029411764705882353,0.11764705882352941,0.09302325581395349,0.23529411764705882,0.3235294117647059,0.11764705882352941,0.11764705882352941,0.39543886999999994,98.34466666666667,R,0.023746701846965697,0.036939313984168866,0.1503957783641161,0.3963963963963964,0.24010554089709762,0.0633245382585752,0.27402682207078216,100.51466666666667,18.6,R,3.0,0.0,0.0,0.027906976744186046,0.05581395348837209,0.06976744186046512,1,Fenway Park,72.3,33.0,5.6,0.0,0.0,1.163939473915721,0.11846881518186621,744,,,,,,,,0.5,,,PASS
823736,2026-09-11 23:45:00+00:00,CIN,MIL,MIL,CIN,1,661388,William Contreras,confirmed,3.0,4.55,671096,0.026119402985074626,0.06343283582089553,0.04843304843304843,0.20522388059701493,0.24253731343283583,0.17164179104477612,0.10074626865671642,0.3144499316666666,97.68816666666665,0.043478260869565216,0.07246376811594203,0.054945054945054944,0.21739130434782608,0.2463768115942029,0.2318840579710145,0.10144927536231885,0.32181816111111117,98.40733333333333,R,0.03508771929824561,0.06432748538011696,0.1608187134502924,0.5583524027459954,0.195906432748538,0.10818713450292397,0.33288090842628837,101.49066666666666,15.4,L,5.0,1.0,1.0,0.04888888888888889,0.07555555555555556,0.1111111111111111,0,American Family Field,70.5,60.0,6.9,0.0,0.5,0.8915281076801267,0.11821681563447474,746,,,,,,,,0.5,,,PASS
824873,2026-09-11 23:15:00+00:00,PHI,ATL,ATL,PHI,1,671739,Michael Harris II,confirmed,4.0,4.45,605400,0.039525691699604744,0.04743083003952569,0.03389830508474576,0.1976284584980237,0.2490118577075099,0.19367588932806323,0.023715415019762844,0.2927058552777778,98.038,0.05172413793103448,0.05172413793103448,0.04054054054054054,0.20689655172413793,0.3103448275862069,0.22413793103448276,0.05172413793103448,0.29538288222222225,96.542,L,0.05367231638418079,0.059322033898305086,0.2231638418079096,0.4719626168224299,0.2570621468926554,0.07909604519774012,0.29299882416203066,101.64066666666668,16.6,R,6.0,0.0,0.0,0.02608695652173913,0.05217391304347826,0.13043478260869565,0,Truist Park,75.5,88.0,3.5,0.087,0.0,1.0131001223637803,0.1180940580707955,747,,,,,,,,0.5,,,PASS
822684,2026-09-11 22:45:00+00:00,LAA,WSH,LAA,WSH,0,545361,Mike Trout,confirmed,2.0,4.65,676917,0.022813688212927757,0.057034220532319393,0.046583850931677016,0.1520912547528517,0.24334600760456274,0.27756653992395436,0.10646387832699619,0.3277399466666667,96.51616666666669,0.0,0.07575757575757576,0.06578947368421052,0.13636363636363635,0.25757575757575757,0.2727272727272727,0.06060606060606061,0.32716303333333335,98.17866666666667,R,0.03333333333333333,0.03939393939393939,0.1484848484848485,0.47058823529411764,0.3151515151515151,0.06363636363636363,0.2688631296703683,99.63000000000002,16.666666666666668,R,0.0,0.0,0.0,0.03,0.06,0.0,1,Nationals Park,77.3,69.0,3.5,0.0,0.0,1.225851148060174,0.11668923786007214,757,,,,,,,,0.5,,,PASS
822930,2026-09-11 23:10:00+00:00,HOU,TB,HOU,TB,0,670623,Isaac Paredes,confirmed,3.0,4.55,656876,0.03018867924528302,0.022641509433962263,0.014319809069212411,0.22641509433962265,0.25660377358490566,0.09811320754716982,0.1169811320754717,0.3255072422222222,95.87016666666666,0.03125,0.015625,0.01020408163265306,0.171875,0.234375,0.140625,0.15625,0.31466829,96.36800000000001,R,0.017595307917888565,0.03225806451612903,0.15542521994134897,0.5488565488565489,0.2697947214076246,0.04398826979472141,0.2752624444168295,100.088,17.2,R,3.0,0.0,0.0,0.027906976744186046,0.05581395348837209,0.06976744186046512,1,Tropicana Field,83.0,83.0,5.4,0.0,1.0,1.1701306413301662,0.11626128459923346,760,,,,,,,,0.5,,,PASS
824711,2026-09-11 23:10:00+00:00,KC,BOS,BOS,KC,1,668939,Adley Rutschman,confirmed,3.0,4.55,607625,0.02681992337164751,0.04980842911877394,0.037900874635568516,0.18007662835249041,0.31417624521072796,0.17624521072796934,0.1111111111111111,0.3258316991666667,95.70983333333332,0.0625,0.0625,0.047058823529411764,0.125,0.328125,0.265625,0.046875,0.29017552,94.74066666666666,L,0.03133903133903134,0.02849002849002849,0.18518518518518517,0.46153846153846156,0.150997150997151,0.07407407407407407,0.33504074078604085,101.14666666666666,15.466666666666667,R,0.0,0.0,0.0,0.03,0.06,0.0,0,Fenway Park,72.3,33.0,5.6,0.0,0.0,1.163939473915721,0.11592806263511259,763,,,,,,,,0.5,,,PASS
823659,2026-09-12 00:10:00+00:00,CLE,MIN,MIN,CLE,1,680777,Ryan Jeffers,confirmed,3.0,4.55,800048,0.04597701149425287,0.08045977011494253,0.05817174515235457,0.19923371647509577,0.29118773946360155,0.1532567049808429,0.11494252873563218,0.3629937011111111,98.51533333333332,0.06153846153846154,0.09230769230769231,0.07058823529411765,0.18461538461538463,0.3230769230769231,0.15384615384615385,0.09230769230769231,0.38354088333333336,98.02800000000002,R,0.021739130434782608,0.02717391304347826,0.12228260869565218,0.5177453027139874,0.25815217391304346,0.0625,0.2559131512936156,99.13933333333334,18.333333333333332,L,6.0,1.0,1.0,0.04782608695652174,0.07391304347826087,0.13043478260869565,0,Target Field,79.1,44.0,13.8,0.0,0.0,0.9212457112694644,0.11548705852727975,766,,,,,,,,0.5,,,PASS
823173,2026-09-12 02:15:00+00:00,SD,SF,SF,SD,1,813841,Jonah Cox,confirmed,1.0,4.75,592662,0.03571428571428571,0.047619047619047616,0.04597701149425287,0.17857142857142858,0.20238095238095238,0.3333333333333333,0.05952380952380952,0.2521790034722222,92.93347826086956,0.04918032786885246,0.04918032786885246,0.043478260869565216,0.19672131147540983,0.19672131147540983,0.2786885245901639,0.08196721311475409,0.2750586277777778,95.14200000000001,R,0.020114942528735632,0.03735632183908046,0.16379310344827586,0.528604118993135,0.1724137931034483,0.12643678160919541,0.3311489924246125,101.00333333333333,16.0,L,0.0,0.0,0.0,0.03,0.06,0.0,0,Oracle Park,62.2,79.0,16.2,0.0,0.0,0.7742217777222153,0.11540957647366529,766,,,,,,,,0.5,,,PASS
823817,2026-09-11 23:10:00+00:00,LAD,MIA,LAD,MIA,0,605141,Mookie Betts,confirmed,3.0,4.55,687473,0.03861003861003861,0.05791505791505792,0.04504504504504504,0.20463320463320464,0.23166023166023167,0.09652509652509653,0.08494208494208494,0.3222544022222223,96.53800000000001,0.04285714285714286,0.05714285714285714,0.045454545454545456,0.2,0.15714285714285714,0.1,0.12857142857142856,0.34442650666666663,95.85600000000001,R,0.0313588850174216,0.0627177700348432,0.1916376306620209,0.4898989898989899,0.18466898954703834,0.07665505226480836,0.32869257526997714,101.40466666666667,12.4,R,0.0,0.0,0.0,0.03,0.06,0.0,1,loanDepot park,80.8,87.0,2.1,0.0,0.5,0.8667634380223453,0.11525140729686717,768,,,,,,,,0.5,,,PASS
823736,2026-09-11 23:45:00+00:00,CIN,MIL,CIN,MIL,0,668709,JJ Bleday,confirmed,4.0,4.45,669160,0.035856573705179286,0.05976095617529881,0.047021943573667714,0.21115537848605578,0.20318725099601595,0.250996015936255,0.13147410358565736,0.3091966966666667,95.8875,0.01639344262295082,0.06557377049180328,0.05063291139240506,0.16393442622950818,0.18032786885245902,0.22950819672131148,0.11475409836065574,0.30696047,95.25333333333334,L,0.0196078431372549,0.049019607843137254,0.1568627450980392,0.4696969696969697,0.24836601307189543,0.0915032679738562,0.3437150083372658,100.60199999999999,14.066666666666666,R,5.0,0.0,0.0,0.026666666666666665,0.05333333333333333,0.1111111111111111,0,American Family Field,70.5,60.0,6.9,0.0,0.5,0.8915281076801267,0.11494203925628245,770,,,,,,,,0.5,,,PASS
823736,2026-09-11 23:45:00+00:00,CIN,MIL,CIN,MIL,0,699302,Héctor Rodríguez,confirmed,1.0,4.75,669160,0.04807692307692308,0.04807692307692308,0.03546099290780142,0.14423076923076922,0.22115384615384615,0.27884615384615385,0.0673076923076923,0.26464983397435893,96.12000000000002,0.0625,0.046875,0.03488372093023256,0.15625,0.1875,0.328125,0.046875,0.2636521711111111,96.05666666666666,L,0.0196078431372549,0.049019607843137254,0.1568627450980392,0.4696969696969697,0.24836601307189543,0.0915032679738562,0.3437150083372658,100.60199999999999,14.066666666666666,R,2.0,0.0,0.0,0.02857142857142857,0.05714285714285714,0.047619047619047616,0,American Family Field,70.5,60.0,6.9,0.0,0.5,0.8915281076801267,0.11474455228327082,772,,,,,,,,0.5,,,PASS
822767,2026-09-11 23:07:00+00:00,BAL,TOR,BAL,TOR,0,687637,Dylan Beavers,confirmed,1.0,4.75,453286,0.02127659574468085,0.04680851063829787,0.03754266211604096,0.20425531914893616,0.26382978723404255,0.2553191489361702,0.09361702127659574,0.2967821066666667,93.60350000000001,0.01639344262295082,0.03278688524590164,0.02702702702702703,0.21311475409836064,0.29508196721311475,0.21311475409836064,0.09836065573770492,0.27612514444444447,93.42466666666665,L,0.04779411764705882,0.0661764705882353,0.19852941176470587,0.6172248803827751,0.17647058823529413,0.09926470588235294,0.3347376842174518,98.70642857142856,13.357142857142858,R,0.0,0.0,0.0,0.03,0.06,0.0,0,Rogers Centre,67.2,62.0,4.7,0.0,0.5,0.65,0.11458280405093586,773,,,,,,,,0.5,,,PASS
824711,2026-09-11 23:10:00+00:00,KC,BOS,KC,BOS,0,686469,Vinnie Pasquantino,confirmed,3.0,4.55,543243,0.023346303501945526,0.05058365758754864,0.034759358288770054,0.26459143968871596,0.2840466926070039,0.12840466926070038,0.12062256809338522,0.33296253777777784,97.41383333333332,0.04411764705882353,0.08823529411764706,0.06521739130434782,0.3382352941176471,0.27941176470588236,0.08823529411764706,0.14705882352941177,0.3546004555555555,99.53600000000002,L,0.023746701846965697,0.036939313984168866,0.1503957783641161,0.3963963963963964,0.24010554089709762,0.0633245382585752,0.27402682207078216,100.51466666666667,18.6,R,3.0,0.0,0.0,0.027906976744186046,0.05581395348837209,0.06976744186046512,0,Fenway Park,72.3,33.0,5.6,0.0,0.0,1.163939473915721,0.11399263600199529,777,,,,,,,,0.5,,,PASS
823012,2026-09-12 00:15:00+00:00,CWS,STL,STL,CWS,1,671056,Iván Herrera,confirmed,2.0,4.65,641743,0.022388059701492536,0.029850746268656716,0.020512820512820513,0.17537313432835822,0.24253731343283583,0.21641791044776118,0.07835820895522388,0.2789812411111112,96.41116666666669,0.02857142857142857,0.02857142857142857,0.021505376344086023,0.21428571428571427,0.2,0.18571428571428572,0.08571428571428572,0.33859557999999995,98.602,R,0.03003003003003003,0.05105105105105105,0.1831831831831832,0.43507972665148065,0.1891891891891892,0.06906906906906907,0.3147078343022136,101.37866666666667,14.866666666666667,L,0.0,0.0,0.0,0.03,0.06,0.0,0,Busch Stadium,78.1,81.0,2.9,0.0,0.0,0.8543811031934547,0.11370223630189726,779,,,,,,,,0.5,,,PASS
823659,2026-09-12 00:10:00+00:00,CLE,MIN,CLE,MIN,0,800050,Chase DeLauter,confirmed,2.0,4.65,671737,0.026923076923076925,0.05,0.03591160220994475,0.17692307692307693,0.2230769230769231,0.17307692307692307,0.09615384615384616,0.3343111883333334,99.06533333333333,0.01694915254237288,0.03389830508474576,0.02127659574468085,0.13559322033898305,0.22033898305084745,0.1694915254237288,0.06779661016949153,0.2755391933333334,97.60666666666665,L,0.03296703296703297,0.04945054945054945,0.18681318681318682,0.5462184873949579,0.2857142857142857,0.1043956043956044,0.2861092940946405,101.32066666666665,17.533333333333335,R,6.0,0.0,0.0,0.02608695652173913,0.05217391304347826,0.13043478260869565,0,Target Field,79.1,44.0,13.8,0.0,0.0,0.9212457112694644,0.11268219866886349,787,,,,,,,,0.5,,,PASS
822930,2026-09-11 23:10:00+00:00,HOU,TB,HOU,TB,0,662139,Daulton Varsho,confirmed,4.0,4.45,656876,0.016736401673640166,0.04602510460251046,0.03197674418604651,0.1799163179916318,0.2719665271966527,0.19665271966527198,0.06276150627615062,0.26248994277777776,94.79716666666667,0.03225806451612903,0.08064516129032258,0.05813953488372093,0.16129032258064516,0.22580645161290322,0.1774193548387097,0.06451612903225806,0.31652903222222223,93.08000000000001,L,0.017595307917888565,0.03225806451612903,0.15542521994134897,0.5488565488565489,0.2697947214076246,0.04398826979472141,0.2752624444168295,100.088,17.2,R,9.0,0.0,0.0,0.024489795918367346,0.04897959183673469,0.1836734693877551,0,Tropicana Field,83.0,83.0,5.4,0.0,1.0,1.1701306413301662,0.1123840970193245,790,,,,,,,,0.5,,,PASS
824227,2026-09-11 22:40:00+00:00,COL,DET,DET,COL,1,805808,Kevin McGonigle,confirmed,1.0,4.75,690279,0.03597122302158273,0.04316546762589928,0.0316622691292876,0.20863309352517986,0.28776978417266186,0.14028776978417265,0.11510791366906475,0.32281930845238094,95.83016666666666,0.030303030303030304,0.045454545454545456,0.031914893617021274,0.18181818181818182,0.30303030303030304,0.12121212121212122,0.10606060606060606,0.3375528482539683,95.798,L,0.06779661016949153,0.0847457627118644,0.288135593220339,0.4875,0.288135593220339,0.1016949152542373,0.3666968047619048,102.51666666666667,13.0,R,0.0,0.0,0.0,0.03,0.06,0.0,0,Comerica Park,72.1,65.0,5.4,0.0,0.0,0.8023752969121141,0.1119329928126496,793,,,,,,,,0.5,,,PASS
822767,2026-09-11 23:07:00+00:00,BAL,TOR,BAL,TOR,0,687952,Christian Encarnacion-Strand,confirmed,7.0,4.0,453286,0.05161290322580645,0.11612903225806452,0.075,0.23870967741935484,0.27741935483870966,0.27741935483870966,0.05806451612903226,0.34757135450450444,97.12702702702704,0.031746031746031744,0.09523809523809523,0.0625,0.19047619047619047,0.25396825396825395,0.31746031746031744,0.06349206349206349,0.32277281888888887,96.55933333333334,R,0.04779411764705882,0.0661764705882353,0.19852941176470587,0.6172248803827751,0.17647058823529413,0.09926470588235294,0.3347376842174518,98.70642857142856,13.357142857142858,R,0.0,0.0,0.0,0.03,0.06,0.0,1,Rogers Centre,67.2,62.0,4.7,0.0,0.5,0.65,0.1117768057863809,795,,,,,,,,0.5,,,PASS
824873,2026-09-11 23:15:00+00:00,PHI,ATL,PHI,ATL,0,607208,Trea Turner,confirmed,2.0,4.65,519242,0.04428044280442804,0.05904059040590406,0.0471976401179941,0.1881918819188192,0.23247232472324722,0.1992619926199262,0.06642066420664207,0.3016674866666667,96.46616666666664,0.029850746268656716,0.07462686567164178,0.06172839506172839,0.22388059701492538,0.23880597014925373,0.1791044776119403,0.05970149253731343,0.2783651999999999,95.32266666666668,R,0.008310249307479225,0.030470914127423823,0.15512465373961218,0.4592274678111588,0.31024930747922436,0.04155124653739612,0.2657349766797526,100.006,17.466666666666665,L,9.0,0.0,1.0,0.024489795918367346,0.06938775510204082,0.1836734693877551,0,Truist Park,75.5,88.0,3.5,0.087,0.0,1.0131001223637803,0.11055137812505479,805,,,,,,,,0.5,,,PASS
822930,2026-09-11 23:10:00+00:00,HOU,TB,HOU,TB,0,666211,Taylor Trammell,confirmed,8.0,3.85,656876,0.03286384976525822,0.07981220657276995,0.07203389830508475,0.16901408450704225,0.22535211267605634,0.2863849765258216,0.09389671361502347,0.2988035508333333,94.9828813559322,0.0,0.0784313725490196,0.06666666666666667,0.17647058823529413,0.23529411764705882,0.3137254901960784,0.0784313725490196,0.1937524222222222,93.55642857142858,L,0.017595307917888565,0.03225806451612903,0.15542521994134897,0.5488565488565489,0.2697947214076246,0.04398826979472141,0.2752624444168295,100.088,17.2,R,2.0,0.0,0.0,0.02857142857142857,0.05714285714285714,0.047619047619047616,0,Tropicana Field,83.0,83.0,5.4,0.0,1.0,1.1701306413301662,0.10980163780337973,811,,,,,,,,0.5,,,PASS
823817,2026-09-11 23:10:00+00:00,LAD,MIA,LAD,MIA,0,669242,Tommy Edman,confirmed,1.0,4.75,687473,0.0196078431372549,0.03529411764705882,0.028391167192429023,0.1450980392156863,0.19607843137254902,0.21176470588235294,0.058823529411764705,0.3083308616666667,95.1413559322034,0.028985507246376812,0.028985507246376812,0.025974025974025976,0.17391304347826086,0.15942028985507245,0.2028985507246377,0.043478260869565216,0.2969445777777777,94.52357142857143,L,0.0313588850174216,0.0627177700348432,0.1916376306620209,0.4898989898989899,0.18466898954703834,0.07665505226480836,0.32869257526997714,101.40466666666667,12.4,R,0.0,0.0,0.0,0.03,0.06,0.0,0,loanDepot park,80.8,87.0,2.1,0.0,0.5,0.8667634380223453,0.1097026724292093,812,,,,,,,,0.5,,,PASS
822930,2026-09-11 23:10:00+00:00,HOU,TB,HOU,TB,0,673237,Yainer Diaz,confirmed,5.0,4.3,656876,0.045454545454545456,0.06198347107438017,0.04477611940298507,0.17768595041322313,0.2066115702479339,0.15289256198347106,0.02066115702479339,0.3195845863888889,97.73183333333334,0.05,0.08333333333333333,0.05813953488372093,0.23333333333333334,0.18333333333333332,0.13333333333333333,0.03333333333333333,0.32406452333333335,98.95866666666667,R,0.017595307917888565,0.03225806451612903,0.15542521994134897,0.5488565488565489,0.2697947214076246,0.04398826979472141,0.2752624444168295,100.088,17.2,R,2.0,1.0,1.0,0.05238095238095238,0.08095238095238096,0.047619047619047616,1,Tropicana Field,83.0,83.0,5.4,0.0,1.0,1.1701306413301662,0.10952376494744984,813,,,,,,,,0.5,,,PASS
822930,2026-09-11 23:10:00+00:00,HOU,TB,HOU,TB,0,514888,Jose Altuve,confirmed,1.0,4.75,656876,0.027777777777777776,0.015873015873015872,0.011527377521613832,0.1626984126984127,0.21825396825396826,0.17857142857142858,0.05952380952380952,0.2544365361111111,93.06816666666666,0.015625,0.015625,0.01098901098901099,0.234375,0.25,0.171875,0.046875,0.2725965333333333,96.24466666666667,R,0.017595307917888565,0.03225806451612903,0.15542521994134897,0.5488565488565489,0.2697947214076246,0.04398826979472141,0.2752624444168295,100.088,17.2,R,3.0,0.0,0.0,0.027906976744186046,0.05581395348837209,0.06976744186046512,1,Tropicana Field,83.0,83.0,5.4,0.0,1.0,1.1701306413301662,0.10945418880256087,814,,,,,,,,0.5,,,PASS
823659,2026-09-12 00:10:00+00:00,CLE,MIN,MIN,CLE,1,605137,Josh Bell,confirmed,4.0,4.45,800048,0.038910505836575876,0.07392996108949416,0.051490514905149054,0.21011673151750973,0.27626459143968873,0.16342412451361868,0.08949416342412451,0.35579709194444453,98.5005,0.031746031746031744,0.07936507936507936,0.05555555555555555,0.20634920634920634,0.3333333333333333,0.12698412698412698,0.06349206349206349,0.38202644777777783,97.79733333333333,L,0.021739130434782608,0.02717391304347826,0.12228260869565218,0.5177453027139874,0.25815217391304346,0.0625,0.2559131512936156,99.13933333333334,18.333333333333332,L,6.0,0.0,0.0,0.02608695652173913,0.05217391304347826,0.13043478260869565,1,Target Field,79.1,44.0,13.8,0.0,0.0,0.9212457112694644,0.10823845614600794,824,,,,,,,,0.5,,,PASS
824227,2026-09-11 22:40:00+00:00,COL,DET,DET,COL,1,690993,Colt Keith,confirmed,3.0,4.55,690279,0.047619047619047616,0.06666666666666667,0.052830188679245285,0.2,0.28095238095238095,0.19047619047619047,0.08095238095238096,0.35276228305555546,95.40627118644068,0.04,0.06,0.05172413793103448,0.16,0.14,0.28,0.1,0.3520859,95.84714285714286,L,0.06779661016949153,0.0847457627118644,0.288135593220339,0.4875,0.288135593220339,0.1016949152542373,0.3666968047619048,102.51666666666667,13.0,R,0.0,0.0,0.0,0.03,0.06,0.0,0,Comerica Park,72.1,65.0,5.4,0.0,0.0,0.8023752969121141,0.10774357169795215,828,,,,,,,,0.5,,,PASS
823659,2026-09-12 00:10:00+00:00,CLE,MIN,CLE,MIN,0,666176,Jo Adell,confirmed,4.0,4.45,671737,0.03968253968253968,0.05555555555555555,0.04242424242424243,0.15873015873015872,0.21428571428571427,0.24603174603174602,0.07142857142857142,0.3239385758333333,97.50266666666668,0.0,0.0,0.0,0.1076923076923077,0.12307692307692308,0.2153846153846154,0.09230769230769231,0.2689779188888889,96.02133333333333,R,0.03296703296703297,0.04945054945054945,0.18681318681318682,0.5462184873949579,0.2857142857142857,0.1043956043956044,0.2861092940946405,101.32066666666665,17.533333333333335,R,3.0,0.0,0.0,0.027906976744186046,0.05581395348837209,0.06976744186046512,1,Target Field,79.1,44.0,13.8,0.0,0.0,0.9212457112694644,0.10649498520034469,839,,,,,,,,0.5,,,PASS
823498,2026-09-11 23:05:00+00:00,NYM,NYY,NYM,NYY,0,682626,Francisco Alvarez,confirmed,9.0,3.7,607074,0.04201680672268908,0.07983193277310924,0.07279693486590039,0.19747899159663865,0.23949579831932774,0.3445378151260504,0.1092436974789916,0.3196735827777778,95.96000000000001,0.03389830508474576,0.05084745762711865,0.04285714285714286,0.15254237288135594,0.2542372881355932,0.423728813559322,0.05084745762711865,0.2447698533333333,96.02133333333335,R,0.022388059701492536,0.041044776119402986,0.17164179104477612,0.5776566757493188,0.26119402985074625,0.12686567164179105,0.30450127443367914,99.88692307692307,14.615384615384615,L,0.0,0.0,0.0,0.03,0.06,0.0,0,Yankee Stadium,76.0,37.0,2.1,0.0,0.0,1.195458144389261,0.10627606046951114,841,,,,,,,,0.5,,,PASS
824873,2026-09-11 23:15:00+00:00,PHI,ATL,PHI,ATL,0,547180,Bryce Harper,confirmed,3.0,4.55,519242,0.02681992337164751,0.04597701149425287,0.03669724770642202,0.14942528735632185,0.2681992337164751,0.23754789272030652,0.18773946360153257,0.36135883555555554,96.444,0.015873015873015872,0.031746031746031744,0.024096385542168676,0.20634920634920634,0.2857142857142857,0.25396825396825395,0.12698412698412698,0.3613286488888889,98.02666666666666,L,0.008310249307479225,0.030470914127423823,0.15512465373961218,0.4592274678111588,0.31024930747922436,0.04155124653739612,0.2657349766797526,100.006,17.466666666666665,L,9.0,0.0,0.0,0.024489795918367346,0.04897959183673469,0.1836734693877551,1,Truist Park,75.5,88.0,3.5,0.087,0.0,1.0131001223637803,0.10619737502388163,842,,,,,,,,0.5,,,PASS
824873,2026-09-11 23:15:00+00:00,PHI,ATL,ATL,PHI,1,573262,Mike Yastrzemski,confirmed,8.0,3.85,605400,0.026041666666666668,0.052083333333333336,0.040160642570281124,0.24479166666666666,0.22916666666666666,0.234375,0.109375,0.32159247722222223,96.77966666666666,0.0,0.02127659574468085,0.015384615384615385,0.1702127659574468,0.1702127659574468,0.23404255319148937,0.10638297872340426,0.29265864999999996,96.08733333333332,L,0.05367231638418079,0.059322033898305086,0.2231638418079096,0.4719626168224299,0.2570621468926554,0.07909604519774012,0.29299882416203066,101.64066666666668,16.6,R,2.0,0.0,0.0,0.02857142857142857,0.05714285714285714,0.047619047619047616,0,Truist Park,75.5,88.0,3.5,0.087,0.0,1.0131001223637803,0.10609148862494226,843,,,,,,,,0.5,,,PASS
823173,2026-09-12 02:15:00+00:00,SD,SF,SD,SF,0,592518,Manny Machado,confirmed,3.0,4.55,683627,0.03802281368821293,0.060836501901140684,0.04833836858006042,0.21292775665399238,0.23574144486692014,0.20912547528517111,0.12927756653992395,0.3595547005555556,96.89349999999999,0.030303030303030304,0.07575757575757576,0.05319148936170213,0.19696969696969696,0.22727272727272727,0.18181818181818182,0.16666666666666666,0.37871503666666667,95.36399999999999,R,0.05128205128205128,0.05128205128205128,0.15384615384615385,0.6129032258064516,0.3076923076923077,0.02564102564102564,0.2525070912698413,97.44999999999999,15.0,R,0.0,0.0,0.0,0.03,0.06,0.0,1,Oracle Park,62.2,79.0,16.2,0.0,0.0,0.7742217777222153,0.10590254435179913,844,,,,,,,,0.5,,,PASS
822767,2026-09-11 23:07:00+00:00,BAL,TOR,BAL,TOR,0,694212,Samuel Basallo,confirmed,6.0,4.15,453286,0.04602510460251046,0.08368200836820083,0.06711409395973154,0.1799163179916318,0.24267782426778242,0.2803347280334728,0.07531380753138076,0.2990152244444444,96.19372881355936,0.0,0.05172413793103448,0.05,0.13793103448275862,0.13793103448275862,0.27586206896551724,0.06896551724137931,0.2182000422222222,91.096,L,0.04779411764705882,0.0661764705882353,0.19852941176470587,0.6172248803827751,0.17647058823529413,0.09926470588235294,0.3347376842174518,98.70642857142856,13.357142857142858,R,0.0,0.0,0.0,0.03,0.06,0.0,0,Rogers Centre,67.2,62.0,4.7,0.0,0.5,0.65,0.10545843940817458,848,,,,,,,,0.5,,,PASS
822684,2026-09-11 22:45:00+00:00,LAA,WSH,LAA,WSH,0,694208,Moisés Ballesteros,confirmed,5.0,4.3,676917,0.021645021645021644,0.05194805194805195,0.0375,0.15151515151515152,0.23809523809523808,0.23809523809523808,0.08225108225108226,0.27107093416666667,95.21383333333334,0.03278688524590164,0.06557377049180328,0.0449438202247191,0.16393442622950818,0.26229508196721313,0.29508196721311475,0.03278688524590164,0.2567752833333333,94.99000000000001,L,0.03333333333333333,0.03939393939393939,0.1484848484848485,0.47058823529411764,0.3151515151515151,0.06363636363636363,0.2688631296703683,99.63000000000002,16.666666666666668,R,2.0,0.0,0.0,0.02857142857142857,0.05714285714285714,0.047619047619047616,0,Nationals Park,77.3,69.0,3.5,0.0,0.0,1.225851148060174,0.10515898762040063,851,,,,,,,,0.5,,,PASS
823817,2026-09-11 23:10:00+00:00,LAD,MIA,LAD,MIA,0,663656,Kyle Tucker,confirmed,4.0,4.45,687473,0.028688524590163935,0.04918032786885246,0.03287671232876712,0.1885245901639344,0.26639344262295084,0.13524590163934427,0.12295081967213115,0.3341970805555556,95.41783333333333,0.03125,0.046875,0.030612244897959183,0.171875,0.328125,0.109375,0.15625,0.33810275555555563,94.49799999999999,L,0.0313588850174216,0.0627177700348432,0.1916376306620209,0.4898989898989899,0.18466898954703834,0.07665505226480836,0.32869257526997714,101.40466666666667,12.4,R,0.0,0.0,0.0,0.03,0.06,0.0,0,loanDepot park,80.8,87.0,2.1,0.0,0.5,0.8667634380223453,0.10506962840123038,852,,,,,,,,0.5,,,PASS
823817,2026-09-11 23:10:00+00:00,LAD,MIA,LAD,MIA,0,606192,Teoscar Hernández,confirmed,6.0,4.15,687473,0.02564102564102564,0.0641025641025641,0.052083333333333336,0.14957264957264957,0.23076923076923078,0.2692307692307692,0.07692307692307693,0.3184627861111112,96.83700000000002,0.031746031746031744,0.12698412698412698,0.10666666666666667,0.15873015873015872,0.19047619047619047,0.23809523809523808,0.12698412698412698,0.4381669466666667,98.47133333333333,R,0.0313588850174216,0.0627177700348432,0.1916376306620209,0.4898989898989899,0.18466898954703834,0.07665505226480836,0.32869257526997714,101.40466666666667,12.4,R,0.0,0.0,0.0,0.03,0.06,0.0,1,loanDepot park,80.8,87.0,2.1,0.0,0.5,0.8667634380223453,0.10487593676369586,854,,,,,,,,0.5,,,PASS
823012,2026-09-12 00:15:00+00:00,CWS,STL,STL,CWS,1,695336,Thomas Saggese,confirmed,7.0,4.0,641743,0.03418803418803419,0.06837606837606838,0.050955414012738856,0.20512820512820512,0.3247863247863248,0.2564102564102564,0.08547008547008547,0.3316434885416667,96.2353125,0.07142857142857142,0.08928571428571429,0.0641025641025641,0.19642857142857142,0.39285714285714285,0.16071428571428573,0.10714285714285714,0.41622742,97.12466666666666,R,0.03003003003003003,0.05105105105105105,0.1831831831831832,0.43507972665148065,0.1891891891891892,0.06906906906906907,0.3147078343022136,101.37866666666667,14.866666666666667,L,0.0,0.0,0.0,0.03,0.06,0.0,0,Busch Stadium,78.1,81.0,2.9,0.0,0.0,0.8543811031934547,0.10464406269582213,856,,,,,,,,0.5,,,PASS
822767,2026-09-11 23:07:00+00:00,BAL,TOR,TOR,BAL,1,672960,Kazuma Okamoto,confirmed,6.0,4.15,605135,0.048,0.076,0.05571847507331378,0.22,0.24,0.268,0.072,0.3095643308333333,96.22566666666667,0.06666666666666667,0.11666666666666667,0.08974358974358974,0.25,0.16666666666666666,0.23333333333333334,0.13333333333333333,0.3830350555555555,96.35266666666668,R,0.025936599423631124,0.037463976945244955,0.15561959654178675,0.4189189189189189,0.14697406340057637,0.09221902017291066,0.35570759984762207,99.80933333333333,14.6,R,3.0,0.0,0.0,0.027906976744186046,0.05581395348837209,0.06976744186046512,1,Rogers Centre,67.2,62.0,4.7,0.0,0.5,0.65,0.10455024920822932,856,,,,,,,,0.5,,,PASS
824227,2026-09-11 22:40:00+00:00,COL,DET,DET,COL,1,693307,Dillon Dingler,confirmed,5.0,4.3,690279,0.03018867924528302,0.045283018867924525,0.0345821325648415,0.17358490566037735,0.2490566037735849,0.2490566037735849,0.03773584905660377,0.28240050222222224,95.87266666666667,0.0,0.03333333333333333,0.02531645569620253,0.15,0.21666666666666667,0.26666666666666666,0.016666666666666666,0.22114053888888888,95.70333333333332,R,0.06779661016949153,0.0847457627118644,0.288135593220339,0.4875,0.288135593220339,0.1016949152542373,0.3666968047619048,102.51666666666667,13.0,R,0.0,0.0,0.0,0.03,0.06,0.0,1,Comerica Park,72.1,65.0,5.4,0.0,0.0,0.8023752969121141,0.10421105807986339,860,,,,,,,,0.5,,,PASS
824711,2026-09-11 23:10:00+00:00,KC,BOS,KC,BOS,0,521692,Salvador Perez,confirmed,4.0,4.45,543243,0.03571428571428571,0.08333333333333333,0.05660377358490566,0.20238095238095238,0.27380952380952384,0.1865079365079365,0.03968253968253968,0.3405774619444444,96.6325,0.030303030303030304,0.10606060606060606,0.06930693069306931,0.24242424242424243,0.21212121212121213,0.16666666666666666,0.045454545454545456,0.3749655777777778,98.54466666666667,R,0.023746701846965697,0.036939313984168866,0.1503957783641161,0.3963963963963964,0.24010554089709762,0.0633245382585752,0.27402682207078216,100.51466666666667,18.6,R,3.0,0.0,0.0,0.027906976744186046,0.05581395348837209,0.06976744186046512,1,Fenway Park,72.3,33.0,5.6,0.0,0.0,1.163939473915721,0.10410659976726078,861,,,,,,,,0.5,,,PASS
823736,2026-09-11 23:45:00+00:00,CIN,MIL,CIN,MIL,0,663886,Tyler Stephenson,confirmed,5.0,4.3,669160,0.0411522633744856,0.07407407407407407,0.058823529411764705,0.20164609053497942,0.205761316872428,0.2716049382716049,0.102880658436214,0.3322673022222222,95.40349999999998,0.04411764705882353,0.058823529411764705,0.04878048780487805,0.1323529411764706,0.16176470588235295,0.3235294117647059,0.1323529411764706,0.27006846333333334,94.21333333333332,R,0.0196078431372549,0.049019607843137254,0.1568627450980392,0.4696969696969697,0.24836601307189543,0.0915032679738562,0.3437150083372658,100.60199999999999,14.066666666666666,R,5.0,0.0,1.0,0.026666666666666665,0.07555555555555556,0.1111111111111111,1,American Family Field,70.5,60.0,6.9,0.0,0.5,0.8915281076801267,0.10277736828730892,873,,,,,,,,0.5,,,PASS
824711,2026-09-11 23:10:00+00:00,KC,BOS,BOS,KC,1,596115,Trevor Story,confirmed,5.0,4.3,607625,0.013824884792626729,0.027649769585253458,0.020833333333333332,0.14746543778801843,0.21658986175115208,0.31797235023041476,0.03686635944700461,0.2431662996732026,94.9078431372549,0.016666666666666666,0.05,0.037037037037037035,0.11666666666666667,0.23333333333333334,0.3333333333333333,0.016666666666666666,0.2383541166666667,91.48800000000001,R,0.03133903133903134,0.02849002849002849,0.18518518518518517,0.46153846153846156,0.150997150997151,0.07407407407407407,0.33504074078604085,101.14666666666666,15.466666666666667,R,0.0,0.0,0.0,0.03,0.06,0.0,1,Fenway Park,72.3,33.0,5.6,0.0,0.0,1.163939473915721,0.10269621773112804,874,,,,,,,,0.5,,,PASS
825036,2026-09-12 01:40:00+00:00,TEX,ARI,ARI,TEX,1,571448,Nolan Arenado,confirmed,6.0,4.15,669022,0.06097560975609756,0.044715447154471545,0.03343465045592705,0.17479674796747968,0.24796747967479674,0.1991869918699187,0.1016260162601626,0.2726440230555556,94.67116666666665,0.03333333333333333,0.03333333333333333,0.02247191011235955,0.2,0.2,0.13333333333333333,0.08333333333333333,0.24067102333333334,96.17333333333335,R,0.028735632183908046,0.04885057471264368,0.15229885057471265,0.5104602510460251,0.2413793103448276,0.08045977011494253,0.29620167199370523,100.76666666666664,15.866666666666667,L,3.0,0.0,0.0,0.027906976744186046,0.05581395348837209,0.06976744186046512,0,Chase Field,98.6,30.0,6.4,0.0,0.5,1.0,0.10190376031309147,881,,,,,,,,0.5,,,PASS
823817,2026-09-11 23:10:00+00:00,LAD,MIA,LAD,MIA,0,571771,Enrique Hernández,confirmed,9.0,3.7,687473,0.05660377358490566,0.07547169811320754,0.05333333333333334,0.22641509433962265,0.2830188679245283,0.32075471698113206,0.05660377358490566,0.29674479629629624,91.92833333333334,0.043478260869565216,0.043478260869565216,0.029411764705882353,0.21739130434782608,0.2826086956521739,0.34782608695652173,0.06521739130434782,0.24981597777777778,91.29933333333335,R,0.0313588850174216,0.0627177700348432,0.1916376306620209,0.4898989898989899,0.18466898954703834,0.07665505226480836,0.32869257526997714,101.40466666666667,12.4,R,0.0,0.0,0.0,0.03,0.06,0.0,1,loanDepot park,80.8,87.0,2.1,0.0,0.5,0.8667634380223453,0.10168620169961866,883,,,,,,,,0.5,,,PASS
823173,2026-09-12 02:15:00+00:00,SD,SF,SF,SD,1,694376,Shay Whitcomb,confirmed,6.0,4.15,592662,0.046875,0.109375,0.0875,0.171875,0.203125,0.25,0.03125,0.28926227450980385,95.379375,0.034482758620689655,0.10344827586206896,0.0821917808219178,0.1724137931034483,0.1896551724137931,0.22413793103448276,0.034482758620689655,0.2979305777777777,96.20285714285716,R,0.020114942528735632,0.03735632183908046,0.16379310344827586,0.528604118993135,0.1724137931034483,0.12643678160919541,0.3311489924246125,101.00333333333333,16.0,L,0.0,0.0,0.0,0.03,0.06,0.0,0,Oracle Park,62.2,79.0,16.2,0.0,0.0,0.7742217777222153,0.10084593722019952,892,,,,,,,,0.5,,,PASS
822684,2026-09-11 22:45:00+00:00,LAA,WSH,LAA,WSH,0,695681,Christian Moore,confirmed,6.0,4.15,676917,0.011111111111111112,0.044444444444444446,0.03418803418803419,0.15555555555555556,0.3111111111111111,0.3111111111111111,0.06666666666666667,0.24762706287878788,93.59,0.01639344262295082,0.03278688524590164,0.02564102564102564,0.14754098360655737,0.3114754098360656,0.22950819672131148,0.08196721311475409,0.27331506555555557,93.98133333333332,R,0.03333333333333333,0.03939393939393939,0.1484848484848485,0.47058823529411764,0.3151515151515151,0.06363636363636363,0.2688631296703683,99.63000000000002,16.666666666666668,R,0.0,0.0,0.0,0.03,0.06,0.0,1,Nationals Park,77.3,69.0,3.5,0.0,0.0,1.225851148060174,0.10002992987550191,900,,,,,,,,0.5,,,PASS
822930,2026-09-11 23:10:00+00:00,HOU,TB,TB,HOU,1,656775,Cedric Mullins,confirmed,7.0,4.0,699044,0.03319502074688797,0.03319502074688797,0.024922118380062305,0.1991701244813278,0.1950207468879668,0.1908713692946058,0.0912863070539419,0.2846384769444444,94.19383333333333,0.017543859649122806,0.05263157894736842,0.038461538461538464,0.22807017543859648,0.2631578947368421,0.08771929824561403,0.17543859649122806,0.3560435655555556,96.53,L,,,,,,,,,,,0.0,0.0,0.0,0.03,0.06,0.0,0,Tropicana Field,83.0,83.0,5.4,0.0,1.0,1.1701306413301662,0.09874868420955259,913,,,,,,,,0.5,,,PASS
824711,2026-09-11 23:10:00+00:00,KC,BOS,BOS,KC,1,686765,Nick Sogard,confirmed,6.0,4.15,607625,0.01818181818181818,0.031818181818181815,0.026717557251908396,0.17727272727272728,0.22272727272727272,0.19545454545454546,0.12727272727272726,0.3016791118571428,94.00320000000002,0.031746031746031744,0.031746031746031744,0.02666666666666667,0.2222222222222222,0.25396825396825395,0.25396825396825395,0.06349206349206349,0.2735222477777777,93.66733333333335,L,0.03133903133903134,0.02849002849002849,0.18518518518518517,0.46153846153846156,0.150997150997151,0.07407407407407407,0.33504074078604085,101.14666666666666,15.466666666666667,R,2.0,0.0,0.0,0.02857142857142857,0.05714285714285714,0.047619047619047616,0,Fenway Park,72.3,33.0,5.6,0.0,0.0,1.163939473915721,0.09827781621754167,918,,,,,,,,0.5,,,PASS
823012,2026-09-12 00:15:00+00:00,CWS,STL,STL,CWS,1,665877,José Fermín,confirmed,1.0,4.75,641743,0.01680672268907563,0.02100840336134454,0.015625,0.1638655462184874,0.29411764705882354,0.12605042016806722,0.07983193277310924,0.2932203752777777,94.74533333333332,0.016129032258064516,0.03225806451612903,0.024390243902439025,0.14516129032258066,0.3225806451612903,0.16129032258064516,0.03225806451612903,0.2198927111111111,94.702,R,0.03003003003003003,0.05105105105105105,0.1831831831831832,0.43507972665148065,0.1891891891891892,0.06906906906906907,0.3147078343022136,101.37866666666667,14.866666666666667,L,0.0,0.0,0.0,0.03,0.06,0.0,0,Busch Stadium,78.1,81.0,2.9,0.0,0.0,0.8543811031934547,0.09787485386862847,922,,,,,,,,0.5,,,PASS
824711,2026-09-11 23:10:00+00:00,KC,BOS,KC,BOS,0,670231,John Rave,confirmed,6.0,4.15,543243,0.04,0.08,0.07272727272727272,0.13,0.24,0.2,0.1,0.30809906234567896,96.68111111111111,0.03333333333333333,0.03333333333333333,0.029411764705882353,0.08333333333333333,0.25,0.21666666666666667,0.11666666666666667,0.27273996777777776,94.99666666666666,L,0.023746701846965697,0.036939313984168866,0.1503957783641161,0.3963963963963964,0.24010554089709762,0.0633245382585752,0.27402682207078216,100.51466666666667,18.6,R,0.0,0.0,0.0,0.03,0.06,0.0,0,Fenway Park,72.3,33.0,5.6,0.0,0.0,1.163939473915721,0.09714477753845048,929,,,,,,,,0.5,,,PASS
825036,2026-09-12 01:40:00+00:00,TEX,ARI,ARI,TEX,1,672515,Gabriel Moreno,confirmed,3.0,4.55,669022,0.022304832713754646,0.05204460966542751,0.03535353535353535,0.16728624535315986,0.3048327137546468,0.13382899628252787,0.11524163568773234,0.36183441583333337,96.18566666666668,0.030303030303030304,0.07575757575757576,0.054945054945054944,0.12121212121212122,0.22727272727272727,0.12121212121212122,0.12121212121212122,0.3163618999999999,96.57733333333334,R,0.028735632183908046,0.04885057471264368,0.15229885057471265,0.5104602510460251,0.2413793103448276,0.08045977011494253,0.29620167199370523,100.76666666666664,15.866666666666667,L,3.0,0.0,0.0,0.027906976744186046,0.05581395348837209,0.06976744186046512,0,Chase Field,98.6,30.0,6.4,0.0,0.5,1.0,0.09705482915630201,930,,,,,,,,0.5,,,PASS
823012,2026-09-12 00:15:00+00:00,CWS,STL,CWS,STL,0,668670,Jake Rogers,confirmed,8.0,3.85,669461,0.019230769230769232,0.057692307692307696,0.05027932960893855,0.16666666666666666,0.1794871794871795,0.30128205128205127,0.11538461538461539,0.2605606952898551,92.5628260869565,0.02,0.08,0.06060606060606061,0.16,0.28,0.34,0.12,0.2672990444444444,91.57400000000001,R,0.0438871473354232,0.05956112852664577,0.21316614420062696,0.47880299251870323,0.2601880877742947,0.07210031347962383,0.32706245094468894,100.90333333333334,14.4,L,0.0,0.0,0.0,0.03,0.06,0.0,0,Busch Stadium,78.1,81.0,2.9,0.0,0.0,0.8543811031934547,0.09658051972982393,935,,,,,,,,0.5,,,PASS
824954,2026-09-12 01:40:00+00:00,SEA,ATH,ATH,SEA,1,643446,Jeff McNeil,confirmed,2.0,4.65,669923,0.025423728813559324,0.0211864406779661,0.012658227848101266,0.19915254237288135,0.3644067796610169,0.0847457627118644,0.03389830508474576,0.29606919888888894,93.93766666666669,0.02857142857142857,0.014285714285714285,0.008333333333333333,0.1,0.4,0.11428571428571428,0.02857142857142857,0.29814404,94.79799999999999,L,0.03523035230352303,0.05962059620596206,0.17886178861788618,0.5164410058027079,0.2005420054200542,0.05420054200542006,0.3259068667052196,101.45133333333334,16.6,R,3.0,0.0,0.0,0.027906976744186046,0.05581395348837209,0.06976744186046512,0,Sutter Health Park,79.8,41.0,8.1,0.0,0.0,1.262998152546846,0.09567911308169792,945,,,,,,,,0.5,,,PASS
823498,2026-09-11 23:05:00+00:00,NYM,NYY,NYY,NYM,1,641355,Cody Bellinger,confirmed,2.0,4.65,690997,0.019762845849802372,0.03557312252964427,0.026392961876832845,0.1541501976284585,0.233201581027668,0.18972332015810275,0.07114624505928854,0.30197450888888894,95.67166666666665,0.030303030303030304,0.06060606060606061,0.044444444444444446,0.18181818181818182,0.19696969696969696,0.13636363636363635,0.015151515151515152,0.2748867833333334,96.672,L,0.01881720430107527,0.03763440860215054,0.1424731182795699,0.46993318485523383,0.260752688172043,0.10215053763440861,0.29302749213078283,100.102,17.466666666666665,R,0.0,0.0,0.0,0.03,0.06,0.0,0,Yankee Stadium,76.0,37.0,2.1,0.0,0.0,1.195458144389261,0.09557326515763444,946,,,,,,,,0.5,,,PASS
823659,2026-09-12 00:10:00+00:00,CLE,MIN,CLE,MIN,0,608070,José Ramírez,confirmed,3.0,4.55,671737,0.011406844106463879,0.0038022813688212928,0.00267379679144385,0.20532319391634982,0.24714828897338403,0.12547528517110265,0.07604562737642585,0.28775057472222215,97.41066666666666,0.015151515151515152,0.0,0.0,0.22727272727272727,0.24242424242424243,0.13636363636363635,0.045454545454545456,0.23665560333333335,96.36133333333333,L,0.03296703296703297,0.04945054945054945,0.18681318681318682,0.5462184873949579,0.2857142857142857,0.1043956043956044,0.2861092940946405,101.32066666666665,17.533333333333335,R,3.0,0.0,0.0,0.027906976744186046,0.05581395348837209,0.06976744186046512,0,Target Field,79.1,44.0,13.8,0.0,0.0,0.9212457112694644,0.09514489838454203,951,,,,,,,,0.5,,,PASS
823173,2026-09-12 02:15:00+00:00,SD,SF,SD,SF,0,669134,Luis Campusano,confirmed,4.0,4.45,683627,0.03626943005181347,0.06735751295336788,0.05485232067510549,0.19689119170984457,0.20207253886010362,0.22279792746113988,0.12953367875647667,0.33740926729559745,94.01754716981132,0.03389830508474576,0.0847457627118644,0.07142857142857142,0.13559322033898305,0.23728813559322035,0.22033898305084745,0.13559322033898305,0.34497024333333326,91.47666666666666,R,0.05128205128205128,0.05128205128205128,0.15384615384615385,0.6129032258064516,0.3076923076923077,0.02564102564102564,0.2525070912698413,97.44999999999999,15.0,R,0.0,0.0,0.0,0.03,0.06,0.0,1,Oracle Park,62.2,79.0,16.2,0.0,0.0,0.7742217777222153,0.09507186969275806,952,,,,,,,,0.5,,,PASS
822930,2026-09-11 23:10:00+00:00,HOU,TB,HOU,TB,0,572233,Christian Walker,confirmed,6.0,4.15,656876,0.028112449799196786,0.04417670682730924,0.03313253012048193,0.14457831325301204,0.25301204819277107,0.24497991967871485,0.07228915662650602,0.28441933666666674,96.63616666666667,0.03333333333333333,0.06666666666666667,0.05194805194805195,0.15,0.3,0.16666666666666666,0.05,0.32174382777777777,95.57466666666667,R,0.017595307917888565,0.03225806451612903,0.15542521994134897,0.5488565488565489,0.2697947214076246,0.04398826979472141,0.2752624444168295,100.088,17.2,R,3.0,0.0,1.0,0.027906976744186046,0.07906976744186046,0.06976744186046512,1,Tropicana Field,83.0,83.0,5.4,0.0,1.0,1.1701306413301662,0.09504206937098797,952,,,,,,,,0.5,,,PASS
822684,2026-09-11 22:45:00+00:00,LAA,WSH,WSH,LAA,1,695670,Harry Ford,confirmed,7.0,4.0,579328,0.03296703296703297,0.07692307692307693,0.061946902654867256,0.10989010989010989,0.2857142857142857,0.23076923076923078,0.12087912087912088,0.2994842673913044,92.45869565217392,0.03389830508474576,0.0847457627118644,0.0625,0.13559322033898305,0.3220338983050847,0.22033898305084745,0.1016949152542373,0.31191881,94.32333333333332,R,0.032407407407407406,0.06481481481481481,0.19907407407407407,0.5287769784172662,0.22685185185185186,0.08796296296296297,0.34348328404994766,102.87199999999999,14.6,L,0.0,0.0,0.0,0.03,0.06,0.0,0,Nationals Park,77.3,69.0,3.5,0.0,0.0,1.225851148060174,0.09481615375652716,955,,,,,,,,0.5,,,PASS
823736,2026-09-11 23:45:00+00:00,CIN,MIL,MIL,CIN,1,683734,Andrew Vaughn,confirmed,4.0,4.45,671096,0.021739130434782608,0.0391304347826087,0.032846715328467155,0.1565217391304348,0.21739130434782608,0.1782608695652174,0.10869565217391304,0.31990816138888895,96.29133333333334,0.018518518518518517,0.037037037037037035,0.031746031746031744,0.16666666666666666,0.16666666666666666,0.18518518518518517,0.07407407407407407,0.30526012666666674,97.89533333333334,R,0.03508771929824561,0.06432748538011696,0.1608187134502924,0.5583524027459954,0.195906432748538,0.10818713450292397,0.33288090842628837,101.49066666666666,15.4,L,5.0,0.0,0.0,0.026666666666666665,0.05333333333333333,0.1111111111111111,0,American Family Field,70.5,60.0,6.9,0.0,0.5,0.8915281076801267,0.09468916606510806,956,,,,,,,,0.5,,,PASS
822684,2026-09-11 22:45:00+00:00,LAA,WSH,LAA,WSH,0,687093,Vaughn Grissom,confirmed,4.0,4.45,676917,0.028,0.052,0.0377906976744186,0.128,0.256,0.228,0.044,0.2883437644444445,94.33783333333332,0.046875,0.078125,0.053763440860215055,0.171875,0.265625,0.171875,0.046875,0.31398403333333325,93.74999999999999,R,0.03333333333333333,0.03939393939393939,0.1484848484848485,0.47058823529411764,0.3151515151515151,0.06363636363636363,0.2688631296703683,99.63000000000002,16.666666666666668,R,0.0,0.0,0.0,0.03,0.06,0.0,1,Nationals Park,77.3,69.0,3.5,0.0,0.0,1.225851148060174,0.09448612166264586,958,,,,,,,,0.5,,,PASS
823498,2026-09-11 23:05:00+00:00,NYM,NYY,NYM,NYY,0,666182,Bo Bichette,confirmed,3.0,4.55,607074,0.022900763358778626,0.04198473282442748,0.02729528535980149,0.15648854961832062,0.3969465648854962,0.17557251908396945,0.08396946564885496,0.31814541027777776,95.0965,0.03076923076923077,0.07692307692307693,0.052083333333333336,0.18461538461538463,0.38461538461538464,0.16923076923076924,0.12307692307692308,0.3616722533333333,96.23600000000002,R,0.022388059701492536,0.041044776119402986,0.17164179104477612,0.5776566757493188,0.26119402985074625,0.12686567164179105,0.30450127443367914,99.88692307692307,14.615384615384615,L,2.0,0.0,0.0,0.02857142857142857,0.05714285714285714,0.047619047619047616,0,Yankee Stadium,76.0,37.0,2.1,0.0,0.0,1.195458144389261,0.09444891040699122,959,,,,,,,,0.5,,,PASS
824873,2026-09-11 23:15:00+00:00,PHI,ATL,ATL,PHI,1,645277,Ozzie Albies,confirmed,6.0,4.15,605400,0.03137254901960784,0.027450980392156862,0.01627906976744186,0.18823529411764706,0.3333333333333333,0.18823529411764706,0.06666666666666667,0.2563442547222222,94.65816666666667,0.015873015873015872,0.015873015873015872,0.009345794392523364,0.20634920634920634,0.3492063492063492,0.1746031746031746,0.06349206349206349,0.27607381444444445,96.72800000000001,L,0.05367231638418079,0.059322033898305086,0.2231638418079096,0.4719626168224299,0.2570621468926554,0.07909604519774012,0.29299882416203066,101.64066666666668,16.6,R,6.0,0.0,0.0,0.02608695652173913,0.05217391304347826,0.13043478260869565,0,Truist Park,75.5,88.0,3.5,0.087,0.0,1.0131001223637803,0.09444856322961719,959,,,,,,,,0.5,,,PASS
824227,2026-09-11 22:40:00+00:00,COL,DET,DET,COL,1,650402,Gleyber Torres,confirmed,2.0,4.65,690279,0.02631578947368421,0.045112781954887216,0.0339943342776204,0.14661654135338345,0.2518796992481203,0.19924812030075187,0.11654135338345864,0.3178055530555555,93.52483333333332,0.0,0.03125,0.02127659574468085,0.125,0.1875,0.21875,0.0625,0.2778399666666667,94.50399999999999,R,0.06779661016949153,0.0847457627118644,0.288135593220339,0.4875,0.288135593220339,0.1016949152542373,0.3666968047619048,102.51666666666667,13.0,R,0.0,0.0,0.0,0.03,0.06,0.0,1,Comerica Park,72.1,65.0,5.4,0.0,0.0,0.8023752969121141,0.09389133147736742,965,,,,,,,,0.5,,,PASS
823012,2026-09-12 00:15:00+00:00,CWS,STL,CWS,STL,0,805367,Chase Meidroth,confirmed,1.0,4.75,669461,0.024291497975708502,0.024291497975708502,0.018575851393188854,0.15384615384615385,0.2591093117408907,0.1862348178137652,0.10931174089068826,0.29417992503968254,93.86083333333333,0.0,0.0,0.0,0.15,0.23333333333333334,0.2,0.11666666666666667,0.27991170888888894,89.69200000000002,R,0.0438871473354232,0.05956112852664577,0.21316614420062696,0.47880299251870323,0.2601880877742947,0.07210031347962383,0.32706245094468894,100.90333333333334,14.4,L,0.0,0.0,0.0,0.03,0.06,0.0,0,Busch Stadium,78.1,81.0,2.9,0.0,0.0,0.8543811031934547,0.09384378874285845,966,,,,,,,,0.5,,,PASS
823736,2026-09-11 23:45:00+00:00,CIN,MIL,MIL,CIN,1,668930,Brice Turang,confirmed,2.0,4.65,671096,0.02181818181818182,0.03272727272727273,0.023076923076923078,0.18181818181818182,0.31272727272727274,0.22545454545454546,0.11272727272727273,0.32120213361111105,94.20033333333332,0.014285714285714285,0.014285714285714285,0.010869565217391304,0.17142857142857143,0.21428571428571427,0.22857142857142856,0.15714285714285714,0.30905622000000005,91.64200000000001,L,0.03508771929824561,0.06432748538011696,0.1608187134502924,0.5583524027459954,0.195906432748538,0.10818713450292397,0.33288090842628837,101.49066666666666,15.4,L,3.0,0.0,0.0,0.027906976744186046,0.05581395348837209,0.06976744186046512,1,American Family Field,70.5,60.0,6.9,0.0,0.5,0.8915281076801267,0.09380391800496064,966,,,,,,,,0.5,,,PASS
822767,2026-09-11 23:07:00+00:00,BAL,TOR,BAL,TOR,0,681297,Colton Cowser,confirmed,9.0,3.7,453286,0.046511627906976744,0.06511627906976744,0.05511811023622047,0.20930232558139536,0.26976744186046514,0.30697674418604654,0.10697674418604651,0.32408604055555557,95.85383333333333,0.05263157894736842,0.05263157894736842,0.0375,0.19298245614035087,0.3508771929824561,0.3333333333333333,0.05263157894736842,0.2781642488888888,96.03400000000002,L,0.04779411764705882,0.0661764705882353,0.19852941176470587,0.6172248803827751,0.17647058823529413,0.09926470588235294,0.3347376842174518,98.70642857142856,13.357142857142858,R,0.0,0.0,0.0,0.03,0.06,0.0,0,Rogers Centre,67.2,62.0,4.7,0.0,0.5,0.65,0.09332560441244575,972,,,,,,,,0.5,,,PASS
823659,2026-09-12 00:10:00+00:00,CLE,MIN,MIN,CLE,1,668904,Royce Lewis,confirmed,6.0,4.15,800048,0.028112449799196786,0.06827309236947791,0.05167173252279635,0.20080321285140562,0.22088353413654618,0.2289156626506024,0.07228915662650602,0.31227957861111116,97.99866666666668,0.01639344262295082,0.06557377049180328,0.04395604395604396,0.18032786885245902,0.3114754098360656,0.22950819672131148,0.04918032786885246,0.2794172922222222,97.414,R,0.021739130434782608,0.02717391304347826,0.12228260869565218,0.5177453027139874,0.25815217391304346,0.0625,0.2559131512936156,99.13933333333334,18.333333333333332,L,4.0,0.0,1.0,0.02727272727272727,0.07727272727272727,0.09090909090909091,0,Target Field,79.1,44.0,13.8,0.0,0.0,0.9212457112694644,0.09310824281205883,974,,,,,,,,0.5,,,PASS
824954,2026-09-12 01:40:00+00:00,SEA,ATH,ATH,SEA,1,695720,Tommy White,confirmed,7.0,4.0,669923,0.0125,0.0625,0.04504504504504504,0.15625,0.3,0.16875,0.025,0.29452720416666667,94.797,0.016666666666666666,0.1,0.07142857142857142,0.16666666666666666,0.3,0.18333333333333332,0.016666666666666666,0.3080197611111111,94.80199999999999,R,0.03523035230352303,0.05962059620596206,0.17886178861788618,0.5164410058027079,0.2005420054200542,0.05420054200542006,0.3259068667052196,101.45133333333334,16.6,R,0.0,0.0,0.0,0.03,0.06,0.0,1,Sutter Health Park,79.8,41.0,8.1,0.0,0.0,1.262998152546846,0.09268582223030779,979,,,,,,,,0.5,,,PASS
823498,2026-09-11 23:05:00+00:00,NYM,NYY,NYY,NYM,1,669224,Austin Wells,confirmed,8.0,3.85,690997,0.020512820512820513,0.035897435897435895,0.029914529914529916,0.22564102564102564,0.22564102564102564,0.28205128205128205,0.09743589743589744,0.2682871261111111,94.72766666666668,0.0,0.018867924528301886,0.015873015873015872,0.20754716981132076,0.20754716981132076,0.33962264150943394,0.18867924528301888,0.2692168444444444,94.87466666666667,L,0.01881720430107527,0.03763440860215054,0.1424731182795699,0.46993318485523383,0.260752688172043,0.10215053763440861,0.29302749213078283,100.102,17.466666666666665,R,0.0,0.0,0.0,0.03,0.06,0.0,0,Yankee Stadium,76.0,37.0,2.1,0.0,0.0,1.195458144389261,0.0918719740634777,988,,,,,,,,0.5,,,PASS
824711,2026-09-11 23:10:00+00:00,KC,BOS,BOS,KC,1,680776,Jarren Duran,confirmed,8.0,3.85,607625,0.0326530612244898,0.05714285714285714,0.046822742474916385,0.13877551020408163,0.24489795918367346,0.24489795918367346,0.061224489795918366,0.30597869055555554,96.37333333333335,0.05263157894736842,0.08771929824561403,0.0684931506849315,0.17543859649122806,0.2982456140350877,0.22807017543859648,0.05263157894736842,0.33145471666666665,96.72133333333333,L,0.03133903133903134,0.02849002849002849,0.18518518518518517,0.46153846153846156,0.150997150997151,0.07407407407407407,0.33504074078604085,101.14666666666666,15.466666666666667,R,3.0,0.0,0.0,0.027906976744186046,0.05581395348837209,0.06976744186046512,0,Fenway Park,72.3,33.0,5.6,0.0,0.0,1.163939473915721,0.09134318102402439,995,,,,,,,,0.5,,,PASS
824227,2026-09-11 22:40:00+00:00,COL,DET,COL,DET,0,694249,Cole Carrigg,confirmed,3.0,4.55,664285,0.015209125475285171,0.030418250950570342,0.022727272727272728,0.17110266159695817,0.26996197718631176,0.22053231939163498,0.08745247148288973,0.30842983444444444,94.81716666666667,0.03076923076923077,0.06153846153846154,0.041666666666666664,0.23076923076923078,0.2923076923076923,0.3076923076923077,0.046153846153846156,0.26177745999999996,97.02333333333334,R,0.0215633423180593,0.03773584905660377,0.13746630727762804,0.3051948051948052,0.16172506738544473,0.08355795148247978,0.32372571702709474,102.77666666666666,16.933333333333334,L,0.0,0.0,0.0,0.03,0.06,0.0,0,Comerica Park,72.1,65.0,5.4,0.0,0.0,0.8023752969121141,0.0913239063797665,995,,,,,,,,0.5,,,PASS
823012,2026-09-12 00:15:00+00:00,CWS,STL,CWS,STL,0,686668,Brenton Doyle,confirmed,6.0,4.15,669461,0.0189873417721519,0.04430379746835443,0.037037037037037035,0.10126582278481013,0.12025316455696203,0.310126582278481,0.0759493670886076,0.22531709844961242,92.31119047619048,0.037037037037037035,0.05555555555555555,0.046153846153846156,0.1111111111111111,0.14814814814814814,0.2222222222222222,0.037037037037037035,0.25888015,94.42133333333335,R,0.0438871473354232,0.05956112852664577,0.21316614420062696,0.47880299251870323,0.2601880877742947,0.07210031347962383,0.32706245094468894,100.90333333333334,14.4,L,0.0,0.0,0.0,0.03,0.06,0.0,0,Busch Stadium,78.1,81.0,2.9,0.0,0.0,0.8543811031934547,0.09120909016379491,996,,,,,,,,0.5,,,PASS
823498,2026-09-11 23:05:00+00:00,NYM,NYY,NYY,NYM,1,641857,Ryan McMahon,confirmed,7.0,4.0,690997,0.02830188679245283,0.05188679245283019,0.04247104247104247,0.1650943396226415,0.22169811320754718,0.2830188679245283,0.07547169811320754,0.28667314055555554,95.7105,0.0,0.02,0.017241379310344827,0.16,0.2,0.26,0.12,0.24138173444444444,93.46733333333334,L,0.01881720430107527,0.03763440860215054,0.1424731182795699,0.46993318485523383,0.260752688172043,0.10215053763440861,0.29302749213078283,100.102,17.466666666666665,R,0.0,0.0,0.0,0.03,0.06,0.0,0,Yankee Stadium,76.0,37.0,2.1,0.0,0.0,1.195458144389261,0.09098959066141285,999,,,,,,,,0.5,,,PASS
823498,2026-09-11 23:05:00+00:00,NYM,NYY,NYM,NYY,0,805999,A.J. Ewing,confirmed,8.0,3.85,607074,0.015151515151515152,0.041666666666666664,0.03313253012048193,0.15151515151515152,0.25757575757575757,0.2537878787878788,0.07954545454545454,0.2951162988888889,95.78383333333335,0.015625,0.015625,0.011904761904761904,0.203125,0.265625,0.203125,0.0625,0.3061263,95.57800000000002,L,0.022388059701492536,0.041044776119402986,0.17164179104477612,0.5776566757493188,0.26119402985074625,0.12686567164179105,0.30450127443367914,99.88692307692307,14.615384615384615,L,2.0,0.0,0.0,0.02857142857142857,0.05714285714285714,0.047619047619047616,1,Yankee Stadium,76.0,37.0,2.1,0.0,0.0,1.195458144389261,0.09086927510550896,1000,,,,,,,,0.5,,,PASS
822767,2026-09-11 23:07:00+00:00,BAL,TOR,TOR,BAL,1,665489,Vladimir Guerrero Jr.,confirmed,3.0,4.55,605135,0.01568627450980392,0.054901960784313725,0.042682926829268296,0.13725490196078433,0.21568627450980393,0.1568627450980392,0.06666666666666667,0.32126296416666666,99.66049999999997,0.015873015873015872,0.047619047619047616,0.03488372093023256,0.19047619047619047,0.19047619047619047,0.09523809523809523,0.06349206349206349,0.33411866,103.87200000000001,R,0.025936599423631124,0.037463976945244955,0.15561959654178675,0.4189189189189189,0.14697406340057637,0.09221902017291066,0.35570759984762207,99.80933333333333,14.6,R,3.0,0.0,0.0,0.027906976744186046,0.05581395348837209,0.06976744186046512,1,Rogers Centre,67.2,62.0,4.7,0.0,0.5,0.65,0.09079954319566641,1001,,,,,,,,0.5,,,PASS
824954,2026-09-12 01:40:00+00:00,SEA,ATH,ATH,SEA,1,641680,Jonah Heim,confirmed,9.0,3.7,669923,0.028112449799196786,0.04417670682730924,0.030303030303030304,0.1646586345381526,0.30522088353413657,0.18473895582329317,0.06827309236947791,0.28551877750000004,95.59183333333333,0.03278688524590164,0.03278688524590164,0.019230769230769232,0.16393442622950818,0.3114754098360656,0.18032786885245902,0.04918032786885246,0.23489800555555557,95.81333333333332,L,0.03523035230352303,0.05962059620596206,0.17886178861788618,0.5164410058027079,0.2005420054200542,0.05420054200542006,0.3259068667052196,101.45133333333334,16.6,R,3.0,0.0,0.0,0.027906976744186046,0.05581395348837209,0.06976744186046512,0,Sutter Health Park,79.8,41.0,8.1,0.0,0.0,1.262998152546846,0.08996065807869927,1012,,,,,,,,0.5,,,PASS
824227,2026-09-11 22:40:00+00:00,COL,DET,COL,DET,0,681393,Connor Norby,confirmed,2.0,4.65,664285,0.017167381974248927,0.04291845493562232,0.033112582781456956,0.18454935622317598,0.27467811158798283,0.2875536480686695,0.12446351931330472,0.3056420877777778,92.47749999999999,0.03125,0.0625,0.04040404040404041,0.171875,0.34375,0.25,0.125,0.37555187000000007,93.734,R,0.0215633423180593,0.03773584905660377,0.13746630727762804,0.3051948051948052,0.16172506738544473,0.08355795148247978,0.32372571702709474,102.77666666666666,16.933333333333334,L,0.0,0.0,0.0,0.03,0.06,0.0,0,Comerica Park,72.1,65.0,5.4,0.0,0.0,0.8023752969121141,0.08965512616836321,1015,,,,,,,,0.5,,,PASS
823736,2026-09-11 23:45:00+00:00,CIN,MIL,CIN,MIL,0,680574,Matt McLain,confirmed,8.0,3.85,669160,0.044642857142857144,0.07142857142857142,0.0622568093385214,0.16964285714285715,0.2767857142857143,0.3125,0.09375,0.30093664388888886,91.94266666666667,0.03333333333333333,0.016666666666666666,0.013157894736842105,0.15,0.21666666666666667,0.2833333333333333,0.05,0.18808628,95.77266666666668,R,0.0196078431372549,0.049019607843137254,0.1568627450980392,0.4696969696969697,0.24836601307189543,0.0915032679738562,0.3437150083372658,100.60199999999999,14.066666666666666,R,1.0,0.0,0.0,0.029268292682926828,0.058536585365853655,0.024390243902439025,1,American Family Field,70.5,60.0,6.9,0.0,0.5,0.8915281076801267,0.08929009845732376,1020,,,,,,,,0.5,,,PASS
823659,2026-09-12 00:10:00+00:00,CLE,MIN,MIN,CLE,1,686797,Brooks Lee,confirmed,7.0,4.0,800048,0.03614457831325301,0.0321285140562249,0.020202020202020204,0.24096385542168675,0.24497991967871485,0.1686746987951807,0.04819277108433735,0.27101701000000006,96.38700000000001,0.046153846153846156,0.06153846153846154,0.037037037037037035,0.36923076923076925,0.3076923076923077,0.12307692307692308,0.015384615384615385,0.2979622311111111,98.56866666666666,L,0.021739130434782608,0.02717391304347826,0.12228260869565218,0.5177453027139874,0.25815217391304346,0.0625,0.2559131512936156,99.13933333333334,18.333333333333332,L,3.0,0.0,0.0,0.027906976744186046,0.05581395348837209,0.06976744186046512,1,Target Field,79.1,44.0,13.8,0.0,0.0,0.9212457112694644,0.08872084055154247,1027,,,,,,,,0.5,,,PASS
823659,2026-09-12 00:10:00+00:00,CLE,MIN,MIN,CLE,1,701785,Kaelen Culpepper,confirmed,2.0,4.65,800048,0.02702702702702703,0.02702702702702703,0.0189873417721519,0.1891891891891892,0.23423423423423423,0.1981981981981982,0.05405405405405406,0.30736645238095245,95.6707142857143,0.01639344262295082,0.01639344262295082,0.010309278350515464,0.19672131147540983,0.2786885245901639,0.14754098360655737,0.06557377049180328,0.2726996555555556,95.022,R,0.021739130434782608,0.02717391304347826,0.12228260869565218,0.5177453027139874,0.25815217391304346,0.0625,0.2559131512936156,99.13933333333334,18.333333333333332,L,0.0,0.0,0.0,0.03,0.06,0.0,0,Target Field,79.1,44.0,13.8,0.0,0.0,0.9212457112694644,0.08860176361325463,1029,,,,,,,,0.5,,,PASS
824954,2026-09-12 01:40:00+00:00,SEA,ATH,ATH,SEA,1,622268,Donovan Walton,confirmed,6.0,4.15,669923,0.025510204081632654,0.03571428571428571,0.026119402985074626,0.17857142857142858,0.25510204081632654,0.15816326530612246,0.11224489795918367,0.32539040943396225,92.79981132075473,0.03636363636363636,0.03636363636363636,0.030303030303030304,0.16363636363636364,0.23636363636363636,0.10909090909090909,0.14545454545454545,0.38206324999999997,93.09133333333334,L,0.03523035230352303,0.05962059620596206,0.17886178861788618,0.5164410058027079,0.2005420054200542,0.05420054200542006,0.3259068667052196,101.45133333333334,16.6,R,3.0,0.0,0.0,0.027906976744186046,0.05581395348837209,0.06976744186046512,0,Sutter Health Park,79.8,41.0,8.1,0.0,0.0,1.262998152546846,0.08799805481135349,1036,,,,,,,,0.5,,,PASS
824711,2026-09-11 23:10:00+00:00,KC,BOS,KC,BOS,0,686681,Michael Massey,confirmed,5.0,4.3,543243,0.017094017094017096,0.03418803418803419,0.02416918429003021,0.2264957264957265,0.2863247863247863,0.15384615384615385,0.0641025641025641,0.32624530388888895,96.43133333333334,0.017241379310344827,0.034482758620689655,0.024390243902439025,0.25862068965517243,0.3103448275862069,0.06896551724137931,0.08620689655172414,0.40087223222222224,98.85933333333334,L,0.023746701846965697,0.036939313984168866,0.1503957783641161,0.3963963963963964,0.24010554089709762,0.0633245382585752,0.27402682207078216,100.51466666666667,18.6,R,2.0,0.0,0.0,0.02857142857142857,0.05714285714285714,0.047619047619047616,0,Fenway Park,72.3,33.0,5.6,0.0,0.0,1.163939473915721,0.08757943257016258,1042,,,,,,,,0.5,,,PASS
822684,2026-09-11 22:45:00+00:00,LAA,WSH,LAA,WSH,0,666139,Josh Lowe,confirmed,7.0,4.0,676917,0.03414634146341464,0.05365853658536585,0.03559870550161812,0.14634146341463414,0.2926829268292683,0.2975609756097561,0.09268292682926829,0.3066135597222222,93.8885,0.03636363636363636,0.03636363636363636,0.022222222222222223,0.09090909090909091,0.38181818181818183,0.2727272727272727,0.14545454545454545,0.2984351055555556,90.74000000000001,L,0.03333333333333333,0.03939393939393939,0.1484848484848485,0.47058823529411764,0.3151515151515151,0.06363636363636363,0.2688631296703683,99.63000000000002,16.666666666666668,R,0.0,0.0,0.0,0.03,0.06,0.0,0,Nationals Park,77.3,69.0,3.5,0.0,0.0,1.225851148060174,0.0869378820096312,1050,,,,,,,,0.5,,,PASS
824227,2026-09-11 22:40:00+00:00,COL,DET,COL,DET,0,691720,Kyle Karros,confirmed,5.0,4.3,664285,0.0375,0.07083333333333333,0.053125,0.15416666666666667,0.2875,0.1875,0.10416666666666667,0.3433608163888889,96.48616666666668,0.03333333333333333,0.06666666666666667,0.047619047619047616,0.11666666666666667,0.36666666666666664,0.25,0.05,0.31978994222222223,94.78866666666667,R,0.0215633423180593,0.03773584905660377,0.13746630727762804,0.3051948051948052,0.16172506738544473,0.08355795148247978,0.32372571702709474,102.77666666666666,16.933333333333334,L,0.0,0.0,0.0,0.03,0.06,0.0,0,Comerica Park,72.1,65.0,5.4,0.0,0.0,0.8023752969121141,0.08688736095298435,1051,,,,,,,,0.5,,,PASS
825036,2026-09-12 01:40:00+00:00,TEX,ARI,ARI,TEX,1,545121,Ildemaro Vargas,confirmed,1.0,4.75,669022,0.0040650406504065045,0.016260162601626018,0.011204481792717087,0.13414634146341464,0.23983739837398374,0.1016260162601626,0.06097560975609756,0.2682762180555555,96.62983333333334,0.0,0.0,0.0,0.1,0.2833333333333333,0.11666666666666667,0.03333333333333333,0.2360947333333333,95.49333333333334,R,0.028735632183908046,0.04885057471264368,0.15229885057471265,0.5104602510460251,0.2413793103448276,0.08045977011494253,0.29620167199370523,100.76666666666664,15.866666666666667,L,3.0,1.0,1.0,0.051162790697674425,0.07906976744186046,0.06976744186046512,0,Chase Field,98.6,30.0,6.4,0.0,0.5,1.0,0.08663065017392692,1054,,,,,,,,0.5,,,PASS
824954,2026-09-12 01:40:00+00:00,SEA,ATH,ATH,SEA,1,666126,Carlos Cortes,confirmed,8.0,3.85,669923,0.022123893805309734,0.030973451327433628,0.02356902356902357,0.1504424778761062,0.2831858407079646,0.17256637168141592,0.084070796460177,0.2763664200000001,95.16683333333332,0.038461538461538464,0.038461538461538464,0.0273972602739726,0.15384615384615385,0.19230769230769232,0.21153846153846154,0.038461538461538464,0.2615293722222222,93.22266666666665,L,0.03523035230352303,0.05962059620596206,0.17886178861788618,0.5164410058027079,0.2005420054200542,0.05420054200542006,0.3259068667052196,101.45133333333334,16.6,R,0.0,0.0,0.0,0.03,0.06,0.0,0,Sutter Health Park,79.8,41.0,8.1,0.0,0.0,1.262998152546846,0.08654108299028863,1056,,,,,,,,0.5,,,PASS
823173,2026-09-12 02:15:00+00:00,SD,SF,SF,SD,1,678545,Osleivis Basabe,confirmed,4.0,4.45,592662,0.04310344827586207,0.0603448275862069,0.04929577464788732,0.1206896551724138,0.3017241379310345,0.19827586206896552,0.04310344827586207,0.28059477000000005,95.59266666666669,0.034482758620689655,0.05172413793103448,0.046153846153846156,0.1206896551724138,0.3103448275862069,0.25862068965517243,0.06896551724137931,0.27585350666666664,93.82000000000002,R,0.020114942528735632,0.03735632183908046,0.16379310344827586,0.528604118993135,0.1724137931034483,0.12643678160919541,0.3311489924246125,101.00333333333333,16.0,L,0.0,0.0,0.0,0.03,0.06,0.0,0,Oracle Park,62.2,79.0,16.2,0.0,0.0,0.7742217777222153,0.08595220369041723,1063,,,,,,,,0.5,,,PASS
823498,2026-09-11 23:05:00+00:00,NYM,NYY,NYY,NYM,1,806146,George Lombard Jr.,confirmed,6.0,4.15,690997,0.02702702702702703,0.036036036036036036,0.030303030303030304,0.15315315315315314,0.21621621621621623,0.27927927927927926,0.07207207207207207,0.27358185172413796,93.69000000000001,0.017543859649122806,0.017543859649122806,0.014705882352941176,0.12280701754385964,0.15789473684210525,0.3157894736842105,0.05263157894736842,0.2376513666666666,92.23266666666665,R,0.01881720430107527,0.03763440860215054,0.1424731182795699,0.46993318485523383,0.260752688172043,0.10215053763440861,0.29302749213078283,100.102,17.466666666666665,R,0.0,0.0,0.0,0.03,0.06,0.0,1,Yankee Stadium,76.0,37.0,2.1,0.0,0.0,1.195458144389261,0.085899875683995,1064,,,,,,,,0.5,,,PASS
824873,2026-09-11 23:15:00+00:00,PHI,ATL,PHI,ATL,0,664761,Alec Bohm,confirmed,5.0,4.3,519242,0.023529411764705882,0.058823529411764705,0.04120879120879121,0.20392156862745098,0.3137254901960784,0.15294117647058825,0.07450980392156863,0.35605963305555555,97.70100000000001,0.016666666666666666,0.05,0.037037037037037035,0.16666666666666666,0.26666666666666666,0.23333333333333334,0.11666666666666667,0.3289483855555556,96.89533333333334,R,0.008310249307479225,0.030470914127423823,0.15512465373961218,0.4592274678111588,0.31024930747922436,0.04155124653739612,0.2657349766797526,100.006,17.466666666666665,L,8.0,1.0,2.0,0.04583333333333334,0.09166666666666667,0.16666666666666666,0,Truist Park,75.5,88.0,3.5,0.087,0.0,1.0131001223637803,0.08566066591890106,1067,,,,,,,,0.5,,,PASS
825036,2026-09-12 01:40:00+00:00,TEX,ARI,ARI,TEX,1,666971,Lourdes Gurriel Jr.,confirmed,7.0,4.0,669022,0.010362694300518135,0.03626943005181347,0.026615969581749048,0.15544041450777202,0.19170984455958548,0.18652849740932642,0.05181347150259067,0.2788543659574468,94.6476595744681,0.01639344262295082,0.03278688524590164,0.024390243902439025,0.16393442622950818,0.14754098360655737,0.19672131147540983,0.03278688524590164,0.2563354766666667,95.9,R,0.028735632183908046,0.04885057471264368,0.15229885057471265,0.5104602510460251,0.2413793103448276,0.08045977011494253,0.29620167199370523,100.76666666666664,15.866666666666667,L,3.0,0.0,0.0,0.027906976744186046,0.05581395348837209,0.06976744186046512,0,Chase Field,98.6,30.0,6.4,0.0,0.5,1.0,0.08553163221863734,1069,,,,,,,,0.5,,,PASS
824227,2026-09-11 22:40:00+00:00,COL,DET,DET,COL,1,807726,John Peck,confirmed,7.0,4.0,690279,0.0,0.06896551724137931,0.05405405405405406,0.1724137931034483,0.20689655172413793,0.2413793103448276,0.06896551724137931,0.29696954761904765,93.16714285714285,0.0,0.06896551724137931,0.05405405405405406,0.1724137931034483,0.20689655172413793,0.2413793103448276,0.06896551724137931,0.29696954761904765,93.16714285714285,R,0.06779661016949153,0.0847457627118644,0.288135593220339,0.4875,0.288135593220339,0.1016949152542373,0.3666968047619048,102.51666666666667,13.0,R,0.0,0.0,0.0,0.03,0.06,0.0,1,Comerica Park,72.1,65.0,5.4,0.0,0.0,0.8023752969121141,0.08517157730941434,1074,,,,,,,,0.5,,,PASS
824227,2026-09-11 22:40:00+00:00,COL,DET,COL,DET,0,664983,Jake McCarthy,confirmed,1.0,4.75,664285,0.03296703296703297,0.04395604395604396,0.031331592689295036,0.19047619047619047,0.27472527472527475,0.15018315018315018,0.05128205128205128,0.3300993886111111,94.3765,0.027777777777777776,0.05555555555555555,0.036036036036036036,0.2222222222222222,0.3611111111111111,0.1388888888888889,0.05555555555555555,0.3276265466666667,95.25533333333334,L,0.0215633423180593,0.03773584905660377,0.13746630727762804,0.3051948051948052,0.16172506738544473,0.08355795148247978,0.32372571702709474,102.77666666666666,16.933333333333334,L,0.0,0.0,0.0,0.03,0.06,0.0,1,Comerica Park,72.1,65.0,5.4,0.0,0.0,0.8023752969121141,0.08511984126364656,1075,,,,,,,,0.5,,,PASS
823817,2026-09-11 23:10:00+00:00,LAD,MIA,LAD,MIA,0,690976,Alex Freeland,confirmed,8.0,3.85,687473,0.009259259259259259,0.027777777777777776,0.02586206896551724,0.1388888888888889,0.19907407407407407,0.2824074074074074,0.12037037037037036,0.26571990250000005,93.1433333333333,0.0,0.01818181818181818,0.016666666666666666,0.12727272727272726,0.18181818181818182,0.2727272727272727,0.16363636363636364,0.2740063844444444,92.31266666666666,L,0.0313588850174216,0.0627177700348432,0.1916376306620209,0.4898989898989899,0.18466898954703834,0.07665505226480836,0.32869257526997714,101.40466666666667,12.4,R,0.0,0.0,0.0,0.03,0.06,0.0,0,loanDepot park,80.8,87.0,2.1,0.0,0.5,0.8667634380223453,0.08506785386381177,1076,,,,,,,,0.5,,,PASS
822930,2026-09-11 23:10:00+00:00,HOU,TB,TB,HOU,1,680700,Richie Palacios,confirmed,8.0,3.85,699044,0.0319634703196347,0.0319634703196347,0.02348993288590604,0.1506849315068493,0.2557077625570776,0.1415525114155251,0.1004566210045662,0.2993650194444444,93.58716666666668,0.07017543859649122,0.05263157894736842,0.04,0.14035087719298245,0.17543859649122806,0.10526315789473684,0.05263157894736842,0.24947749333333333,96.092,L,,,,,,,,,,,0.0,0.0,0.0,0.03,0.06,0.0,0,Tropicana Field,83.0,83.0,5.4,0.0,1.0,1.1701306413301662,0.08406641720371588,1090,,,,,,,,0.5,,,PASS
824873,2026-09-11 23:15:00+00:00,PHI,ATL,ATL,PHI,1,669221,Sean Murphy,confirmed,9.0,3.7,605400,0.0375,0.0375,0.03260869565217391,0.1125,0.15,0.3375,0.075,0.24816401439393934,95.09454545454545,0.05454545454545454,0.05454545454545454,0.04477611940298507,0.12727272727272726,0.16363636363636364,0.2727272727272727,0.10909090909090909,0.29154610999999997,94.376,R,0.05367231638418079,0.059322033898305086,0.2231638418079096,0.4719626168224299,0.2570621468926554,0.07909604519774012,0.29299882416203066,101.64066666666668,16.6,R,3.0,0.0,0.0,0.027906976744186046,0.05581395348837209,0.06976744186046512,1,Truist Park,75.5,88.0,3.5,0.087,0.0,1.0131001223637803,0.08341306057879781,1099,,,,,,,,0.5,,,PASS
822767,2026-09-11 23:07:00+00:00,BAL,TOR,TOR,BAL,1,543807,George Springer,confirmed,2.0,4.65,605135,0.03435114503816794,0.04198473282442748,0.03142857142857143,0.13358778625954199,0.20229007633587787,0.183206106870229,0.09541984732824428,0.30600359166666663,96.11166666666665,0.030303030303030304,0.045454545454545456,0.037037037037037035,0.15151515151515152,0.15151515151515152,0.16666666666666666,0.06060606060606061,0.31122099999999997,96.08866666666667,R,0.025936599423631124,0.037463976945244955,0.15561959654178675,0.4189189189189189,0.14697406340057637,0.09221902017291066,0.35570759984762207,99.80933333333333,14.6,R,3.0,0.0,0.0,0.027906976744186046,0.05581395348837209,0.06976744186046512,1,Rogers Centre,67.2,62.0,4.7,0.0,0.5,0.65,0.08335451191842642,1100,,,,,,,,0.5,,,PASS
822767,2026-09-11 23:07:00+00:00,BAL,TOR,BAL,TOR,0,702616,Jackson Holliday,confirmed,3.0,4.55,453286,0.012552301255230125,0.029288702928870293,0.02464788732394366,0.1297071129707113,0.2175732217573222,0.20920502092050208,0.08786610878661087,0.28527842749999993,92.01316666666666,0.014492753623188406,0.043478260869565216,0.03488372093023256,0.17391304347826086,0.2608695652173913,0.2318840579710145,0.0,0.2693966666666667,96.44466666666668,L,0.04779411764705882,0.0661764705882353,0.19852941176470587,0.6172248803827751,0.17647058823529413,0.09926470588235294,0.3347376842174518,98.70642857142856,13.357142857142858,R,0.0,0.0,0.0,0.03,0.06,0.0,0,Rogers Centre,67.2,62.0,4.7,0.0,0.5,0.65,0.08334814579330424,1100,,,,,,,,0.5,,,PASS
823498,2026-09-11 23:05:00+00:00,NYM,NYY,NYM,NYY,0,543760,Marcus Semien,confirmed,6.0,4.15,607074,0.028688524590163935,0.028688524590163935,0.021538461538461538,0.1598360655737705,0.24180327868852458,0.19672131147540983,0.0942622950819672,0.2897661819444444,94.331,0.0,0.03278688524590164,0.024096385542168676,0.14754098360655737,0.29508196721311475,0.09836065573770492,0.11475409836065574,0.31268225111111114,93.83200000000001,R,0.022388059701492536,0.041044776119402986,0.17164179104477612,0.5776566757493188,0.26119402985074625,0.12686567164179105,0.30450127443367914,99.88692307692307,14.615384615384615,L,2.0,0.0,0.0,0.02857142857142857,0.05714285714285714,0.047619047619047616,0,Yankee Stadium,76.0,37.0,2.1,0.0,0.0,1.195458144389261,0.08332009241934941,1100,,,,,,,,0.5,,,PASS
823659,2026-09-12 00:10:00+00:00,CLE,MIN,CLE,MIN,0,663993,Nathaniel Lowe,confirmed,6.0,4.15,671737,0.029045643153526972,0.03734439834024896,0.026239067055393587,0.15767634854771784,0.2863070539419087,0.23651452282157676,0.08298755186721991,0.3029037319444444,94.96566666666669,0.029850746268656716,0.04477611940298507,0.03529411764705882,0.13432835820895522,0.29850746268656714,0.208955223880597,0.1044776119402985,0.34150767777777774,95.57866666666669,L,0.03296703296703297,0.04945054945054945,0.18681318681318682,0.5462184873949579,0.2857142857142857,0.1043956043956044,0.2861092940946405,101.32066666666665,17.533333333333335,R,3.0,0.0,0.0,0.027906976744186046,0.05581395348837209,0.06976744186046512,0,Target Field,79.1,44.0,13.8,0.0,0.0,0.9212457112694644,0.08331174090595135,1100,,,,,,,,0.5,,,PASS
823659,2026-09-12 00:10:00+00:00,CLE,MIN,CLE,MIN,0,683953,Travis Bazzana,confirmed,5.0,4.3,671737,0.01195219123505976,0.02390438247011952,0.018575851393188854,0.1553784860557769,0.2350597609561753,0.22709163346613545,0.099601593625498,0.2795599361111111,94.27800000000002,0.017241379310344827,0.017241379310344827,0.0136986301369863,0.15517241379310345,0.22413793103448276,0.1206896551724138,0.08620689655172414,0.32647917666666665,93.62066666666666,L,0.03296703296703297,0.04945054945054945,0.18681318681318682,0.5462184873949579,0.2857142857142857,0.1043956043956044,0.2861092940946405,101.32066666666665,17.533333333333335,R,6.0,0.0,0.0,0.02608695652173913,0.05217391304347826,0.13043478260869565,0,Target Field,79.1,44.0,13.8,0.0,0.0,0.9212457112694644,0.08298331541746624,1105,,,,,,,,0.5,,,PASS
823498,2026-09-11 23:05:00+00:00,NYM,NYY,NYM,NYY,0,666624,Christopher Morel,confirmed,7.0,4.0,607074,0.0,0.011764705882352941,0.010638297872340425,0.10588235294117647,0.15294117647058825,0.3411764705882353,0.07058823529411765,0.21762189666666665,92.2868,0.0,0.020833333333333332,0.018867924528301886,0.10416666666666667,0.14583333333333334,0.3333333333333333,0.08333333333333333,0.21766401111111108,90.93866666666668,R,0.022388059701492536,0.041044776119402986,0.17164179104477612,0.5776566757493188,0.26119402985074625,0.12686567164179105,0.30450127443367914,99.88692307692307,14.615384615384615,L,0.0,0.0,0.0,0.03,0.06,0.0,0,Yankee Stadium,76.0,37.0,2.1,0.0,0.0,1.195458144389261,0.08272778920123393,1109,,,,,,,,0.5,,,PASS
823012,2026-09-12 00:15:00+00:00,CWS,STL,CWS,STL,0,700337,Edgar Quero,confirmed,5.0,4.3,669461,0.015463917525773196,0.020618556701030927,0.014545454545454545,0.11855670103092783,0.31443298969072164,0.1958762886597938,0.07731958762886598,0.2752181142857143,95.52979591836733,0.017241379310344827,0.034482758620689655,0.020202020202020204,0.1724137931034483,0.3620689655172414,0.10344827586206896,0.06896551724137931,0.3226717833333333,97.13866666666667,R,0.0438871473354232,0.05956112852664577,0.21316614420062696,0.47880299251870323,0.2601880877742947,0.07210031347962383,0.32706245094468894,100.90333333333334,14.4,L,0.0,0.0,0.0,0.03,0.06,0.0,0,Busch Stadium,78.1,81.0,2.9,0.0,0.0,0.8543811031934547,0.08249291669644317,1112,,,,,,,,0.5,,,PASS
822767,2026-09-11 23:07:00+00:00,BAL,TOR,TOR,BAL,1,672386,Alejandro Kirk,confirmed,4.0,4.45,605135,0.03501945525291829,0.0311284046692607,0.024024024024024024,0.14785992217898833,0.22568093385214008,0.1245136186770428,0.09727626459143969,0.3128140322222223,97.44366666666666,0.03076923076923077,0.03076923076923077,0.024390243902439025,0.18461538461538463,0.27692307692307694,0.15384615384615385,0.07692307692307693,0.292282,99.52133333333335,R,0.025936599423631124,0.037463976945244955,0.15561959654178675,0.4189189189189189,0.14697406340057637,0.09221902017291066,0.35570759984762207,99.80933333333333,14.6,R,0.0,0.0,0.0,0.03,0.06,0.0,1,Rogers Centre,67.2,62.0,4.7,0.0,0.5,0.65,0.08235829693411574,1114,,,,,,,,0.5,,,PASS
823736,2026-09-11 23:45:00+00:00,CIN,MIL,MIL,CIN,1,687401,Joey Ortiz,confirmed,9.0,3.7,671096,0.03139013452914798,0.03587443946188341,0.026755852842809364,0.18385650224215247,0.22869955156950672,0.18834080717488788,0.06278026905829596,0.2920321486111111,97.50372881355932,0.017543859649122806,0.017543859649122806,0.012987012987012988,0.17543859649122806,0.17543859649122806,0.19298245614035087,0.05263157894736842,0.2626895322222222,96.86066666666666,R,0.03508771929824561,0.06432748538011696,0.1608187134502924,0.5583524027459954,0.195906432748538,0.10818713450292397,0.33288090842628837,101.49066666666666,15.4,L,4.0,0.0,0.0,0.02727272727272727,0.05454545454545454,0.09090909090909091,0,American Family Field,70.5,60.0,6.9,0.0,0.5,0.8915281076801267,0.08228675857663548,1115,,,,,,,,0.5,,,PASS
823817,2026-09-11 23:10:00+00:00,LAD,MIA,MIA,LAD,1,691858,Jared Serna,confirmed,8.0,3.85,605483,0.0,0.1111111111111111,0.07692307692307693,0.2222222222222222,0.1111111111111111,0.1111111111111111,0.1111111111111111,0.3689021111111111,99.19000000000001,0.0,0.1111111111111111,0.07692307692307693,0.2222222222222222,0.1111111111111111,0.1111111111111111,0.1111111111111111,0.3689021111111111,99.19000000000001,R,0.0,0.007575757575757576,0.03787878787878788,0.51875,0.32575757575757575,0.10606060606060606,0.23319664777302007,93.68166666666667,16.0,L,0.0,0.0,0.0,0.03,0.06,0.0,0,loanDepot park,80.8,87.0,2.1,0.0,0.5,0.8667634380223453,0.08221240198069392,1116,,,,,,,,0.5,,,PASS
823736,2026-09-11 23:45:00+00:00,CIN,MIL,MIL,CIN,1,669003,Garrett Mitchell,confirmed,8.0,3.85,671096,0.016736401673640166,0.058577405857740586,0.053231939163498096,0.16317991631799164,0.19665271966527198,0.29707112970711297,0.09205020920502092,0.3548097783333333,98.89833333333334,0.019230769230769232,0.038461538461538464,0.03389830508474576,0.17307692307692307,0.1346153846153846,0.3269230769230769,0.038461538461538464,0.3925122266666667,99.79866666666666,L,0.03508771929824561,0.06432748538011696,0.1608187134502924,0.5583524027459954,0.195906432748538,0.10818713450292397,0.33288090842628837,101.49066666666666,15.4,L,5.0,0.0,1.0,0.026666666666666665,0.07555555555555556,0.1111111111111111,1,American Family Field,70.5,60.0,6.9,0.0,0.5,0.8915281076801267,0.08211387569034333,1118,,,,,,,,0.5,,,PASS
822930,2026-09-11 23:10:00+00:00,HOU,TB,TB,HOU,1,622761,Jorge Mateo,confirmed,9.0,3.7,699044,0.022857142857142857,0.045714285714285714,0.03375527426160337,0.16,0.26285714285714284,0.26285714285714284,0.05714285714285714,0.2788759256410257,92.57538461538462,0.01818181818181818,0.01818181818181818,0.013888888888888888,0.10909090909090909,0.18181818181818182,0.23636363636363636,0.05454545454545454,0.23396780444444445,89.83066666666667,R,,,,,,,,,,,0.0,0.0,0.0,0.03,0.06,0.0,0,Tropicana Field,83.0,83.0,5.4,0.0,1.0,1.1701306413301662,0.08203837275375017,1119,,,,,,,,0.5,,,PASS
823736,2026-09-11 23:45:00+00:00,CIN,MIL,CIN,MIL,0,699115,Carlos Jorge,confirmed,7.0,4.0,669160,0.0,0.08333333333333333,0.05555555555555555,0.08333333333333333,0.16666666666666666,0.3333333333333333,0.0,0.25175000000000003,94.38999999999999,0.0,0.08333333333333333,0.05555555555555555,0.08333333333333333,0.16666666666666666,0.3333333333333333,0.0,0.25175000000000003,94.38999999999999,L,0.0196078431372549,0.049019607843137254,0.1568627450980392,0.4696969696969697,0.24836601307189543,0.0915032679738562,0.3437150083372658,100.60199999999999,14.066666666666666,R,1.0,0.0,0.0,0.029268292682926828,0.058536585365853655,0.024390243902439025,0,American Family Field,70.5,60.0,6.9,0.0,0.5,0.8915281076801267,0.08127415284570964,1130,,,,,,,,0.5,,,PASS
823736,2026-09-11 23:45:00+00:00,CIN,MIL,CIN,MIL,0,663647,Ke'Bryan Hayes,confirmed,9.0,3.7,669160,0.025252525252525252,0.06060606060606061,0.05333333333333334,0.17676767676767677,0.21717171717171718,0.21717171717171718,0.05555555555555555,0.28950637999999995,96.19033333333336,0.022727272727272728,0.045454545454545456,0.03125,0.18181818181818182,0.22727272727272727,0.22727272727272727,0.09090909090909091,0.2863744888888889,94.62266666666667,R,0.0196078431372549,0.049019607843137254,0.1568627450980392,0.4696969696969697,0.24836601307189543,0.0915032679738562,0.3437150083372658,100.60199999999999,14.066666666666666,R,0.0,0.0,0.0,0.03,0.06,0.0,1,American Family Field,70.5,60.0,6.9,0.0,0.5,0.8915281076801267,0.08091225409393908,1136,,,,,,,,0.5,,,PASS
823173,2026-09-12 02:15:00+00:00,SD,SF,SD,SF,0,630105,Jake Cronenworth,confirmed,2.0,4.65,683627,0.01606425702811245,0.012048192771084338,0.008620689655172414,0.14859437751004015,0.23293172690763053,0.24096385542168675,0.07630522088353414,0.25081640694444446,93.29016666666666,0.016129032258064516,0.0,0.0,0.14516129032258066,0.20967741935483872,0.2903225806451613,0.06451612903225806,0.19716011111111112,91.98066666666666,L,0.05128205128205128,0.05128205128205128,0.15384615384615385,0.6129032258064516,0.3076923076923077,0.02564102564102564,0.2525070912698413,97.44999999999999,15.0,R,0.0,0.0,0.0,0.03,0.06,0.0,0,Oracle Park,62.2,79.0,16.2,0.0,0.0,0.7742217777222153,0.08091130339002564,1136,,,,,,,,0.5,,,PASS
823659,2026-09-12 00:10:00+00:00,CLE,MIN,CLE,MIN,0,682657,Angel Martínez,confirmed,7.0,4.0,671737,0.03614457831325301,0.04417670682730924,0.03343465045592705,0.15261044176706828,0.25301204819277107,0.24096385542168675,0.03614457831325301,0.2827759602777778,94.55750000000003,0.03278688524590164,0.01639344262295082,0.011764705882352941,0.16393442622950818,0.26229508196721313,0.21311475409836064,0.06557377049180328,0.2874692944444444,95.20533333333333,L,0.03296703296703297,0.04945054945054945,0.18681318681318682,0.5462184873949579,0.2857142857142857,0.1043956043956044,0.2861092940946405,101.32066666666665,17.533333333333335,R,0.0,0.0,0.0,0.03,0.06,0.0,0,Target Field,79.1,44.0,13.8,0.0,0.0,0.9212457112694644,0.08081407176401108,1137,,,,,,,,0.5,,,PASS
824873,2026-09-11 23:15:00+00:00,PHI,ATL,PHI,ATL,0,592663,J.T. Realmuto,confirmed,8.0,3.85,519242,0.02531645569620253,0.0379746835443038,0.028846153846153848,0.1729957805907173,0.22784810126582278,0.22784810126582278,0.0759493670886076,0.31005829250000005,97.11083333333335,0.03508771929824561,0.07017543859649122,0.05194805194805195,0.19298245614035087,0.3508771929824561,0.21052631578947367,0.08771929824561403,0.31283712222222226,94.88266666666667,R,0.008310249307479225,0.030470914127423823,0.15512465373961218,0.4592274678111588,0.31024930747922436,0.04155124653739612,0.2657349766797526,100.006,17.466666666666665,L,4.0,0.0,0.0,0.02727272727272727,0.05454545454545454,0.09090909090909091,0,Truist Park,75.5,88.0,3.5,0.087,0.0,1.0131001223637803,0.08048605545530668,1142,,,,,,,,0.5,,,PASS
823173,2026-09-12 02:15:00+00:00,SD,SF,SD,SF,0,593428,Xander Bogaerts,confirmed,6.0,4.15,683627,0.0125,0.0375,0.03345724907063197,0.1375,0.1625,0.16666666666666666,0.14583333333333334,0.32195534138888887,98.134,0.0,0.016666666666666666,0.014492753623188406,0.18333333333333332,0.18333333333333332,0.13333333333333333,0.16666666666666666,0.3234384555555555,98.14,R,0.05128205128205128,0.05128205128205128,0.15384615384615385,0.6129032258064516,0.3076923076923077,0.02564102564102564,0.2525070912698413,97.44999999999999,15.0,R,0.0,0.0,0.0,0.03,0.06,0.0,1,Oracle Park,62.2,79.0,16.2,0.0,0.0,0.7742217777222153,0.08025375790177765,1146,,,,,,,,0.5,,,PASS
822684,2026-09-11 22:45:00+00:00,LAA,WSH,LAA,WSH,0,685133,Wade Meckler,confirmed,3.0,4.55,676917,0.008403361344537815,0.01680672268907563,0.014814814814814815,0.1134453781512605,0.19327731092436976,0.19747899159663865,0.10504201680672269,0.30209451888888883,93.0806779661017,0.0,0.01639344262295082,0.014705882352941176,0.13114754098360656,0.13114754098360656,0.09836065573770492,0.13114754098360656,0.32774901333333334,93.96533333333333,L,0.03333333333333333,0.03939393939393939,0.1484848484848485,0.47058823529411764,0.3151515151515151,0.06363636363636363,0.2688631296703683,99.63000000000002,16.666666666666668,R,0.0,0.0,0.0,0.03,0.06,0.0,0,Nationals Park,77.3,69.0,3.5,0.0,0.0,1.225851148060174,0.07973872382068174,1154,,,,,,,,0.5,,,PASS
822684,2026-09-11 22:45:00+00:00,LAA,WSH,LAA,WSH,0,694203,Denzer Guzman,confirmed,8.0,3.85,676917,0.025423728813559324,0.038135593220338986,0.02922077922077922,0.11864406779661017,0.2627118644067797,0.2542372881355932,0.05084745762711865,0.27289224717514127,94.15847457627117,0.017543859649122806,0.05263157894736842,0.04285714285714286,0.10526315789473684,0.19298245614035087,0.3157894736842105,0.03508771929824561,0.24373684444444443,93.76199999999999,R,0.03333333333333333,0.03939393939393939,0.1484848484848485,0.47058823529411764,0.3151515151515151,0.06363636363636363,0.2688631296703683,99.63000000000002,16.666666666666668,R,0.0,0.0,0.0,0.03,0.06,0.0,1,Nationals Park,77.3,69.0,3.5,0.0,0.0,1.225851148060174,0.07821758101116083,1178,,,,,,,,0.5,,,PASS
823736,2026-09-11 23:45:00+00:00,CIN,MIL,MIL,CIN,1,800325,Luis Lara,confirmed,6.0,4.15,671096,0.006535947712418301,0.032679738562091505,0.024630541871921183,0.13725490196078433,0.26143790849673204,0.21568627450980393,0.09803921568627451,0.30168917972972975,94.73432432432433,0.014925373134328358,0.029850746268656716,0.020618556701030927,0.13432835820895522,0.23880597014925373,0.23880597014925373,0.07462686567164178,0.29489546666666666,95.56133333333332,R,0.03508771929824561,0.06432748538011696,0.1608187134502924,0.5583524027459954,0.195906432748538,0.10818713450292397,0.33288090842628837,101.49066666666666,15.4,L,2.0,0.0,0.0,0.02857142857142857,0.05714285714285714,0.047619047619047616,0,American Family Field,70.5,60.0,6.9,0.0,0.5,0.8915281076801267,0.07778679167254489,1186,,,,,,,,0.5,,,PASS
824227,2026-09-11 22:40:00+00:00,COL,DET,COL,DET,0,691182,Adael Amador,confirmed,6.0,4.15,664285,0.07692307692307693,0.07692307692307693,0.05,0.1282051282051282,0.358974358974359,0.1282051282051282,0.10256410256410256,0.2955142416666667,95.42699999999999,0.07692307692307693,0.07692307692307693,0.05,0.1282051282051282,0.358974358974359,0.1282051282051282,0.10256410256410256,0.2955142416666667,95.42699999999999,R,0.0215633423180593,0.03773584905660377,0.13746630727762804,0.3051948051948052,0.16172506738544473,0.08355795148247978,0.32372571702709474,102.77666666666666,16.933333333333334,L,0.0,0.0,0.0,0.03,0.06,0.0,0,Comerica Park,72.1,65.0,5.4,0.0,0.0,0.8023752969121141,0.07754526214223384,1190,,,,,,,,0.5,,,PASS
822930,2026-09-11 23:10:00+00:00,HOU,TB,TB,HOU,1,689414,Liam Hicks,confirmed,4.0,4.45,699044,0.023166023166023165,0.02702702702702703,0.021604938271604937,0.10038610038610038,0.1776061776061776,0.09266409266409266,0.09652509652509653,0.3195807336111111,93.242,0.03571428571428571,0.03571428571428571,0.0273972602739726,0.14285714285714285,0.17857142857142858,0.08928571428571429,0.05357142857142857,0.3423091166666666,93.85666666666665,L,,,,,,,,,,,0.0,0.0,0.0,0.03,0.06,0.0,0,Tropicana Field,83.0,83.0,5.4,0.0,1.0,1.1701306413301662,0.07704071781984465,1198,,,,,,,,0.5,,,PASS
822767,2026-09-11 23:07:00+00:00,BAL,TOR,BAL,TOR,0,683002,Gunnar Henderson,confirmed,5.0,4.3,453286,0.022813688212927757,0.034220532319391636,0.026392961876832845,0.13307984790874525,0.23193916349809887,0.18631178707224336,0.11787072243346007,0.3281158655555556,95.73049999999999,0.03125,0.03125,0.023809523809523808,0.078125,0.21875,0.171875,0.109375,0.2709414311111111,92.66266666666664,L,0.04779411764705882,0.0661764705882353,0.19852941176470587,0.6172248803827751,0.17647058823529413,0.09926470588235294,0.3347376842174518,98.70642857142856,13.357142857142858,R,0.0,0.0,0.0,0.03,0.06,0.0,0,Rogers Centre,67.2,62.0,4.7,0.0,0.5,0.65,0.07680616139134061,1202,,,,,,,,0.5,,,PASS
823659,2026-09-12 00:10:00+00:00,CLE,MIN,MIN,CLE,1,807712,Luke Keaschall,confirmed,1.0,4.75,800048,0.028,0.028,0.02287581699346405,0.144,0.264,0.132,0.096,0.33808542611111114,94.8086440677966,0.014492753623188406,0.028985507246376812,0.019801980198019802,0.14492753623188406,0.2608695652173913,0.10144927536231885,0.08695652173913043,0.32603490555555553,95.81999999999998,R,0.021739130434782608,0.02717391304347826,0.12228260869565218,0.5177453027139874,0.25815217391304346,0.0625,0.2559131512936156,99.13933333333334,18.333333333333332,L,5.0,0.0,0.0,0.026666666666666665,0.05333333333333333,0.1111111111111111,0,Target Field,79.1,44.0,13.8,0.0,0.0,0.9212457112694644,0.07552607355227865,1224,,,,,,,,0.5,,,PASS
823498,2026-09-11 23:05:00+00:00,NYM,NYY,NYY,NYM,1,683011,Anthony Volpe,confirmed,9.0,3.7,690997,0.0106951871657754,0.03208556149732621,0.02564102564102564,0.1711229946524064,0.22994652406417113,0.22994652406417113,0.10160427807486631,0.2806048238095238,94.67367346938774,0.018867924528301886,0.03773584905660377,0.03076923076923077,0.18867924528301888,0.18867924528301888,0.24528301886792453,0.05660377358490566,0.27203169444444447,95.38666666666668,R,0.01881720430107527,0.03763440860215054,0.1424731182795699,0.46993318485523383,0.260752688172043,0.10215053763440861,0.29302749213078283,100.102,17.466666666666665,R,0.0,0.0,0.0,0.03,0.06,0.0,1,Yankee Stadium,76.0,37.0,2.1,0.0,0.0,1.195458144389261,0.07512509744220797,1231,,,,,,,,0.5,,,PASS
823498,2026-09-11 23:05:00+00:00,NYM,NYY,NYM,NYY,0,701807,Carson Benge,confirmed,5.0,4.3,607074,0.027237354085603113,0.03501945525291829,0.025495750708215296,0.12840466926070038,0.2801556420233463,0.22568093385214008,0.08171206225680934,0.32041153138888884,95.08666666666669,0.0,0.015151515151515152,0.012345679012345678,0.06060606060606061,0.24242424242424243,0.2727272727272727,0.10606060606060606,0.2653493055555556,91.05466666666666,L,0.022388059701492536,0.041044776119402986,0.17164179104477612,0.5776566757493188,0.26119402985074625,0.12686567164179105,0.30450127443367914,99.88692307692307,14.615384615384615,L,2.0,0.0,1.0,0.02857142857142857,0.08095238095238096,0.047619047619047616,1,Yankee Stadium,76.0,37.0,2.1,0.0,0.0,1.195458144389261,0.07510082647817841,1232,,,,,,,,0.5,,,PASS
823817,2026-09-11 23:10:00+00:00,LAD,MIA,MIA,LAD,1,682663,Agustín Ramírez,confirmed,5.0,4.3,605483,0.015151515151515152,0.025252525252525252,0.019230769230769232,0.12626262626262627,0.2222222222222222,0.2222222222222222,0.10606060606060606,0.2699031878472222,97.71750000000002,0.01694915254237288,0.01694915254237288,0.011764705882352941,0.11864406779661017,0.1694915254237288,0.22033898305084745,0.1016949152542373,0.24109046444444446,96.43133333333334,R,0.0,0.007575757575757576,0.03787878787878788,0.51875,0.32575757575757575,0.10606060606060606,0.23319664777302007,93.68166666666667,16.0,L,0.0,0.0,0.0,0.03,0.06,0.0,0,loanDepot park,80.8,87.0,2.1,0.0,0.5,0.8667634380223453,0.0750102593254308,1233,,,,,,,,0.5,,,PASS
824227,2026-09-11 22:40:00+00:00,COL,DET,DET,COL,1,703601,Max Clark,confirmed,6.0,4.15,690279,0.014285714285714285,0.007142857142857143,0.00510204081632653,0.16428571428571428,0.2857142857142857,0.22857142857142856,0.07857142857142857,0.3020687680952381,94.78514285714289,0.01818181818181818,0.0,0.0,0.14545454545454545,0.2545454545454545,0.2545454545454545,0.09090909090909091,0.30798428888888885,94.97800000000001,L,0.06779661016949153,0.0847457627118644,0.288135593220339,0.4875,0.288135593220339,0.1016949152542373,0.3666968047619048,102.51666666666667,13.0,R,0.0,0.0,0.0,0.03,0.06,0.0,0,Comerica Park,72.1,65.0,5.4,0.0,0.0,0.8023752969121141,0.07454187733654266,1242,,,,,,,,0.5,,,PASS
824873,2026-09-11 23:15:00+00:00,PHI,ATL,PHI,ATL,0,624641,Edmundo Sosa,confirmed,6.0,4.15,519242,0.023809523809523808,0.047619047619047616,0.03205128205128205,0.18095238095238095,0.24761904761904763,0.20476190476190476,0.02857142857142857,0.3252129488505747,95.28637931034483,0.017241379310344827,0.034482758620689655,0.02631578947368421,0.13793103448275862,0.1896551724137931,0.22413793103448276,0.034482758620689655,0.29160486999999996,95.96333333333334,R,0.008310249307479225,0.030470914127423823,0.15512465373961218,0.4592274678111588,0.31024930747922436,0.04155124653739612,0.2657349766797526,100.006,17.466666666666665,L,8.0,0.0,1.0,0.024999999999999998,0.07083333333333333,0.16666666666666666,0,Truist Park,75.5,88.0,3.5,0.087,0.0,1.0131001223637803,0.07401361910734061,1251,,,,,,,,0.5,,,PASS
823817,2026-09-11 23:10:00+00:00,LAD,MIA,MIA,LAD,1,672640,Otto Lopez,confirmed,2.0,4.65,605483,0.014814814814814815,0.044444444444444446,0.03508771929824561,0.15925925925925927,0.1962962962962963,0.1111111111111111,0.06296296296296296,0.3052488575,96.81316666666666,0.015151515151515152,0.045454545454545456,0.0375,0.15151515151515152,0.19696969696969696,0.16666666666666666,0.045454545454545456,0.32768968,97.10866666666668,R,0.0,0.007575757575757576,0.03787878787878788,0.51875,0.32575757575757575,0.10606060606060606,0.23319664777302007,93.68166666666667,16.0,L,0.0,0.0,0.0,0.03,0.06,0.0,0,loanDepot park,80.8,87.0,2.1,0.0,0.5,0.8667634380223453,0.07272826117930906,1275,,,,,,,,0.5,,,PASS
823817,2026-09-11 23:10:00+00:00,LAD,MIA,MIA,LAD,1,665052,Griffin Conine,confirmed,9.0,3.7,605483,0.04721030042918455,0.07296137339055794,0.06563706563706563,0.18025751072961374,0.22317596566523606,0.30042918454935624,0.11587982832618025,0.33904016249999996,96.79866666666666,0.029850746268656716,0.05970149253731343,0.05405405405405406,0.16417910447761194,0.16417910447761194,0.29850746268656714,0.11940298507462686,0.29575904333333336,97.18199999999999,L,0.0,0.007575757575757576,0.03787878787878788,0.51875,0.32575757575757575,0.10606060606060606,0.23319664777302007,93.68166666666667,16.0,L,0.0,0.0,0.0,0.03,0.06,0.0,1,loanDepot park,80.8,87.0,2.1,0.0,0.5,0.8667634380223453,0.07249335118423707,1279,,,,,,,,0.5,,,PASS
823659,2026-09-12 00:10:00+00:00,CLE,MIN,MIN,CLE,1,805805,Walker Jenkins,confirmed,9.0,3.7,800048,0.024390243902439025,0.024390243902439025,0.02127659574468085,0.17073170731707318,0.17073170731707318,0.2682926829268293,0.14634146341463414,0.2620740106060606,93.53545454545456,0.024390243902439025,0.024390243902439025,0.02127659574468085,0.17073170731707318,0.17073170731707318,0.2682926829268293,0.14634146341463414,0.2620740106060606,93.53545454545456,L,0.021739130434782608,0.02717391304347826,0.12228260869565218,0.5177453027139874,0.25815217391304346,0.0625,0.2559131512936156,99.13933333333334,18.333333333333332,L,0.0,0.0,0.0,0.03,0.06,0.0,1,Target Field,79.1,44.0,13.8,0.0,0.0,0.9212457112694644,0.07223537568573907,1284,,,,,,,,0.5,,,PASS
825036,2026-09-12 01:40:00+00:00,TEX,ARI,ARI,TEX,1,691783,Jordan Lawlar,confirmed,8.0,3.85,669022,0.0425531914893617,0.031914893617021274,0.02631578947368421,0.0851063829787234,0.22340425531914893,0.2872340425531915,0.031914893617021274,0.2926772211538462,93.22000000000001,0.05555555555555555,0.037037037037037035,0.031746031746031744,0.09259259259259259,0.2037037037037037,0.3333333333333333,0.0,0.24963951666666664,91.696,R,0.028735632183908046,0.04885057471264368,0.15229885057471265,0.5104602510460251,0.2413793103448276,0.08045977011494253,0.29620167199370523,100.76666666666664,15.866666666666667,L,0.0,0.0,0.0,0.03,0.06,0.0,0,Chase Field,98.6,30.0,6.4,0.0,0.5,1.0,0.07196660628676425,1290,,,,,,,,0.5,,,PASS
822767,2026-09-11 23:07:00+00:00,BAL,TOR,TOR,BAL,1,669701,Josh Smith,confirmed,7.0,4.0,605135,0.02247191011235955,0.03932584269662921,0.029787234042553193,0.15730337078651685,0.2247191011235955,0.21910112359550563,0.11235955056179775,0.2704668024822695,92.31106382978724,0.07692307692307693,0.038461538461538464,0.03278688524590164,0.09615384615384616,0.17307692307692307,0.28846153846153844,0.1346153846153846,0.26152494555555555,87.55733333333333,L,0.025936599423631124,0.037463976945244955,0.15561959654178675,0.4189189189189189,0.14697406340057637,0.09221902017291066,0.35570759984762207,99.80933333333333,14.6,R,3.0,0.0,0.0,0.027906976744186046,0.05581395348837209,0.06976744186046512,0,Rogers Centre,67.2,62.0,4.7,0.0,0.5,0.65,0.07177311249763144,1293,,,,,,,,0.5,,,PASS
823012,2026-09-12 00:15:00+00:00,CWS,STL,STL,CWS,1,691026,Masyn Winn,confirmed,8.0,3.85,641743,0.012345679012345678,0.02880658436213992,0.02422145328719723,0.1111111111111111,0.25102880658436216,0.20987654320987653,0.09053497942386832,0.2960666225,96.09516666666666,0.016129032258064516,0.04838709677419355,0.04411764705882353,0.0967741935483871,0.24193548387096775,0.27419354838709675,0.06451612903225806,0.3072296844444445,96.03666666666668,R,0.03003003003003003,0.05105105105105105,0.1831831831831832,0.43507972665148065,0.1891891891891892,0.06906906906906907,0.3147078343022136,101.37866666666667,14.866666666666667,L,0.0,0.0,0.0,0.03,0.06,0.0,0,Busch Stadium,78.1,81.0,2.9,0.0,0.0,0.8543811031934547,0.07171400479587484,1294,,,,,,,,0.5,,,PASS
825036,2026-09-12 01:40:00+00:00,TEX,ARI,ARI,TEX,1,672695,Geraldo Perdomo,confirmed,4.0,4.45,669022,0.015037593984962405,0.015037593984962405,0.010723860589812333,0.14285714285714285,0.2894736842105263,0.12030075187969924,0.12030075187969924,0.31458025984126986,94.69783333333332,0.0,0.0,0.0,0.14754098360655737,0.36065573770491804,0.09836065573770492,0.13114754098360656,0.3638923277777778,94.96266666666666,R,0.028735632183908046,0.04885057471264368,0.15229885057471265,0.5104602510460251,0.2413793103448276,0.08045977011494253,0.29620167199370523,100.76666666666664,15.866666666666667,L,3.0,0.0,0.0,0.027906976744186046,0.05581395348837209,0.06976744186046512,0,Chase Field,98.6,30.0,6.4,0.0,0.5,1.0,0.07096914458869552,1309,,,,,,,,0.5,,,PASS
823012,2026-09-12 00:15:00+00:00,CWS,STL,CWS,STL,0,695731,Braden Montgomery,confirmed,7.0,4.0,669461,0.016,0.024,0.01935483870967742,0.136,0.224,0.184,0.124,0.3355196286111111,95.15083333333334,0.01639344262295082,0.03278688524590164,0.024096385542168676,0.14754098360655737,0.18032786885245902,0.08196721311475409,0.13114754098360656,0.39776798888888887,93.78866666666666,L,0.0438871473354232,0.05956112852664577,0.21316614420062696,0.47880299251870323,0.2601880877742947,0.07210031347962383,0.32706245094468894,100.90333333333334,14.4,L,0.0,0.0,0.0,0.03,0.06,0.0,1,Busch Stadium,78.1,81.0,2.9,0.0,0.0,0.8543811031934547,0.0708605325327709,1311,,,,,,,,0.5,,,PASS
823817,2026-09-11 23:10:00+00:00,LAD,MIA,MIA,LAD,1,805300,Jakob Marsee,confirmed,3.0,4.55,605483,0.023715415019762844,0.02766798418972332,0.023333333333333334,0.1541501976284585,0.2608695652173913,0.16205533596837945,0.11857707509881422,0.3203054269444444,94.63599999999998,0.029850746268656716,0.029850746268656716,0.02564102564102564,0.208955223880597,0.31343283582089554,0.14925373134328357,0.11940298507462686,0.37462961000000006,96.46266666666666,L,0.0,0.007575757575757576,0.03787878787878788,0.51875,0.32575757575757575,0.10606060606060606,0.23319664777302007,93.68166666666667,16.0,L,0.0,0.0,0.0,0.03,0.06,0.0,1,loanDepot park,80.8,87.0,2.1,0.0,0.5,0.8667634380223453,0.07053017943526267,1318,,,,,,,,0.5,,,PASS
823659,2026-09-12 00:10:00+00:00,CLE,MIN,CLE,MIN,0,677587,Brayan Rocchio,confirmed,9.0,3.7,671737,0.03278688524590164,0.028688524590163935,0.02,0.18032786885245902,0.2786885245901639,0.1557377049180328,0.036885245901639344,0.2674494769444445,95.12750000000001,0.05357142857142857,0.017857142857142856,0.0125,0.16071428571428573,0.2857142857142857,0.14285714285714285,0.017857142857142856,0.2693959833333333,95.454,L,0.03296703296703297,0.04945054945054945,0.18681318681318682,0.5462184873949579,0.2857142857142857,0.1043956043956044,0.2861092940946405,101.32066666666665,17.533333333333335,R,6.0,0.0,0.0,0.02608695652173913,0.05217391304347826,0.13043478260869565,0,Target Field,79.1,44.0,13.8,0.0,0.0,0.9212457112694644,0.06996624267923107,1329,,,,,,,,0.5,,,PASS
823173,2026-09-12 02:15:00+00:00,SD,SF,SF,SD,1,806367,Turner Hill,confirmed,5.0,4.3,592662,0.0,0.02702702702702703,0.02197802197802198,0.14864864864864866,0.22972972972972974,0.14864864864864866,0.12162162162162163,0.3145353074074074,94.12222222222222,0.0,0.03125,0.025,0.140625,0.234375,0.140625,0.125,0.3028999688888889,94.45599999999999,L,0.020114942528735632,0.03735632183908046,0.16379310344827586,0.528604118993135,0.1724137931034483,0.12643678160919541,0.3311489924246125,101.00333333333333,16.0,L,0.0,0.0,0.0,0.03,0.06,0.0,1,Oracle Park,62.2,79.0,16.2,0.0,0.0,0.7742217777222153,0.06959747787672843,1337,,,,,,,,0.5,,,PASS
824711,2026-09-11 23:10:00+00:00,KC,BOS,KC,BOS,0,679845,Nick Loftin,confirmed,7.0,4.0,543243,0.024489795918367346,0.024489795918367346,0.020134228187919462,0.12653061224489795,0.2897959183673469,0.17551020408163265,0.09387755102040816,0.2747466655555556,93.32683333333333,0.03125,0.03125,0.023529411764705882,0.109375,0.375,0.203125,0.09375,0.2568231633333333,94.17000000000002,R,0.023746701846965697,0.036939313984168866,0.1503957783641161,0.3963963963963964,0.24010554089709762,0.0633245382585752,0.27402682207078216,100.51466666666667,18.6,R,0.0,0.0,0.0,0.03,0.06,0.0,1,Fenway Park,72.3,33.0,5.6,0.0,0.0,1.163939473915721,0.06935735049753909,1342,,,,,,,,0.5,,,PASS
824873,2026-09-11 23:15:00+00:00,PHI,ATL,PHI,ATL,0,656537,Derek Hill,confirmed,9.0,3.7,519242,0.027586206896551724,0.041379310344827586,0.03614457831325301,0.12413793103448276,0.2482758620689655,0.36551724137931035,0.041379310344827586,0.2455724147727273,90.18431818181818,0.020833333333333332,0.020833333333333332,0.015873015873015872,0.10416666666666667,0.22916666666666666,0.3541666666666667,0.020833333333333332,0.1637102666666667,87.46,R,0.008310249307479225,0.030470914127423823,0.15512465373961218,0.4592274678111588,0.31024930747922436,0.04155124653739612,0.2657349766797526,100.006,17.466666666666665,L,5.0,0.0,0.0,0.026666666666666665,0.05333333333333333,0.1111111111111111,0,Truist Park,75.5,88.0,3.5,0.087,0.0,1.0131001223637803,0.069336808363582,1342,,,,,,,,0.5,,,PASS
823659,2026-09-12 00:10:00+00:00,CLE,MIN,CLE,MIN,0,595978,Austin Hedges,confirmed,8.0,3.85,671737,0.024509803921568627,0.03431372549019608,0.02880658436213992,0.1323529411764706,0.18627450980392157,0.1715686274509804,0.09803921568627451,0.26243380861111115,92.8545,0.02040816326530612,0.02040816326530612,0.018867924528301886,0.08163265306122448,0.16326530612244897,0.20408163265306123,0.12244897959183673,0.21175788444444446,90.38333333333334,R,0.03296703296703297,0.04945054945054945,0.18681318681318682,0.5462184873949579,0.2857142857142857,0.1043956043956044,0.2861092940946405,101.32066666666665,17.533333333333335,R,0.0,0.0,0.0,0.03,0.06,0.0,1,Target Field,79.1,44.0,13.8,0.0,0.0,0.9212457112694644,0.06864010361042713,1357,,,,,,,,0.5,,,PASS
824873,2026-09-11 23:15:00+00:00,PHI,ATL,PHI,ATL,0,650559,Bryan De La Cruz,confirmed,7.0,4.0,519242,0.038461538461538464,0.038461538461538464,0.028985507246376812,0.07692307692307693,0.17307692307692307,0.21153846153846154,0.057692307692307696,0.29706957777777776,94.206,0.038461538461538464,0.038461538461538464,0.028985507246376812,0.07692307692307693,0.17307692307692307,0.21153846153846154,0.057692307692307696,0.29706957777777776,94.206,R,0.008310249307479225,0.030470914127423823,0.15512465373961218,0.4592274678111588,0.31024930747922436,0.04155124653739612,0.2657349766797526,100.006,17.466666666666665,L,3.0,0.0,0.0,0.027906976744186046,0.05581395348837209,0.06976744186046512,0,Truist Park,75.5,88.0,3.5,0.087,0.0,1.0131001223637803,0.06782928063613404,1374,,,,,,,,0.5,,,PASS
823817,2026-09-11 23:10:00+00:00,LAD,MIA,MIA,LAD,1,665923,Esteury Ruiz,confirmed,7.0,4.0,605483,0.0335195530726257,0.0446927374301676,0.0392156862745098,0.18435754189944134,0.24022346368715083,0.33519553072625696,0.1005586592178771,0.2837744849056604,90.4,0.0,0.0,0.0,0.21568627450980393,0.2549019607843137,0.4117647058823529,0.0784313725490196,0.20864861999999998,91.09642857142856,R,0.0,0.007575757575757576,0.03787878787878788,0.51875,0.32575757575757575,0.10606060606060606,0.23319664777302007,93.68166666666667,16.0,L,0.0,0.0,0.0,0.03,0.06,0.0,0,loanDepot park,80.8,87.0,2.1,0.0,0.5,0.8667634380223453,0.06632836852195995,1408,,,,,,,,0.5,,,PASS
824227,2026-09-11 22:40:00+00:00,COL,DET,COL,DET,0,687597,Jordan Beck,confirmed,8.0,3.85,664285,0.007518796992481203,0.03007518796992481,0.023952095808383235,0.14285714285714285,0.16541353383458646,0.3007518796992481,0.06766917293233082,0.2470492675675675,90.16594594594594,0.0,0.019230769230769232,0.016129032258064516,0.17307692307692307,0.11538461538461539,0.34615384615384615,0.09615384615384616,0.24706822333333334,88.54466666666666,R,0.0215633423180593,0.03773584905660377,0.13746630727762804,0.3051948051948052,0.16172506738544473,0.08355795148247978,0.32372571702709474,102.77666666666666,16.933333333333334,L,0.0,0.0,0.0,0.03,0.06,0.0,0,Comerica Park,72.1,65.0,5.4,0.0,0.0,0.8023752969121141,0.06524330685742787,1433,,,,,,,,0.5,,,PASS
824711,2026-09-11 23:10:00+00:00,KC,BOS,KC,BOS,0,686555,Isaac Collins,confirmed,9.0,3.7,543243,0.012987012987012988,0.021645021645021644,0.016339869281045753,0.13852813852813853,0.21212121212121213,0.18614718614718614,0.09956709956709957,0.28624928194444443,96.87516666666669,0.0,0.0,0.0,0.04918032786885246,0.2459016393442623,0.18032786885245902,0.16393442622950818,0.2801138444444444,96.53600000000002,L,0.023746701846965697,0.036939313984168866,0.1503957783641161,0.3963963963963964,0.24010554089709762,0.0633245382585752,0.27402682207078216,100.51466666666667,18.6,R,2.0,0.0,0.0,0.02857142857142857,0.05714285714285714,0.047619047619047616,0,Fenway Park,72.3,33.0,5.6,0.0,0.0,1.163939473915721,0.06497198619946998,1439,,,,,,,,0.5,,,PASS
823173,2026-09-12 02:15:00+00:00,SD,SF,SF,SD,1,668800,Andrew Knizner,confirmed,8.0,3.85,592662,0.02564102564102564,0.05128205128205128,0.0425531914893617,0.10256410256410256,0.20512820512820512,0.23076923076923078,0.05128205128205128,0.25164355555555556,93.17250000000001,0.02564102564102564,0.05128205128205128,0.0425531914893617,0.10256410256410256,0.20512820512820512,0.23076923076923078,0.05128205128205128,0.25164355555555556,93.17250000000001,R,0.020114942528735632,0.03735632183908046,0.16379310344827586,0.528604118993135,0.1724137931034483,0.12643678160919541,0.3311489924246125,101.00333333333333,16.0,L,0.0,0.0,0.0,0.03,0.06,0.0,0,Oracle Park,62.2,79.0,16.2,0.0,0.0,0.7742217777222153,0.06488392009909728,1441,,,,,,,,0.5,,,PASS
823012,2026-09-12 00:15:00+00:00,CWS,STL,CWS,STL,0,682668,Luisangel Acuña,confirmed,9.0,3.7,669461,0.0051813471502590676,0.025906735751295335,0.02100840336134454,0.12953367875647667,0.13989637305699482,0.18652849740932642,0.04145077720207254,0.2622127561111111,94.95850000000002,0.0,0.0,0.0,0.06382978723404255,0.06382978723404255,0.2127659574468085,0.02127659574468085,0.23618087222222225,92.962,R,0.0438871473354232,0.05956112852664577,0.21316614420062696,0.47880299251870323,0.2601880877742947,0.07210031347962383,0.32706245094468894,100.90333333333334,14.4,L,0.0,0.0,0.0,0.03,0.06,0.0,0,Busch Stadium,78.1,81.0,2.9,0.0,0.0,0.8543811031934547,0.06484174056385814,1442,,,,,,,,0.5,,,PASS
823173,2026-09-12 02:15:00+00:00,SD,SF,SF,SD,1,808982,Jung Hoo Lee,confirmed,7.0,4.0,592662,0.01953125,0.01953125,0.013736263736263736,0.16015625,0.328125,0.109375,0.0546875,0.29172143250000004,95.1025,0.0,0.014705882352941176,0.010526315789473684,0.2647058823529412,0.29411764705882354,0.08823529411764706,0.10294117647058823,0.3520597977777778,97.27666666666667,L,0.020114942528735632,0.03735632183908046,0.16379310344827586,0.528604118993135,0.1724137931034483,0.12643678160919541,0.3311489924246125,101.00333333333333,16.0,L,0.0,0.0,0.0,0.03,0.06,0.0,1,Oracle Park,62.2,79.0,16.2,0.0,0.0,0.7742217777222153,0.06317453750121221,1483,,,,,,,,0.5,,,PASS
824227,2026-09-11 22:40:00+00:00,COL,DET,DET,COL,1,595879,Javier Báez,confirmed,9.0,3.7,690279,0.011428571428571429,0.017142857142857144,0.013333333333333334,0.12,0.17714285714285713,0.19428571428571428,0.02857142857142857,0.26102573125,93.77083333333333,0.0,0.02,0.016129032258064516,0.16,0.12,0.22,0.02,0.22275670111111107,96.17133333333332,R,0.06779661016949153,0.0847457627118644,0.288135593220339,0.4875,0.288135593220339,0.1016949152542373,0.3666968047619048,102.51666666666667,13.0,R,0.0,0.0,0.0,0.03,0.06,0.0,1,Comerica Park,72.1,65.0,5.4,0.0,0.0,0.8023752969121141,0.0626560263319011,1496,,,,,,,,0.5,,,PASS
823817,2026-09-11 23:10:00+00:00,LAD,MIA,MIA,LAD,1,691594,Javier Sanoja,confirmed,4.0,4.45,605483,0.024691358024691357,0.024691358024691357,0.01634877384196185,0.1646090534979424,0.2674897119341564,0.053497942386831275,0.04526748971193416,0.3091688094444444,96.2295,0.03125,0.015625,0.01,0.1875,0.25,0.0625,0.0625,0.3835852222222222,96.974,R,0.0,0.007575757575757576,0.03787878787878788,0.51875,0.32575757575757575,0.10606060606060606,0.23319664777302007,93.68166666666667,16.0,L,0.0,0.0,0.0,0.03,0.06,0.0,0,loanDepot park,80.8,87.0,2.1,0.0,0.5,0.8667634380223453,0.0626188039084125,1497,,,,,,,,0.5,,,PASS
822767,2026-09-11 23:07:00+00:00,BAL,TOR,TOR,BAL,1,664770,Nathan Lukes,confirmed,5.0,4.3,605135,0.03187250996015936,0.02390438247011952,0.015503875968992248,0.11553784860557768,0.32669322709163345,0.13147410358565736,0.05976095617529881,0.2778911797222222,93.68566666666666,0.04838709677419355,0.04838709677419355,0.0297029702970297,0.16129032258064516,0.41935483870967744,0.11290322580645161,0.03225806451612903,0.2804435833333333,94.75466666666665,L,0.025936599423631124,0.037463976945244955,0.15561959654178675,0.4189189189189189,0.14697406340057637,0.09221902017291066,0.35570759984762207,99.80933333333333,14.6,R,3.0,0.0,0.0,0.027906976744186046,0.05581395348837209,0.06976744186046512,0,Rogers Centre,67.2,62.0,4.7,0.0,0.5,0.65,0.06254583034916568,1499,,,,,,,,0.5,,,PASS
822684,2026-09-11 22:45:00+00:00,LAA,WSH,WSH,LAA,1,696285,Jacob Young,confirmed,9.0,3.7,579328,0.009216589861751152,0.041474654377880185,0.03501945525291829,0.1152073732718894,0.2534562211981567,0.15668202764976957,0.0967741935483871,0.31055220472222234,92.28733333333335,0.0,0.038461538461538464,0.031746031746031744,0.09615384615384616,0.3076923076923077,0.1346153846153846,0.1346153846153846,0.3050348988888889,90.56066666666666,R,0.032407407407407406,0.06481481481481481,0.19907407407407407,0.5287769784172662,0.22685185185185186,0.08796296296296297,0.34348328404994766,102.87199999999999,14.6,L,0.0,0.0,0.0,0.03,0.06,0.0,0,Nationals Park,77.3,69.0,3.5,0.0,0.0,1.225851148060174,0.06208165561464449,1511,,,,,,,,0.5,,,PASS
825036,2026-09-12 01:40:00+00:00,TEX,ARI,ARI,TEX,1,814439,Ryan Waldschmidt,confirmed,9.0,3.7,669022,0.008968609865470852,0.026905829596412557,0.025423728813559324,0.11659192825112108,0.21076233183856502,0.3004484304932735,0.07174887892376682,0.2813013597222222,92.54271186440678,0.0,0.018518518518518517,0.01818181818181818,0.09259259259259259,0.12962962962962962,0.2962962962962963,0.12962962962962962,0.25596857111111115,88.96857142857142,R,0.028735632183908046,0.04885057471264368,0.15229885057471265,0.5104602510460251,0.2413793103448276,0.08045977011494253,0.29620167199370523,100.76666666666664,15.866666666666667,L,3.0,0.0,0.0,0.027906976744186046,0.05581395348837209,0.06976744186046512,0,Chase Field,98.6,30.0,6.4,0.0,0.5,1.0,0.06142121463220119,1528,,,,,,,,0.5,,,PASS
824227,2026-09-11 22:40:00+00:00,COL,DET,COL,DET,0,687859,Troy Johnston,confirmed,7.0,4.0,664285,0.008438818565400843,0.02109704641350211,0.014749262536873156,0.15611814345991562,0.27848101265822783,0.13924050632911392,0.08860759493670886,0.3261156869444445,95.30483333333332,0.01694915254237288,0.03389830508474576,0.022727272727272728,0.15254237288135594,0.3389830508474576,0.1864406779661017,0.1016949152542373,0.3718095166666666,93.74266666666668,L,0.0215633423180593,0.03773584905660377,0.13746630727762804,0.3051948051948052,0.16172506738544473,0.08355795148247978,0.32372571702709474,102.77666666666666,16.933333333333334,L,0.0,0.0,0.0,0.03,0.06,0.0,1,Comerica Park,72.1,65.0,5.4,0.0,0.0,0.8023752969121141,0.06117883716738402,1535,,,,,,,,0.5,,,PASS
822684,2026-09-11 22:45:00+00:00,LAA,WSH,WSH,LAA,1,678391,Jorbit Vivas,confirmed,8.0,3.85,579328,0.013636363636363636,0.02727272727272727,0.021660649819494584,0.11818181818181818,0.2909090909090909,0.10909090909090909,0.1409090909090909,0.31914857861111107,91.88600000000002,0.0,0.03636363636363636,0.028169014084507043,0.07272727272727272,0.3090909090909091,0.07272727272727272,0.14545454545454545,0.3218609,91.35,L,0.032407407407407406,0.06481481481481481,0.19907407407407407,0.5287769784172662,0.22685185185185186,0.08796296296296297,0.34348328404994766,102.87199999999999,14.6,L,0.0,0.0,0.0,0.03,0.06,0.0,1,Nationals Park,77.3,69.0,3.5,0.0,0.0,1.225851148060174,0.0611499396730802,1535,,,,,,,,0.5,,,PASS
823173,2026-09-12 02:15:00+00:00,SD,SF,SD,SF,0,666023,Freddy Fermin,confirmed,9.0,3.7,683627,0.01932367149758454,0.033816425120772944,0.025179856115107913,0.17391304347826086,0.21256038647342995,0.20772946859903382,0.07729468599033816,0.27608104833333336,91.86068965517244,0.0,0.020833333333333332,0.019230769230769232,0.14583333333333334,0.14583333333333334,0.3125,0.0625,0.2898456888888889,90.79153846153847,R,0.05128205128205128,0.05128205128205128,0.15384615384615385,0.6129032258064516,0.3076923076923077,0.02564102564102564,0.2525070912698413,97.44999999999999,15.0,R,0.0,0.0,0.0,0.03,0.06,0.0,1,Oracle Park,62.2,79.0,16.2,0.0,0.0,0.7742217777222153,0.060394642459431574,1556,,,,,,,,0.5,,,PASS
822930,2026-09-11 23:10:00+00:00,HOU,TB,HOU,TB,0,669397,Nick Allen,confirmed,9.0,3.7,656876,0.017699115044247787,0.017699115044247787,0.015151515151515152,0.08849557522123894,0.1592920353982301,0.17699115044247787,0.07964601769911504,0.25840564190476184,90.58285714285715,0.02,0.02,0.015151515151515152,0.12,0.12,0.12,0.1,0.27285423888888893,91.43133333333336,R,0.017595307917888565,0.03225806451612903,0.15542521994134897,0.5488565488565489,0.2697947214076246,0.04398826979472141,0.2752624444168295,100.088,17.2,R,2.0,0.0,0.0,0.02857142857142857,0.05714285714285714,0.047619047619047616,1,Tropicana Field,83.0,83.0,5.4,0.0,1.0,1.1701306413301662,0.058725245671837074,1603,,,,,,,,0.5,,,PASS
823659,2026-09-12 00:10:00+00:00,CLE,MIN,MIN,CLE,1,668885,Austin Martin,confirmed,8.0,3.85,800048,0.012048192771084338,0.024096385542168676,0.020905923344947737,0.10843373493975904,0.24899598393574296,0.18072289156626506,0.0963855421686747,0.29329329166666673,94.29633333333335,0.016666666666666666,0.05,0.046153846153846156,0.15,0.26666666666666666,0.18333333333333332,0.13333333333333333,0.29609732222222224,94.46066666666667,R,0.021739130434782608,0.02717391304347826,0.12228260869565218,0.5177453027139874,0.25815217391304346,0.0625,0.2559131512936156,99.13933333333334,18.333333333333332,L,6.0,0.0,0.0,0.02608695652173913,0.05217391304347826,0.13043478260869565,0,Target Field,79.1,44.0,13.8,0.0,0.0,0.9212457112694644,0.05850960310106542,1609,,,,,,,,0.5,,,PASS
824873,2026-09-11 23:15:00+00:00,PHI,ATL,ATL,PHI,1,643289,Mauricio Dubón,confirmed,5.0,4.3,605400,0.012295081967213115,0.01639344262295082,0.00980392156862745,0.10245901639344263,0.3401639344262295,0.08196721311475409,0.04918032786885246,0.28759478861111104,93.74249999999999,0.017241379310344827,0.017241379310344827,0.00980392156862745,0.15517241379310345,0.3103448275862069,0.06896551724137931,0.017241379310344827,0.2750023388888889,91.66466666666666,R,0.05367231638418079,0.059322033898305086,0.2231638418079096,0.4719626168224299,0.2570621468926554,0.07909604519774012,0.29299882416203066,101.64066666666668,16.6,R,6.0,0.0,1.0,0.02608695652173913,0.07391304347826087,0.13043478260869565,1,Truist Park,75.5,88.0,3.5,0.087,0.0,1.0131001223637803,0.05811153522254177,1621,,,,,,,,0.5,,,PASS
823736,2026-09-11 23:45:00+00:00,CIN,MIL,MIL,CIN,1,806198,Cooper Pratt,confirmed,7.0,4.0,671096,0.013888888888888888,0.023148148148148147,0.01718213058419244,0.09259259259259259,0.30092592592592593,0.17592592592592593,0.09722222222222222,0.29616722719298244,92.31824561403509,0.017857142857142856,0.017857142857142856,0.010869565217391304,0.05357142857142857,0.375,0.125,0.05357142857142857,0.2610596355555555,93.27133333333335,R,0.03508771929824561,0.06432748538011696,0.1608187134502924,0.5583524027459954,0.195906432748538,0.10818713450292397,0.33288090842628837,101.49066666666666,15.4,L,3.0,0.0,0.0,0.027906976744186046,0.05581395348837209,0.06976744186046512,0,American Family Field,70.5,60.0,6.9,0.0,0.5,0.8915281076801267,0.05668488431995722,1664,,,,,,,,0.5,,,PASS
823173,2026-09-12 02:15:00+00:00,SD,SF,SF,SD,1,683766,Christian Koss,confirmed,9.0,3.7,592662,0.025477707006369428,0.03821656050955414,0.03125,0.11464968152866242,0.25477707006369427,0.2356687898089172,0.03821656050955414,0.23953987310606062,90.41613636363635,0.07272727272727272,0.03636363636363636,0.028169014084507043,0.12727272727272726,0.32727272727272727,0.23636363636363636,0.03636363636363636,0.26486798333333333,89.00133333333335,R,0.020114942528735632,0.03735632183908046,0.16379310344827586,0.528604118993135,0.1724137931034483,0.12643678160919541,0.3311489924246125,101.00333333333333,16.0,L,0.0,0.0,0.0,0.03,0.06,0.0,0,Oracle Park,62.2,79.0,16.2,0.0,0.0,0.7742217777222153,0.056463000083997614,1671,,,,,,,,0.5,,,PASS
824711,2026-09-11 23:10:00+00:00,KC,BOS,BOS,KC,1,702332,Caleb Durbin,confirmed,7.0,4.0,607625,0.01937984496124031,0.01937984496124031,0.01440922190201729,0.10465116279069768,0.2364341085271318,0.12790697674418605,0.10852713178294573,0.2940115015740741,90.62216666666667,0.0,0.016666666666666666,0.015625,0.06666666666666667,0.2,0.18333333333333332,0.16666666666666666,0.31295261,90.54666666666667,R,0.03133903133903134,0.02849002849002849,0.18518518518518517,0.46153846153846156,0.150997150997151,0.07407407407407407,0.33504074078604085,101.14666666666666,15.466666666666667,R,0.0,0.0,0.0,0.03,0.06,0.0,1,Fenway Park,72.3,33.0,5.6,0.0,0.0,1.163939473915721,0.05640861391410943,1673,,,,,,,,0.5,,,PASS
824873,2026-09-11 23:15:00+00:00,PHI,ATL,PHI,ATL,0,650333,Luis Arraez,confirmed,4.0,4.45,519242,0.011494252873563218,0.022988505747126436,0.014084507042253521,0.10727969348659004,0.36398467432950193,0.04980842911877394,0.038314176245210725,0.3133095363888889,92.67483333333332,0.0,0.01639344262295082,0.008849557522123894,0.06557377049180328,0.36065573770491804,0.03278688524590164,0.03278688524590164,0.30230882444444446,92.64666666666666,L,0.008310249307479225,0.030470914127423823,0.15512465373961218,0.4592274678111588,0.31024930747922436,0.04155124653739612,0.2657349766797526,100.006,17.466666666666665,L,6.0,0.0,0.0,0.02608695652173913,0.05217391304347826,0.13043478260869565,1,Truist Park,75.5,88.0,3.5,0.087,0.0,1.0131001223637803,0.05520113181867963,1712,,,,,,,,0.5,,,PASS
822767,2026-09-11 23:07:00+00:00,BAL,TOR,TOR,BAL,1,665926,Andrés Giménez,confirmed,8.0,3.85,605135,0.0136986301369863,0.0273972602739726,0.01818181818181818,0.1643835616438356,0.2465753424657534,0.1735159817351598,0.0365296803652968,0.28370458,92.19583333333331,0.017857142857142856,0.03571428571428571,0.02247191011235955,0.19642857142857142,0.14285714285714285,0.10714285714285714,0.03571428571428571,0.3176914222222223,92.93133333333334,L,0.025936599423631124,0.037463976945244955,0.15561959654178675,0.4189189189189189,0.14697406340057637,0.09221902017291066,0.35570759984762207,99.80933333333333,14.6,R,3.0,1.0,1.0,0.051162790697674425,0.07906976744186046,0.06976744186046512,0,Rogers Centre,67.2,62.0,4.7,0.0,0.5,0.65,0.053801481996977166,1759,,,,,,,,0.5,,,PASS
824711,2026-09-11 23:10:00+00:00,KC,BOS,KC,BOS,0,664728,Kyle Isbel,confirmed,8.0,3.85,543243,0.014018691588785047,0.009345794392523364,0.0072992700729927005,0.102803738317757,0.21495327102803738,0.20093457943925233,0.0514018691588785,0.2552104233333334,93.45,0.017857142857142856,0.0,0.0,0.07142857142857142,0.125,0.21428571428571427,0.05357142857142857,0.2585524666666667,92.244,L,0.023746701846965697,0.036939313984168866,0.1503957783641161,0.3963963963963964,0.24010554089709762,0.0633245382585752,0.27402682207078216,100.51466666666667,18.6,R,2.0,0.0,0.0,0.02857142857142857,0.05714285714285714,0.047619047619047616,0,Fenway Park,72.3,33.0,5.6,0.0,0.0,1.163939473915721,0.05339637239184949,1773,,,,,,,,0.5,,,PASS
823173,2026-09-12 02:15:00+00:00,SD,SF,SD,SF,0,687957,Dustin Harris,confirmed,8.0,3.85,683627,0.0,0.0,0.0,0.16666666666666666,0.2361111111111111,0.1527777777777778,0.05555555555555555,0.2911384682539682,91.30904761904762,0.0,0.0,0.0,0.19607843137254902,0.29411764705882354,0.13725490196078433,0.0,0.29118777777777777,91.25,L,0.05128205128205128,0.05128205128205128,0.15384615384615385,0.6129032258064516,0.3076923076923077,0.02564102564102564,0.2525070912698413,97.44999999999999,15.0,R,0.0,0.0,0.0,0.03,0.06,0.0,0,Oracle Park,62.2,79.0,16.2,0.0,0.0,0.7742217777222153,0.05326216924475914,1778,,,,,,,,0.5,,,PASS
824227,2026-09-11 22:40:00+00:00,COL,DET,COL,DET,0,678662,Ezequiel Tovar,confirmed,9.0,3.7,664285,0.023809523809523808,0.023809523809523808,0.015432098765432098,0.12380952380952381,0.3047619047619048,0.24761904761904763,0.06190476190476191,0.2314840563888889,92.01203389830509,0.02127659574468085,0.0425531914893617,0.029411764705882353,0.14893617021276595,0.2553191489361702,0.3191489361702128,0.06382978723404255,0.28098741555555556,89.63533333333334,R,0.0215633423180593,0.03773584905660377,0.13746630727762804,0.3051948051948052,0.16172506738544473,0.08355795148247978,0.32372571702709474,102.77666666666666,16.933333333333334,L,0.0,0.0,0.0,0.03,0.06,0.0,0,Comerica Park,72.1,65.0,5.4,0.0,0.0,0.8023752969121141,0.05314950352541076,1781,,,,,,,,0.5,,,PASS
823012,2026-09-12 00:15:00+00:00,CWS,STL,STL,CWS,1,701675,Nathan Church,confirmed,9.0,3.7,641743,0.022321428571428572,0.026785714285714284,0.01662049861495845,0.12053571428571429,0.35267857142857145,0.13392857142857142,0.05803571428571429,0.2812886705555556,92.50649999999999,0.01694915254237288,0.01694915254237288,0.011764705882352941,0.1016949152542373,0.2542372881355932,0.1016949152542373,0.05084745762711865,0.2836449655555555,92.54133333333333,L,0.03003003003003003,0.05105105105105105,0.1831831831831832,0.43507972665148065,0.1891891891891892,0.06906906906906907,0.3147078343022136,101.37866666666667,14.866666666666667,L,0.0,0.0,0.0,0.03,0.06,0.0,1,Busch Stadium,78.1,81.0,2.9,0.0,0.0,0.8543811031934547,0.05059243170889281,1877,,,,,,,,0.5,,,PASS
822684,2026-09-11 22:45:00+00:00,LAA,WSH,LAA,WSH,0,624428,Adam Frazier,confirmed,9.0,3.7,676917,0.009009009009009009,0.018018018018018018,0.013605442176870748,0.10810810810810811,0.22522522522522523,0.25225225225225223,0.06306306306306306,0.232127578125,89.46066666666667,0.0,0.019230769230769232,0.014925373134328358,0.11538461538461539,0.15384615384615385,0.21153846153846154,0.038461538461538464,0.26999783111111114,87.875,L,0.03333333333333333,0.03939393939393939,0.1484848484848485,0.47058823529411764,0.3151515151515151,0.06363636363636363,0.2688631296703683,99.63000000000002,16.666666666666668,R,0.0,0.0,0.0,0.03,0.06,0.0,0,Nationals Park,77.3,69.0,3.5,0.0,0.0,1.225851148060174,0.05044729715691679,1882,,,,,,,,0.5,,,PASS
822767,2026-09-11 23:07:00+00:00,BAL,TOR,TOR,BAL,1,703520,Brett Bateman,confirmed,1.0,4.75,605135,0.0,0.0,0.0,0.06976744186046512,0.2248062015503876,0.1937984496124031,0.08527131782945736,0.30327559761904765,92.36214285714287,0.0,0.0,0.0,0.07352941176470588,0.19117647058823528,0.20588235294117646,0.10294117647058823,0.33117577333333337,93.45933333333336,L,0.025936599423631124,0.037463976945244955,0.15561959654178675,0.4189189189189189,0.14697406340057637,0.09221902017291066,0.35570759984762207,99.80933333333333,14.6,R,0.0,0.0,0.0,0.03,0.06,0.0,0,Rogers Centre,67.2,62.0,4.7,0.0,0.5,0.65,0.05022961124936755,1891,,,,,,,,0.5,,,PASS
823817,2026-09-11 23:10:00+00:00,LAD,MIA,LAD,MIA,0,800543,Josue De Paula,confirmed,7.0,4.0,687473,0.0,0.0,0.0,0.0,0.0,0.0,0.0,,,0.0,0.0,0.0,0.0,0.0,0.0,0.0,,,,0.0313588850174216,0.0627177700348432,0.1916376306620209,0.4898989898989899,0.18466898954703834,0.07665505226480836,0.32869257526997714,101.40466666666667,12.4,R,0.0,0.0,0.0,0.03,0.06,0.0,0,loanDepot park,80.8,87.0,2.1,0.0,0.5,0.8667634380223453,0.04894681751545804,1943,,,,,,,,0.5,,,PASS
824711,2026-09-11 23:10:00+00:00,KC,BOS,BOS,KC,1,643396,Isiah Kiner-Falefa,confirmed,9.0,3.7,607625,0.014184397163120567,0.02127659574468085,0.015957446808510637,0.09929078014184398,0.2695035460992908,0.12056737588652482,0.10638297872340426,0.310353185042735,91.6748717948718,0.017543859649122806,0.0,0.0,0.07017543859649122,0.24561403508771928,0.07017543859649122,0.12280701754385964,0.31504883888888896,92.64666666666666,R,0.03133903133903134,0.02849002849002849,0.18518518518518517,0.46153846153846156,0.150997150997151,0.07407407407407407,0.33504074078604085,101.14666666666666,15.466666666666667,R,0.0,0.0,0.0,0.03,0.06,0.0,1,Fenway Park,72.3,33.0,5.6,0.0,0.0,1.163939473915721,0.047123834709902244,2022,,,,,,,,0.5,,,PASS
823173,2026-09-12 02:15:00+00:00,SD,SF,SD,SF,0,669392,Samad Taylor,confirmed,7.0,4.0,683627,0.00847457627118644,0.00847457627118644,0.007751937984496124,0.09322033898305085,0.16101694915254236,0.2966101694915254,0.11016949152542373,0.30636189226190474,88.75464285714285,0.0,0.0,0.0,0.09523809523809523,0.1746031746031746,0.31746031746031744,0.12698412698412698,0.29144786333333333,86.60400000000001,R,0.05128205128205128,0.05128205128205128,0.15384615384615385,0.6129032258064516,0.3076923076923077,0.02564102564102564,0.2525070912698413,97.44999999999999,15.0,R,0.0,0.0,0.0,0.03,0.06,0.0,1,Oracle Park,62.2,79.0,16.2,0.0,0.0,0.7742217777222153,0.046595775959644606,2046,,,,,,,,0.5,,,PASS
824227,2026-09-11 22:40:00+00:00,COL,DET,DET,COL,1,656716,Zach McKinstry,confirmed,8.0,3.85,690279,0.012987012987012988,0.012987012987012988,0.009009009009009009,0.11255411255411256,0.31601731601731603,0.15151515151515152,0.08225108225108226,0.30139550722222225,91.90450000000001,0.0,0.0,0.0,0.03636363636363636,0.2545454545454545,0.21818181818181817,0.07272727272727272,0.2382237588888889,89.82933333333332,L,0.06779661016949153,0.0847457627118644,0.288135593220339,0.4875,0.288135593220339,0.1016949152542373,0.3666968047619048,102.51666666666667,13.0,R,0.0,0.0,0.0,0.03,0.06,0.0,0,Comerica Park,72.1,65.0,5.4,0.0,0.0,0.8023752969121141,0.04375248151231381,2186,,,,,,,,0.5,,,PASS
823659,2026-09-12 00:10:00+00:00,CLE,MIN,CLE,MIN,0,680757,Steven Kwan,confirmed,1.0,4.75,671737,0.003787878787878788,0.003787878787878788,0.002702702702702703,0.056818181818181816,0.30303030303030304,0.09090909090909091,0.125,0.3441113255555555,90.08133333333333,0.0,0.015151515151515152,0.009433962264150943,0.07575757575757576,0.3484848484848485,0.10606060606060606,0.06060606060606061,0.2994735611111112,90.64933333333333,L,0.03296703296703297,0.04945054945054945,0.18681318681318682,0.5462184873949579,0.2857142857142857,0.1043956043956044,0.2861092940946405,101.32066666666665,17.533333333333335,R,5.0,0.0,0.0,0.026666666666666665,0.05333333333333333,0.1111111111111111,0,Target Field,79.1,44.0,13.8,0.0,0.0,0.9212457112694644,0.04321684709611939,2214,,,,,,,,0.5,,,PASS
822767,2026-09-11 23:07:00+00:00,BAL,TOR,TOR,BAL,1,676391,Ernie Clement,confirmed,9.0,3.7,605135,0.00796812749003984,0.01195219123505976,0.0078125,0.09561752988047809,0.2908366533864542,0.09163346613545817,0.043824701195219126,0.2519985975,91.23133333333334,0.0,0.0,0.0,0.0967741935483871,0.27419354838709675,0.0967741935483871,0.04838709677419355,0.20854646000000004,89.18466666666667,R,0.025936599423631124,0.037463976945244955,0.15561959654178675,0.4189189189189189,0.14697406340057637,0.09221902017291066,0.35570759984762207,99.80933333333333,14.6,R,2.0,0.0,0.0,0.02857142857142857,0.05714285714285714,0.047619047619047616,1,Rogers Centre,67.2,62.0,4.7,0.0,0.5,0.65,0.03878335793746003,2478,,,,,,,,0.5,,,PASS
822767,2026-09-11 23:07:00+00:00,BAL,TOR,BAL,TOR,0,677008,Heston Kjerstad,confirmed,8.0,3.85,453286,0.0,0.0,0.0,0.0,0.25,0.25,0.0,0.3055,92.27000000000001,0.0,0.0,0.0,0.0,0.25,0.25,0.0,0.3055,92.27000000000001,L,0.04779411764705882,0.0661764705882353,0.19852941176470587,0.6172248803827751,0.17647058823529413,0.09926470588235294,0.3347376842174518,98.70642857142856,13.357142857142858,R,0.0,0.0,0.0,0.03,0.06,0.0,0,Rogers Centre,67.2,62.0,4.7,0.0,0.5,0.65,0.036226859840562294,2660,,,,,,,,0.5,,,PASS
822930,2026-09-11 23:10:00+00:00,HOU,TB,TB,HOU,1,802415,Chandler Simpson,confirmed,6.0,4.15,699044,0.0,0.0,0.0,0.011904761904761904,0.2261904761904762,0.05555555555555555,0.03571428571428571,0.26978194194444444,90.02283333333335,0.0,0.0,0.0,0.0,0.12307692307692308,0.06153846153846154,0.06153846153846154,0.2810717833333334,88.97666666666667,L,,,,,,,,,,,0.0,0.0,0.0,0.03,0.06,0.0,0,Tropicana Field,83.0,83.0,5.4,0.0,1.0,1.1701306413301662,0.028887170112545338,3362,,,,,,,,0.5,,,PASS
