game_pk,game_datetime,away_team,home_team,team,opponent,is_home,player_id,player_name,lineup_status,batting_order,expected_pa,opposing_starter_id,batter_hr_pa_long,batter_barrel_pa_long,batter_barrel_bbe_long,batter_hard_air_pa_long,batter_sweet_pa_long,batter_k_rate_long,batter_bb_rate_long,batter_xwoba_long,batter_ev90_long,batter_hr_pa_recent,batter_barrel_pa_recent,batter_barrel_bbe_recent,batter_hard_air_pa_recent,batter_sweet_pa_recent,batter_k_rate_recent,batter_bb_rate_recent,batter_xwoba_recent,batter_ev90_recent,batter_hand,pitcher_hr_bf,pitcher_barrel_bf,pitcher_hard_air_bf,pitcher_fly_rate,pitcher_k_rate,pitcher_bb_rate,pitcher_xwoba,pitcher_ev90,pitcher_outs,opposing_pitcher_hand,bvp_pa,bvp_hr,bvp_barrels,bvp_hr_shrunk,bvp_barrel_shrunk,bvp_reliability,same_hand,venue,temperature_f,humidity_pct,wind_speed_mph,precipitation_in,roof_control_factor,park_hr_factor,home_run_probability,fair_odds,point,over_odds,under_odds,over_no_vig_probability,under_no_vig_probability,over_book,under_book,line,market_edge,ev_per_unit,signal
823818,2026-09-09 22:40:00+00:00,NYM,MIA,MIA,NYM,1,669065,Kyle Stowers,confirmed,1.0,4.75,476594,0.05725190839694656,0.08778625954198473,0.07876712328767123,0.2900763358778626,0.21755725190839695,0.3320610687022901,0.11068702290076336,0.3648871325,100.77199999999999,0.045454545454545456,0.09090909090909091,0.08955223880597014,0.30303030303030304,0.18181818181818182,0.3181818181818182,0.13636363636363635,0.3994266211111111,103.3,L,0.015873015873015872,0.047619047619047616,0.11904761904761904,0.5421686746987951,0.1984126984126984,0.10317460317460317,0.3224980661655649,98.55166666666668,12.666666666666666,R,2.0,0.0,0.0,0.02857142857142857,0.05714285714285714,0.047619047619047616,0,loanDepot park,83.6,84.0,3.5,0.0,0.5,0.8591349142907896,0.22262529745315737,349,,,,,,,,0.5,,,HR WATCH
823497,2026-09-09 23:05:00+00:00,COL,NYY,NYY,COL,1,592450,Aaron Judge,confirmed,3.0,4.55,608372,0.06439393939393939,0.11742424242424243,0.10231023102310231,0.22727272727272727,0.24621212121212122,0.2803030303030303,0.1590909090909091,0.4060424177777778,99.12300000000002,0.015384615384615385,0.09230769230769231,0.07894736842105263,0.24615384615384617,0.24615384615384617,0.27692307692307694,0.12307692307692308,0.33305428111111113,99.12333333333335,R,0.05232558139534884,0.07848837209302326,0.23837209302325582,0.4989429175475687,0.14825581395348839,0.0436046511627907,0.3706605962835715,102.43533333333335,15.333333333333334,R,0.0,0.0,0.0,0.03,0.06,0.0,1,Yankee Stadium,78.8,64.0,8.4,0.0,0.0,1.182573940847322,0.21531978450690656,364,,,,,,,,0.5,,,HR WATCH
824549,2026-09-09 23:40:00+00:00,PIT,CWS,CWS,PIT,1,808959,Munetaka Murakami,confirmed,3.0,4.55,669199,0.04814814814814815,0.07777777777777778,0.08300395256916997,0.21851851851851853,0.15925925925925927,0.362962962962963,0.15925925925925927,0.305536589484127,98.9735,0.014925373134328358,0.029850746268656716,0.028985507246376812,0.19402985074626866,0.13432835820895522,0.44776119402985076,0.1791044776119403,0.19621402555555562,97.75066666666666,L,0.0136986301369863,0.0136986301369863,0.136986301369863,0.5232558139534884,0.2876712328767123,0.136986301369863,0.2692543093434343,95.64874999999999,6.875,R,1.0,0.0,0.0,0.029268292682926828,0.058536585365853655,0.024390243902439025,0,Rate Field,73.3,89.0,5.3,0.0,0.0,1.3166309058016743,0.21091463717918568,374,,,,,,,,0.5,,,HR WATCH
823497,2026-09-09 23:05:00+00:00,COL,NYY,NYY,COL,1,700250,Ben Rice,confirmed,1.0,4.75,608372,0.05303030303030303,0.08712121212121213,0.07165109034267912,0.24621212121212122,0.25757575757575757,0.26515151515151514,0.12121212121212122,0.3691231133333333,98.3475,0.029411764705882353,0.058823529411764705,0.05128205128205128,0.23529411764705882,0.25,0.22058823529411764,0.11764705882352941,0.40752983333333326,97.72133333333332,L,0.05232558139534884,0.07848837209302326,0.23837209302325582,0.4989429175475687,0.14825581395348839,0.0436046511627907,0.3706605962835715,102.43533333333335,15.333333333333334,R,0.0,0.0,0.0,0.03,0.06,0.0,0,Yankee Stadium,78.8,64.0,8.4,0.0,0.0,1.182573940847322,0.21024212886320934,376,,,,,,,,0.5,,,HR WATCH
823818,2026-09-09 22:40:00+00:00,NYM,MIA,NYM,MIA,0,596019,Francisco Lindor,confirmed,1.0,4.75,676083,0.055970149253731345,0.06716417910447761,0.05157593123209169,0.2873134328358209,0.22014925373134328,0.2126865671641791,0.09701492537313433,0.32990554277777784,98.20566666666666,0.07352941176470588,0.07352941176470588,0.05747126436781609,0.25,0.16176470588235295,0.25,0.058823529411764705,0.3070749566666667,98.48333333333335,L,0.031545741324921134,0.06309148264984227,0.2113564668769716,0.5219206680584552,0.167192429022082,0.06624605678233439,0.32692061872161654,101.95733333333332,14.466666666666667,R,3.0,0.0,0.0,0.027906976744186046,0.05581395348837209,0.06976744186046512,0,loanDepot park,83.6,84.0,3.5,0.0,0.5,0.8591349142907896,0.20652892354763455,384,,,,,,,,0.5,,,HR WATCH
823497,2026-09-09 23:05:00+00:00,COL,NYY,NYY,COL,1,682987,Spencer Jones,confirmed,5.0,4.3,608372,0.041666666666666664,0.08333333333333333,0.06428571428571428,0.25462962962962965,0.2638888888888889,0.3611111111111111,0.09722222222222222,0.3151458761111111,97.53966666666665,0.05172413793103448,0.10344827586206896,0.075,0.2413793103448276,0.25862068965517243,0.3620689655172414,0.10344827586206896,0.3550305344444444,97.55199999999999,L,0.05232558139534884,0.07848837209302326,0.23837209302325582,0.4989429175475687,0.14825581395348839,0.0436046511627907,0.3706605962835715,102.43533333333335,15.333333333333334,R,0.0,0.0,0.0,0.03,0.06,0.0,0,Yankee Stadium,78.8,64.0,8.4,0.0,0.0,1.182573940847322,0.20214927868547705,395,,,,,,,,0.5,,,HR WATCH
823739,2026-09-09 23:40:00+00:00,CHC,MIL,CHC,MIL,0,691718,Pete Crow-Armstrong,confirmed,1.0,4.75,701656,0.08185053380782918,0.099644128113879,0.07407407407407407,0.2669039145907473,0.29537366548042704,0.26334519572953735,0.12811387900355872,0.3706678380555556,98.33316666666666,0.11267605633802817,0.14084507042253522,0.1111111111111111,0.2535211267605634,0.2112676056338028,0.22535211267605634,0.07042253521126761,0.4378698555555555,102.83533333333334,L,0.03858520900321544,0.05787781350482315,0.21221864951768488,0.6388261851015802,0.2990353697749196,0.04501607717041801,0.25235627355270557,100.266,16.466666666666665,R,3.0,1.0,1.0,0.051162790697674425,0.07906976744186046,0.06976744186046512,0,American Family Field,76.7,59.0,5.1,0.0,0.5,0.8844035882405187,0.19358369549830956,417,,,,,,,,0.5,,,HR WATCH
824871,2026-09-09 23:15:00+00:00,TB,ATL,ATL,TB,1,621566,Matt Olson,confirmed,3.0,4.55,643377,0.06589147286821706,0.10465116279069768,0.07848837209302326,0.26356589147286824,0.29844961240310075,0.29844961240310075,0.09302325581395349,0.3342994730555556,98.45100000000001,0.015873015873015872,0.047619047619047616,0.036585365853658534,0.2698412698412698,0.2222222222222222,0.2857142857142857,0.06349206349206349,0.25901359333333335,97.86666666666666,L,0.03691275167785235,0.06375838926174497,0.17785234899328858,0.46846846846846846,0.2785234899328859,0.06040268456375839,0.3189320931702742,101.41333333333333,14.066666666666666,R,0.0,0.0,0.0,0.03,0.06,0.0,0,Truist Park,88.6,36.0,4.5,0.0,0.0,1.1262608960450688,0.1921559738573123,420,,,,,,,,0.5,,,HR WATCH
823497,2026-09-09 23:05:00+00:00,COL,NYY,NYY,COL,1,671277,Luis García Jr.,confirmed,4.0,4.45,608372,0.07480314960629922,0.1220472440944882,0.0856353591160221,0.2559055118110236,0.21653543307086615,0.18110236220472442,0.05511811023622047,0.35388096750000003,99.14899999999999,0.06153846153846154,0.09230769230769231,0.06741573033707865,0.24615384615384617,0.23076923076923078,0.2153846153846154,0.06153846153846154,0.36975568000000003,100.48733333333332,L,0.05232558139534884,0.07848837209302326,0.23837209302325582,0.4989429175475687,0.14825581395348839,0.0436046511627907,0.3706605962835715,102.43533333333335,15.333333333333334,R,0.0,0.0,0.0,0.03,0.06,0.0,0,Yankee Stadium,78.8,64.0,8.4,0.0,0.0,1.182573940847322,0.18909323231384714,429,,,,,,,,0.5,,,HR WATCH
824064,2026-09-09 23:40:00+00:00,ARI,KC,KC,ARI,1,695600,Carter Jensen,confirmed,1.0,4.75,668678,0.044444444444444446,0.07777777777777778,0.06422018348623854,0.1962962962962963,0.21851851851851853,0.2851851851851852,0.12962962962962962,0.3231221623809523,97.5035,0.08571428571428572,0.1,0.08860759493670886,0.2,0.2714285714285714,0.22857142857142856,0.17142857142857143,0.43788640333333334,100.87466666666666,L,0.04507042253521127,0.08450704225352113,0.2140845070422535,0.41202672605790647,0.14084507042253522,0.0676056338028169,0.3749993943060289,104.16133333333333,15.466666666666667,R,0.0,0.0,0.0,0.03,0.06,0.0,0,Kauffman Stadium,77.1,85.0,3.7,0.0,0.0,1.0396254425031404,0.18884263303424645,430,,,,,,,,0.5,,,HR WATCH
824549,2026-09-09 23:40:00+00:00,PIT,CWS,PIT,CWS,0,699013,Esmerlyn Valdez,confirmed,6.0,4.15,663436,0.050980392156862744,0.09019607843137255,0.08984375,0.1843137254901961,0.2,0.3686274509803922,0.15294117647058825,0.32839825861111116,96.4142372881356,0.03125,0.078125,0.0847457627118644,0.1875,0.15625,0.4375,0.125,0.27976431777777777,97.03333333333333,R,0.028846153846153848,0.041666666666666664,0.18269230769230768,0.48325358851674644,0.15384615384615385,0.08974358974358974,0.3571842369036525,102.586,13.733333333333333,R,0.0,0.0,0.0,0.03,0.06,0.0,1,Rate Field,73.3,89.0,5.3,0.0,0.0,1.3166309058016743,0.1843115294609419,443,,,,,,,,0.5,,,HR WATCH
824791,2026-09-09 22:35:00+00:00,CLE,BAL,BAL,CLE,1,624413,Pete Alonso,confirmed,2.0,4.65,656492,0.057692307692307696,0.1,0.07365439093484419,0.3,0.2846153846153846,0.23076923076923078,0.11153846153846154,0.4175144833333333,100.43683333333334,0.06153846153846154,0.09230769230769231,0.07228915662650602,0.26153846153846155,0.27692307692307694,0.24615384615384617,0.13846153846153847,0.41201813333333337,98.52133333333335,R,0.025,0.044444444444444446,0.16111111111111112,0.5057251908396947,0.20277777777777778,0.05555555555555555,0.3090153352686525,100.18733333333334,17.466666666666665,L,3.0,0.0,0.0,0.027906976744186046,0.05581395348837209,0.06976744186046512,0,Oriole Park at Camden Yards,85.2,44.0,9.5,0.0,0.0,1.0107469579891644,0.18328857502398072,446,,,,,,,,0.5,,,HR WATCH
824549,2026-09-09 23:40:00+00:00,PIT,CWS,PIT,CWS,0,664040,Brandon Lowe,confirmed,2.0,4.65,663436,0.041044776119402986,0.06343283582089553,0.0529595015576324,0.16417910447761194,0.19776119402985073,0.3246268656716418,0.08208955223880597,0.2895648347222222,96.65483333333333,0.04477611940298507,0.029850746268656716,0.023529411764705882,0.1791044776119403,0.19402985074626866,0.2537313432835821,0.14925373134328357,0.3138240411111111,96.75466666666667,L,0.028846153846153848,0.041666666666666664,0.18269230769230768,0.48325358851674644,0.15384615384615385,0.08974358974358974,0.3571842369036525,102.586,13.733333333333333,R,0.0,0.0,0.0,0.03,0.06,0.0,0,Rate Field,73.3,89.0,5.3,0.0,0.0,1.3166309058016743,0.17826733202555267,461,,,,,,,,0.5,,,HR WATCH
823818,2026-09-09 22:40:00+00:00,NYM,MIA,NYM,MIA,0,665742,Juan Soto,confirmed,2.0,4.65,676083,0.06640625,0.0859375,0.07482993197278912,0.21875,0.20703125,0.109375,0.1875,0.44498002083333327,100.42881355932202,0.045454545454545456,0.07575757575757576,0.07246376811594203,0.19696969696969696,0.18181818181818182,0.12121212121212122,0.19696969696969696,0.3746025033333334,101.21642857142858,L,0.031545741324921134,0.06309148264984227,0.2113564668769716,0.5219206680584552,0.167192429022082,0.06624605678233439,0.32692061872161654,101.95733333333332,14.466666666666667,R,0.0,0.0,0.0,0.03,0.06,0.0,0,loanDepot park,83.6,84.0,3.5,0.0,0.5,0.8591349142907896,0.17783525070387937,462,,,,,,,,0.5,,,HR WATCH
824713,2026-09-09 22:45:00+00:00,LAA,BOS,BOS,LAA,1,701350,Roman Anthony,confirmed,1.0,4.75,696270,0.011235955056179775,0.06179775280898876,0.05945945945945946,0.1797752808988764,0.17415730337078653,0.2640449438202247,0.1404494382022472,0.33480791880341887,98.80846153846153,0.029411764705882353,0.08823529411764706,0.07894736842105263,0.25,0.23529411764705882,0.25,0.10294117647058823,0.3709793466666667,99.71133333333333,L,0.044585987261146494,0.06687898089171974,0.19745222929936307,0.5427872860635696,0.1751592356687898,0.11146496815286625,0.34288132904422447,100.852,14.533333333333333,R,0.0,0.0,0.0,0.03,0.06,0.0,0,Fenway Park,73.2,74.0,11.2,0.0,0.0,1.1237127944703065,0.17358158695590176,476,,,,,,,,0.5,,,HR WATCH
824791,2026-09-09 22:35:00+00:00,CLE,BAL,BAL,CLE,1,691723,Coby Mayo,confirmed,3.0,4.55,656492,0.061946902654867256,0.08849557522123894,0.06711409395973154,0.2831858407079646,0.29646017699115046,0.3141592920353982,0.061946902654867256,0.3166547841666667,96.76766666666667,0.07017543859649122,0.10526315789473684,0.075,0.2807017543859649,0.2807017543859649,0.24561403508771928,0.05263157894736842,0.36923109888888894,97.52933333333334,R,0.025,0.044444444444444446,0.16111111111111112,0.5057251908396947,0.20277777777777778,0.05555555555555555,0.3090153352686525,100.18733333333334,17.466666666666665,L,3.0,0.0,0.0,0.027906976744186046,0.05581395348837209,0.06976744186046512,0,Oriole Park at Camden Yards,85.2,44.0,9.5,0.0,0.0,1.0107469579891644,0.1733957340079786,477,,,,,,,,0.5,,,HR WATCH
824871,2026-09-09 23:15:00+00:00,TB,ATL,TB,ATL,0,691406,Junior Caminero,confirmed,3.0,4.55,625643,0.05725190839694656,0.08778625954198473,0.07371794871794872,0.17938931297709923,0.1717557251908397,0.1946564885496183,0.09923664122137404,0.33909257000000004,100.44533333333332,0.05970149253731343,0.07462686567164178,0.05747126436781609,0.208955223880597,0.22388059701492538,0.1791044776119403,0.1044776119402985,0.3536788966666667,102.69133333333335,R,0.03773584905660377,0.06132075471698113,0.16981132075471697,0.5451388888888888,0.22169811320754718,0.08962264150943396,0.34747957622783454,100.00454545454545,13.363636363636363,R,0.0,0.0,0.0,0.03,0.06,0.0,1,Truist Park,88.6,36.0,4.5,0.0,0.0,1.1262608960450688,0.17105096633835112,485,,,,,,,,0.5,,,HR WATCH
824549,2026-09-09 23:40:00+00:00,PIT,CWS,PIT,CWS,0,804606,Konnor Griffin,confirmed,1.0,4.75,663436,0.01937984496124031,0.050387596899224806,0.039634146341463415,0.1744186046511628,0.2364341085271318,0.26356589147286824,0.06201550387596899,0.2974287944444444,96.23779661016948,0.029411764705882353,0.04411764705882353,0.02857142857142857,0.25,0.3088235294117647,0.2647058823529412,0.04411764705882353,0.2659784533333333,99.778,R,0.028846153846153848,0.041666666666666664,0.18269230769230768,0.48325358851674644,0.15384615384615385,0.08974358974358974,0.3571842369036525,102.586,13.733333333333333,R,0.0,0.0,0.0,0.03,0.06,0.0,1,Rate Field,73.3,89.0,5.3,0.0,0.0,1.3166309058016743,0.17056429008707213,486,,,,,,,,0.5,,,HR WATCH
823900,2026-09-10 02:10:00+00:00,CIN,LAD,CIN,LAD,0,682829,Elly De La Cruz,confirmed,2.0,4.65,808967,0.04428044280442804,0.0996309963099631,0.08940397350993377,0.21033210332103322,0.1992619926199262,0.25092250922509224,0.12915129151291513,0.3784974300000001,100.91949152542372,0.05970149253731343,0.16417910447761194,0.13095238095238096,0.29850746268656714,0.208955223880597,0.26865671641791045,0.1044776119402985,0.44857009444444446,103.80733333333333,R,0.023316062176165803,0.03626943005181347,0.13212435233160622,0.45510204081632655,0.26424870466321243,0.06476683937823834,0.24629243649900398,100.27933333333331,20.0,R,0.0,0.0,0.0,0.03,0.06,0.0,1,UNIQLO Field at Dodger Stadium,72.0,55.0,7.0,0.0,0.0,0.8898967782295902,0.16796024586572458,495,,,,,,,,0.5,,,HR WATCH
823416,2026-09-09 22:40:00+00:00,HOU,PHI,PHI,HOU,1,656941,Kyle Schwarber,confirmed,1.0,4.75,686613,0.051470588235294115,0.06985294117647059,0.06109324758842444,0.22426470588235295,0.19117647058823528,0.2977941176470588,0.14338235294117646,0.33937167972222226,98.36249999999998,0.07352941176470588,0.08823529411764706,0.06741573033707865,0.23529411764705882,0.20588235294117646,0.22058823529411764,0.11764705882352941,0.38108580000000003,98.33733333333336,L,0.028985507246376812,0.04057971014492753,0.12173913043478261,0.4567901234567901,0.24347826086956523,0.12173913043478261,0.2943831428632929,99.38466666666665,16.0,R,0.0,0.0,0.0,0.03,0.06,0.0,0,Citizens Bank Park,81.3,57.0,8.7,0.0,0.0,0.985478284039435,0.1675508890431956,497,,,,,,,,0.5,,,HR WATCH
824549,2026-09-09 23:40:00+00:00,PIT,CWS,PIT,CWS,0,665833,Oneil Cruz,confirmed,5.0,4.3,663436,0.04411764705882353,0.08088235294117647,0.07857142857142857,0.15441176470588236,0.16911764705882354,0.3492647058823529,0.125,0.34682278499999997,97.75766666666668,0.029411764705882353,0.08823529411764706,0.08333333333333333,0.11764705882352941,0.14705882352941177,0.3235294117647059,0.14705882352941177,0.3153185566666667,96.216,L,0.028846153846153848,0.041666666666666664,0.18269230769230768,0.48325358851674644,0.15384615384615385,0.08974358974358974,0.3571842369036525,102.586,13.733333333333333,R,0.0,0.0,0.0,0.03,0.06,0.0,0,Rate Field,73.3,89.0,5.3,0.0,0.0,1.3166309058016743,0.16744303117458822,497,,,,,,,,0.5,,,HR WATCH
823818,2026-09-09 22:40:00+00:00,NYM,MIA,MIA,NYM,1,681715,Heriberto Hernández,confirmed,2.0,4.65,476594,0.06201550387596899,0.10077519379844961,0.09027777777777778,0.19767441860465115,0.22868217054263565,0.29457364341085274,0.10852713178294573,0.3462696927777778,98.26933333333336,0.07462686567164178,0.1044776119402985,0.0958904109589041,0.208955223880597,0.23880597014925373,0.23880597014925373,0.1044776119402985,0.37810214000000003,96.76800000000003,R,0.015873015873015872,0.047619047619047616,0.11904761904761904,0.5421686746987951,0.1984126984126984,0.10317460317460317,0.3224980661655649,98.55166666666668,12.666666666666666,R,0.0,0.0,0.0,0.03,0.06,0.0,1,loanDepot park,83.6,84.0,3.5,0.0,0.5,0.8591349142907896,0.1671713581566042,498,,,,,,,,0.5,,,HR WATCH
824549,2026-09-09 23:40:00+00:00,PIT,CWS,PIT,CWS,0,668804,Bryan Reynolds,confirmed,3.0,4.55,663436,0.018867924528301886,0.0830188679245283,0.06790123456790123,0.2037735849056604,0.27169811320754716,0.25660377358490566,0.09811320754716982,0.34249540861111105,97.59416666666667,0.014925373134328358,0.08955223880597014,0.07692307692307693,0.31343283582089554,0.31343283582089554,0.16417910447761194,0.1044776119402985,0.45504008777777777,100.39533333333334,L,0.028846153846153848,0.041666666666666664,0.18269230769230768,0.48325358851674644,0.15384615384615385,0.08974358974358974,0.3571842369036525,102.586,13.733333333333333,R,0.0,0.0,0.0,0.03,0.06,0.0,0,Rate Field,73.3,89.0,5.3,0.0,0.0,1.3166309058016743,0.16716260911717393,498,,,,,,,,0.5,,,HR WATCH
823497,2026-09-09 23:05:00+00:00,COL,NYY,COL,NYY,0,696100,Hunter Goodman,confirmed,4.0,4.45,701542,0.08108108108108109,0.09652509652509653,0.08196721311475409,0.2084942084942085,0.20077220077220076,0.3088803088803089,0.08494208494208494,0.32977897944444445,96.21749999999999,0.06153846153846154,0.07692307692307693,0.05555555555555555,0.2,0.2923076923076923,0.24615384615384617,0.07692307692307693,0.32923016111111114,97.96333333333334,R,0.038461538461538464,0.05917159763313609,0.1863905325443787,0.4346793349168646,0.19822485207100593,0.08579881656804733,0.36156774108002204,103.07466666666667,15.0,R,0.0,0.0,0.0,0.03,0.06,0.0,1,Yankee Stadium,78.8,64.0,8.4,0.0,0.0,1.182573940847322,0.1667781070614746,500,,,,,,,,0.5,,,HR WATCH
824871,2026-09-09 23:15:00+00:00,TB,ATL,ATL,TB,1,660670,Ronald Acuña Jr.,confirmed,2.0,4.65,643377,0.05384615384615385,0.07692307692307693,0.058997050147492625,0.23076923076923078,0.25769230769230766,0.23461538461538461,0.11153846153846154,0.3488777861111111,97.5305,0.045454545454545456,0.07575757575757576,0.05434782608695652,0.19696969696969696,0.3181818181818182,0.19696969696969696,0.10606060606060606,0.3661455733333333,100.27933333333333,R,0.03691275167785235,0.06375838926174497,0.17785234899328858,0.46846846846846846,0.2785234899328859,0.06040268456375839,0.3189320931702742,101.41333333333333,14.066666666666666,R,0.0,0.0,0.0,0.03,0.06,0.0,1,Truist Park,88.6,36.0,4.5,0.0,0.0,1.1262608960450688,0.16502729645628061,506,,,,,,,,0.5,,,HR WATCH
824713,2026-09-09 22:45:00+00:00,LAA,BOS,LAA,BOS,0,687263,Zach Neto,confirmed,1.0,4.75,687562,0.026615969581749048,0.060836501901140684,0.045845272206303724,0.24334600760456274,0.20912547528517111,0.2813688212927757,0.060836501901140684,0.2894486755555556,96.99916666666667,0.04411764705882353,0.07352941176470588,0.053763440860215055,0.2647058823529412,0.25,0.2647058823529412,0.04411764705882353,0.37158656,98.18066666666667,R,0.0226628895184136,0.056657223796033995,0.16997167138810199,0.4922737306843267,0.21813031161473087,0.039660056657223795,0.2664343456128637,100.12399999999998,17.8,L,4.0,0.0,0.0,0.02727272727272727,0.05454545454545454,0.09090909090909091,0,Fenway Park,73.2,74.0,11.2,0.0,0.0,1.1237127944703065,0.1645726229876214,508,,,,,,,,0.5,,,HR WATCH
824871,2026-09-09 23:15:00+00:00,TB,ATL,ATL,TB,1,686948,Drake Baldwin,confirmed,1.0,4.75,643377,0.03018867924528302,0.06792452830188679,0.04918032786885246,0.22641509433962265,0.2830188679245283,0.18867924528301888,0.09056603773584905,0.3463382897222222,98.76100000000002,0.015151515151515152,0.06060606060606061,0.04819277108433735,0.18181818181818182,0.30303030303030304,0.2878787878787879,0.030303030303030304,0.2917848533333333,97.19066666666666,L,0.03691275167785235,0.06375838926174497,0.17785234899328858,0.46846846846846846,0.2785234899328859,0.06040268456375839,0.3189320931702742,101.41333333333333,14.066666666666666,R,0.0,0.0,0.0,0.03,0.06,0.0,0,Truist Park,88.6,36.0,4.5,0.0,0.0,1.1262608960450688,0.15706234303908728,537,,,,,,,,0.5,,,PASS
824791,2026-09-09 22:35:00+00:00,CLE,BAL,BAL,CLE,1,687952,Christian Encarnacion-Strand,confirmed,4.0,4.45,656492,0.052980132450331126,0.11920529801324503,0.07659574468085106,0.24503311258278146,0.2781456953642384,0.271523178807947,0.059602649006622516,0.3516475171296296,97.25500000000001,0.031746031746031744,0.09523809523809523,0.058823529411764705,0.19047619047619047,0.25396825396825395,0.31746031746031744,0.06349206349206349,0.31775085222222216,96.33800000000001,R,0.025,0.044444444444444446,0.16111111111111112,0.5057251908396947,0.20277777777777778,0.05555555555555555,0.3090153352686525,100.18733333333334,17.466666666666665,L,0.0,0.0,0.0,0.03,0.06,0.0,0,Oriole Park at Camden Yards,85.2,44.0,9.5,0.0,0.0,1.0107469579891644,0.15596201302328316,541,,,,,,,,0.5,,,PASS
824549,2026-09-09 23:40:00+00:00,PIT,CWS,CWS,PIT,1,695657,Colson Montgomery,confirmed,5.0,4.3,669199,0.04247104247104247,0.05405405405405406,0.04560260586319218,0.1969111969111969,0.23552123552123552,0.38223938223938225,0.07335907335907337,0.27169013420634924,95.95034482758622,0.06153846153846154,0.06153846153846154,0.04819277108433735,0.26153846153846155,0.24615384615384617,0.4461538461538462,0.09230769230769231,0.2688359166666667,100.1613333333333,L,0.0136986301369863,0.0136986301369863,0.136986301369863,0.5232558139534884,0.2876712328767123,0.136986301369863,0.2692543093434343,95.64874999999999,6.875,R,2.0,0.0,0.0,0.02857142857142857,0.05714285714285714,0.047619047619047616,0,Rate Field,73.3,89.0,5.3,0.0,0.0,1.3166309058016743,0.15590367796435298,541,,,,,,,,0.5,,,PASS
823497,2026-09-09 23:05:00+00:00,COL,NYY,COL,NYY,0,666160,Mickey Moniak,confirmed,5.0,4.3,701542,0.04417670682730924,0.060240963855421686,0.04437869822485207,0.21686746987951808,0.20080321285140562,0.26506024096385544,0.04417670682730924,0.24858312305555558,96.88266666666668,0.046875,0.03125,0.022222222222222223,0.21875,0.15625,0.3125,0.03125,0.24830128333333332,97.38933333333331,L,0.038461538461538464,0.05917159763313609,0.1863905325443787,0.4346793349168646,0.19822485207100593,0.08579881656804733,0.36156774108002204,103.07466666666667,15.0,R,0.0,0.0,0.0,0.03,0.06,0.0,0,Yankee Stadium,78.8,64.0,8.4,0.0,0.0,1.182573940847322,0.15564958392539102,542,,,,,,,,0.5,,,PASS
824064,2026-09-09 23:40:00+00:00,ARI,KC,KC,ARI,1,686469,Vinnie Pasquantino,confirmed,3.0,4.55,668678,0.023255813953488372,0.050387596899224806,0.034482758620689655,0.26356589147286824,0.2868217054263566,0.12403100775193798,0.12015503875968993,0.3311231027777778,97.39,0.04477611940298507,0.08955223880597014,0.06382978723404255,0.3283582089552239,0.29850746268656714,0.07462686567164178,0.13432835820895522,0.33011142222222223,98.74666666666667,L,0.04507042253521127,0.08450704225352113,0.2140845070422535,0.41202672605790647,0.14084507042253522,0.0676056338028169,0.3749993943060289,104.16133333333333,15.466666666666667,R,0.0,0.0,0.0,0.03,0.06,0.0,0,Kauffman Stadium,77.1,85.0,3.7,0.0,0.0,1.0396254425031404,0.15117039992069137,562,,,,,,,,0.5,,,PASS
824871,2026-09-09 23:15:00+00:00,TB,ATL,TB,ATL,0,666018,Jonathan Aranda,confirmed,2.0,4.65,625643,0.026119402985074626,0.06343283582089553,0.04271356783919598,0.22014925373134328,0.31343283582089554,0.23880597014925373,0.0708955223880597,0.3288178541666667,96.98649999999999,0.06060606060606061,0.06060606060606061,0.03773584905660377,0.25757575757575757,0.2878787878787879,0.22727272727272727,0.07575757575757576,0.3478389966666667,96.04666666666667,L,0.03773584905660377,0.06132075471698113,0.16981132075471697,0.5451388888888888,0.22169811320754718,0.08962264150943396,0.34747957622783454,100.00454545454545,13.363636363636363,R,0.0,0.0,0.0,0.03,0.06,0.0,0,Truist Park,88.6,36.0,4.5,0.0,0.0,1.1262608960450688,0.15094767802681697,562,,,,,,,,0.5,,,PASS
824549,2026-09-09 23:40:00+00:00,PIT,CWS,CWS,PIT,1,545341,Randal Grichuk,confirmed,4.0,4.45,669199,0.04794520547945205,0.10273972602739725,0.078125,0.23972602739726026,0.2191780821917808,0.2328767123287671,0.03424657534246575,0.37035824814814816,98.09244444444444,0.043478260869565216,0.08695652173913043,0.05970149253731343,0.2608695652173913,0.15217391304347827,0.2391304347826087,0.021739130434782608,0.31630886666666663,100.65333333333335,R,0.0136986301369863,0.0136986301369863,0.136986301369863,0.5232558139534884,0.2876712328767123,0.136986301369863,0.2692543093434343,95.64874999999999,6.875,R,0.0,0.0,0.0,0.03,0.06,0.0,1,Rate Field,73.3,89.0,5.3,0.0,0.0,1.3166309058016743,0.15048021677396345,565,,,,,,,,0.5,,,PASS
823900,2026-09-10 02:10:00+00:00,CIN,LAD,LAD,CIN,1,571970,Max Muncy,confirmed,4.0,4.45,695076,0.044715447154471545,0.056910569105691054,0.04560260586319218,0.2926829268292683,0.21544715447154472,0.25203252032520324,0.12601626016260162,0.3070820391666667,96.72000000000001,0.03125,0.046875,0.03488372093023256,0.328125,0.21875,0.203125,0.1875,0.38276965111111105,97.92666666666668,L,0.04154302670623145,0.0771513353115727,0.18397626112759644,0.5260770975056689,0.18100890207715134,0.0830860534124629,0.35638587862898125,100.93199999999999,14.666666666666666,R,0.0,0.0,0.0,0.03,0.06,0.0,0,UNIQLO Field at Dodger Stadium,72.0,55.0,7.0,0.0,0.0,0.8898967782295902,0.14960437478815553,568,,,,,,,,0.5,,,PASS
824064,2026-09-09 23:40:00+00:00,ARI,KC,KC,ARI,1,677951,Bobby Witt Jr.,confirmed,2.0,4.65,668678,0.03018867924528302,0.07547169811320754,0.060790273556231005,0.2,0.29056603773584905,0.15471698113207547,0.10943396226415095,0.38598708908730167,98.70250000000001,0.014492753623188406,0.10144927536231885,0.08045977011494253,0.21739130434782608,0.30434782608695654,0.14492753623188406,0.13043478260869565,0.3863141633333333,98.61266666666666,R,0.04507042253521127,0.08450704225352113,0.2140845070422535,0.41202672605790647,0.14084507042253522,0.0676056338028169,0.3749993943060289,104.16133333333333,15.466666666666667,R,0.0,0.0,0.0,0.03,0.06,0.0,1,Kauffman Stadium,77.1,85.0,3.7,0.0,0.0,1.0396254425031404,0.14873813827700644,572,,,,,,,,0.5,,,PASS
824064,2026-09-09 23:40:00+00:00,ARI,KC,ARI,KC,0,694374,Tim Tawa,confirmed,5.0,4.3,663738,0.041666666666666664,0.07916666666666666,0.0627062706270627,0.2,0.275,0.25416666666666665,0.06666666666666667,0.3090744319444444,97.35783333333335,0.034482758620689655,0.08620689655172414,0.07462686567164178,0.1724137931034483,0.25862068965517243,0.3620689655172414,0.10344827586206896,0.27332873333333335,95.044,R,0.03296703296703297,0.054945054945054944,0.1978021978021978,0.4224137931034483,0.12087912087912088,0.08791208791208792,0.35427535375816993,100.22666666666667,10.166666666666666,L,0.0,0.0,0.0,0.03,0.06,0.0,0,Kauffman Stadium,77.1,85.0,3.7,0.0,0.0,1.0396254425031404,0.14812198003054178,575,,,,,,,,0.5,,,PASS
824713,2026-09-09 22:45:00+00:00,LAA,BOS,BOS,LAA,1,681508,Mickey Gasper,confirmed,2.0,4.65,696270,0.044444444444444446,0.07222222222222222,0.06220095693779904,0.22777777777777777,0.2222222222222222,0.12777777777777777,0.1388888888888889,0.3893449674242424,97.13674418604651,0.1016949152542373,0.11864406779661017,0.11475409836065574,0.23728813559322035,0.23728813559322035,0.11864406779661017,0.23728813559322035,0.5128342355555556,96.39999999999999,L,0.044585987261146494,0.06687898089171974,0.19745222929936307,0.5427872860635696,0.1751592356687898,0.11146496815286625,0.34288132904422447,100.852,14.533333333333333,R,0.0,0.0,0.0,0.03,0.06,0.0,0,Fenway Park,73.2,74.0,11.2,0.0,0.0,1.1237127944703065,0.14719987246809998,579,,,,,,,,0.5,,,PASS
824713,2026-09-09 22:45:00+00:00,LAA,BOS,BOS,LAA,1,677800,Wilyer Abreu,confirmed,3.0,4.55,696270,0.04868913857677903,0.0898876404494382,0.06997084548104957,0.20224719101123595,0.3258426966292135,0.21348314606741572,0.12359550561797752,0.3691315682142857,96.88266666666667,0.015151515151515152,0.06060606060606061,0.04597701149425287,0.18181818181818182,0.3939393939393939,0.22727272727272727,0.10606060606060606,0.30928258999999997,95.046,L,0.044585987261146494,0.06687898089171974,0.19745222929936307,0.5427872860635696,0.1751592356687898,0.11146496815286625,0.34288132904422447,100.852,14.533333333333333,R,2.0,0.0,0.0,0.02857142857142857,0.05714285714285714,0.047619047619047616,0,Fenway Park,73.2,74.0,11.2,0.0,0.0,1.1237127944703065,0.14645962329514634,583,,,,,,,,0.5,,,PASS
823416,2026-09-09 22:40:00+00:00,HOU,PHI,HOU,PHI,0,670541,Yordan Alvarez,confirmed,2.0,4.65,650911,0.04868913857677903,0.08239700374531835,0.06769230769230769,0.23595505617977527,0.22846441947565543,0.1797752808988764,0.1647940074906367,0.4026153050000001,100.37366666666667,0.029850746268656716,0.029850746268656716,0.020833333333333332,0.208955223880597,0.23880597014925373,0.208955223880597,0.16417910447761194,0.3580967133333333,97.91466666666669,L,0.026525198938992044,0.034482758620689655,0.1273209549071618,0.34497816593886466,0.2493368700265252,0.0636604774535809,0.2963161209026917,101.36066666666666,17.333333333333332,L,0.0,0.0,0.0,0.03,0.06,0.0,1,Citizens Bank Park,81.3,57.0,8.7,0.0,0.0,0.985478284039435,0.14543417605603098,588,,,,,,,,0.5,,,PASS
823739,2026-09-09 23:40:00+00:00,CHC,MIL,MIL,CHC,1,694192,Jackson Chourio,confirmed,1.0,4.75,592332,0.0364963503649635,0.072992700729927,0.05649717514124294,0.1897810218978102,0.23357664233576642,0.22992700729927007,0.08394160583941605,0.3322052652777778,96.49500000000002,0.06944444444444445,0.06944444444444445,0.04950495049504951,0.20833333333333334,0.2361111111111111,0.16666666666666666,0.027777777777777776,0.31541788,99.41866666666667,R,0.033426183844011144,0.04178272980501393,0.20891364902506965,0.513978494623656,0.2395543175487465,0.08356545961002786,0.31797717499818146,101.078,16.2,R,3.0,0.0,0.0,0.027906976744186046,0.05581395348837209,0.06976744186046512,1,American Family Field,76.7,59.0,5.1,0.0,0.5,0.8844035882405187,0.144676523955403,591,,,,,,,,0.5,,,PASS
824871,2026-09-09 23:15:00+00:00,TB,ATL,TB,ATL,0,650490,Yandy Díaz,confirmed,1.0,4.75,625643,0.0364963503649635,0.058394160583941604,0.03902439024390244,0.18613138686131386,0.2591240875912409,0.15693430656934307,0.06204379562043796,0.32739360333333334,98.55183333333333,0.043478260869565216,0.08695652173913043,0.0594059405940594,0.2463768115942029,0.2608695652173913,0.13043478260869565,0.08695652173913043,0.36908999333333337,101.25399999999999,R,0.03773584905660377,0.06132075471698113,0.16981132075471697,0.5451388888888888,0.22169811320754718,0.08962264150943396,0.34747957622783454,100.00454545454545,13.363636363636363,R,0.0,0.0,0.0,0.03,0.06,0.0,1,Truist Park,88.6,36.0,4.5,0.0,0.0,1.1262608960450688,0.14458080901724457,592,,,,,,,,0.5,,,PASS
824064,2026-09-09 23:40:00+00:00,ARI,KC,ARI,KC,0,606466,Ketel Marte,confirmed,2.0,4.65,663738,0.04150943396226415,0.06415094339622641,0.04885057471264368,0.17358490566037735,0.21132075471698114,0.13584905660377358,0.09811320754716982,0.3251592358333334,98.81433333333332,0.046875,0.0625,0.0425531914893617,0.15625,0.28125,0.109375,0.171875,0.3443592611111111,96.558,L,0.03296703296703297,0.054945054945054944,0.1978021978021978,0.4224137931034483,0.12087912087912088,0.08791208791208792,0.35427535375816993,100.22666666666667,10.166666666666666,L,0.0,0.0,0.0,0.03,0.06,0.0,1,Kauffman Stadium,77.1,85.0,3.7,0.0,0.0,1.0396254425031404,0.14188731442502572,605,,,,,,,,0.5,,,PASS
823497,2026-09-09 23:05:00+00:00,COL,NYY,NYY,COL,1,669224,Austin Wells,confirmed,8.0,3.85,608372,0.02564102564102564,0.041025641025641026,0.03361344537815126,0.24102564102564103,0.2358974358974359,0.28205128205128205,0.08205128205128205,0.26802000111111113,95.19350000000001,0.0,0.018518518518518517,0.014705882352941176,0.25925925925925924,0.2037037037037037,0.37037037037037035,0.1111111111111111,0.23882867222222223,96.60200000000002,L,0.05232558139534884,0.07848837209302326,0.23837209302325582,0.4989429175475687,0.14825581395348839,0.0436046511627907,0.3706605962835715,102.43533333333335,15.333333333333334,R,0.0,0.0,0.0,0.03,0.06,0.0,0,Yankee Stadium,78.8,64.0,8.4,0.0,0.0,1.182573940847322,0.14065502441423017,611,,,,,,,,0.5,,,PASS
824713,2026-09-09 22:45:00+00:00,LAA,BOS,LAA,BOS,0,677347,Kyren Paris,confirmed,6.0,4.15,687562,0.0,0.0,0.0,0.16666666666666666,0.16666666666666666,0.6666666666666666,0.0,0.17233333333333334,92.82,0.0,0.0,0.0,0.16666666666666666,0.16666666666666666,0.6666666666666666,0.0,0.17233333333333334,92.82,R,0.0226628895184136,0.056657223796033995,0.16997167138810199,0.4922737306843267,0.21813031161473087,0.039660056657223795,0.2664343456128637,100.12399999999998,17.8,L,0.0,0.0,0.0,0.03,0.06,0.0,0,Fenway Park,73.2,74.0,11.2,0.0,0.0,1.1237127944703065,0.13536827428263482,639,,,,,,,,0.5,,,PASS
823900,2026-09-10 02:10:00+00:00,CIN,LAD,LAD,CIN,1,669257,Will Smith,confirmed,2.0,4.65,695076,0.03225806451612903,0.09216589861751152,0.06756756756756757,0.2626728110599078,0.34101382488479265,0.16589861751152074,0.11059907834101383,0.3849183496732026,96.95882352941177,0.04838709677419355,0.06451612903225806,0.04938271604938271,0.24193548387096775,0.3387096774193548,0.14516129032258066,0.1774193548387097,0.42179921,95.36000000000003,R,0.04154302670623145,0.0771513353115727,0.18397626112759644,0.5260770975056689,0.18100890207715134,0.0830860534124629,0.35638587862898125,100.93199999999999,14.666666666666666,R,0.0,0.0,0.0,0.03,0.06,0.0,1,UNIQLO Field at Dodger Stadium,72.0,55.0,7.0,0.0,0.0,0.8898967782295902,0.13390039044583776,647,,,,,,,,0.5,,,PASS
824871,2026-09-09 23:15:00+00:00,TB,ATL,ATL,TB,1,663586,Austin Riley,confirmed,8.0,3.85,643377,0.03463203463203463,0.09090909090909091,0.06907894736842106,0.22943722943722944,0.2510822510822511,0.3593073593073593,0.06060606060606061,0.3070093163888889,97.20833333333333,0.01818181818181818,0.07272727272727272,0.05063291139240506,0.18181818181818182,0.38181818181818183,0.3090909090909091,0.07272727272727272,0.2899384944444445,95.15333333333335,R,0.03691275167785235,0.06375838926174497,0.17785234899328858,0.46846846846846846,0.2785234899328859,0.06040268456375839,0.3189320931702742,101.41333333333333,14.066666666666666,R,0.0,0.0,0.0,0.03,0.06,0.0,1,Truist Park,88.6,36.0,4.5,0.0,0.0,1.1262608960450688,0.13339920590123006,650,,,,,,,,0.5,,,PASS
824549,2026-09-09 23:40:00+00:00,PIT,CWS,PIT,CWS,0,804668,Rafael Flores Jr.,confirmed,8.0,3.85,663436,0.05714285714285714,0.0761904761904762,0.06837606837606838,0.19047619047619047,0.21904761904761905,0.29523809523809524,0.09523809523809523,0.3151026592592593,95.81961538461539,0.031746031746031744,0.047619047619047616,0.0410958904109589,0.1746031746031746,0.19047619047619047,0.3333333333333333,0.07936507936507936,0.27193214777777786,95.21466666666666,R,0.028846153846153848,0.041666666666666664,0.18269230769230768,0.48325358851674644,0.15384615384615385,0.08974358974358974,0.3571842369036525,102.586,13.733333333333333,R,0.0,0.0,0.0,0.03,0.06,0.0,1,Rate Field,73.3,89.0,5.3,0.0,0.0,1.3166309058016743,0.13336275045716836,650,,,,,,,,0.5,,,PASS
824713,2026-09-09 22:45:00+00:00,LAA,BOS,LAA,BOS,0,642350,Jose Siri,confirmed,3.0,4.55,687562,0.03125,0.08125,0.06989247311827956,0.18125,0.20625,0.29375,0.05,0.29555206304347825,95.14717391304347,0.01818181818181818,0.09090909090909091,0.08064516129032258,0.16363636363636364,0.2,0.4,0.03636363636363636,0.27360294999999996,97.53866666666667,R,0.0226628895184136,0.056657223796033995,0.16997167138810199,0.4922737306843267,0.21813031161473087,0.039660056657223795,0.2664343456128637,100.12399999999998,17.8,L,3.0,1.0,1.0,0.051162790697674425,0.07906976744186046,0.06976744186046512,0,Fenway Park,73.2,74.0,11.2,0.0,0.0,1.1237127944703065,0.13250579909134516,655,,,,,,,,0.5,,,PASS
824064,2026-09-09 23:40:00+00:00,ARI,KC,ARI,KC,0,571448,Nolan Arenado,confirmed,4.0,4.45,663738,0.05668016194331984,0.044534412955465584,0.03303303303303303,0.17408906882591094,0.24696356275303644,0.20242914979757085,0.09716599190283401,0.2626567647222222,94.50716666666666,0.016666666666666666,0.016666666666666666,0.011111111111111112,0.18333333333333332,0.18333333333333332,0.16666666666666666,0.06666666666666667,0.18504865666666664,95.41733333333333,R,0.03296703296703297,0.054945054945054944,0.1978021978021978,0.4224137931034483,0.12087912087912088,0.08791208791208792,0.35427535375816993,100.22666666666667,10.166666666666666,L,0.0,0.0,0.0,0.03,0.06,0.0,0,Kauffman Stadium,77.1,85.0,3.7,0.0,0.0,1.0396254425031404,0.13146363622491714,661,,,,,,,,0.5,,,PASS
824791,2026-09-09 22:35:00+00:00,CLE,BAL,BAL,CLE,1,687637,Dylan Beavers,confirmed,1.0,4.75,656492,0.021367521367521368,0.04700854700854701,0.037800687285223365,0.20512820512820512,0.26495726495726496,0.2606837606837607,0.09829059829059829,0.29560063583333335,93.37516666666669,0.03389830508474576,0.05084745762711865,0.04,0.22033898305084745,0.3050847457627119,0.23728813559322035,0.1016949152542373,0.2825962555555555,92.91866666666668,L,0.025,0.044444444444444446,0.16111111111111112,0.5057251908396947,0.20277777777777778,0.05555555555555555,0.3090153352686525,100.18733333333334,17.466666666666665,L,0.0,0.0,0.0,0.03,0.06,0.0,1,Oriole Park at Camden Yards,85.2,44.0,9.5,0.0,0.0,1.0107469579891644,0.13142036236739293,661,,,,,,,,0.5,,,PASS
824064,2026-09-09 23:40:00+00:00,ARI,KC,KC,ARI,1,521692,Salvador Perez,confirmed,4.0,4.45,668678,0.035856573705179286,0.08366533864541832,0.05675675675675676,0.1952191235059761,0.2749003984063745,0.1952191235059761,0.0398406374501992,0.3358927397222223,96.30999999999999,0.029850746268656716,0.1044776119402985,0.07,0.22388059701492538,0.208955223880597,0.19402985074626866,0.04477611940298507,0.3708755777777777,98.224,R,0.04507042253521127,0.08450704225352113,0.2140845070422535,0.41202672605790647,0.14084507042253522,0.0676056338028169,0.3749993943060289,104.16133333333333,15.466666666666667,R,0.0,0.0,0.0,0.03,0.06,0.0,1,Kauffman Stadium,77.1,85.0,3.7,0.0,0.0,1.0396254425031404,0.13108544854494752,663,,,,,,,,0.5,,,PASS
823818,2026-09-09 22:40:00+00:00,NYM,MIA,MIA,NYM,1,665052,Griffin Conine,confirmed,3.0,4.55,476594,0.048458149779735685,0.07048458149779736,0.06451612903225806,0.18061674008810572,0.22466960352422907,0.3039647577092511,0.11894273127753303,0.3386425381355932,96.69525423728814,0.03076923076923077,0.046153846153846156,0.04411764705882353,0.16923076923076924,0.16923076923076924,0.3076923076923077,0.12307692307692308,0.28532571,96.69,L,0.015873015873015872,0.047619047619047616,0.11904761904761904,0.5421686746987951,0.1984126984126984,0.10317460317460317,0.3224980661655649,98.55166666666668,12.666666666666666,R,2.0,0.0,1.0,0.02857142857142857,0.08095238095238096,0.047619047619047616,0,loanDepot park,83.6,84.0,3.5,0.0,0.5,0.8591349142907896,0.1309045748583124,664,,,,,,,,0.5,,,PASS
823739,2026-09-09 23:40:00+00:00,CHC,MIL,CHC,MIL,0,673548,Seiya Suzuki,confirmed,2.0,4.65,701656,0.04285714285714286,0.07857142857142857,0.06395348837209303,0.17142857142857143,0.25357142857142856,0.21428571428571427,0.15,0.3400696080555556,94.971,0.028169014084507043,0.07042253521126761,0.05813953488372093,0.18309859154929578,0.30985915492957744,0.1267605633802817,0.18309859154929578,0.3530625977777778,96.03933333333333,R,0.03858520900321544,0.05787781350482315,0.21221864951768488,0.6388261851015802,0.2990353697749196,0.04501607717041801,0.25235627355270557,100.266,16.466666666666665,R,3.0,0.0,0.0,0.027906976744186046,0.05581395348837209,0.06976744186046512,1,American Family Field,76.7,59.0,5.1,0.0,0.5,0.8844035882405187,0.1303972950100337,667,,,,,,,,0.5,,,PASS
824713,2026-09-09 22:45:00+00:00,LAA,BOS,LAA,BOS,0,545361,Mike Trout,confirmed,2.0,4.65,687562,0.022727272727272728,0.056818181818181816,0.046296296296296294,0.14772727272727273,0.24621212121212122,0.2803030303030303,0.10984848484848485,0.32785527,96.50616666666666,0.0,0.07462686567164178,0.06578947368421052,0.14925373134328357,0.26865671641791045,0.2835820895522388,0.07462686567164178,0.3161197,97.76266666666668,R,0.0226628895184136,0.056657223796033995,0.16997167138810199,0.4922737306843267,0.21813031161473087,0.039660056657223795,0.2664343456128637,100.12399999999998,17.8,L,0.0,0.0,0.0,0.03,0.06,0.0,0,Fenway Park,73.2,74.0,11.2,0.0,0.0,1.1237127944703065,0.12841151789174987,679,,,,,,,,0.5,,,PASS
823739,2026-09-09 23:40:00+00:00,CHC,MIL,MIL,CHC,1,661388,William Contreras,confirmed,3.0,4.55,592332,0.022388059701492536,0.05970149253731343,0.045584045584045586,0.20522388059701493,0.24253731343283583,0.16791044776119404,0.10074626865671642,0.31006453583333327,97.71883333333332,0.028985507246376812,0.057971014492753624,0.0425531914893617,0.2028985507246377,0.2463768115942029,0.21739130434782608,0.08695652173913043,0.2947791277777778,98.142,R,0.033426183844011144,0.04178272980501393,0.20891364902506965,0.513978494623656,0.2395543175487465,0.08356545961002786,0.31797717499818146,101.078,16.2,R,6.0,0.0,0.0,0.02608695652173913,0.05217391304347826,0.13043478260869565,1,American Family Field,76.7,59.0,5.1,0.0,0.5,0.8844035882405187,0.1282058769814623,680,,,,,,,,0.5,,,PASS
824791,2026-09-09 22:35:00+00:00,CLE,BAL,CLE,BAL,0,800050,Chase DeLauter,confirmed,2.0,4.65,669358,0.023166023166023165,0.05019305019305019,0.03611111111111111,0.18146718146718147,0.22393822393822393,0.18146718146718147,0.09652509652509653,0.32940452166666667,98.92766666666667,0.0,0.017241379310344827,0.01098901098901099,0.1206896551724138,0.22413793103448276,0.1724137931034483,0.06896551724137931,0.2615125266666667,96.75933333333333,L,0.01092896174863388,0.030054644808743168,0.18579234972677597,0.5206286836935167,0.21584699453551912,0.07377049180327869,0.29021300729845095,100.10533333333333,17.066666666666666,R,3.0,0.0,0.0,0.027906976744186046,0.05581395348837209,0.06976744186046512,0,Oriole Park at Camden Yards,85.2,44.0,9.5,0.0,0.0,1.0107469579891644,0.1276112188909997,684,,,,,,,,0.5,,,PASS
824871,2026-09-09 23:15:00+00:00,TB,ATL,TB,ATL,0,683748,Victor Mesa Jr.,confirmed,5.0,4.3,625643,0.05128205128205128,0.07692307692307693,0.057034220532319393,0.22564102564102564,0.26666666666666666,0.2,0.07692307692307693,0.308432368627451,95.06960784313726,0.03389830508474576,0.06779661016949153,0.05333333333333334,0.2033898305084746,0.22033898305084745,0.11864406779661017,0.01694915254237288,0.3153943244444444,94.884,L,0.03773584905660377,0.06132075471698113,0.16981132075471697,0.5451388888888888,0.22169811320754718,0.08962264150943396,0.34747957622783454,100.00454545454545,13.363636363636363,R,0.0,0.0,0.0,0.03,0.06,0.0,0,Truist Park,88.6,36.0,4.5,0.0,0.0,1.1262608960450688,0.12552814732030027,697,,,,,,,,0.5,,,PASS
823497,2026-09-09 23:05:00+00:00,COL,NYY,NYY,COL,1,641355,Cody Bellinger,confirmed,2.0,4.65,608372,0.01568627450980392,0.027450980392156862,0.020289855072463767,0.13725490196078433,0.2235294117647059,0.1843137254901961,0.08235294117647059,0.30356047888888893,95.406,0.015151515151515152,0.030303030303030304,0.021052631578947368,0.12121212121212122,0.18181818181818182,0.13636363636363635,0.015151515151515152,0.26290345000000004,95.46199999999999,L,0.05232558139534884,0.07848837209302326,0.23837209302325582,0.4989429175475687,0.14825581395348839,0.0436046511627907,0.3706605962835715,102.43533333333335,15.333333333333334,R,0.0,0.0,0.0,0.03,0.06,0.0,0,Yankee Stadium,78.8,64.0,8.4,0.0,0.0,1.182573940847322,0.12479683677587348,701,,,,,,,,0.5,,,PASS
824871,2026-09-09 23:15:00+00:00,TB,ATL,ATL,TB,1,671739,Michael Harris II,confirmed,4.0,4.45,643377,0.03937007874015748,0.047244094488188976,0.0335195530726257,0.1968503937007874,0.2440944881889764,0.19291338582677164,0.01968503937007874,0.2945474858333333,98.19599999999998,0.06666666666666667,0.05,0.0379746835443038,0.2,0.26666666666666666,0.23333333333333334,0.03333333333333333,0.2960394044444445,96.622,L,0.03691275167785235,0.06375838926174497,0.17785234899328858,0.46846846846846846,0.2785234899328859,0.06040268456375839,0.3189320931702742,101.41333333333333,14.066666666666666,R,0.0,0.0,0.0,0.03,0.06,0.0,0,Truist Park,88.6,36.0,4.5,0.0,0.0,1.1262608960450688,0.12411746106928515,706,,,,,,,,0.5,,,PASS
823497,2026-09-09 23:05:00+00:00,COL,NYY,NYY,COL,1,641857,Ryan McMahon,confirmed,7.0,4.0,608372,0.0330188679245283,0.04716981132075472,0.03816793893129771,0.1650943396226415,0.22641509433962265,0.28773584905660377,0.07075471698113207,0.28855577805555555,95.858,0.0,0.0,0.0,0.11764705882352941,0.21568627450980393,0.27450980392156865,0.1568627450980392,0.2610775977777778,92.32066666666668,L,0.05232558139534884,0.07848837209302326,0.23837209302325582,0.4989429175475687,0.14825581395348839,0.0436046511627907,0.3706605962835715,102.43533333333335,15.333333333333334,R,0.0,0.0,0.0,0.03,0.06,0.0,0,Yankee Stadium,78.8,64.0,8.4,0.0,0.0,1.182573940847322,0.12313492364284842,712,,,,,,,,0.5,,,PASS
823818,2026-09-09 22:40:00+00:00,NYM,MIA,NYM,MIA,0,683146,Brett Baty,confirmed,8.0,3.85,676083,0.02830188679245283,0.08018867924528301,0.06181818181818182,0.22641509433962265,0.22169811320754718,0.2641509433962264,0.09433962264150944,0.3283678302777778,96.53271186440678,0.020833333333333332,0.125,0.10344827586206896,0.2916666666666667,0.2708333333333333,0.22916666666666666,0.125,0.3854083588888889,98.13714285714286,L,0.031545741324921134,0.06309148264984227,0.2113564668769716,0.5219206680584552,0.167192429022082,0.06624605678233439,0.32692061872161654,101.95733333333332,14.466666666666667,R,2.0,0.0,0.0,0.02857142857142857,0.05714285714285714,0.047619047619047616,0,loanDepot park,83.6,84.0,3.5,0.0,0.5,0.8591349142907896,0.12253470535876053,716,,,,,,,,0.5,,,PASS
823497,2026-09-09 23:05:00+00:00,COL,NYY,COL,NYY,0,694249,Cole Carrigg,confirmed,2.0,4.65,701542,0.01893939393939394,0.03409090909090909,0.025423728813559324,0.17045454545454544,0.2727272727272727,0.2196969696969697,0.09090909090909091,0.3183326900000001,94.62216666666667,0.029850746268656716,0.05970149253731343,0.042105263157894736,0.208955223880597,0.26865671641791045,0.29850746268656714,0.04477611940298507,0.2735711322222222,95.67533333333333,L,0.038461538461538464,0.05917159763313609,0.1863905325443787,0.4346793349168646,0.19822485207100593,0.08579881656804733,0.36156774108002204,103.07466666666667,15.0,R,0.0,0.0,0.0,0.03,0.06,0.0,0,Yankee Stadium,78.8,64.0,8.4,0.0,0.0,1.182573940847322,0.12238959960637608,717,,,,,,,,0.5,,,PASS
824064,2026-09-09 23:40:00+00:00,ARI,KC,ARI,KC,0,663457,Lars Nootbaar,confirmed,9.0,3.7,663738,0.012396694214876033,0.05785123966942149,0.0498220640569395,0.2190082644628099,0.16115702479338842,0.2024793388429752,0.1322314049586777,0.32874015638888887,98.0135,0.017241379310344827,0.06896551724137931,0.0547945205479452,0.27586206896551724,0.1896551724137931,0.15517241379310345,0.13793103448275862,0.3412835277777778,97.85133333333333,L,0.03296703296703297,0.054945054945054944,0.1978021978021978,0.4224137931034483,0.12087912087912088,0.08791208791208792,0.35427535375816993,100.22666666666667,10.166666666666666,L,0.0,0.0,0.0,0.03,0.06,0.0,1,Kauffman Stadium,77.1,85.0,3.7,0.0,0.0,1.0396254425031404,0.12219513053076916,718,,,,,,,,0.5,,,PASS
824549,2026-09-09 23:40:00+00:00,PIT,CWS,CWS,PIT,1,643217,Andrew Benintendi,confirmed,2.0,4.65,669199,0.0319634703196347,0.0502283105022831,0.03793103448275862,0.2237442922374429,0.228310502283105,0.1872146118721461,0.1050228310502283,0.3112116497222222,93.5722033898305,0.018867924528301886,0.07547169811320754,0.05,0.3018867924528302,0.33962264150943394,0.16981132075471697,0.07547169811320754,0.33208139444444446,97.12800000000001,L,0.0136986301369863,0.0136986301369863,0.136986301369863,0.5232558139534884,0.2876712328767123,0.136986301369863,0.2692543093434343,95.64874999999999,6.875,R,0.0,0.0,0.0,0.03,0.06,0.0,0,Rate Field,73.3,89.0,5.3,0.0,0.0,1.3166309058016743,0.12182316478961591,721,,,,,,,,0.5,,,PASS
824713,2026-09-09 22:45:00+00:00,LAA,BOS,BOS,LAA,1,596115,Trevor Story,confirmed,4.0,4.45,696270,0.014084507042253521,0.028169014084507043,0.021352313167259787,0.15023474178403756,0.20657276995305165,0.3192488262910798,0.03755868544600939,0.24389462566666664,95.01720000000002,0.016666666666666666,0.05,0.037037037037037035,0.11666666666666667,0.2,0.35,0.016666666666666666,0.23230411666666667,91.696,R,0.044585987261146494,0.06687898089171974,0.19745222929936307,0.5427872860635696,0.1751592356687898,0.11146496815286625,0.34288132904422447,100.852,14.533333333333333,R,0.0,0.0,0.0,0.03,0.06,0.0,1,Fenway Park,73.2,74.0,11.2,0.0,0.0,1.1237127944703065,0.12122383452877919,725,,,,,,,,0.5,,,PASS
823739,2026-09-09 23:40:00+00:00,CHC,MIL,CHC,MIL,0,683737,Michael Busch,confirmed,3.0,4.55,701656,0.03296703296703297,0.04395604395604396,0.034782608695652174,0.1794871794871795,0.2454212454212454,0.23809523809523808,0.08424908424908426,0.2926122752777777,95.07366666666667,0.028985507246376812,0.043478260869565216,0.03896103896103896,0.18840579710144928,0.17391304347826086,0.2608695652173913,0.15942028985507245,0.30049014888888886,95.682,L,0.03858520900321544,0.05787781350482315,0.21221864951768488,0.6388261851015802,0.2990353697749196,0.04501607717041801,0.25235627355270557,100.266,16.466666666666665,R,3.0,0.0,0.0,0.027906976744186046,0.05581395348837209,0.06976744186046512,0,American Family Field,76.7,59.0,5.1,0.0,0.5,0.8844035882405187,0.12088392981461307,727,,,,,,,,0.5,,,PASS
824871,2026-09-09 23:15:00+00:00,TB,ATL,ATL,TB,1,573262,Mike Yastrzemski,confirmed,6.0,4.15,643377,0.025906735751295335,0.046632124352331605,0.03571428571428571,0.24352331606217617,0.23316062176165803,0.23316062176165803,0.10880829015544041,0.3198105327777777,96.64466666666665,0.0,0.0,0.0,0.16666666666666666,0.16666666666666666,0.25,0.10416666666666667,0.2956808722222223,95.91,L,0.03691275167785235,0.06375838926174497,0.17785234899328858,0.46846846846846846,0.2785234899328859,0.06040268456375839,0.3189320931702742,101.41333333333333,14.066666666666666,R,0.0,0.0,0.0,0.03,0.06,0.0,0,Truist Park,88.6,36.0,4.5,0.0,0.0,1.1262608960450688,0.11986070006118667,734,,,,,,,,0.5,,,PASS
823818,2026-09-09 22:40:00+00:00,NYM,MIA,MIA,NYM,1,683357,Owen Caissie,confirmed,7.0,4.0,476594,0.05128205128205128,0.08205128205128205,0.07547169811320754,0.2153846153846154,0.2205128205128205,0.35384615384615387,0.07179487179487179,0.28870099638888896,94.6795,0.02040816326530612,0.04081632653061224,0.03571428571428571,0.16326530612244897,0.20408163265306123,0.3673469387755102,0.04081632653061224,0.2143400422222222,92.31733333333334,L,0.015873015873015872,0.047619047619047616,0.11904761904761904,0.5421686746987951,0.1984126984126984,0.10317460317460317,0.3224980661655649,98.55166666666668,12.666666666666666,R,2.0,0.0,0.0,0.02857142857142857,0.05714285714285714,0.047619047619047616,0,loanDepot park,83.6,84.0,3.5,0.0,0.5,0.8591349142907896,0.1184866567769242,744,,,,,,,,0.5,,,PASS
824064,2026-09-09 23:40:00+00:00,ARI,KC,KC,ARI,1,670231,John Rave,confirmed,7.0,4.0,668678,0.041237113402061855,0.08247422680412371,0.07766990291262135,0.13402061855670103,0.24742268041237114,0.1958762886597938,0.10309278350515463,0.3162695391025641,96.78653846153846,0.03333333333333333,0.03333333333333333,0.031746031746031744,0.08333333333333333,0.25,0.2,0.13333333333333333,0.29649341222222225,95.31999999999998,L,0.04507042253521127,0.08450704225352113,0.2140845070422535,0.41202672605790647,0.14084507042253522,0.0676056338028169,0.3749993943060289,104.16133333333333,15.466666666666667,R,0.0,0.0,0.0,0.03,0.06,0.0,0,Kauffman Stadium,77.1,85.0,3.7,0.0,0.0,1.0396254425031404,0.11827522136546206,745,,,,,,,,0.5,,,PASS
824791,2026-09-09 22:35:00+00:00,CLE,BAL,CLE,BAL,0,666176,Jo Adell,confirmed,4.0,4.45,669358,0.0398406374501992,0.055776892430278883,0.04281345565749235,0.1593625498007968,0.21912350597609562,0.23904382470119523,0.07171314741035857,0.3226360758333333,97.39100000000002,0.0,0.0,0.0,0.09375,0.125,0.1875,0.109375,0.27829788555555557,96.48666666666666,R,0.01092896174863388,0.030054644808743168,0.18579234972677597,0.5206286836935167,0.21584699453551912,0.07377049180327869,0.29021300729845095,100.10533333333333,17.066666666666666,R,3.0,0.0,0.0,0.027906976744186046,0.05581395348837209,0.06976744186046512,1,Oriole Park at Camden Yards,85.2,44.0,9.5,0.0,0.0,1.0107469579891644,0.1176971008434212,750,,,,,,,,0.5,,,PASS
823416,2026-09-09 22:40:00+00:00,HOU,PHI,HOU,PHI,0,665161,Jeremy Peña,confirmed,1.0,4.75,650911,0.052830188679245285,0.052830188679245285,0.043076923076923075,0.1660377358490566,0.18867924528301888,0.27169811320754716,0.03773584905660377,0.29576935833333334,97.14733333333334,0.04477611940298507,0.08955223880597014,0.07142857142857142,0.14925373134328357,0.1791044776119403,0.29850746268656714,0.029850746268656716,0.2900814333333333,95.74600000000001,R,0.026525198938992044,0.034482758620689655,0.1273209549071618,0.34497816593886466,0.2493368700265252,0.0636604774535809,0.2963161209026917,101.36066666666666,17.333333333333332,L,0.0,0.0,0.0,0.03,0.06,0.0,0,Citizens Bank Park,81.3,57.0,8.7,0.0,0.0,0.985478284039435,0.11764086978840295,750,,,,,,,,0.5,,,PASS
824064,2026-09-09 23:40:00+00:00,ARI,KC,KC,ARI,1,686681,Michael Massey,confirmed,5.0,4.3,668678,0.017094017094017096,0.03418803418803419,0.02416918429003021,0.2222222222222222,0.2863247863247863,0.15384615384615385,0.0641025641025641,0.3223369705555556,96.53966666666665,0.034482758620689655,0.05172413793103448,0.03571428571428571,0.27586206896551724,0.3275862068965517,0.06896551724137931,0.08620689655172414,0.40547223222222223,99.18999999999998,L,0.04507042253521127,0.08450704225352113,0.2140845070422535,0.41202672605790647,0.14084507042253522,0.0676056338028169,0.3749993943060289,104.16133333333333,15.466666666666667,R,0.0,0.0,0.0,0.03,0.06,0.0,0,Kauffman Stadium,77.1,85.0,3.7,0.0,0.0,1.0396254425031404,0.11763486545704083,750,,,,,,,,0.5,,,PASS
823739,2026-09-09 23:40:00+00:00,CHC,MIL,MIL,CHC,1,592885,Christian Yelich,confirmed,5.0,4.3,592332,0.02214022140221402,0.08118081180811808,0.06547619047619048,0.16974169741697417,0.2988929889298893,0.23616236162361623,0.0996309963099631,0.3219114708333334,96.8305,0.030303030303030304,0.07575757575757576,0.058823529411764705,0.19696969696969696,0.2727272727272727,0.16666666666666666,0.12121212121212122,0.35899497222222226,98.66933333333334,L,0.033426183844011144,0.04178272980501393,0.20891364902506965,0.513978494623656,0.2395543175487465,0.08356545961002786,0.31797717499818146,101.078,16.2,R,3.0,0.0,0.0,0.027906976744186046,0.05581395348837209,0.06976744186046512,0,American Family Field,76.7,59.0,5.1,0.0,0.5,0.8844035882405187,0.11717265424525736,753,,,,,,,,0.5,,,PASS
823739,2026-09-09 23:40:00+00:00,CHC,MIL,CHC,MIL,0,664023,Ian Happ,confirmed,5.0,4.3,701656,0.027559055118110236,0.051181102362204724,0.03987730061349693,0.16929133858267717,0.25196850393700787,0.2992125984251969,0.1062992125984252,0.2771110025,93.45566666666669,0.047619047619047616,0.09523809523809523,0.06593406593406594,0.1746031746031746,0.2698412698412698,0.2857142857142857,0.07936507936507936,0.31968048333333327,94.89666666666668,L,0.03858520900321544,0.05787781350482315,0.21221864951768488,0.6388261851015802,0.2990353697749196,0.04501607717041801,0.25235627355270557,100.266,16.466666666666665,R,3.0,0.0,0.0,0.027906976744186046,0.05581395348837209,0.06976744186046512,0,American Family Field,76.7,59.0,5.1,0.0,0.5,0.8844035882405187,0.1168693970677554,756,,,,,,,,0.5,,,PASS
823900,2026-09-10 02:10:00+00:00,CIN,LAD,CIN,LAD,0,701398,Sal Stewart,confirmed,3.0,4.55,808967,0.057034220532319393,0.07224334600760456,0.05322128851540616,0.22433460076045628,0.28517110266159695,0.20912547528517111,0.06844106463878327,0.32433836722222226,96.80966666666669,0.06060606060606061,0.10606060606060606,0.07216494845360824,0.3181818181818182,0.42424242424242425,0.16666666666666666,0.07575757575757576,0.35498072555555554,98.27133333333333,R,0.023316062176165803,0.03626943005181347,0.13212435233160622,0.45510204081632655,0.26424870466321243,0.06476683937823834,0.24629243649900398,100.27933333333331,20.0,R,0.0,0.0,0.0,0.03,0.06,0.0,1,UNIQLO Field at Dodger Stadium,72.0,55.0,7.0,0.0,0.0,0.8898967782295902,0.11678902136037467,756,,,,,,,,0.5,,,PASS
823900,2026-09-10 02:10:00+00:00,CIN,LAD,CIN,LAD,0,699115,Carlos Jorge,confirmed,1.0,4.75,808967,0.0,0.125,0.1111111111111111,0.125,0.125,0.25,0.0,0.29100000000000004,96.13499999999999,0.0,0.125,0.1111111111111111,0.125,0.125,0.25,0.0,0.29100000000000004,96.13499999999999,L,0.023316062176165803,0.03626943005181347,0.13212435233160622,0.45510204081632655,0.26424870466321243,0.06476683937823834,0.24629243649900398,100.27933333333331,20.0,R,0.0,0.0,0.0,0.03,0.06,0.0,0,UNIQLO Field at Dodger Stadium,72.0,55.0,7.0,0.0,0.0,0.8898967782295902,0.11641813061885446,759,,,,,,,,0.5,,,PASS
823497,2026-09-09 23:05:00+00:00,COL,NYY,NYY,COL,1,806146,George Lombard Jr.,confirmed,6.0,4.15,608372,0.019417475728155338,0.038834951456310676,0.032520325203252036,0.14563106796116504,0.23300970873786409,0.2912621359223301,0.07766990291262135,0.28417124814814815,93.69925925925926,0.0,0.017543859649122806,0.014925373134328358,0.12280701754385964,0.17543859649122806,0.3508771929824561,0.05263157894736842,0.24665136666666665,92.81866666666666,R,0.05232558139534884,0.07848837209302326,0.23837209302325582,0.4989429175475687,0.14825581395348839,0.0436046511627907,0.3706605962835715,102.43533333333335,15.333333333333334,R,0.0,0.0,0.0,0.03,0.06,0.0,1,Yankee Stadium,78.8,64.0,8.4,0.0,0.0,1.182573940847322,0.11465267940691345,772,,,,,,,,0.5,,,PASS
824549,2026-09-09 23:40:00+00:00,PIT,CWS,CWS,PIT,1,691019,Kyle Teel,confirmed,9.0,3.7,669199,0.05194805194805195,0.07792207792207792,0.06451612903225806,0.22077922077922077,0.2727272727272727,0.35064935064935066,0.07792207792207792,0.30559230877192983,96.0263157894737,0.05172413793103448,0.08620689655172414,0.07042253521126761,0.2413793103448276,0.2413793103448276,0.3620689655172414,0.06896551724137931,0.2978674866666667,95.56266666666669,L,0.0136986301369863,0.0136986301369863,0.136986301369863,0.5232558139534884,0.2876712328767123,0.136986301369863,0.2692543093434343,95.64874999999999,6.875,R,0.0,0.0,0.0,0.03,0.06,0.0,0,Rate Field,73.3,89.0,5.3,0.0,0.0,1.3166309058016743,0.11407255069499354,777,,,,,,,,0.5,,,PASS
824064,2026-09-09 23:40:00+00:00,ARI,KC,ARI,KC,0,545121,Ildemaro Vargas,confirmed,1.0,4.75,663738,0.0040650406504065045,0.016260162601626018,0.0113314447592068,0.13008130081300814,0.23983739837398374,0.10569105691056911,0.052845528455284556,0.2659385972222222,96.551,0.0,0.0,0.0,0.08333333333333333,0.3,0.11666666666666667,0.016666666666666666,0.234665,95.55666666666667,L,0.03296703296703297,0.054945054945054944,0.1978021978021978,0.4224137931034483,0.12087912087912088,0.08791208791208792,0.35427535375816993,100.22666666666667,10.166666666666666,L,0.0,0.0,0.0,0.03,0.06,0.0,1,Kauffman Stadium,77.1,85.0,3.7,0.0,0.0,1.0396254425031404,0.11223696494223095,791,,,,,,,,0.5,,,PASS
824713,2026-09-09 22:45:00+00:00,LAA,BOS,LAA,BOS,0,695681,Christian Moore,confirmed,5.0,4.3,687562,0.011627906976744186,0.046511627906976744,0.03571428571428571,0.16279069767441862,0.32558139534883723,0.29069767441860467,0.05813953488372093,0.25110523253968253,94.03142857142856,0.01639344262295082,0.04918032786885246,0.039473684210526314,0.16393442622950818,0.32786885245901637,0.21311475409836064,0.06557377049180328,0.27617603222222215,95.10133333333333,R,0.0226628895184136,0.056657223796033995,0.16997167138810199,0.4922737306843267,0.21813031161473087,0.039660056657223795,0.2664343456128637,100.12399999999998,17.8,L,0.0,0.0,0.0,0.03,0.06,0.0,0,Fenway Park,73.2,74.0,11.2,0.0,0.0,1.1237127944703065,0.111442963897017,797,,,,,,,,0.5,,,PASS
823818,2026-09-09 22:40:00+00:00,NYM,MIA,NYM,MIA,0,666182,Bo Bichette,confirmed,3.0,4.55,676083,0.023076923076923078,0.04230769230769231,0.02756892230576441,0.1576923076923077,0.4,0.17692307692307693,0.07692307692307693,0.31389212138888894,95.01716666666667,0.046875,0.078125,0.052083333333333336,0.25,0.453125,0.171875,0.09375,0.3623824311111111,96.66800000000002,R,0.031545741324921134,0.06309148264984227,0.2113564668769716,0.5219206680584552,0.167192429022082,0.06624605678233439,0.32692061872161654,101.95733333333332,14.466666666666667,R,3.0,0.0,0.0,0.027906976744186046,0.05581395348837209,0.06976744186046512,1,loanDepot park,83.6,84.0,3.5,0.0,0.5,0.8591349142907896,0.11069941314332302,803,,,,,,,,0.5,,,PASS
823900,2026-09-10 02:10:00+00:00,CIN,LAD,LAD,CIN,1,606192,Teoscar Hernández,confirmed,5.0,4.3,695076,0.029661016949152543,0.06779661016949153,0.05555555555555555,0.15254237288135594,0.2288135593220339,0.2669491525423729,0.08050847457627118,0.32126560944444443,97.22883333333336,0.03125,0.125,0.10526315789473684,0.15625,0.1875,0.265625,0.125,0.4161669466666666,99.61,R,0.04154302670623145,0.0771513353115727,0.18397626112759644,0.5260770975056689,0.18100890207715134,0.0830860534124629,0.35638587862898125,100.93199999999999,14.666666666666666,R,0.0,0.0,0.0,0.03,0.06,0.0,1,UNIQLO Field at Dodger Stadium,72.0,55.0,7.0,0.0,0.0,0.8898967782295902,0.11069803961754632,803,,,,,,,,0.5,,,PASS
823497,2026-09-09 23:05:00+00:00,COL,NYY,COL,NYY,0,664983,Jake McCarthy,confirmed,1.0,4.75,701542,0.032846715328467155,0.040145985401459854,0.02849740932642487,0.18248175182481752,0.2664233576642336,0.145985401459854,0.051094890510948905,0.326984388611111,94.54516666666667,0.028169014084507043,0.056338028169014086,0.03636363636363636,0.19718309859154928,0.38028169014084506,0.1267605633802817,0.07042253521126761,0.35044399666666665,95.55000000000001,L,0.038461538461538464,0.05917159763313609,0.1863905325443787,0.4346793349168646,0.19822485207100593,0.08579881656804733,0.36156774108002204,103.07466666666667,15.0,R,0.0,0.0,0.0,0.03,0.06,0.0,0,Yankee Stadium,78.8,64.0,8.4,0.0,0.0,1.182573940847322,0.1106002932186416,804,,,,,,,,0.5,,,PASS
824549,2026-09-09 23:40:00+00:00,PIT,CWS,PIT,CWS,0,687462,Spencer Horwitz,confirmed,7.0,4.0,663436,0.026119402985074626,0.055970149253731345,0.04087193460490463,0.16044776119402984,0.208955223880597,0.17164179104477612,0.09701492537313433,0.3047574005555555,95.12416666666668,0.0,0.0,0.0,0.11594202898550725,0.21739130434782608,0.2318840579710145,0.057971014492753624,0.23558308333333333,94.77466666666668,L,0.028846153846153848,0.041666666666666664,0.18269230769230768,0.48325358851674644,0.15384615384615385,0.08974358974358974,0.3571842369036525,102.586,13.733333333333333,R,0.0,0.0,0.0,0.03,0.06,0.0,0,Rate Field,73.3,89.0,5.3,0.0,0.0,1.3166309058016743,0.1104455162494727,805,,,,,,,,0.5,,,PASS
823900,2026-09-10 02:10:00+00:00,CIN,LAD,CIN,LAD,0,668709,JJ Bleday,confirmed,4.0,4.45,808967,0.03571428571428571,0.05952380952380952,0.04746835443037975,0.21428571428571427,0.1984126984126984,0.24206349206349206,0.13095238095238096,0.31338304805555556,96.07966666666667,0.016129032258064516,0.06451612903225806,0.05194805194805195,0.1774193548387097,0.14516129032258066,0.20967741935483872,0.11290322580645161,0.3038358755555556,96.25600000000001,L,0.023316062176165803,0.03626943005181347,0.13212435233160622,0.45510204081632655,0.26424870466321243,0.06476683937823834,0.24629243649900398,100.27933333333331,20.0,R,0.0,0.0,0.0,0.03,0.06,0.0,0,UNIQLO Field at Dodger Stadium,72.0,55.0,7.0,0.0,0.0,0.8898967782295902,0.10971713253524874,811,,,,,,,,0.5,,,PASS
824713,2026-09-09 22:45:00+00:00,LAA,BOS,BOS,LAA,1,686765,Nick Sogard,confirmed,5.0,4.3,696270,0.018518518518518517,0.032407407407407406,0.027450980392156862,0.17592592592592593,0.2175925925925926,0.18981481481481483,0.12962962962962962,0.3051062365889213,94.14326530612246,0.03125,0.03125,0.028169014084507043,0.203125,0.234375,0.25,0.0625,0.26867224777777776,93.81133333333332,R,0.044585987261146494,0.06687898089171974,0.19745222929936307,0.5427872860635696,0.1751592356687898,0.11146496815286625,0.34288132904422447,100.852,14.533333333333333,R,0.0,0.0,0.0,0.03,0.06,0.0,1,Fenway Park,73.2,74.0,11.2,0.0,0.0,1.1237127944703065,0.10943426107962324,814,,,,,,,,0.5,,,PASS
824064,2026-09-09 23:40:00+00:00,ARI,KC,ARI,KC,0,543510,James McCann,confirmed,7.0,4.0,663738,0.03731343283582089,0.06716417910447761,0.05389221556886228,0.1865671641791045,0.27611940298507465,0.26865671641791045,0.03731343283582089,0.29120025046296294,94.7463888888889,0.03225806451612903,0.06451612903225806,0.05405405405405406,0.20967741935483872,0.3064516129032258,0.24193548387096775,0.04838709677419355,0.3723282633333334,97.57733333333333,R,0.03296703296703297,0.054945054945054944,0.1978021978021978,0.4224137931034483,0.12087912087912088,0.08791208791208792,0.35427535375816993,100.22666666666667,10.166666666666666,L,0.0,0.0,0.0,0.03,0.06,0.0,0,Kauffman Stadium,77.1,85.0,3.7,0.0,0.0,1.0396254425031404,0.1093743936986385,814,,,,,,,,0.5,,,PASS
823900,2026-09-10 02:10:00+00:00,CIN,LAD,LAD,CIN,1,669242,Tommy Edman,confirmed,1.0,4.75,695076,0.01953125,0.03515625,0.02821316614420063,0.1484375,0.19140625,0.2109375,0.0546875,0.30882527,95.45694915254236,0.028985507246376812,0.028985507246376812,0.025974025974025976,0.17391304347826086,0.15942028985507245,0.18840579710144928,0.043478260869565216,0.3038097944444444,94.68642857142856,R,0.04154302670623145,0.0771513353115727,0.18397626112759644,0.5260770975056689,0.18100890207715134,0.0830860534124629,0.35638587862898125,100.93199999999999,14.666666666666666,R,0.0,0.0,0.0,0.03,0.06,0.0,1,UNIQLO Field at Dodger Stadium,72.0,55.0,7.0,0.0,0.0,0.8898967782295902,0.10596058382781079,844,,,,,,,,0.5,,,PASS
823900,2026-09-10 02:10:00+00:00,CIN,LAD,LAD,CIN,1,605141,Mookie Betts,confirmed,3.0,4.55,695076,0.03875968992248062,0.05813953488372093,0.045180722891566265,0.2054263565891473,0.22868217054263565,0.09302325581395349,0.08527131782945736,0.32580606888888897,96.57233333333333,0.028985507246376812,0.043478260869565216,0.03529411764705882,0.18840579710144928,0.14492753623188406,0.10144927536231885,0.13043478260869565,0.33756427333333333,95.26400000000002,R,0.04154302670623145,0.0771513353115727,0.18397626112759644,0.5260770975056689,0.18100890207715134,0.0830860534124629,0.35638587862898125,100.93199999999999,14.666666666666666,R,0.0,0.0,0.0,0.03,0.06,0.0,1,UNIQLO Field at Dodger Stadium,72.0,55.0,7.0,0.0,0.0,0.8898967782295902,0.10595027607419742,844,,,,,,,,0.5,,,PASS
823416,2026-09-09 22:40:00+00:00,HOU,PHI,PHI,HOU,1,607208,Trea Turner,confirmed,2.0,4.65,686613,0.04059040590405904,0.05904059040590406,0.04664723032069971,0.18450184501845018,0.22878228782287824,0.1992619926199262,0.07011070110701106,0.30577018250000004,96.39883333333331,0.015151515151515152,0.06060606060606061,0.05063291139240506,0.18181818181818182,0.19696969696969696,0.19696969696969696,0.06060606060606061,0.2616085333333333,93.866,R,0.028985507246376812,0.04057971014492753,0.12173913043478261,0.4567901234567901,0.24347826086956523,0.12173913043478261,0.2943831428632929,99.38466666666665,16.0,R,0.0,0.0,0.0,0.03,0.06,0.0,1,Citizens Bank Park,81.3,57.0,8.7,0.0,0.0,0.985478284039435,0.1053202842530834,849,,,,,,,,0.5,,,PASS
823739,2026-09-09 23:40:00+00:00,CHC,MIL,CHC,MIL,0,624424,Michael Conforto,confirmed,8.0,3.85,701656,0.04128440366972477,0.05045871559633028,0.041353383458646614,0.18807339449541285,0.21100917431192662,0.27522935779816515,0.11926605504587157,0.29139565111111115,94.76433333333333,0.08163265306122448,0.061224489795918366,0.0410958904109589,0.16326530612244897,0.14285714285714285,0.1836734693877551,0.12244897959183673,0.35109176666666664,96.44399999999999,L,0.03858520900321544,0.05787781350482315,0.21221864951768488,0.6388261851015802,0.2990353697749196,0.04501607717041801,0.25235627355270557,100.266,16.466666666666665,R,2.0,0.0,0.0,0.02857142857142857,0.05714285714285714,0.047619047619047616,0,American Family Field,76.7,59.0,5.1,0.0,0.5,0.8844035882405187,0.10505770614356792,852,,,,,,,,0.5,,,PASS
824713,2026-09-09 22:45:00+00:00,LAA,BOS,LAA,BOS,0,687093,Vaughn Grissom,confirmed,4.0,4.45,687562,0.028,0.056,0.04105571847507331,0.132,0.256,0.236,0.044,0.2952714936111111,94.503,0.046875,0.09375,0.06451612903225806,0.1875,0.28125,0.171875,0.046875,0.3366673666666667,94.50000000000001,R,0.0226628895184136,0.056657223796033995,0.16997167138810199,0.4922737306843267,0.21813031161473087,0.039660056657223795,0.2664343456128637,100.12399999999998,17.8,L,3.0,0.0,0.0,0.027906976744186046,0.05581395348837209,0.06976744186046512,0,Fenway Park,73.2,74.0,11.2,0.0,0.0,1.1237127944703065,0.10268642671487711,874,,,,,,,,0.5,,,PASS
823739,2026-09-09 23:40:00+00:00,CHC,MIL,CHC,MIL,0,608324,Alex Bregman,confirmed,4.0,4.45,701656,0.06593406593406594,0.054945054945054944,0.0390625,0.21245421245421245,0.26373626373626374,0.13553113553113552,0.0989010989010989,0.31791190694444443,95.57366666666667,0.07462686567164178,0.07462686567164178,0.05555555555555555,0.11940298507462686,0.26865671641791045,0.07462686567164178,0.07462686567164178,0.33139878,93.79066666666667,R,0.03858520900321544,0.05787781350482315,0.21221864951768488,0.6388261851015802,0.2990353697749196,0.04501607717041801,0.25235627355270557,100.266,16.466666666666665,R,3.0,0.0,1.0,0.027906976744186046,0.07906976744186046,0.06976744186046512,1,American Family Field,76.7,59.0,5.1,0.0,0.5,0.8844035882405187,0.1025012584942459,876,,,,,,,,0.5,,,PASS
823739,2026-09-09 23:40:00+00:00,CHC,MIL,MIL,CHC,1,668930,Brice Turang,confirmed,2.0,4.65,592332,0.021739130434782608,0.03260869565217391,0.023316062176165803,0.18115942028985507,0.3115942028985507,0.23550724637681159,0.10869565217391304,0.31860737527777777,94.23300000000002,0.014285714285714285,0.014285714285714285,0.011494252873563218,0.17142857142857143,0.21428571428571427,0.2571428571428571,0.14285714285714285,0.3084171866666667,91.63866666666668,L,0.033426183844011144,0.04178272980501393,0.20891364902506965,0.513978494623656,0.2395543175487465,0.08356545961002786,0.31797717499818146,101.078,16.2,R,6.0,0.0,0.0,0.02608695652173913,0.05217391304347826,0.13043478260869565,0,American Family Field,76.7,59.0,5.1,0.0,0.5,0.8844035882405187,0.10218250281991899,879,,,,,,,,0.5,,,PASS
823818,2026-09-09 22:40:00+00:00,NYM,MIA,NYM,MIA,0,676724,Jared Young,confirmed,5.0,4.3,676083,0.017241379310344827,0.03017241379310345,0.022653721682847898,0.15517241379310345,0.25862068965517243,0.1810344827586207,0.05172413793103448,0.2768760466666666,95.35033333333332,0.0,0.0,0.0,0.11475409836065574,0.3114754098360656,0.22950819672131148,0.03278688524590164,0.23338271000000002,93.19733333333333,L,0.031545741324921134,0.06309148264984227,0.2113564668769716,0.5219206680584552,0.167192429022082,0.06624605678233439,0.32692061872161654,101.95733333333332,14.466666666666667,R,2.0,0.0,0.0,0.02857142857142857,0.05714285714285714,0.047619047619047616,0,loanDepot park,83.6,84.0,3.5,0.0,0.5,0.8591349142907896,0.10117716417215505,888,,,,,,,,0.5,,,PASS
824791,2026-09-09 22:35:00+00:00,CLE,BAL,CLE,BAL,0,608070,José Ramírez,confirmed,3.0,4.55,669358,0.011450381679389313,0.003816793893129771,0.0026455026455026454,0.2099236641221374,0.24427480916030533,0.12213740458015267,0.07633587786259542,0.2877612972222222,97.21033333333334,0.015384615384615385,0.0,0.0,0.24615384615384617,0.24615384615384617,0.12307692307692308,0.03076923076923077,0.23416771,96.02133333333332,L,0.01092896174863388,0.030054644808743168,0.18579234972677597,0.5206286836935167,0.21584699453551912,0.07377049180327869,0.29021300729845095,100.10533333333333,17.066666666666666,R,3.0,1.0,1.0,0.051162790697674425,0.07906976744186046,0.06976744186046512,0,Oriole Park at Camden Yards,85.2,44.0,9.5,0.0,0.0,1.0107469579891644,0.09983112625265854,902,,,,,,,,0.5,,,PASS
823497,2026-09-09 23:05:00+00:00,COL,NYY,COL,NYY,0,664954,Brett Sullivan,confirmed,7.0,4.0,701542,0.031746031746031744,0.031746031746031744,0.023346303501945526,0.17989417989417988,0.24338624338624337,0.1693121693121693,0.0582010582010582,0.275216214379085,94.71509803921569,0.05357142857142857,0.07142857142857142,0.05128205128205128,0.21428571428571427,0.2857142857142857,0.16071428571428573,0.10714285714285714,0.3613618255555556,96.48666666666665,L,0.038461538461538464,0.05917159763313609,0.1863905325443787,0.4346793349168646,0.19822485207100593,0.08579881656804733,0.36156774108002204,103.07466666666667,15.0,R,0.0,0.0,0.0,0.03,0.06,0.0,0,Yankee Stadium,78.8,64.0,8.4,0.0,0.0,1.182573940847322,0.09970907234235829,903,,,,,,,,0.5,,,PASS
824064,2026-09-09 23:40:00+00:00,ARI,KC,ARI,KC,0,666971,Lourdes Gurriel Jr.,confirmed,6.0,4.15,663738,0.010582010582010581,0.037037037037037035,0.027450980392156862,0.15873015873015872,0.18518518518518517,0.17989417989417988,0.05291005291005291,0.2801120695652174,94.69673913043479,0.016129032258064516,0.03225806451612903,0.024390243902439025,0.16129032258064516,0.11290322580645161,0.16129032258064516,0.03225806451612903,0.26080214333333335,96.08466666666666,R,0.03296703296703297,0.054945054945054944,0.1978021978021978,0.4224137931034483,0.12087912087912088,0.08791208791208792,0.35427535375816993,100.22666666666667,10.166666666666666,L,0.0,0.0,0.0,0.03,0.06,0.0,0,Kauffman Stadium,77.1,85.0,3.7,0.0,0.0,1.0396254425031404,0.09970180478745086,903,,,,,,,,0.5,,,PASS
824713,2026-09-09 22:45:00+00:00,LAA,BOS,BOS,LAA,1,680776,Jarren Duran,confirmed,7.0,4.0,696270,0.0326530612244898,0.05714285714285714,0.04666666666666667,0.1306122448979592,0.23265306122448978,0.24489795918367346,0.061224489795918366,0.3050557947222222,96.35,0.05263157894736842,0.10526315789473684,0.0821917808219178,0.17543859649122806,0.24561403508771928,0.22807017543859648,0.03508771929824561,0.34342851666666674,97.53466666666668,L,0.044585987261146494,0.06687898089171974,0.19745222929936307,0.5427872860635696,0.1751592356687898,0.11146496815286625,0.34288132904422447,100.852,14.533333333333333,R,2.0,1.0,1.0,0.05238095238095238,0.08095238095238096,0.047619047619047616,0,Fenway Park,73.2,74.0,11.2,0.0,0.0,1.1237127944703065,0.0990943913815377,909,,,,,,,,0.5,,,PASS
823818,2026-09-09 22:40:00+00:00,NYM,MIA,NYM,MIA,0,701807,Carson Benge,confirmed,4.0,4.45,676083,0.02734375,0.03515625,0.02564102564102564,0.12890625,0.28125,0.2265625,0.078125,0.3228224758333333,95.23933333333335,0.0,0.015625,0.01282051282051282,0.046875,0.25,0.28125,0.09375,0.26635308333333335,91.43133333333331,L,0.031545741324921134,0.06309148264984227,0.2113564668769716,0.5219206680584552,0.167192429022082,0.06624605678233439,0.32692061872161654,101.95733333333332,14.466666666666667,R,2.0,0.0,0.0,0.02857142857142857,0.05714285714285714,0.047619047619047616,0,loanDepot park,83.6,84.0,3.5,0.0,0.5,0.8591349142907896,0.09886421796988265,911,,,,,,,,0.5,,,PASS
823900,2026-09-10 02:10:00+00:00,CIN,LAD,CIN,LAD,0,699302,Héctor Rodríguez,confirmed,5.0,4.3,808967,0.05,0.05,0.037037037037037035,0.15,0.22,0.28,0.07,0.2712958273333333,95.97480000000002,0.07692307692307693,0.06153846153846154,0.046511627906976744,0.16923076923076924,0.18461538461538463,0.3076923076923077,0.06153846153846154,0.29993571777777783,96.01333333333332,L,0.023316062176165803,0.03626943005181347,0.13212435233160622,0.45510204081632655,0.26424870466321243,0.06476683937823834,0.24629243649900398,100.27933333333331,20.0,R,0.0,0.0,0.0,0.03,0.06,0.0,0,UNIQLO Field at Dodger Stadium,72.0,55.0,7.0,0.0,0.0,0.8898967782295902,0.09857698220643125,914,,,,,,,,0.5,,,PASS
823497,2026-09-09 23:05:00+00:00,COL,NYY,COL,NYY,0,691720,Kyle Karros,confirmed,6.0,4.15,701542,0.03333333333333333,0.0625,0.046583850931677016,0.14583333333333334,0.2791666666666667,0.17916666666666667,0.10833333333333334,0.33538101222222216,96.2175,0.016129032258064516,0.03225806451612903,0.022222222222222223,0.0967741935483871,0.3548387096774194,0.1935483870967742,0.06451612903225806,0.31175432888888893,93.10466666666667,R,0.038461538461538464,0.05917159763313609,0.1863905325443787,0.4346793349168646,0.19822485207100593,0.08579881656804733,0.36156774108002204,103.07466666666667,15.0,R,0.0,0.0,0.0,0.03,0.06,0.0,1,Yankee Stadium,78.8,64.0,8.4,0.0,0.0,1.182573940847322,0.09812863474096219,919,,,,,,,,0.5,,,PASS
823739,2026-09-09 23:40:00+00:00,CHC,MIL,MIL,CHC,1,669003,Garrett Mitchell,confirmed,8.0,3.85,592332,0.02100840336134454,0.06302521008403361,0.05725190839694656,0.16806722689075632,0.20168067226890757,0.28991596638655465,0.09243697478991597,0.3645111672222222,99.22783333333334,0.018518518518518517,0.037037037037037035,0.03333333333333333,0.18518518518518517,0.12962962962962962,0.2777777777777778,0.037037037037037035,0.4088622266666668,101.27199999999999,L,0.033426183844011144,0.04178272980501393,0.20891364902506965,0.513978494623656,0.2395543175487465,0.08356545961002786,0.31797717499818146,101.078,16.2,R,5.0,0.0,0.0,0.026666666666666665,0.05333333333333333,0.1111111111111111,0,American Family Field,76.7,59.0,5.1,0.0,0.5,0.8844035882405187,0.09796799659995553,921,,,,,,,,0.5,,,PASS
823739,2026-09-09 23:40:00+00:00,CHC,MIL,MIL,CHC,1,687401,Joey Ortiz,confirmed,7.0,4.0,592332,0.03153153153153153,0.036036036036036036,0.026845637583892617,0.18468468468468469,0.22972972972972974,0.1891891891891892,0.06306306306306306,0.29039187083333334,97.5071186440678,0.03508771929824561,0.03508771929824561,0.025,0.19298245614035087,0.17543859649122806,0.21052631578947367,0.05263157894736842,0.2679395322222222,96.99733333333333,R,0.033426183844011144,0.04178272980501393,0.20891364902506965,0.513978494623656,0.2395543175487465,0.08356545961002786,0.31797717499818146,101.078,16.2,R,5.0,0.0,0.0,0.026666666666666665,0.05333333333333333,0.1111111111111111,1,American Family Field,76.7,59.0,5.1,0.0,0.5,0.8844035882405187,0.09755688000792785,925,,,,,,,,0.5,,,PASS
824871,2026-09-09 23:15:00+00:00,TB,ATL,TB,ATL,0,656775,Cedric Mullins,confirmed,7.0,4.0,625643,0.0371900826446281,0.0371900826446281,0.028037383177570093,0.19421487603305784,0.1859504132231405,0.19008264462809918,0.09090909090909091,0.2840245880555556,94.24499999999998,0.017241379310344827,0.06896551724137931,0.05194805194805195,0.22413793103448276,0.27586206896551724,0.08620689655172414,0.1724137931034483,0.3695713433333333,96.19733333333333,L,0.03773584905660377,0.06132075471698113,0.16981132075471697,0.5451388888888888,0.22169811320754718,0.08962264150943396,0.34747957622783454,100.00454545454545,13.363636363636363,R,0.0,0.0,0.0,0.03,0.06,0.0,0,Truist Park,88.6,36.0,4.5,0.0,0.0,1.1262608960450688,0.09739560984609054,927,,,,,,,,0.5,,,PASS
824549,2026-09-09 23:40:00+00:00,PIT,CWS,CWS,PIT,1,671976,Tristan Peters,confirmed,7.0,4.0,669199,0.04072398190045249,0.05429864253393665,0.041811846689895474,0.248868778280543,0.2986425339366516,0.16289592760180996,0.07239819004524888,0.34146999777777776,94.82666666666667,0.07272727272727272,0.07272727272727272,0.058823529411764705,0.34545454545454546,0.38181818181818183,0.12727272727272726,0.07272727272727272,0.3861946244444444,96.91866666666667,L,0.0136986301369863,0.0136986301369863,0.136986301369863,0.5232558139534884,0.2876712328767123,0.136986301369863,0.2692543093434343,95.64874999999999,6.875,R,1.0,0.0,0.0,0.029268292682926828,0.058536585365853655,0.024390243902439025,0,Rate Field,73.3,89.0,5.3,0.0,0.0,1.3166309058016743,0.09686755522176264,932,,,,,,,,0.5,,,PASS
824791,2026-09-09 22:35:00+00:00,CLE,BAL,BAL,CLE,1,669236,Jeremiah Jackson,confirmed,7.0,4.0,656492,0.03153153153153153,0.05405405405405406,0.04013377926421405,0.18468468468468469,0.23423423423423423,0.20270270270270271,0.02702702702702703,0.28545421327683623,96.29728813559322,0.018518518518518517,0.018518518518518517,0.012658227848101266,0.14814814814814814,0.16666666666666666,0.2037037037037037,0.037037037037037035,0.27147058888888886,95.228,R,0.025,0.044444444444444446,0.16111111111111112,0.5057251908396947,0.20277777777777778,0.05555555555555555,0.3090153352686525,100.18733333333334,17.466666666666665,L,3.0,0.0,0.0,0.027906976744186046,0.05581395348837209,0.06976744186046512,0,Oriole Park at Camden Yards,85.2,44.0,9.5,0.0,0.0,1.0107469579891644,0.09681039559219555,933,,,,,,,,0.5,,,PASS
823416,2026-09-09 22:40:00+00:00,HOU,PHI,PHI,HOU,1,547180,Bryce Harper,confirmed,3.0,4.55,686613,0.026615969581749048,0.045627376425855515,0.03625377643504532,0.1520912547528517,0.25475285171102663,0.23574144486692014,0.19011406844106463,0.3633955644444445,96.43566666666666,0.015873015873015872,0.06349206349206349,0.04597701149425287,0.23809523809523808,0.2698412698412698,0.2222222222222222,0.14285714285714285,0.4129137277777778,98.94266666666665,L,0.028985507246376812,0.04057971014492753,0.12173913043478261,0.4567901234567901,0.24347826086956523,0.12173913043478261,0.2943831428632929,99.38466666666665,16.0,R,0.0,0.0,0.0,0.03,0.06,0.0,0,Citizens Bank Park,81.3,57.0,8.7,0.0,0.0,0.985478284039435,0.09605991215843739,941,,,,,,,,0.5,,,PASS
823739,2026-09-09 23:40:00+00:00,CHC,MIL,MIL,CHC,1,683734,Andrew Vaughn,confirmed,4.0,4.45,592332,0.021739130434782608,0.0391304347826087,0.03308823529411765,0.1608695652173913,0.2217391304347826,0.1782608695652174,0.10869565217391304,0.3216039947222223,96.358,0.018867924528301886,0.03773584905660377,0.03389830508474576,0.16981132075471697,0.18867924528301888,0.18867924528301888,0.07547169811320754,0.3232545711111111,98.80866666666664,R,0.033426183844011144,0.04178272980501393,0.20891364902506965,0.513978494623656,0.2395543175487465,0.08356545961002786,0.31797717499818146,101.078,16.2,R,3.0,1.0,1.0,0.051162790697674425,0.07906976744186046,0.06976744186046512,1,American Family Field,76.7,59.0,5.1,0.0,0.5,0.8844035882405187,0.09602424676755139,941,,,,,,,,0.5,,,PASS
824549,2026-09-09 23:40:00+00:00,PIT,CWS,PIT,CWS,0,693304,Nick Gonzales,confirmed,4.0,4.45,663436,0.011494252873563218,0.019157088122605363,0.014084507042253521,0.12643678160919541,0.2681992337164751,0.13409961685823754,0.08812260536398467,0.3245975266666666,94.40616666666665,0.0,0.029850746268656716,0.024691358024691357,0.1044776119402985,0.208955223880597,0.11940298507462686,0.1044776119402985,0.3478381255555556,92.77199999999998,R,0.028846153846153848,0.041666666666666664,0.18269230769230768,0.48325358851674644,0.15384615384615385,0.08974358974358974,0.3571842369036525,102.586,13.733333333333333,R,0.0,0.0,0.0,0.03,0.06,0.0,1,Rate Field,73.3,89.0,5.3,0.0,0.0,1.3166309058016743,0.09520730415731117,950,,,,,,,,0.5,,,PASS
823818,2026-09-09 22:40:00+00:00,NYM,MIA,NYM,MIA,0,543760,Marcus Semien,confirmed,6.0,4.15,676083,0.028925619834710745,0.024793388429752067,0.018575851393188854,0.15289256198347106,0.23553719008264462,0.2024793388429752,0.09090909090909091,0.28260837527777777,94.28066666666668,0.0,0.01639344262295082,0.011494252873563218,0.14754098360655737,0.2786885245901639,0.09836065573770492,0.09836065573770492,0.3073176911111111,93.88133333333332,R,0.031545741324921134,0.06309148264984227,0.2113564668769716,0.5219206680584552,0.167192429022082,0.06624605678233439,0.32692061872161654,101.95733333333332,14.466666666666667,R,0.0,0.0,0.0,0.03,0.06,0.0,1,loanDepot park,83.6,84.0,3.5,0.0,0.5,0.8591349142907896,0.09409677536660223,963,,,,,,,,0.5,,,PASS
824791,2026-09-09 22:35:00+00:00,CLE,BAL,CLE,BAL,0,683953,Travis Bazzana,confirmed,5.0,4.3,669358,0.011904761904761904,0.023809523809523808,0.01812688821752266,0.15079365079365079,0.24603174603174602,0.2261904761904762,0.10317460317460317,0.2765019994444444,94.17700000000004,0.017241379310344827,0.034482758620689655,0.02564102564102564,0.15517241379310345,0.25862068965517243,0.1206896551724138,0.06896551724137931,0.3168848433333334,94.076,L,0.01092896174863388,0.030054644808743168,0.18579234972677597,0.5206286836935167,0.21584699453551912,0.07377049180327869,0.29021300729845095,100.10533333333333,17.066666666666666,R,0.0,0.0,0.0,0.03,0.06,0.0,0,Oriole Park at Camden Yards,85.2,44.0,9.5,0.0,0.0,1.0107469579891644,0.09404505155943826,963,,,,,,,,0.5,,,PASS
823818,2026-09-09 22:40:00+00:00,NYM,MIA,MIA,NYM,1,672640,Otto Lopez,confirmed,4.0,4.45,476594,0.014925373134328358,0.04477611940298507,0.03614457831325301,0.16044776119402984,0.19776119402985073,0.11940298507462686,0.05970149253731343,0.29752114083333336,96.78750000000001,0.015384615384615385,0.06153846153846154,0.056338028169014086,0.16923076923076924,0.2153846153846154,0.16923076923076924,0.03076923076923077,0.31749881333333335,98.364,R,0.015873015873015872,0.047619047619047616,0.11904761904761904,0.5421686746987951,0.1984126984126984,0.10317460317460317,0.3224980661655649,98.55166666666668,12.666666666666666,R,2.0,0.0,0.0,0.02857142857142857,0.05714285714285714,0.047619047619047616,1,loanDepot park,83.6,84.0,3.5,0.0,0.5,0.8591349142907896,0.09404324633762937,963,,,,,,,,0.5,,,PASS
824713,2026-09-09 22:45:00+00:00,LAA,BOS,BOS,LAA,1,681987,Nate Eaton,confirmed,9.0,3.7,696270,0.029411764705882353,0.058823529411764705,0.05,0.14705882352941177,0.23529411764705882,0.3235294117647059,0.14705882352941177,0.29408186666666664,93.58333333333333,0.029411764705882353,0.058823529411764705,0.05,0.14705882352941177,0.23529411764705882,0.3235294117647059,0.14705882352941177,0.29408186666666664,93.58333333333333,R,0.044585987261146494,0.06687898089171974,0.19745222929936307,0.5427872860635696,0.1751592356687898,0.11146496815286625,0.34288132904422447,100.852,14.533333333333333,R,0.0,0.0,0.0,0.03,0.06,0.0,1,Fenway Park,73.2,74.0,11.2,0.0,0.0,1.1237127944703065,0.09324032427341361,972,,,,,,,,0.5,,,PASS
824791,2026-09-09 22:35:00+00:00,CLE,BAL,CLE,BAL,0,663993,Nathaniel Lowe,confirmed,6.0,4.15,669358,0.029045643153526972,0.03734439834024896,0.02608695652173913,0.15767634854771784,0.2821576763485477,0.23236514522821577,0.08298755186721991,0.30298289861111105,95.03849999999998,0.014925373134328358,0.029850746268656716,0.023809523809523808,0.11940298507462686,0.2835820895522388,0.208955223880597,0.1044776119402985,0.31610767777777776,95.0886666666667,L,0.01092896174863388,0.030054644808743168,0.18579234972677597,0.5206286836935167,0.21584699453551912,0.07377049180327869,0.29021300729845095,100.10533333333333,17.066666666666666,R,0.0,0.0,0.0,0.03,0.06,0.0,0,Oriole Park at Camden Yards,85.2,44.0,9.5,0.0,0.0,1.0107469579891644,0.09319607097900343,973,,,,,,,,0.5,,,PASS
823900,2026-09-10 02:10:00+00:00,CIN,LAD,LAD,CIN,1,676439,Hunter Feduccia,confirmed,7.0,4.0,695076,0.016304347826086956,0.06521739130434782,0.0502092050209205,0.19021739130434784,0.2826086956521739,0.25,0.08152173913043478,0.3178544341666666,93.87716666666667,0.020833333333333332,0.041666666666666664,0.03508771929824561,0.16666666666666666,0.3125,0.2708333333333333,0.10416666666666667,0.3319775311111111,93.01266666666665,L,0.04154302670623145,0.0771513353115727,0.18397626112759644,0.5260770975056689,0.18100890207715134,0.0830860534124629,0.35638587862898125,100.93199999999999,14.666666666666666,R,0.0,0.0,0.0,0.03,0.06,0.0,0,UNIQLO Field at Dodger Stadium,72.0,55.0,7.0,0.0,0.0,0.8898967782295902,0.09317670174463628,973,,,,,,,,0.5,,,PASS
823416,2026-09-09 22:40:00+00:00,HOU,PHI,HOU,PHI,0,701358,Cam Smith,confirmed,8.0,3.85,650911,0.04700854700854701,0.0641025641025641,0.04398826979472141,0.23504273504273504,0.2606837606837607,0.2222222222222222,0.04700854700854701,0.2994306808333333,98.17169491525424,0.038461538461538464,0.057692307692307696,0.04054054054054054,0.25,0.36538461538461536,0.3076923076923077,0.057692307692307696,0.26642272222222224,94.85642857142857,R,0.026525198938992044,0.034482758620689655,0.1273209549071618,0.34497816593886466,0.2493368700265252,0.0636604774535809,0.2963161209026917,101.36066666666666,17.333333333333332,L,0.0,0.0,0.0,0.03,0.06,0.0,0,Citizens Bank Park,81.3,57.0,8.7,0.0,0.0,0.985478284039435,0.09301893149382535,975,,,,,,,,0.5,,,PASS
823416,2026-09-09 22:40:00+00:00,HOU,PHI,HOU,PHI,0,673237,Yainer Diaz,confirmed,5.0,4.3,650911,0.04526748971193416,0.05761316872427984,0.041791044776119404,0.1728395061728395,0.20987654320987653,0.16049382716049382,0.0205761316872428,0.31131875305555556,97.45083333333334,0.05084745762711865,0.06779661016949153,0.046511627906976744,0.22033898305084745,0.2033898305084746,0.13559322033898305,0.03389830508474576,0.29270341222222224,98.248,R,0.026525198938992044,0.034482758620689655,0.1273209549071618,0.34497816593886466,0.2493368700265252,0.0636604774535809,0.2963161209026917,101.36066666666666,17.333333333333332,L,0.0,0.0,0.0,0.03,0.06,0.0,0,Citizens Bank Park,81.3,57.0,8.7,0.0,0.0,0.985478284039435,0.09294585356744173,976,,,,,,,,0.5,,,PASS
824791,2026-09-09 22:35:00+00:00,CLE,BAL,CLE,BAL,0,694197,Angel Genao,confirmed,7.0,4.0,669358,0.009433962264150943,0.02830188679245283,0.023076923076923078,0.1320754716981132,0.1792452830188679,0.1509433962264151,0.05660377358490566,0.26074976538461536,97.89576923076925,0.0,0.0,0.0,0.08196721311475409,0.18032786885245902,0.21311475409836064,0.04918032786885246,0.2025366433333333,96.72533333333334,R,0.01092896174863388,0.030054644808743168,0.18579234972677597,0.5206286836935167,0.21584699453551912,0.07377049180327869,0.29021300729845095,100.10533333333333,17.066666666666666,R,0.0,0.0,0.0,0.03,0.06,0.0,1,Oriole Park at Camden Yards,85.2,44.0,9.5,0.0,0.0,1.0107469579891644,0.09223135680098082,984,,,,,,,,0.5,,,PASS
824871,2026-09-09 23:15:00+00:00,TB,ATL,ATL,TB,1,645277,Ozzie Albies,confirmed,7.0,4.0,643377,0.03125,0.02734375,0.01627906976744186,0.18359375,0.32421875,0.1875,0.0703125,0.2582029113888889,94.5565,0.015625,0.015625,0.009009009009009009,0.1875,0.3125,0.1875,0.0625,0.2757904811111111,96.64799999999998,L,0.03691275167785235,0.06375838926174497,0.17785234899328858,0.46846846846846846,0.2785234899328859,0.06040268456375839,0.3189320931702742,101.41333333333333,14.066666666666666,R,0.0,0.0,0.0,0.03,0.06,0.0,0,Truist Park,88.6,36.0,4.5,0.0,0.0,1.1262608960450688,0.09212921104530679,985,,,,,,,,0.5,,,PASS
823497,2026-09-09 23:05:00+00:00,COL,NYY,COL,NYY,0,681393,Connor Norby,confirmed,8.0,3.85,701542,0.012875536480686695,0.034334763948497854,0.026845637583892617,0.16738197424892703,0.2575107296137339,0.2875536480686695,0.12446351931330472,0.2974155419444445,92.36466666666666,0.015625,0.03125,0.020833333333333332,0.125,0.296875,0.25,0.109375,0.3337157533333334,93.42533333333333,R,0.038461538461538464,0.05917159763313609,0.1863905325443787,0.4346793349168646,0.19822485207100593,0.08579881656804733,0.36156774108002204,103.07466666666667,15.0,R,2.0,0.0,0.0,0.02857142857142857,0.05714285714285714,0.047619047619047616,1,Yankee Stadium,78.8,64.0,8.4,0.0,0.0,1.182573940847322,0.09187585411031758,988,,,,,,,,0.5,,,PASS
824064,2026-09-09 23:40:00+00:00,ARI,KC,KC,ARI,1,679845,Nick Loftin,confirmed,6.0,4.15,668678,0.024291497975708502,0.02834008097165992,0.02348993288590604,0.13360323886639677,0.2793522267206478,0.17408906882591094,0.08906882591093117,0.2741025433333333,93.47600000000001,0.030303030303030304,0.045454545454545456,0.03614457831325301,0.13636363636363635,0.3333333333333333,0.19696969696969696,0.09090909090909091,0.26983106111111105,94.64866666666667,R,0.04507042253521127,0.08450704225352113,0.2140845070422535,0.41202672605790647,0.14084507042253522,0.0676056338028169,0.3749993943060289,104.16133333333333,15.466666666666667,R,0.0,0.0,0.0,0.03,0.06,0.0,1,Kauffman Stadium,77.1,85.0,3.7,0.0,0.0,1.0396254425031404,0.09167050023818665,991,,,,,,,,0.5,,,PASS
824549,2026-09-09 23:40:00+00:00,PIT,CWS,PIT,CWS,0,694378,Jacob Gonzalez,confirmed,9.0,3.7,663436,0.032432432432432434,0.032432432432432434,0.019801980198019802,0.2,0.2972972972972973,0.17297297297297298,0.05405405405405406,0.2969563786163522,94.44641509433964,0.02040816326530612,0.04081632653061224,0.024691358024691357,0.12244897959183673,0.22448979591836735,0.16326530612244897,0.04081632653061224,0.2857313633333333,92.278,L,0.028846153846153848,0.041666666666666664,0.18269230769230768,0.48325358851674644,0.15384615384615385,0.08974358974358974,0.3571842369036525,102.586,13.733333333333333,R,0.0,0.0,0.0,0.03,0.06,0.0,0,Rate Field,73.3,89.0,5.3,0.0,0.0,1.3166309058016743,0.09151015536336614,993,,,,,,,,0.5,,,PASS
823818,2026-09-09 22:40:00+00:00,NYM,MIA,NYM,MIA,0,620443,Luis Torrens,confirmed,9.0,3.7,676083,0.03286384976525822,0.04225352112676056,0.03125,0.15492957746478872,0.2347417840375587,0.2112676056338028,0.06572769953051644,0.2790705341666666,93.61583333333334,0.09803921568627451,0.0784313725490196,0.05714285714285714,0.21568627450980393,0.27450980392156865,0.17647058823529413,0.09803921568627451,0.3347734488888889,94.35866666666666,R,0.031545741324921134,0.06309148264984227,0.2113564668769716,0.5219206680584552,0.167192429022082,0.06624605678233439,0.32692061872161654,101.95733333333332,14.466666666666667,R,0.0,0.0,0.0,0.03,0.06,0.0,1,loanDepot park,83.6,84.0,3.5,0.0,0.5,0.8591349142907896,0.09107796404891655,998,,,,,,,,0.5,,,PASS
824791,2026-09-09 22:35:00+00:00,CLE,BAL,BAL,CLE,1,702616,Jackson Holliday,confirmed,5.0,4.3,656492,0.016736401673640166,0.03347280334728033,0.028368794326241134,0.13807531380753138,0.22594142259414227,0.21338912133891214,0.09205020920502092,0.28661112333333333,92.02883333333334,0.014492753623188406,0.043478260869565216,0.034482758620689655,0.18840579710144928,0.2898550724637681,0.2318840579710145,0.0,0.2661466666666667,96.27333333333334,L,0.025,0.044444444444444446,0.16111111111111112,0.5057251908396947,0.20277777777777778,0.05555555555555555,0.3090153352686525,100.18733333333334,17.466666666666665,L,0.0,0.0,0.0,0.03,0.06,0.0,1,Oriole Park at Camden Yards,85.2,44.0,9.5,0.0,0.0,1.0107469579891644,0.09057957723293875,1004,,,,,,,,0.5,,,PASS
823818,2026-09-09 22:40:00+00:00,NYM,MIA,NYM,MIA,0,805999,A.J. Ewing,confirmed,7.0,4.0,676083,0.015151515151515152,0.041666666666666664,0.03303303303303303,0.15151515151515152,0.25757575757575757,0.25,0.08333333333333333,0.29752578888888886,95.78916666666667,0.015625,0.015625,0.011764705882352941,0.203125,0.234375,0.1875,0.0625,0.2962062999999999,94.88333333333334,L,0.031545741324921134,0.06309148264984227,0.2113564668769716,0.5219206680584552,0.167192429022082,0.06624605678233439,0.32692061872161654,101.95733333333332,14.466666666666667,R,3.0,0.0,2.0,0.027906976744186046,0.10232558139534885,0.06976744186046512,0,loanDepot park,83.6,84.0,3.5,0.0,0.5,0.8591349142907896,0.089770653171364,1014,,,,,,,,0.5,,,PASS
824064,2026-09-09 23:40:00+00:00,ARI,KC,ARI,KC,0,672695,Geraldo Perdomo,confirmed,3.0,4.55,663738,0.0149812734082397,0.0149812734082397,0.010723860589812333,0.14606741573033707,0.29213483146067415,0.1198501872659176,0.12734082397003746,0.3178817398412699,94.57716666666666,0.0,0.0,0.0,0.14754098360655737,0.3442622950819672,0.11475409836065574,0.13114754098360656,0.36474232777777776,94.48133333333334,L,0.03296703296703297,0.054945054945054944,0.1978021978021978,0.4224137931034483,0.12087912087912088,0.08791208791208792,0.35427535375816993,100.22666666666667,10.166666666666666,L,0.0,0.0,0.0,0.03,0.06,0.0,1,Kauffman Stadium,77.1,85.0,3.7,0.0,0.0,1.0396254425031404,0.0892945033194914,1020,,,,,,,,0.5,,,PASS
823739,2026-09-09 23:40:00+00:00,CHC,MIL,CHC,MIL,0,699393,Pedro Ramírez,confirmed,7.0,4.0,701656,0.026881720430107527,0.043010752688172046,0.030534351145038167,0.13978494623655913,0.2956989247311828,0.1881720430107527,0.08064516129032258,0.2842167207407407,95.512,0.04838709677419355,0.08064516129032258,0.05154639175257732,0.16129032258064516,0.3387096774193548,0.16129032258064516,0.08064516129032258,0.2846858788888889,92.80866666666667,R,0.03858520900321544,0.05787781350482315,0.21221864951768488,0.6388261851015802,0.2990353697749196,0.04501607717041801,0.25235627355270557,100.266,16.466666666666665,R,2.0,0.0,0.0,0.02857142857142857,0.05714285714285714,0.047619047619047616,1,American Family Field,76.7,59.0,5.1,0.0,0.5,0.8844035882405187,0.08907871872462324,1023,,,,,,,,0.5,,,PASS
824791,2026-09-09 22:35:00+00:00,CLE,BAL,CLE,BAL,0,672275,Patrick Bailey,confirmed,8.0,3.85,669358,0.03225806451612903,0.05069124423963134,0.03767123287671233,0.17050691244239632,0.2534562211981567,0.24423963133640553,0.08755760368663594,0.31125840583333336,96.38983333333336,0.03333333333333333,0.03333333333333333,0.027777777777777776,0.18333333333333332,0.21666666666666667,0.2,0.16666666666666666,0.4149539377777777,95.56933333333332,L,0.01092896174863388,0.030054644808743168,0.18579234972677597,0.5206286836935167,0.21584699453551912,0.07377049180327869,0.29021300729845095,100.10533333333333,17.066666666666666,R,2.0,0.0,0.0,0.02857142857142857,0.05714285714285714,0.047619047619047616,0,Oriole Park at Camden Yards,85.2,44.0,9.5,0.0,0.0,1.0107469579891644,0.08867581662345164,1028,,,,,,,,0.5,,,PASS
823900,2026-09-10 02:10:00+00:00,CIN,LAD,LAD,CIN,1,663656,Kyle Tucker,confirmed,6.0,4.15,695076,0.024691358024691357,0.0411522633744856,0.028011204481792718,0.18106995884773663,0.2551440329218107,0.1440329218106996,0.12345679012345678,0.32528791388888895,95.15666666666667,0.015625,0.015625,0.01020408163265306,0.15625,0.28125,0.09375,0.171875,0.31926047555555565,94.71799999999999,L,0.04154302670623145,0.0771513353115727,0.18397626112759644,0.5260770975056689,0.18100890207715134,0.0830860534124629,0.35638587862898125,100.93199999999999,14.666666666666666,R,0.0,0.0,0.0,0.03,0.06,0.0,0,UNIQLO Field at Dodger Stadium,72.0,55.0,7.0,0.0,0.0,0.8898967782295902,0.08865067752551181,1028,,,,,,,,0.5,,,PASS
823497,2026-09-09 23:05:00+00:00,COL,NYY,COL,NYY,0,691728,Zac Veen,confirmed,9.0,3.7,701542,0.058823529411764705,0.08823529411764706,0.08108108108108109,0.11764705882352941,0.2647058823529412,0.38235294117647056,0.11764705882352941,0.3026747569444444,91.09583333333335,0.058823529411764705,0.08823529411764706,0.08108108108108109,0.11764705882352941,0.2647058823529412,0.38235294117647056,0.11764705882352941,0.3026747569444444,91.09583333333335,L,0.038461538461538464,0.05917159763313609,0.1863905325443787,0.4346793349168646,0.19822485207100593,0.08579881656804733,0.36156774108002204,103.07466666666667,15.0,R,0.0,0.0,0.0,0.03,0.06,0.0,0,Yankee Stadium,78.8,64.0,8.4,0.0,0.0,1.182573940847322,0.08860615656894949,1029,,,,,,,,0.5,,,PASS
824871,2026-09-09 23:15:00+00:00,TB,ATL,ATL,TB,1,669221,Sean Murphy,confirmed,9.0,3.7,643377,0.03896103896103896,0.03896103896103896,0.03409090909090909,0.11688311688311688,0.15584415584415584,0.33766233766233766,0.07792207792207792,0.25779087222222213,95.63999999999999,0.05454545454545454,0.05454545454545454,0.046153846153846156,0.14545454545454545,0.18181818181818182,0.2909090909090909,0.10909090909090909,0.30490166555555553,95.59266666666666,R,0.03691275167785235,0.06375838926174497,0.17785234899328858,0.46846846846846846,0.2785234899328859,0.06040268456375839,0.3189320931702742,101.41333333333333,14.066666666666666,R,0.0,0.0,0.0,0.03,0.06,0.0,1,Truist Park,88.6,36.0,4.5,0.0,0.0,1.1262608960450688,0.08837185145050976,1032,,,,,,,,0.5,,,PASS
823739,2026-09-09 23:40:00+00:00,CHC,MIL,CHC,MIL,0,608348,Carson Kelly,confirmed,9.0,3.7,701656,0.03225806451612903,0.028225806451612902,0.020771513353115726,0.1693548387096774,0.2540322580645161,0.1814516129032258,0.08870967741935484,0.2805613119444445,94.56083333333332,0.04838709677419355,0.03225806451612903,0.023529411764705882,0.1935483870967742,0.20967741935483872,0.1774193548387097,0.06451612903225806,0.2631502988888889,95.50733333333334,R,0.03858520900321544,0.05787781350482315,0.21221864951768488,0.6388261851015802,0.2990353697749196,0.04501607717041801,0.25235627355270557,100.266,16.466666666666665,R,2.0,0.0,0.0,0.02857142857142857,0.05714285714285714,0.047619047619047616,1,American Family Field,76.7,59.0,5.1,0.0,0.5,0.8844035882405187,0.08734636136603213,1045,,,,,,,,0.5,,,PASS
824064,2026-09-09 23:40:00+00:00,ARI,KC,KC,ARI,1,686555,Isaac Collins,confirmed,9.0,3.7,668678,0.012987012987012988,0.021645021645021644,0.016339869281045753,0.13852813852813853,0.21212121212121213,0.18614718614718614,0.1038961038961039,0.28602065416666667,96.84450000000001,0.0,0.0,0.0,0.04838709677419355,0.24193548387096775,0.22580645161290322,0.16129032258064516,0.2626694,96.38266666666665,L,0.04507042253521127,0.08450704225352113,0.2140845070422535,0.41202672605790647,0.14084507042253522,0.0676056338028169,0.3749993943060289,104.16133333333333,15.466666666666667,R,0.0,0.0,0.0,0.03,0.06,0.0,0,Kauffman Stadium,77.1,85.0,3.7,0.0,0.0,1.0396254425031404,0.08711752369716544,1048,,,,,,,,0.5,,,PASS
824871,2026-09-09 23:15:00+00:00,TB,ATL,TB,ATL,0,680700,Richie Palacios,confirmed,8.0,3.85,625643,0.031818181818181815,0.031818181818181815,0.023333333333333334,0.15454545454545454,0.2545454545454545,0.1409090909090909,0.10454545454545454,0.30026674111111107,93.67083333333333,0.07017543859649122,0.05263157894736842,0.04054054054054054,0.14035087719298245,0.19298245614035087,0.10526315789473684,0.05263157894736842,0.25909710999999996,96.57199999999999,L,0.03773584905660377,0.06132075471698113,0.16981132075471697,0.5451388888888888,0.22169811320754718,0.08962264150943396,0.34747957622783454,100.00454545454545,13.363636363636363,R,0.0,0.0,0.0,0.03,0.06,0.0,0,Truist Park,88.6,36.0,4.5,0.0,0.0,1.1262608960450688,0.08709703495241079,1048,,,,,,,,0.5,,,PASS
824871,2026-09-09 23:15:00+00:00,TB,ATL,TB,ATL,0,622761,Jorge Mateo,confirmed,9.0,3.7,625643,0.023809523809523808,0.047619047619047616,0.03524229074889868,0.16666666666666666,0.2619047619047619,0.2619047619047619,0.05952380952380952,0.2842476293333334,92.87620000000001,0.018867924528301886,0.018867924528301886,0.014492753623188406,0.1320754716981132,0.16981132075471697,0.24528301886792453,0.05660377358490566,0.24985669333333338,90.10866666666666,R,0.03773584905660377,0.06132075471698113,0.16981132075471697,0.5451388888888888,0.22169811320754718,0.08962264150943396,0.34747957622783454,100.00454545454545,13.363636363636363,R,0.0,0.0,0.0,0.03,0.06,0.0,1,Truist Park,88.6,36.0,4.5,0.0,0.0,1.1262608960450688,0.08707775816314192,1048,,,,,,,,0.5,,,PASS
823416,2026-09-09 22:40:00+00:00,HOU,PHI,HOU,PHI,0,670623,Isaac Paredes,confirmed,3.0,4.55,650911,0.0299625468164794,0.02247191011235955,0.014150943396226415,0.2247191011235955,0.25842696629213485,0.0898876404494382,0.1198501872659176,0.32330589888888883,95.60383333333333,0.030303030303030304,0.0,0.0,0.15151515151515152,0.22727272727272727,0.10606060606060606,0.19696969696969696,0.29653486333333334,95.74399999999999,R,0.026525198938992044,0.034482758620689655,0.1273209549071618,0.34497816593886466,0.2493368700265252,0.0636604774535809,0.2963161209026917,101.36066666666666,17.333333333333332,L,0.0,0.0,0.0,0.03,0.06,0.0,0,Citizens Bank Park,81.3,57.0,8.7,0.0,0.0,0.985478284039435,0.08639849056755565,1057,,,,,,,,0.5,,,PASS
823416,2026-09-09 22:40:00+00:00,HOU,PHI,HOU,PHI,0,662139,Daulton Varsho,confirmed,7.0,4.0,650911,0.016736401673640166,0.04602510460251046,0.03206997084548105,0.18410041841004185,0.27615062761506276,0.20502092050209206,0.06694560669456066,0.2630934719444445,95.01350000000002,0.047619047619047616,0.09523809523809523,0.07142857142857142,0.1746031746031746,0.2222222222222222,0.19047619047619047,0.06349206349206349,0.33786569888888884,94.10466666666666,L,0.026525198938992044,0.034482758620689655,0.1273209549071618,0.34497816593886466,0.2493368700265252,0.0636604774535809,0.2963161209026917,101.36066666666666,17.333333333333332,L,0.0,0.0,0.0,0.03,0.06,0.0,1,Citizens Bank Park,81.3,57.0,8.7,0.0,0.0,0.985478284039435,0.0861484850645569,1061,,,,,,,,0.5,,,PASS
824549,2026-09-09 23:40:00+00:00,PIT,CWS,CWS,PIT,1,803011,Sam Antonacci,confirmed,1.0,4.75,669199,0.019455252918287938,0.023346303501945526,0.016574585635359115,0.11673151750972763,0.36186770428015563,0.1556420233463035,0.10505836575875487,0.30581423999999996,94.80850000000001,0.0,0.015625,0.011111111111111112,0.0625,0.515625,0.15625,0.140625,0.3042761666666666,92.82466666666666,L,0.0136986301369863,0.0136986301369863,0.136986301369863,0.5232558139534884,0.2876712328767123,0.136986301369863,0.2692543093434343,95.64874999999999,6.875,R,0.0,0.0,0.0,0.03,0.06,0.0,0,Rate Field,73.3,89.0,5.3,0.0,0.0,1.3166309058016743,0.0855793484729442,1069,,,,,,,,0.5,,,PASS
823416,2026-09-09 22:40:00+00:00,HOU,PHI,HOU,PHI,0,572233,Christian Walker,confirmed,6.0,4.15,650911,0.028112449799196786,0.040160642570281124,0.030395136778115502,0.14056224899598393,0.24096385542168675,0.2570281124497992,0.07630522088353414,0.28407286583333335,96.64133333333332,0.03278688524590164,0.04918032786885246,0.038461538461538464,0.11475409836065574,0.2459016393442623,0.18032786885245902,0.06557377049180328,0.3198421611111112,96.12866666666666,R,0.026525198938992044,0.034482758620689655,0.1273209549071618,0.34497816593886466,0.2493368700265252,0.0636604774535809,0.2963161209026917,101.36066666666666,17.333333333333332,L,0.0,0.0,0.0,0.03,0.06,0.0,0,Citizens Bank Park,81.3,57.0,8.7,0.0,0.0,0.985478284039435,0.08522064270505433,1073,,,,,,,,0.5,,,PASS
823900,2026-09-10 02:10:00+00:00,CIN,LAD,LAD,CIN,1,571771,Enrique Hernández,confirmed,9.0,3.7,695076,0.04081632653061224,0.061224489795918366,0.04285714285714286,0.20408163265306123,0.2857142857142857,0.32653061224489793,0.061224489795918366,0.28390625490196075,91.38764705882352,0.022222222222222223,0.022222222222222223,0.015384615384615385,0.17777777777777778,0.26666666666666666,0.35555555555555557,0.06666666666666667,0.21779375555555552,90.19733333333333,R,0.04154302670623145,0.0771513353115727,0.18397626112759644,0.5260770975056689,0.18100890207715134,0.0830860534124629,0.35638587862898125,100.93199999999999,14.666666666666666,R,0.0,0.0,0.0,0.03,0.06,0.0,1,UNIQLO Field at Dodger Stadium,72.0,55.0,7.0,0.0,0.0,0.8898967782295902,0.08507753379998656,1075,,,,,,,,0.5,,,PASS
823416,2026-09-09 22:40:00+00:00,HOU,PHI,PHI,HOU,1,669016,Brandon Marsh,confirmed,6.0,4.15,686613,0.0321285140562249,0.060240963855421686,0.044642857142857144,0.17269076305220885,0.27710843373493976,0.2570281124497992,0.07630522088353414,0.27665904916666667,94.26566666666668,0.0,0.037037037037037035,0.028985507246376812,0.1111111111111111,0.3148148148148148,0.2037037037037037,0.07407407407407407,0.24625271111111113,92.188,L,0.028985507246376812,0.04057971014492753,0.12173913043478261,0.4567901234567901,0.24347826086956523,0.12173913043478261,0.2943831428632929,99.38466666666665,16.0,R,0.0,0.0,0.0,0.03,0.06,0.0,0,Citizens Bank Park,81.3,57.0,8.7,0.0,0.0,0.985478284039435,0.08438805237291777,1085,,,,,,,,0.5,,,PASS
823497,2026-09-09 23:05:00+00:00,COL,NYY,COL,NYY,0,681198,TJ Rumfield,confirmed,3.0,4.55,701542,0.011494252873563218,0.02681992337164751,0.019337016574585635,0.1111111111111111,0.26436781609195403,0.13026819923371646,0.14559386973180077,0.3360281330555555,92.4485,0.030303030303030304,0.06060606060606061,0.04395604395604396,0.18181818181818182,0.24242424242424243,0.10606060606060606,0.24242424242424243,0.3990571322222222,95.25666666666667,L,0.038461538461538464,0.05917159763313609,0.1863905325443787,0.4346793349168646,0.19822485207100593,0.08579881656804733,0.36156774108002204,103.07466666666667,15.0,R,0.0,0.0,0.0,0.03,0.06,0.0,0,Yankee Stadium,78.8,64.0,8.4,0.0,0.0,1.182573940847322,0.08343712596106005,1099,,,,,,,,0.5,,,PASS
823818,2026-09-09 22:40:00+00:00,NYM,MIA,MIA,NYM,1,805300,Jakob Marsee,confirmed,5.0,4.3,476594,0.02390438247011952,0.027888446215139442,0.02364864864864865,0.15139442231075698,0.2589641434262948,0.16733067729083664,0.11952191235059761,0.3172762602777778,94.68583333333332,0.03076923076923077,0.03076923076923077,0.02631578947368421,0.2,0.3230769230769231,0.15384615384615385,0.12307692307692308,0.35657961,96.366,L,0.015873015873015872,0.047619047619047616,0.11904761904761904,0.5421686746987951,0.1984126984126984,0.10317460317460317,0.3224980661655649,98.55166666666668,12.666666666666666,R,0.0,0.0,0.0,0.03,0.06,0.0,0,loanDepot park,83.6,84.0,3.5,0.0,0.5,0.8591349142907896,0.08281847465586621,1107,,,,,,,,0.5,,,PASS
824064,2026-09-09 23:40:00+00:00,ARI,KC,ARI,KC,0,691783,Jordan Lawlar,confirmed,8.0,3.85,663738,0.044444444444444446,0.03333333333333333,0.027522935779816515,0.07777777777777778,0.2222222222222222,0.3,0.03333333333333333,0.29013431000000006,92.8576,0.05555555555555555,0.037037037037037035,0.031746031746031744,0.07407407407407407,0.18518518518518517,0.3333333333333333,0.0,0.2498895166666667,91.15466666666666,R,0.03296703296703297,0.054945054945054944,0.1978021978021978,0.4224137931034483,0.12087912087912088,0.08791208791208792,0.35427535375816993,100.22666666666667,10.166666666666666,L,0.0,0.0,0.0,0.03,0.06,0.0,0,Kauffman Stadium,77.1,85.0,3.7,0.0,0.0,1.0396254425031404,0.08197435354728083,1120,,,,,,,,0.5,,,PASS
823818,2026-09-09 22:40:00+00:00,NYM,MIA,MIA,NYM,1,688363,Graham Pauley,confirmed,8.0,3.85,476594,0.024193548387096774,0.04838709677419355,0.03428571428571429,0.1693548387096774,0.27419354838709675,0.23387096774193547,0.06451612903225806,0.2424528486842105,92.80578947368421,0.041666666666666664,0.08333333333333333,0.05194805194805195,0.20833333333333334,0.3333333333333333,0.20833333333333334,0.0625,0.31495918333333334,94.50266666666667,L,0.015873015873015872,0.047619047619047616,0.11904761904761904,0.5421686746987951,0.1984126984126984,0.10317460317460317,0.3224980661655649,98.55166666666668,12.666666666666666,R,0.0,0.0,0.0,0.03,0.06,0.0,0,loanDepot park,83.6,84.0,3.5,0.0,0.5,0.8591349142907896,0.08156449134881545,1126,,,,,,,,0.5,,,PASS
824791,2026-09-09 22:35:00+00:00,CLE,BAL,BAL,CLE,1,665750,Leody Taveras,confirmed,8.0,3.85,656492,0.02109704641350211,0.02531645569620253,0.019736842105263157,0.11392405063291139,0.20675105485232068,0.29957805907172996,0.0759493670886076,0.22982575777777778,92.606,0.017543859649122806,0.017543859649122806,0.014285714285714285,0.12280701754385964,0.24561403508771928,0.3684210526315789,0.07017543859649122,0.19448562111111115,92.30000000000001,L,0.025,0.044444444444444446,0.16111111111111112,0.5057251908396947,0.20277777777777778,0.05555555555555555,0.3090153352686525,100.18733333333334,17.466666666666665,L,3.0,0.0,0.0,0.027906976744186046,0.05581395348837209,0.06976744186046512,1,Oriole Park at Camden Yards,85.2,44.0,9.5,0.0,0.0,1.0107469579891644,0.0810310333948149,1134,,,,,,,,0.5,,,PASS
823416,2026-09-09 22:40:00+00:00,HOU,PHI,HOU,PHI,0,514888,Jose Altuve,confirmed,4.0,4.45,650911,0.02766798418972332,0.015810276679841896,0.011560693641618497,0.1541501976284585,0.21739130434782608,0.18181818181818182,0.06324110671936758,0.2509593594444445,92.94849999999998,0.03076923076923077,0.015384615384615385,0.011235955056179775,0.2153846153846154,0.24615384615384617,0.2153846153846154,0.06153846153846154,0.2655184933333333,96.45266666666666,R,0.026525198938992044,0.034482758620689655,0.1273209549071618,0.34497816593886466,0.2493368700265252,0.0636604774535809,0.2963161209026917,101.36066666666666,17.333333333333332,L,0.0,0.0,0.0,0.03,0.06,0.0,0,Citizens Bank Park,81.3,57.0,8.7,0.0,0.0,0.985478284039435,0.08036486637502062,1144,,,,,,,,0.5,,,PASS
824713,2026-09-09 22:45:00+00:00,LAA,BOS,LAA,BOS,0,672724,Oswald Peraza,confirmed,7.0,4.0,687562,0.012658227848101266,0.03375527426160337,0.024390243902439025,0.10126582278481013,0.2489451476793249,0.31223628691983124,0.03375527426160337,0.24348308999999996,93.04666666666665,0.0,0.0,0.0,0.07547169811320754,0.2641509433962264,0.3018867924528302,0.07547169811320754,0.23813298777777783,89.12733333333334,R,0.0226628895184136,0.056657223796033995,0.16997167138810199,0.4922737306843267,0.21813031161473087,0.039660056657223795,0.2664343456128637,100.12399999999998,17.8,L,0.0,0.0,0.0,0.03,0.06,0.0,0,Fenway Park,73.2,74.0,11.2,0.0,0.0,1.1237127944703065,0.07958486662250878,1157,,,,,,,,0.5,,,PASS
823416,2026-09-09 22:40:00+00:00,HOU,PHI,PHI,HOU,1,681082,Bryson Stott,confirmed,5.0,4.3,686613,0.012244897959183673,0.0326530612244898,0.02476780185758514,0.17142857142857143,0.24489795918367346,0.17142857142857143,0.12244897959183673,0.3425258772222222,95.52366666666667,0.017241379310344827,0.05172413793103448,0.0410958904109589,0.1724137931034483,0.3103448275862069,0.22413793103448276,0.05172413793103448,0.3110054755555556,94.32066666666667,L,0.028985507246376812,0.04057971014492753,0.12173913043478261,0.4567901234567901,0.24347826086956523,0.12173913043478261,0.2943831428632929,99.38466666666665,16.0,R,0.0,0.0,0.0,0.03,0.06,0.0,0,Citizens Bank Park,81.3,57.0,8.7,0.0,0.0,0.985478284039435,0.07802928771503295,1182,,,,,,,,0.5,,,PASS
823818,2026-09-09 22:40:00+00:00,NYM,MIA,MIA,NYM,1,691788,Joe Mack,confirmed,9.0,3.7,476594,0.05188679245283019,0.06132075471698113,0.04905660377358491,0.18396226415094338,0.22641509433962265,0.24056603773584906,0.05660377358490566,0.29044012333333336,93.88983333333334,0.0196078431372549,0.0196078431372549,0.015384615384615385,0.09803921568627451,0.23529411764705882,0.27450980392156865,0.0196078431372549,0.17471675555555555,89.27933333333334,L,0.015873015873015872,0.047619047619047616,0.11904761904761904,0.5421686746987951,0.1984126984126984,0.10317460317460317,0.3224980661655649,98.55166666666668,12.666666666666666,R,2.0,1.0,1.0,0.05238095238095238,0.08095238095238096,0.047619047619047616,0,loanDepot park,83.6,84.0,3.5,0.0,0.5,0.8591349142907896,0.07761155573152724,1188,,,,,,,,0.5,,,PASS
824871,2026-09-09 23:15:00+00:00,TB,ATL,TB,ATL,0,689414,Liam Hicks,confirmed,4.0,4.45,625643,0.023076923076923078,0.026923076923076925,0.021538461538461538,0.09615384615384616,0.17692307692307693,0.09230769230769231,0.09615384615384616,0.31660323361111115,92.9225,0.03636363636363636,0.03636363636363636,0.0273972602739726,0.12727272727272726,0.18181818181818182,0.10909090909090909,0.05454545454545454,0.32122578333333335,92.98066666666665,L,0.03773584905660377,0.06132075471698113,0.16981132075471697,0.5451388888888888,0.22169811320754718,0.08962264150943396,0.34747957622783454,100.00454545454545,13.363636363636363,R,2.0,0.0,0.0,0.02857142857142857,0.05714285714285714,0.047619047619047616,0,Truist Park,88.6,36.0,4.5,0.0,0.0,1.1262608960450688,0.07737589699292106,1192,,,,,,,,0.5,,,PASS
824791,2026-09-09 22:35:00+00:00,CLE,BAL,CLE,BAL,0,677587,Brayan Rocchio,confirmed,9.0,3.7,669358,0.0326530612244898,0.02857142857142857,0.019830028328611898,0.17959183673469387,0.2857142857142857,0.15918367346938775,0.036734693877551024,0.2701178102777778,94.95533333333334,0.05357142857142857,0.017857142857142856,0.012048192771084338,0.16071428571428573,0.30357142857142855,0.125,0.017857142857142856,0.2837293166666666,96.01333333333332,L,0.01092896174863388,0.030054644808743168,0.18579234972677597,0.5206286836935167,0.21584699453551912,0.07377049180327869,0.29021300729845095,100.10533333333333,17.066666666666666,R,2.0,0.0,0.0,0.02857142857142857,0.05714285714285714,0.047619047619047616,0,Oriole Park at Camden Yards,85.2,44.0,9.5,0.0,0.0,1.0107469579891644,0.07736975407169797,1192,,,,,,,,0.5,,,PASS
823900,2026-09-10 02:10:00+00:00,CIN,LAD,LAD,CIN,1,518692,Freddie Freeman,confirmed,8.0,3.85,695076,0.012,0.028,0.01871657754010695,0.2,0.284,0.176,0.092,0.34422563916666665,95.39116666666668,0.015873015873015872,0.015873015873015872,0.011904761904761904,0.1746031746031746,0.2222222222222222,0.20634920634920634,0.15873015873015872,0.3244216788888889,93.54066666666664,L,0.04154302670623145,0.0771513353115727,0.18397626112759644,0.5260770975056689,0.18100890207715134,0.0830860534124629,0.35638587862898125,100.93199999999999,14.666666666666666,R,0.0,0.0,0.0,0.03,0.06,0.0,0,UNIQLO Field at Dodger Stadium,72.0,55.0,7.0,0.0,0.0,0.8898967782295902,0.07715238810968479,1196,,,,,,,,0.5,,,PASS
824713,2026-09-09 22:45:00+00:00,LAA,BOS,LAA,BOS,0,694203,Denzer Guzman,confirmed,8.0,3.85,687562,0.021551724137931036,0.034482758620689655,0.026402640264026403,0.11637931034482758,0.2629310344827586,0.25862068965517243,0.05172413793103448,0.2663688376436782,93.98603448275861,0.0,0.03508771929824561,0.02857142857142857,0.10526315789473684,0.19298245614035087,0.3157894736842105,0.03508771929824561,0.21318684444444444,92.63266666666665,R,0.0226628895184136,0.056657223796033995,0.16997167138810199,0.4922737306843267,0.21813031161473087,0.039660056657223795,0.2664343456128637,100.12399999999998,17.8,L,3.0,0.0,0.0,0.027906976744186046,0.05581395348837209,0.06976744186046512,0,Fenway Park,73.2,74.0,11.2,0.0,0.0,1.1237127944703065,0.07706874109859767,1198,,,,,,,,0.5,,,PASS
823416,2026-09-09 22:40:00+00:00,HOU,PHI,PHI,HOU,1,592663,J.T. Realmuto,confirmed,8.0,3.85,686613,0.029411764705882353,0.04201680672268908,0.03184713375796178,0.17647058823529413,0.23529411764705882,0.2184873949579832,0.07983193277310924,0.3196102825,97.30916666666668,0.03508771929824561,0.07017543859649122,0.05194805194805195,0.21052631578947367,0.3508771929824561,0.19298245614035087,0.10526315789473684,0.33256718888888886,95.466,R,0.028985507246376812,0.04057971014492753,0.12173913043478261,0.4567901234567901,0.24347826086956523,0.12173913043478261,0.2943831428632929,99.38466666666665,16.0,R,0.0,0.0,0.0,0.03,0.06,0.0,1,Citizens Bank Park,81.3,57.0,8.7,0.0,0.0,0.985478284039435,0.0770662901579222,1198,,,,,,,,0.5,,,PASS
823818,2026-09-09 22:40:00+00:00,NYM,MIA,MIA,NYM,1,691594,Javier Sanoja,confirmed,6.0,4.15,476594,0.025,0.025,0.01675977653631285,0.1625,0.26666666666666666,0.05416666666666667,0.04583333333333333,0.3056910316666666,96.18833333333333,0.031746031746031744,0.015873015873015872,0.01020408163265306,0.1746031746031746,0.25396825396825395,0.06349206349206349,0.07936507936507936,0.3693869733333333,97.312,R,0.015873015873015872,0.047619047619047616,0.11904761904761904,0.5421686746987951,0.1984126984126984,0.10317460317460317,0.3224980661655649,98.55166666666668,12.666666666666666,R,2.0,0.0,0.0,0.02857142857142857,0.05714285714285714,0.047619047619047616,1,loanDepot park,83.6,84.0,3.5,0.0,0.5,0.8591349142907896,0.07595145588270542,1217,,,,,,,,0.5,,,PASS
823900,2026-09-10 02:10:00+00:00,CIN,LAD,CIN,LAD,0,682877,Juan Brito,confirmed,6.0,4.15,808967,0.014705882352941176,0.029411764705882353,0.023529411764705882,0.17647058823529413,0.29411764705882354,0.27941176470588236,0.08823529411764706,0.2713147382352941,92.5064705882353,0.016666666666666666,0.03333333333333333,0.02666666666666667,0.13333333333333333,0.3,0.3,0.1,0.24099003666666666,91.34466666666667,R,0.023316062176165803,0.03626943005181347,0.13212435233160622,0.45510204081632655,0.26424870466321243,0.06476683937823834,0.24629243649900398,100.27933333333331,20.0,R,0.0,0.0,0.0,0.03,0.06,0.0,1,UNIQLO Field at Dodger Stadium,72.0,55.0,7.0,0.0,0.0,0.8898967782295902,0.07585553081660625,1218,,,,,,,,0.5,,,PASS
824549,2026-09-09 23:40:00+00:00,PIT,CWS,CWS,PIT,1,695731,Braden Montgomery,confirmed,6.0,4.15,669199,0.01593625498007968,0.02390438247011952,0.018633540372670808,0.12749003984063745,0.22310756972111553,0.17928286852589642,0.11553784860557768,0.33049038972222217,95.06783333333334,0.031746031746031744,0.047619047619047616,0.03409090909090909,0.12698412698412698,0.20634920634920634,0.09523809523809523,0.12698412698412698,0.4029838166666666,94.06933333333333,L,0.0136986301369863,0.0136986301369863,0.136986301369863,0.5232558139534884,0.2876712328767123,0.136986301369863,0.2692543093434343,95.64874999999999,6.875,R,0.0,0.0,0.0,0.03,0.06,0.0,0,Rate Field,73.3,89.0,5.3,0.0,0.0,1.3166309058016743,0.07579483354693758,1219,,,,,,,,0.5,,,PASS
824064,2026-09-09 23:40:00+00:00,ARI,KC,KC,ARI,1,664728,Kyle Isbel,confirmed,8.0,3.85,668678,0.018691588785046728,0.014018691588785047,0.010869565217391304,0.10747663551401869,0.21495327102803738,0.20093457943925233,0.0514018691588785,0.2598312566666667,93.66516666666666,0.03571428571428571,0.017857142857142856,0.014705882352941176,0.08928571428571429,0.125,0.19642857142857142,0.05357142857142857,0.28055246666666667,92.76866666666666,L,0.04507042253521127,0.08450704225352113,0.2140845070422535,0.41202672605790647,0.14084507042253522,0.0676056338028169,0.3749993943060289,104.16133333333333,15.466666666666667,R,0.0,0.0,0.0,0.03,0.06,0.0,0,Kauffman Stadium,77.1,85.0,3.7,0.0,0.0,1.0396254425031404,0.07513663706205186,1231,,,,,,,,0.5,,,PASS
824791,2026-09-09 22:35:00+00:00,CLE,BAL,BAL,CLE,1,665966,Carlos Narváez,confirmed,9.0,3.7,656492,0.010050251256281407,0.035175879396984924,0.027777777777777776,0.1457286432160804,0.271356783919598,0.3316582914572864,0.08040201005025126,0.2629932627777778,91.73813559322035,0.0,0.021739130434782608,0.01639344262295082,0.17391304347826086,0.21739130434782608,0.2608695652173913,0.06521739130434782,0.24133721666666666,93.19866666666667,R,0.025,0.044444444444444446,0.16111111111111112,0.5057251908396947,0.20277777777777778,0.05555555555555555,0.3090153352686525,100.18733333333334,17.466666666666665,L,0.0,0.0,0.0,0.03,0.06,0.0,0,Oriole Park at Camden Yards,85.2,44.0,9.5,0.0,0.0,1.0107469579891644,0.07338726625786705,1263,,,,,,,,0.5,,,PASS
824791,2026-09-09 22:35:00+00:00,CLE,BAL,BAL,CLE,1,677956,Rece Hinds,confirmed,6.0,4.15,656492,0.0,0.0,0.0,0.09523809523809523,0.09523809523809523,0.42857142857142855,0.07142857142857142,0.17078334583333332,87.76583333333332,0.0,0.0,0.0,0.09523809523809523,0.09523809523809523,0.42857142857142855,0.07142857142857142,0.17078334583333332,87.76583333333332,R,0.025,0.044444444444444446,0.16111111111111112,0.5057251908396947,0.20277777777777778,0.05555555555555555,0.3090153352686525,100.18733333333334,17.466666666666665,L,0.0,0.0,0.0,0.03,0.06,0.0,0,Oriole Park at Camden Yards,85.2,44.0,9.5,0.0,0.0,1.0107469579891644,0.07257837738635656,1278,,,,,,,,0.5,,,PASS
824549,2026-09-09 23:40:00+00:00,PIT,CWS,CWS,PIT,1,805367,Chase Meidroth,confirmed,8.0,3.85,669199,0.024193548387096774,0.024193548387096774,0.018808777429467086,0.14919354838709678,0.25806451612903225,0.18548387096774194,0.10887096774193548,0.2915644708730158,93.98033333333332,0.0,0.0,0.0,0.12903225806451613,0.20967741935483872,0.1774193548387097,0.0967741935483871,0.27039244222222225,90.71000000000001,R,0.0136986301369863,0.0136986301369863,0.136986301369863,0.5232558139534884,0.2876712328767123,0.136986301369863,0.2692543093434343,95.64874999999999,6.875,R,0.0,0.0,0.0,0.03,0.06,0.0,1,Rate Field,73.3,89.0,5.3,0.0,0.0,1.3166309058016743,0.07105249297530208,1307,,,,,,,,0.5,,,PASS
823900,2026-09-10 02:10:00+00:00,CIN,LAD,CIN,LAD,0,663647,Ke'Bryan Hayes,confirmed,9.0,3.7,808967,0.025252525252525252,0.06060606060606061,0.05309734513274336,0.1717171717171717,0.21717171717171718,0.20707070707070707,0.05555555555555555,0.28708971333333333,96.1276666666667,0.022727272727272728,0.045454545454545456,0.03076923076923077,0.1590909090909091,0.25,0.20454545454545456,0.09090909090909091,0.2780189333333334,94.22800000000001,R,0.023316062176165803,0.03626943005181347,0.13212435233160622,0.45510204081632655,0.26424870466321243,0.06476683937823834,0.24629243649900398,100.27933333333331,20.0,R,0.0,0.0,0.0,0.03,0.06,0.0,1,UNIQLO Field at Dodger Stadium,72.0,55.0,7.0,0.0,0.0,0.8898967782295902,0.07097785616771803,1309,,,,,,,,0.5,,,PASS
823739,2026-09-09 23:40:00+00:00,CHC,MIL,MIL,CHC,1,686217,Sal Frelick,confirmed,6.0,4.15,592332,0.012658227848101266,0.02531645569620253,0.01834862385321101,0.13924050632911392,0.26582278481012656,0.10126582278481013,0.06329113924050633,0.2827358483333333,94.69466666666668,0.01694915254237288,0.03389830508474576,0.021739130434782608,0.13559322033898305,0.3559322033898305,0.2033898305084746,0.05084745762711865,0.19144695444444446,92.652,L,0.033426183844011144,0.04178272980501393,0.20891364902506965,0.513978494623656,0.2395543175487465,0.08356545961002786,0.31797717499818146,101.078,16.2,R,3.0,0.0,0.0,0.027906976744186046,0.05581395348837209,0.06976744186046512,0,American Family Field,76.7,59.0,5.1,0.0,0.5,0.8844035882405187,0.07005532788807063,1327,,,,,,,,0.5,,,PASS
823416,2026-09-09 22:40:00+00:00,HOU,PHI,HOU,PHI,0,678489,Jorge Barrosa,confirmed,9.0,3.7,650911,0.008130081300813009,0.032520325203252036,0.026845637583892617,0.14634146341463414,0.2682926829268293,0.2601626016260163,0.08943089430894309,0.22109133578431373,90.87411764705882,0.019230769230769232,0.019230769230769232,0.017543859649122806,0.11538461538461539,0.23076923076923078,0.21153846153846154,0.1346153846153846,0.21539605,91.70866666666666,L,0.026525198938992044,0.034482758620689655,0.1273209549071618,0.34497816593886466,0.2493368700265252,0.0636604774535809,0.2963161209026917,101.36066666666666,17.333333333333332,L,0.0,0.0,0.0,0.03,0.06,0.0,1,Citizens Bank Park,81.3,57.0,8.7,0.0,0.0,0.985478284039435,0.06975930034229434,1334,,,,,,,,0.5,,,PASS
823497,2026-09-09 23:05:00+00:00,COL,NYY,NYY,COL,1,676609,José Caballero,confirmed,9.0,3.7,608372,0.034782608695652174,0.034782608695652174,0.025806451612903226,0.10434782608695652,0.3173913043478261,0.2826086956521739,0.06521739130434782,0.27854515249999995,89.47533333333335,0.017543859649122806,0.03508771929824561,0.029411764705882353,0.14035087719298245,0.21052631578947367,0.24561403508771928,0.03508771929824561,0.27536552666666664,89.63933333333334,R,0.05232558139534884,0.07848837209302326,0.23837209302325582,0.4989429175475687,0.14825581395348839,0.0436046511627907,0.3706605962835715,102.43533333333335,15.333333333333334,R,0.0,0.0,0.0,0.03,0.06,0.0,1,Yankee Stadium,78.8,64.0,8.4,0.0,0.0,1.182573940847322,0.06614548354272959,1412,,,,,,,,0.5,,,PASS
823900,2026-09-10 02:10:00+00:00,CIN,LAD,CIN,LAD,0,677943,Will Banfield,confirmed,7.0,4.0,808967,0.0,0.0,0.0,0.0,0.0,0.0,0.0,0.09300000000000001,100.16,0.0,0.0,0.0,0.0,0.0,0.0,0.0,0.09300000000000001,100.16,R,0.023316062176165803,0.03626943005181347,0.13212435233160622,0.45510204081632655,0.26424870466321243,0.06476683937823834,0.24629243649900398,100.27933333333331,20.0,R,0.0,0.0,0.0,0.03,0.06,0.0,1,UNIQLO Field at Dodger Stadium,72.0,55.0,7.0,0.0,0.0,0.8898967782295902,0.06595034295447923,1416,,,,,,,,0.5,,,PASS
824871,2026-09-09 23:15:00+00:00,TB,ATL,ATL,TB,1,643289,Mauricio Dubón,confirmed,5.0,4.3,643377,0.012244897959183673,0.0163265306122449,0.009876543209876543,0.09795918367346938,0.33877551020408164,0.08571428571428572,0.04897959183673469,0.28743534416666655,93.67316666666666,0.01694915254237288,0.01694915254237288,0.009900990099009901,0.13559322033898305,0.3220338983050847,0.06779661016949153,0.03389830508474576,0.2611631222222222,91.59733333333332,R,0.03691275167785235,0.06375838926174497,0.17785234899328858,0.46846846846846846,0.2785234899328859,0.06040268456375839,0.3189320931702742,101.41333333333333,14.066666666666666,R,0.0,0.0,0.0,0.03,0.06,0.0,1,Truist Park,88.6,36.0,4.5,0.0,0.0,1.1262608960450688,0.06511283648102731,1436,,,,,,,,0.5,,,PASS
824713,2026-09-09 22:45:00+00:00,LAA,BOS,BOS,LAA,1,702332,Caleb Durbin,confirmed,6.0,4.15,696270,0.019455252918287938,0.019455252918287938,0.014367816091954023,0.10894941634241245,0.23346303501945526,0.13229571984435798,0.10894941634241245,0.291787890462963,90.65799999999999,0.0,0.016666666666666666,0.01639344262295082,0.06666666666666667,0.18333333333333332,0.18333333333333332,0.16666666666666666,0.3026359433333334,90.15133333333333,R,0.044585987261146494,0.06687898089171974,0.19745222929936307,0.5427872860635696,0.1751592356687898,0.11146496815286625,0.34288132904422447,100.852,14.533333333333333,R,2.0,0.0,0.0,0.02857142857142857,0.05714285714285714,0.047619047619047616,1,Fenway Park,73.2,74.0,11.2,0.0,0.0,1.1237127944703065,0.060827022999814004,1544,,,,,,,,0.5,,,PASS
823416,2026-09-09 22:40:00+00:00,HOU,PHI,PHI,HOU,1,702222,Justin Crawford,confirmed,7.0,4.0,686613,0.0,0.00966183574879227,0.006514657980456026,0.14009661835748793,0.2560386473429952,0.14492753623188406,0.05314009661835749,0.2866604161111111,95.1020338983051,0.0,0.0,0.0,0.1702127659574468,0.2553191489361702,0.10638297872340426,0.06382978723404255,0.2574181444444445,95.93800000000002,L,0.028985507246376812,0.04057971014492753,0.12173913043478261,0.4567901234567901,0.24347826086956523,0.12173913043478261,0.2943831428632929,99.38466666666665,16.0,R,0.0,0.0,0.0,0.03,0.06,0.0,0,Citizens Bank Park,81.3,57.0,8.7,0.0,0.0,0.985478284039435,0.0604069993189248,1555,,,,,,,,0.5,,,PASS
823739,2026-09-09 23:40:00+00:00,CHC,MIL,CHC,MIL,0,663538,Nico Hoerner,confirmed,6.0,4.15,701656,0.015873015873015872,0.015873015873015872,0.01084010840108401,0.10714285714285714,0.3055555555555556,0.11507936507936507,0.027777777777777776,0.3190188125,93.93983333333333,0.016129032258064516,0.03225806451612903,0.019801980198019802,0.14516129032258066,0.3225806451612903,0.12903225806451613,0.016129032258064516,0.29713042222222225,94.96066666666665,R,0.03858520900321544,0.05787781350482315,0.21221864951768488,0.6388261851015802,0.2990353697749196,0.04501607717041801,0.25235627355270557,100.266,16.466666666666665,R,3.0,0.0,0.0,0.027906976744186046,0.05581395348837209,0.06976744186046512,1,American Family Field,76.7,59.0,5.1,0.0,0.5,0.8844035882405187,0.0601541369811497,1562,,,,,,,,0.5,,,PASS
823416,2026-09-09 22:40:00+00:00,HOU,PHI,PHI,HOU,1,650559,Bryan De La Cruz,confirmed,9.0,3.7,686613,0.041666666666666664,0.041666666666666664,0.030303030303030304,0.08333333333333333,0.16666666666666666,0.22916666666666666,0.041666666666666664,0.2976041547619047,95.61214285714287,0.041666666666666664,0.041666666666666664,0.030303030303030304,0.08333333333333333,0.16666666666666666,0.22916666666666666,0.041666666666666664,0.2976041547619047,95.61214285714287,R,0.028985507246376812,0.04057971014492753,0.12173913043478261,0.4567901234567901,0.24347826086956523,0.12173913043478261,0.2943831428632929,99.38466666666665,16.0,R,0.0,0.0,0.0,0.03,0.06,0.0,1,Citizens Bank Park,81.3,57.0,8.7,0.0,0.0,0.985478284039435,0.055996022376734324,1686,,,,,,,,0.5,,,PASS
823900,2026-09-10 02:10:00+00:00,CIN,LAD,CIN,LAD,0,670770,TJ Friedl,confirmed,8.0,3.85,808967,0.01327433628318584,0.017699115044247787,0.016129032258064516,0.13716814159292035,0.18141592920353983,0.19469026548672566,0.0752212389380531,0.2523356111111111,91.55066666666667,0.0,0.0,0.0,0.14583333333333334,0.08333333333333333,0.14583333333333334,0.10416666666666667,0.25194981666666666,90.96333333333335,L,0.023316062176165803,0.03626943005181347,0.13212435233160622,0.45510204081632655,0.26424870466321243,0.06476683937823834,0.24629243649900398,100.27933333333331,20.0,R,0.0,0.0,0.0,0.03,0.06,0.0,0,UNIQLO Field at Dodger Stadium,72.0,55.0,7.0,0.0,0.0,0.8898967782295902,0.054426849293329846,1737,,,,,,,,0.5,,,PASS
824713,2026-09-09 22:45:00+00:00,LAA,BOS,BOS,LAA,1,643396,Isiah Kiner-Falefa,confirmed,8.0,3.85,696270,0.014598540145985401,0.021897810218978103,0.01639344262295082,0.0948905109489051,0.26277372262773724,0.12408759124087591,0.10948905109489052,0.31113221622807014,91.48736842105264,0.017543859649122806,0.017543859649122806,0.013333333333333334,0.07017543859649122,0.24561403508771928,0.08771929824561403,0.12280701754385964,0.31719883888888895,92.11599999999999,R,0.044585987261146494,0.06687898089171974,0.19745222929936307,0.5427872860635696,0.1751592356687898,0.11146496815286625,0.34288132904422447,100.852,14.533333333333333,R,0.0,0.0,0.0,0.03,0.06,0.0,1,Fenway Park,73.2,74.0,11.2,0.0,0.0,1.1237127944703065,0.05429338147543303,1742,,,,,,,,0.5,,,PASS
823416,2026-09-09 22:40:00+00:00,HOU,PHI,PHI,HOU,1,650333,Luis Arraez,confirmed,4.0,4.45,686613,0.011450381679389313,0.019083969465648856,0.011876484560570071,0.10687022900763359,0.366412213740458,0.04961832061068702,0.03816793893129771,0.3069339975,92.62683333333332,0.0,0.016666666666666666,0.009345794392523364,0.08333333333333333,0.35,0.03333333333333333,0.016666666666666666,0.29425537555555553,92.46999999999998,L,0.028985507246376812,0.04057971014492753,0.12173913043478261,0.4567901234567901,0.24347826086956523,0.12173913043478261,0.2943831428632929,99.38466666666665,16.0,R,0.0,0.0,0.0,0.03,0.06,0.0,0,Citizens Bank Park,81.3,57.0,8.7,0.0,0.0,0.985478284039435,0.05302206482044946,1786,,,,,,,,0.5,,,PASS
824791,2026-09-09 22:35:00+00:00,CLE,BAL,CLE,BAL,0,680757,Steven Kwan,confirmed,1.0,4.75,669358,0.0038022813688212928,0.0038022813688212928,0.002688172043010753,0.057034220532319393,0.311787072243346,0.09125475285171103,0.12547528517110265,0.3399754922222222,90.21566666666666,0.0,0.015151515151515152,0.009708737864077669,0.09090909090909091,0.3333333333333333,0.09090909090909091,0.06060606060606061,0.31230022777777783,91.45733333333335,L,0.01092896174863388,0.030054644808743168,0.18579234972677597,0.5206286836935167,0.21584699453551912,0.07377049180327869,0.29021300729845095,100.10533333333333,17.066666666666666,R,3.0,0.0,0.0,0.027906976744186046,0.05581395348837209,0.06976744186046512,0,Oriole Park at Camden Yards,85.2,44.0,9.5,0.0,0.0,1.0107469579891644,0.051299423362279516,1849,,,,,,,,0.5,,,PASS
823739,2026-09-09 23:40:00+00:00,CHC,MIL,MIL,CHC,1,806198,Cooper Pratt,confirmed,9.0,3.7,592332,0.014150943396226415,0.02358490566037736,0.017482517482517484,0.09433962264150944,0.3018867924528302,0.17452830188679244,0.09905660377358491,0.29725949910714283,92.34821428571429,0.017857142857142856,0.017857142857142856,0.01098901098901099,0.07142857142857142,0.375,0.125,0.05357142857142857,0.2621429688888889,93.79866666666666,R,0.033426183844011144,0.04178272980501393,0.20891364902506965,0.513978494623656,0.2395543175487465,0.08356545961002786,0.31797717499818146,101.078,16.2,R,0.0,0.0,0.0,0.03,0.06,0.0,1,American Family Field,76.7,59.0,5.1,0.0,0.5,0.8844035882405187,0.048672289478750214,1955,,,,,,,,0.5,,,PASS
824713,2026-09-09 22:45:00+00:00,LAA,BOS,LAA,BOS,0,623168,Tyler Heineman,confirmed,9.0,3.7,687562,0.005813953488372093,0.005813953488372093,0.004132231404958678,0.08139534883720931,0.26744186046511625,0.1511627906976744,0.029069767441860465,0.2338463189102564,88.3523076923077,0.0,0.0,0.0,0.12,0.2,0.08,0.0,0.21515723888888885,88.16733333333333,L,0.0226628895184136,0.056657223796033995,0.16997167138810199,0.4922737306843267,0.21813031161473087,0.039660056657223795,0.2664343456128637,100.12399999999998,17.8,L,3.0,0.0,0.0,0.027906976744186046,0.05581395348837209,0.06976744186046512,1,Fenway Park,73.2,74.0,11.2,0.0,0.0,1.1237127944703065,0.04484390794526197,2130,,,,,,,,0.5,,,PASS
824871,2026-09-09 23:15:00+00:00,TB,ATL,TB,ATL,0,802415,Chandler Simpson,confirmed,6.0,4.15,625643,0.0,0.0,0.0,0.011904761904761904,0.23015873015873015,0.05952380952380952,0.027777777777777776,0.2666506544444444,90.18816666666666,0.0,0.0,0.0,0.0,0.13846153846153847,0.06153846153846154,0.046153846153846156,0.27032408333333335,89.36466666666666,L,0.03773584905660377,0.06132075471698113,0.16981132075471697,0.5451388888888888,0.22169811320754718,0.08962264150943396,0.34747957622783454,100.00454545454545,13.363636363636363,R,0.0,0.0,0.0,0.03,0.06,0.0,0,Truist Park,88.6,36.0,4.5,0.0,0.0,1.1262608960450688,0.029573068461930117,3281,,,,,,,,0.5,,,PASS
